Sample	0	1	2	3	4	5	6	7	8	9	10	11	12	13	14	15	16	17	18	19	20	21	22	23	24	25	26	27	28	29	30	31	32	33	34	35	36	37	38	39	40	41	42	43	44	45	46	47	48	49	50	51	52	53	54	55	56	57	58	59	60	61	62	63	64	65	66	67	68	69	70	71	72	73	74	75	76	77	78	79	80	81	82	83	84	85	86	87	88	89	90	91	92	93	94	95	96	97	98	99	100
fastp | SRR30333743_1	(0.0, 64.0)	(1.0, 41.5)	(2.0, 17.5)	(3.0, 12.5)	(4.0, 9.0)	(5.0, 14.0)	(6.0, 16.0)	(7.0, 12.5)	(8.0, 8.5)	(9.0, 4.5)	(10.0, 12.0)	(11.0, 20.0)	(12.0, 24.0)	(13.0, 38.0)	(14.0, 68.0)	(15.0, 116.0)	(16.0, 223.0)	(17.0, 443.0)	(18.0, 760.0)	(19.0, 1258.5)	(20.0, 2067.5)	(21.0, 3459.5)	(22.0, 5413.0)	(23.0, 8116.0)	(24.0, 11903.5)	(25.0, 16779.0)	(26.0, 22789.5)	(27.0, 30795.0)	(28.0, 40318.5)	(29.0, 51670.5)	(30.0, 66678.5)	(31.0, 84370.5)	(32.0, 105302.5)	(33.0, 131043.0)	(34.0, 167110.0)	(35.0, 209305.5)	(36.0, 259112.5)	(37.0, 317267.0)	(38.0, 379675.5)	(39.0, 454866.0)	(40.0, 542357.0)	(41.0, 641445.5)	(42.0, 766364.0)	(43.0, 923138.0)	(44.0, 1097717.0)	(45.0, 1287457.0)	(46.0, 1466876.5)	(47.0, 1631860.0)	(48.0, 1803857.5)	(49.0, 1961817.0)	(50.0, 2095517.0)	(51.0, 2239335.0)	(52.0, 2385713.5)	(53.0, 2483853.5)	(54.0, 2533249.5)	(55.0, 2557493.0)	(56.0, 2526863.0)	(57.0, 2432413.5)	(58.0, 2305926.5)	(59.0, 2138142.0)	(60.0, 1924278.5)	(61.0, 1685444.0)	(62.0, 1445949.5)	(63.0, 1217899.0)	(64.0, 992927.0)	(65.0, 781267.5)	(66.0, 611226.0)	(67.0, 490515.0)	(68.0, 396482.0)	(69.0, 318458.5)	(70.0, 259855.0)	(71.0, 213343.0)	(72.0, 182798.0)	(73.0, 156945.5)	(74.0, 128262.0)	(75.0, 107178.5)	(76.0, 93055.5)	(77.0, 73705.5)	(78.0, 50920.5)	(79.0, 35882.0)	(80.0, 27850.5)	(81.0, 22133.5)	(82.0, 16210.5)	(83.0, 9404.0)	(84.0, 4696.0)	(85.0, 2732.5)	(86.0, 1476.0)	(87.0, 730.5)	(88.0, 417.0)	(89.0, 262.5)	(90.0, 171.5)	(91.0, 122.0)	(92.0, 102.5)	(93.0, 88.5)	(94.0, 74.5)	(95.0, 70.0)	(96.0, 64.0)	(97.0, 59.5)	(98.0, 48.5)	(99.0, 26.5)	(100.0, 10.0)
fastp | SRR30333743_2	(0.0, 534.0)	(1.0, 299.0)	(2.0, 46.0)	(3.0, 29.5)	(4.0, 22.0)	(5.0, 17.5)	(6.0, 21.0)	(7.0, 15.0)	(8.0, 13.0)	(9.0, 18.0)	(10.0, 18.5)	(11.0, 19.0)	(12.0, 25.5)	(13.0, 41.5)	(14.0, 64.0)	(15.0, 92.5)	(16.0, 181.0)	(17.0, 292.5)	(18.0, 474.0)	(19.0, 848.5)	(20.0, 1515.0)	(21.0, 2476.5)	(22.0, 3985.0)	(23.0, 5819.0)	(24.0, 7925.5)	(25.0, 10648.0)	(26.0, 14720.5)	(27.0, 20382.0)	(28.0, 26382.5)	(29.0, 34170.0)	(30.0, 45448.0)	(31.0, 60475.0)	(32.0, 79461.5)	(33.0, 101254.5)	(34.0, 127004.5)	(35.0, 160866.5)	(36.0, 206423.5)	(37.0, 265234.5)	(38.0, 341994.5)	(39.0, 441013.5)	(40.0, 551048.0)	(41.0, 676416.0)	(42.0, 829285.0)	(43.0, 989495.5)	(44.0, 1159847.0)	(45.0, 1353466.5)	(46.0, 1525217.0)	(47.0, 1670808.0)	(48.0, 1823122.5)	(49.0, 1966380.5)	(50.0, 2094270.5)	(51.0, 2229042.0)	(52.0, 2355294.0)	(53.0, 2455517.0)	(54.0, 2512579.5)	(55.0, 2516721.5)	(56.0, 2472887.0)	(57.0, 2383636.0)	(58.0, 2256842.0)	(59.0, 2081134.0)	(60.0, 1869952.0)	(61.0, 1655393.0)	(62.0, 1435101.5)	(63.0, 1199449.5)	(64.0, 976939.0)	(65.0, 790648.0)	(66.0, 644534.5)	(67.0, 527751.0)	(68.0, 428799.0)	(69.0, 353405.0)	(70.0, 293707.0)	(71.0, 244052.5)	(72.0, 210163.0)	(73.0, 179726.5)	(74.0, 152657.5)	(75.0, 131330.5)	(76.0, 110643.5)	(77.0, 92549.0)	(78.0, 71602.5)	(79.0, 49643.5)	(80.0, 34593.0)	(81.0, 27186.0)	(82.0, 20809.0)	(83.0, 12221.0)	(84.0, 6113.5)	(85.0, 3540.5)	(86.0, 2821.5)	(87.0, 2459.0)	(88.0, 2387.5)	(89.0, 2511.0)	(90.0, 2698.5)	(91.0, 2947.5)	(92.0, 3229.0)	(93.0, 3517.0)	(94.0, 3779.5)	(95.0, 4052.0)	(96.0, 4371.0)	(97.0, 4934.0)	(98.0, 5486.5)	(99.0, 5292.5)	(100.0, 6137.0)
fastp | SRR30333744_1	(0.0, 21.0)	(1.0, 17.0)	(2.0, 9.5)	(3.0, 8.0)	(4.0, 9.0)	(5.0, 7.5)	(6.0, 8.5)	(7.0, 6.5)	(8.0, 4.5)	(9.0, 7.0)	(10.0, 7.0)	(11.0, 12.0)	(12.0, 21.0)	(13.0, 28.5)	(14.0, 50.5)	(15.0, 82.0)	(16.0, 149.5)	(17.0, 296.0)	(18.0, 516.5)	(19.0, 817.5)	(20.0, 1315.0)	(21.0, 2214.5)	(22.0, 3464.0)	(23.0, 5310.0)	(24.0, 7766.5)	(25.0, 10947.5)	(26.0, 14957.5)	(27.0, 20033.5)	(28.0, 26183.5)	(29.0, 33457.0)	(30.0, 43249.0)	(31.0, 55394.5)	(32.0, 69699.5)	(33.0, 87726.5)	(34.0, 112537.5)	(35.0, 143550.5)	(36.0, 183783.0)	(37.0, 234705.0)	(38.0, 298290.5)	(39.0, 379742.0)	(40.0, 473841.5)	(41.0, 583808.0)	(42.0, 714454.0)	(43.0, 863754.5)	(44.0, 1023778.0)	(45.0, 1191740.0)	(46.0, 1349657.0)	(47.0, 1496452.0)	(48.0, 1647681.0)	(49.0, 1788588.5)	(50.0, 1913644.0)	(51.0, 2042897.5)	(52.0, 2173740.5)	(53.0, 2263917.5)	(54.0, 2305958.0)	(55.0, 2324050.5)	(56.0, 2294930.0)	(57.0, 2207188.0)	(58.0, 2083854.5)	(59.0, 1924560.0)	(60.0, 1723645.0)	(61.0, 1500372.5)	(62.0, 1279096.5)	(63.0, 1070203.0)	(64.0, 867673.5)	(65.0, 675507.0)	(66.0, 521966.0)	(67.0, 412150.5)	(68.0, 327267.5)	(69.0, 259329.0)	(70.0, 207854.0)	(71.0, 167573.0)	(72.0, 142618.0)	(73.0, 120571.5)	(74.0, 94813.5)	(75.0, 75856.5)	(76.0, 63829.0)	(77.0, 50045.0)	(78.0, 33871.5)	(79.0, 22940.0)	(80.0, 16950.5)	(81.0, 13226.0)	(82.0, 9554.5)	(83.0, 5162.0)	(84.0, 2468.5)	(85.0, 1410.5)	(86.0, 706.5)	(87.0, 365.0)	(88.0, 226.0)	(89.0, 151.0)	(90.0, 125.5)	(91.0, 107.5)	(92.0, 110.5)	(93.0, 110.0)	(94.0, 93.5)	(95.0, 85.5)	(96.0, 85.0)	(97.0, 82.5)	(98.0, 67.0)	(99.0, 34.5)	(100.0, 12.0)
fastp | SRR30333744_2	(0.0, 203.0)	(1.0, 112.0)	(2.0, 16.5)	(3.0, 10.0)	(4.0, 9.5)	(5.0, 9.0)	(6.0, 9.5)	(7.0, 12.0)	(8.0, 10.0)	(9.0, 7.0)	(10.0, 11.0)	(11.0, 16.5)	(12.0, 19.0)	(13.0, 24.0)	(14.0, 42.0)	(15.0, 75.0)	(16.0, 122.0)	(17.0, 194.0)	(18.0, 300.5)	(19.0, 491.0)	(20.0, 949.5)	(21.0, 1624.0)	(22.0, 2612.0)	(23.0, 3746.5)	(24.0, 5073.0)	(25.0, 6998.0)	(26.0, 9652.5)	(27.0, 13287.5)	(28.0, 17444.0)	(29.0, 22799.0)	(30.0, 30537.5)	(31.0, 40535.0)	(32.0, 53206.5)	(33.0, 69361.0)	(34.0, 90672.5)	(35.0, 119614.0)	(36.0, 160294.5)	(37.0, 216306.5)	(38.0, 294074.0)	(39.0, 395014.0)	(40.0, 505864.5)	(41.0, 629497.5)	(42.0, 773941.0)	(43.0, 919603.0)	(44.0, 1064900.0)	(45.0, 1225909.5)	(46.0, 1375301.5)	(47.0, 1503703.5)	(48.0, 1640154.0)	(49.0, 1772523.0)	(50.0, 1892339.5)	(51.0, 2016526.0)	(52.0, 2126611.5)	(53.0, 2213473.0)	(54.0, 2261567.0)	(55.0, 2266274.0)	(56.0, 2232247.0)	(57.0, 2148108.0)	(58.0, 2026777.5)	(59.0, 1861789.5)	(60.0, 1666148.0)	(61.0, 1473099.0)	(62.0, 1275343.5)	(63.0, 1061276.0)	(64.0, 860528.5)	(65.0, 693295.0)	(66.0, 560567.5)	(67.0, 455243.0)	(68.0, 365236.0)	(69.0, 296322.0)	(70.0, 244344.5)	(71.0, 202912.0)	(72.0, 173079.0)	(73.0, 145491.5)	(74.0, 120300.5)	(75.0, 100434.0)	(76.0, 82529.5)	(77.0, 66985.5)	(78.0, 50444.0)	(79.0, 34644.5)	(80.0, 23452.5)	(81.0, 17631.0)	(82.0, 13261.5)	(83.0, 7750.5)	(84.0, 4031.5)	(85.0, 2500.5)	(86.0, 2186.5)	(87.0, 2242.5)	(88.0, 2416.5)	(89.0, 2668.0)	(90.0, 2987.5)	(91.0, 3288.5)	(92.0, 3594.0)	(93.0, 3928.0)	(94.0, 4109.5)	(95.0, 4300.0)	(96.0, 4742.0)	(97.0, 5476.5)	(98.0, 6258.0)	(99.0, 6270.5)	(100.0, 6652.5)
fastp | SRR30333745_1	(0.0, 58.0)	(1.0, 36.0)	(2.0, 16.0)	(3.0, 15.0)	(4.0, 14.5)	(5.0, 16.5)	(6.0, 14.0)	(7.0, 14.5)	(8.0, 14.0)	(9.0, 14.0)	(10.0, 15.0)	(11.0, 15.5)	(12.0, 25.0)	(13.0, 36.0)	(14.0, 53.0)	(15.0, 86.5)	(16.0, 159.5)	(17.0, 329.0)	(18.0, 561.0)	(19.0, 925.0)	(20.0, 1551.0)	(21.0, 2546.0)	(22.0, 3936.5)	(23.0, 6044.0)	(24.0, 8950.0)	(25.0, 12625.5)	(26.0, 17019.0)	(27.0, 23179.0)	(28.0, 30798.0)	(29.0, 39586.0)	(30.0, 51307.5)	(31.0, 65038.5)	(32.0, 81809.5)	(33.0, 102869.5)	(34.0, 130959.5)	(35.0, 165501.0)	(36.0, 208363.5)	(37.0, 259679.0)	(38.0, 318308.0)	(39.0, 392465.0)	(40.0, 479963.0)	(41.0, 581878.5)	(42.0, 708096.0)	(43.0, 861533.5)	(44.0, 1032744.0)	(45.0, 1213105.5)	(46.0, 1382582.5)	(47.0, 1543696.5)	(48.0, 1711312.5)	(49.0, 1864405.0)	(50.0, 1994654.0)	(51.0, 2134086.0)	(52.0, 2279555.5)	(53.0, 2382136.0)	(54.0, 2434788.5)	(55.0, 2459711.5)	(56.0, 2433173.0)	(57.0, 2343932.0)	(58.0, 2216064.0)	(59.0, 2051496.5)	(60.0, 1843939.5)	(61.0, 1611656.0)	(62.0, 1380632.0)	(63.0, 1160467.5)	(64.0, 942598.5)	(65.0, 736578.0)	(66.0, 572938.5)	(67.0, 456282.5)	(68.0, 365924.5)	(69.0, 291971.0)	(70.0, 237147.5)	(71.0, 194960.5)	(72.0, 168549.0)	(73.0, 145239.0)	(74.0, 117398.0)	(75.0, 96374.0)	(76.0, 84456.5)	(77.0, 68075.0)	(78.0, 46274.5)	(79.0, 31933.0)	(80.0, 24986.0)	(81.0, 20255.0)	(82.0, 15265.5)	(83.0, 8860.5)	(84.0, 4351.5)	(85.0, 2556.5)	(86.0, 1312.0)	(87.0, 606.5)	(88.0, 320.5)	(89.0, 198.0)	(90.0, 152.5)	(91.0, 120.5)	(92.0, 96.5)	(93.0, 89.5)	(94.0, 84.0)	(95.0, 87.0)	(96.0, 93.0)	(97.0, 78.5)	(98.0, 67.5)	(99.0, 40.5)	(100.0, 17.0)
fastp | SRR30333745_2	(0.0, 389.0)	(1.0, 223.5)	(2.0, 39.0)	(3.0, 18.5)	(4.0, 17.5)	(5.0, 18.5)	(6.0, 19.0)	(7.0, 13.5)	(8.0, 10.5)	(9.0, 14.5)	(10.0, 18.0)	(11.0, 17.5)	(12.0, 23.0)	(13.0, 35.0)	(14.0, 41.5)	(15.0, 69.0)	(16.0, 126.5)	(17.0, 204.0)	(18.0, 336.5)	(19.0, 604.5)	(20.0, 1146.0)	(21.0, 1927.5)	(22.0, 3043.0)	(23.0, 4413.0)	(24.0, 6026.5)	(25.0, 8190.0)	(26.0, 11430.0)	(27.0, 15888.0)	(28.0, 20636.0)	(29.0, 26736.5)	(30.0, 35625.5)	(31.0, 47427.5)	(32.0, 62135.5)	(33.0, 80075.5)	(34.0, 102801.5)	(35.0, 131894.5)	(36.0, 171941.0)	(37.0, 226153.5)	(38.0, 298911.5)	(39.0, 393957.5)	(40.0, 501037.0)	(41.0, 623733.0)	(42.0, 771180.5)	(43.0, 925215.5)	(44.0, 1085473.0)	(45.0, 1264346.5)	(46.0, 1429640.0)	(47.0, 1571360.5)	(48.0, 1717271.5)	(49.0, 1858031.0)	(50.0, 1985119.5)	(51.0, 2117398.5)	(52.0, 2241129.0)	(53.0, 2344278.0)	(54.0, 2401407.0)	(55.0, 2405420.5)	(56.0, 2369815.5)	(57.0, 2282490.5)	(58.0, 2156540.0)	(59.0, 1987139.5)	(60.0, 1781663.0)	(61.0, 1576599.5)	(62.0, 1366500.0)	(63.0, 1139396.0)	(64.0, 925960.5)	(65.0, 748640.5)	(66.0, 608390.5)	(67.0, 495466.0)	(68.0, 399649.5)	(69.0, 326831.5)	(70.0, 273628.5)	(71.0, 229517.0)	(72.0, 196847.0)	(73.0, 167484.0)	(74.0, 141710.5)	(75.0, 122185.0)	(76.0, 103270.5)	(77.0, 86822.0)	(78.0, 67536.5)	(79.0, 47057.5)	(80.0, 32891.5)	(81.0, 26225.0)	(82.0, 20331.0)	(83.0, 12128.0)	(84.0, 6166.0)	(85.0, 3654.5)	(86.0, 3032.5)	(87.0, 2767.5)	(88.0, 2768.0)	(89.0, 2961.5)	(90.0, 3321.5)	(91.0, 3747.5)	(92.0, 4055.0)	(93.0, 4251.5)	(94.0, 4464.5)	(95.0, 4711.5)	(96.0, 5083.0)	(97.0, 5679.5)	(98.0, 6370.5)	(99.0, 6255.5)	(100.0, 7137.5)
fastp | SRR30333746_1	(0.0, 34.0)	(1.0, 25.5)	(2.0, 12.5)	(3.0, 7.0)	(4.0, 6.0)	(5.0, 4.5)	(6.0, 8.0)	(7.0, 8.5)	(8.0, 5.0)	(9.0, 7.5)	(10.0, 9.5)	(11.0, 10.0)	(12.0, 8.5)	(13.0, 24.5)	(14.0, 42.0)	(15.0, 60.5)	(16.0, 123.5)	(17.0, 256.0)	(18.0, 445.5)	(19.0, 705.5)	(20.0, 1145.0)	(21.0, 1938.5)	(22.0, 3002.5)	(23.0, 4590.5)	(24.0, 6871.0)	(25.0, 9630.5)	(26.0, 12983.0)	(27.0, 17727.0)	(28.0, 23459.5)	(29.0, 29976.0)	(30.0, 38627.5)	(31.0, 49184.5)	(32.0, 61995.5)	(33.0, 78559.5)	(34.0, 101160.0)	(35.0, 129630.5)	(36.0, 167822.0)	(37.0, 217193.0)	(38.0, 278531.5)	(39.0, 357100.0)	(40.0, 449352.5)	(41.0, 557379.5)	(42.0, 686802.5)	(43.0, 833499.5)	(44.0, 985083.0)	(45.0, 1141239.5)	(46.0, 1292292.0)	(47.0, 1433649.5)	(48.0, 1576347.5)	(49.0, 1708800.5)	(50.0, 1821174.5)	(51.0, 1938932.5)	(52.0, 2058144.0)	(53.0, 2138084.5)	(54.0, 2175900.0)	(55.0, 2191054.0)	(56.0, 2158661.0)	(57.0, 2069344.5)	(58.0, 1951135.5)	(59.0, 1800140.0)	(60.0, 1609503.5)	(61.0, 1398576.0)	(62.0, 1187948.0)	(63.0, 992908.5)	(64.0, 805608.0)	(65.0, 626326.0)	(66.0, 485100.5)	(67.0, 386233.5)	(68.0, 308127.0)	(69.0, 243486.0)	(70.0, 196416.0)	(71.0, 159381.5)	(72.0, 137297.0)	(73.0, 118602.0)	(74.0, 92960.5)	(75.0, 73238.0)	(76.0, 62757.5)	(77.0, 49770.0)	(78.0, 32779.5)	(79.0, 21721.5)	(80.0, 16971.5)	(81.0, 13942.5)	(82.0, 10481.5)	(83.0, 5927.0)	(84.0, 2750.0)	(85.0, 1533.0)	(86.0, 805.5)	(87.0, 429.5)	(88.0, 251.5)	(89.0, 154.0)	(90.0, 119.5)	(91.0, 83.5)	(92.0, 64.0)	(93.0, 64.5)	(94.0, 56.0)	(95.0, 45.0)	(96.0, 55.0)	(97.0, 55.0)	(98.0, 39.5)	(99.0, 26.5)	(100.0, 13.0)
fastp | SRR30333746_2	(0.0, 256.0)	(1.0, 147.5)	(2.0, 27.0)	(3.0, 14.0)	(4.0, 9.0)	(5.0, 4.5)	(6.0, 8.0)	(7.0, 10.0)	(8.0, 9.5)	(9.0, 10.0)	(10.0, 9.0)	(11.0, 12.0)	(12.0, 17.5)	(13.0, 20.5)	(14.0, 38.0)	(15.0, 60.5)	(16.0, 96.5)	(17.0, 157.0)	(18.0, 265.5)	(19.0, 448.0)	(20.0, 830.5)	(21.0, 1421.0)	(22.0, 2295.5)	(23.0, 3333.0)	(24.0, 4632.0)	(25.0, 6348.5)	(26.0, 8931.0)	(27.0, 12432.0)	(28.0, 16234.5)	(29.0, 21208.5)	(30.0, 28208.5)	(31.0, 37128.0)	(32.0, 48988.5)	(33.0, 64321.0)	(34.0, 84807.5)	(35.0, 112594.0)	(36.0, 151670.0)	(37.0, 206202.5)	(38.0, 281456.0)	(39.0, 378017.5)	(40.0, 484459.5)	(41.0, 603311.0)	(42.0, 742632.0)	(43.0, 883856.0)	(44.0, 1023280.0)	(45.0, 1175105.5)	(46.0, 1316375.0)	(47.0, 1439294.0)	(48.0, 1566197.0)	(49.0, 1688100.5)	(50.0, 1797976.0)	(51.0, 1912010.5)	(52.0, 2012794.5)	(53.0, 2090026.0)	(54.0, 2131787.0)	(55.0, 2128691.0)	(56.0, 2089614.0)	(57.0, 2008555.5)	(58.0, 1892937.0)	(59.0, 1736580.5)	(60.0, 1552157.0)	(61.0, 1371803.5)	(62.0, 1185470.0)	(63.0, 984161.5)	(64.0, 798840.5)	(65.0, 645812.5)	(66.0, 523971.0)	(67.0, 427626.5)	(68.0, 344475.5)	(69.0, 281866.0)	(70.0, 235810.0)	(71.0, 195456.0)	(72.0, 165834.0)	(73.0, 138909.0)	(74.0, 114602.0)	(75.0, 96566.0)	(76.0, 80204.5)	(77.0, 65711.0)	(78.0, 49301.0)	(79.0, 33297.0)	(80.0, 22828.5)	(81.0, 18252.5)	(82.0, 14129.0)	(83.0, 8087.5)	(84.0, 3863.0)	(85.0, 2236.5)	(86.0, 1893.5)	(87.0, 1715.5)	(88.0, 1667.5)	(89.0, 1732.0)	(90.0, 1886.5)	(91.0, 2060.0)	(92.0, 2246.0)	(93.0, 2465.5)	(94.0, 2659.0)	(95.0, 2803.0)	(96.0, 3135.0)	(97.0, 3782.5)	(98.0, 4439.5)	(99.0, 4497.0)	(100.0, 5477.0)
fastp | SRR30333747_1	(0.0, 9.0)	(1.0, 8.0)	(2.0, 5.5)	(3.0, 2.0)	(4.0, 1.0)	(5.0, 3.0)	(6.0, 5.0)	(7.0, 4.5)	(8.0, 2.5)	(9.0, 2.5)	(10.0, 6.5)	(11.0, 10.5)	(12.0, 15.5)	(13.0, 24.5)	(14.0, 48.0)	(15.0, 79.0)	(16.0, 134.5)	(17.0, 274.5)	(18.0, 510.5)	(19.0, 855.5)	(20.0, 1378.5)	(21.0, 2255.5)	(22.0, 3433.0)	(23.0, 5210.0)	(24.0, 7735.5)	(25.0, 11101.0)	(26.0, 14998.5)	(27.0, 20003.5)	(28.0, 26472.0)	(29.0, 34173.5)	(30.0, 44399.5)	(31.0, 58398.0)	(32.0, 76261.0)	(33.0, 100473.5)	(34.0, 135245.0)	(35.0, 181513.5)	(36.0, 246433.0)	(37.0, 329257.5)	(38.0, 426527.0)	(39.0, 537418.0)	(40.0, 655131.5)	(41.0, 777198.5)	(42.0, 906747.0)	(43.0, 1042771.0)	(44.0, 1170127.5)	(45.0, 1302401.0)	(46.0, 1432586.5)	(47.0, 1546754.5)	(48.0, 1659741.5)	(49.0, 1759855.0)	(50.0, 1836269.0)	(51.0, 1905502.5)	(52.0, 1968328.5)	(53.0, 1999778.5)	(54.0, 1987927.5)	(55.0, 1949756.0)	(56.0, 1880573.5)	(57.0, 1771484.5)	(58.0, 1645583.5)	(59.0, 1497238.5)	(60.0, 1320776.5)	(61.0, 1134529.0)	(62.0, 949970.0)	(63.0, 775637.0)	(64.0, 616021.5)	(65.0, 473770.5)	(66.0, 363986.5)	(67.0, 287540.5)	(68.0, 225580.0)	(69.0, 174799.5)	(70.0, 137010.0)	(71.0, 107481.5)	(72.0, 89763.0)	(73.0, 75108.0)	(74.0, 58116.0)	(75.0, 45872.5)	(76.0, 38220.0)	(77.0, 29811.0)	(78.0, 20244.5)	(79.0, 13788.0)	(80.0, 10333.0)	(81.0, 7960.5)	(82.0, 5565.0)	(83.0, 3228.0)	(84.0, 1774.0)	(85.0, 1053.5)	(86.0, 596.5)	(87.0, 318.0)	(88.0, 199.5)	(89.0, 127.5)	(90.0, 83.0)	(91.0, 81.5)	(92.0, 75.5)	(93.0, 68.5)	(94.0, 71.5)	(95.0, 64.0)	(96.0, 62.5)	(97.0, 63.5)	(98.0, 49.5)	(99.0, 25.5)	(100.0, 7.5)
fastp | SRR30333747_2	(0.0, 105.0)	(1.0, 58.0)	(2.0, 8.0)	(3.0, 4.5)	(4.0, 3.5)	(5.0, 3.5)	(6.0, 7.0)	(7.0, 8.5)	(8.0, 9.0)	(9.0, 12.0)	(10.0, 9.0)	(11.0, 10.0)	(12.0, 16.0)	(13.0, 23.0)	(14.0, 39.5)	(15.0, 58.5)	(16.0, 101.5)	(17.0, 182.0)	(18.0, 300.5)	(19.0, 491.5)	(20.0, 875.5)	(21.0, 1517.0)	(22.0, 2458.5)	(23.0, 3690.0)	(24.0, 5026.5)	(25.0, 6886.0)	(26.0, 9684.5)	(27.0, 13677.0)	(28.0, 18521.5)	(29.0, 24679.0)	(30.0, 33896.5)	(31.0, 46930.5)	(32.0, 65764.0)	(33.0, 91859.0)	(34.0, 129339.0)	(35.0, 181589.0)	(36.0, 253146.5)	(37.0, 342788.0)	(38.0, 446030.0)	(39.0, 565142.0)	(40.0, 687601.5)	(41.0, 810337.0)	(42.0, 938202.0)	(43.0, 1059672.5)	(44.0, 1176559.0)	(45.0, 1304858.0)	(46.0, 1425418.0)	(47.0, 1522593.5)	(48.0, 1620376.5)	(49.0, 1712154.0)	(50.0, 1789122.0)	(51.0, 1860485.0)	(52.0, 1917075.0)	(53.0, 1949524.5)	(54.0, 1943850.0)	(55.0, 1906231.5)	(56.0, 1839556.0)	(57.0, 1737159.5)	(58.0, 1612785.0)	(59.0, 1459321.5)	(60.0, 1288209.5)	(61.0, 1125196.5)	(62.0, 959344.0)	(63.0, 787655.0)	(64.0, 631776.5)	(65.0, 501672.5)	(66.0, 401265.0)	(67.0, 324606.0)	(68.0, 259520.0)	(69.0, 209242.0)	(70.0, 170995.5)	(71.0, 139364.0)	(72.0, 115956.0)	(73.0, 96058.5)	(74.0, 78972.0)	(75.0, 65917.0)	(76.0, 53996.5)	(77.0, 42731.0)	(78.0, 31477.0)	(79.0, 21980.5)	(80.0, 15463.5)	(81.0, 11728.5)	(82.0, 8730.5)	(83.0, 5451.5)	(84.0, 3281.5)	(85.0, 2350.5)	(86.0, 2090.5)	(87.0, 2102.0)	(88.0, 2234.0)	(89.0, 2441.5)	(90.0, 2779.0)	(91.0, 3068.0)	(92.0, 3309.5)	(93.0, 3537.5)	(94.0, 3745.5)	(95.0, 3988.0)	(96.0, 4380.0)	(97.0, 5104.0)	(98.0, 5879.5)	(99.0, 5894.5)	(100.0, 6431.0)
fastp | SRR30333748_1	(0.0, 16.0)	(1.0, 10.5)	(2.0, 5.0)	(3.0, 3.5)	(4.0, 5.0)	(5.0, 5.5)	(6.0, 4.5)	(7.0, 5.5)	(8.0, 7.0)	(9.0, 8.5)	(10.0, 8.0)	(11.0, 15.5)	(12.0, 29.5)	(13.0, 44.0)	(14.0, 71.0)	(15.0, 128.5)	(16.0, 264.5)	(17.0, 544.0)	(18.0, 938.0)	(19.0, 1502.0)	(20.0, 2350.0)	(21.0, 3870.5)	(22.0, 6061.0)	(23.0, 9038.0)	(24.0, 13106.0)	(25.0, 18417.5)	(26.0, 24564.5)	(27.0, 32613.5)	(28.0, 42682.5)	(29.0, 54606.0)	(30.0, 70146.5)	(31.0, 90229.0)	(32.0, 115109.0)	(33.0, 148052.5)	(34.0, 195292.5)	(35.0, 256858.5)	(36.0, 343394.5)	(37.0, 456831.0)	(38.0, 594883.5)	(39.0, 754442.5)	(40.0, 928138.0)	(41.0, 1116281.0)	(42.0, 1318723.5)	(43.0, 1531629.0)	(44.0, 1737933.0)	(45.0, 1953471.5)	(46.0, 2162852.0)	(47.0, 2350844.5)	(48.0, 2549771.5)	(49.0, 2731384.0)	(50.0, 2869827.0)	(51.0, 3002526.5)	(52.0, 3132990.0)	(53.0, 3212415.0)	(54.0, 3223207.0)	(55.0, 3197626.0)	(56.0, 3110472.0)	(57.0, 2951737.0)	(58.0, 2772237.0)	(59.0, 2549340.5)	(60.0, 2266978.5)	(61.0, 1958434.5)	(62.0, 1646749.5)	(63.0, 1348735.5)	(64.0, 1077844.0)	(65.0, 834983.5)	(66.0, 640146.5)	(67.0, 502382.0)	(68.0, 390372.5)	(69.0, 298371.5)	(70.0, 228262.5)	(71.0, 172752.0)	(72.0, 138055.0)	(73.0, 111794.0)	(74.0, 84220.0)	(75.0, 63704.5)	(76.0, 50012.0)	(77.0, 37197.0)	(78.0, 24403.5)	(79.0, 15265.5)	(80.0, 10455.5)	(81.0, 7792.0)	(82.0, 5276.5)	(83.0, 2841.0)	(84.0, 1410.5)	(85.0, 820.5)	(86.0, 454.5)	(87.0, 288.5)	(88.0, 193.5)	(89.0, 130.5)	(90.0, 115.0)	(91.0, 113.0)	(92.0, 110.5)	(93.0, 127.0)	(94.0, 124.0)	(95.0, 116.5)	(96.0, 113.5)	(97.0, 103.5)	(98.0, 87.5)	(99.0, 43.5)	(100.0, 16.5)
fastp | SRR30333748_2	(0.0, 144.0)	(1.0, 81.5)	(2.0, 14.0)	(3.0, 7.0)	(4.0, 6.0)	(5.0, 10.0)	(6.0, 13.0)	(7.0, 12.0)	(8.0, 12.5)	(9.0, 11.0)	(10.0, 13.0)	(11.0, 20.5)	(12.0, 26.0)	(13.0, 33.0)	(14.0, 67.0)	(15.0, 117.0)	(16.0, 180.0)	(17.0, 301.5)	(18.0, 545.0)	(19.0, 873.0)	(20.0, 1510.0)	(21.0, 2520.0)	(22.0, 4006.5)	(23.0, 5890.5)	(24.0, 8248.5)	(25.0, 11490.0)	(26.0, 15620.0)	(27.0, 21571.0)	(28.0, 28853.5)	(29.0, 37936.0)	(30.0, 50740.0)	(31.0, 69148.5)	(32.0, 95715.5)	(33.0, 130404.5)	(34.0, 179627.0)	(35.0, 248722.0)	(36.0, 346050.5)	(37.0, 471403.0)	(38.0, 620913.0)	(39.0, 796397.0)	(40.0, 981310.5)	(41.0, 1174611.0)	(42.0, 1380999.0)	(43.0, 1576269.5)	(44.0, 1764192.0)	(45.0, 1972747.5)	(46.0, 2168728.5)	(47.0, 2331950.0)	(48.0, 2501768.5)	(49.0, 2664370.5)	(50.0, 2801900.5)	(51.0, 2935628.0)	(52.0, 3056097.5)	(53.0, 3138512.5)	(54.0, 3156905.5)	(55.0, 3121579.0)	(56.0, 3035476.0)	(57.0, 2887586.0)	(58.0, 2700324.5)	(59.0, 2463947.5)	(60.0, 2191617.5)	(61.0, 1930761.0)	(62.0, 1660663.0)	(63.0, 1368407.5)	(64.0, 1102559.5)	(65.0, 879895.0)	(66.0, 704664.0)	(67.0, 567607.0)	(68.0, 449045.5)	(69.0, 357524.5)	(70.0, 285837.0)	(71.0, 227211.5)	(72.0, 184366.0)	(73.0, 147710.5)	(74.0, 117333.5)	(75.0, 94951.5)	(76.0, 74089.5)	(77.0, 55057.0)	(78.0, 38234.0)	(79.0, 24898.0)	(80.0, 16285.0)	(81.0, 11398.0)	(82.0, 8100.5)	(83.0, 5089.0)	(84.0, 3276.5)	(85.0, 2612.0)	(86.0, 2621.0)	(87.0, 2791.0)	(88.0, 3060.5)	(89.0, 3438.5)	(90.0, 3932.5)	(91.0, 4351.0)	(92.0, 4761.5)	(93.0, 5239.5)	(94.0, 5529.0)	(95.0, 5898.0)	(96.0, 6499.5)	(97.0, 7599.0)	(98.0, 8795.5)	(99.0, 8924.0)	(100.0, 10423.0)
fastp | SRR30333749_1	(0.0, 135.0)	(1.0, 93.5)	(2.0, 52.5)	(3.0, 41.5)	(4.0, 37.5)	(5.0, 36.5)	(6.0, 37.5)	(7.0, 39.0)	(8.0, 30.5)	(9.0, 25.5)	(10.0, 20.5)	(11.0, 28.0)	(12.0, 47.5)	(13.0, 97.0)	(14.0, 186.5)	(15.0, 317.5)	(16.0, 572.0)	(17.0, 1071.5)	(18.0, 1735.5)	(19.0, 2794.0)	(20.0, 4543.0)	(21.0, 7426.0)	(22.0, 11525.0)	(23.0, 17349.0)	(24.0, 25047.0)	(25.0, 35082.5)	(26.0, 46615.5)	(27.0, 62437.5)	(28.0, 81547.0)	(29.0, 102438.5)	(30.0, 130388.5)	(31.0, 164366.5)	(32.0, 201667.5)	(33.0, 246244.0)	(34.0, 303581.5)	(35.0, 367139.0)	(36.0, 443594.5)	(37.0, 531851.5)	(38.0, 622544.5)	(39.0, 724986.5)	(40.0, 835154.0)	(41.0, 951662.0)	(42.0, 1084806.0)	(43.0, 1240064.5)	(44.0, 1402105.0)	(45.0, 1568502.0)	(46.0, 1739007.0)	(47.0, 1891042.5)	(48.0, 2036359.5)	(49.0, 2167166.0)	(50.0, 2256646.5)	(51.0, 2336876.0)	(52.0, 2418504.5)	(53.0, 2465001.5)	(54.0, 2464240.5)	(55.0, 2435526.0)	(56.0, 2362379.0)	(57.0, 2240191.0)	(58.0, 2103424.5)	(59.0, 1940626.0)	(60.0, 1737178.0)	(61.0, 1509730.0)	(62.0, 1277592.5)	(63.0, 1057032.5)	(64.0, 855332.5)	(65.0, 672800.0)	(66.0, 527726.0)	(67.0, 427555.5)	(68.0, 344062.5)	(69.0, 274802.0)	(70.0, 222875.0)	(71.0, 179478.0)	(72.0, 154965.0)	(73.0, 134777.0)	(74.0, 110043.5)	(75.0, 92771.5)	(76.0, 81121.0)	(77.0, 65404.0)	(78.0, 45586.0)	(79.0, 31754.5)	(80.0, 24352.5)	(81.0, 18982.5)	(82.0, 13539.0)	(83.0, 7849.0)	(84.0, 4237.0)	(85.0, 2408.0)	(86.0, 1080.5)	(87.0, 461.5)	(88.0, 311.0)	(89.0, 269.5)	(90.0, 280.0)	(91.0, 325.5)	(92.0, 398.0)	(93.0, 475.5)	(94.0, 541.5)	(95.0, 589.0)	(96.0, 621.5)	(97.0, 658.0)	(98.0, 667.5)	(99.0, 448.5)	(100.0, 188.0)
fastp | SRR30333749_2	(0.0, 1831.0)	(1.0, 995.5)	(2.0, 115.0)	(3.0, 62.0)	(4.0, 49.0)	(5.0, 32.0)	(6.0, 28.5)	(7.0, 37.5)	(8.0, 42.5)	(9.0, 41.0)	(10.0, 39.0)	(11.0, 51.5)	(12.0, 70.0)	(13.0, 99.5)	(14.0, 139.5)	(15.0, 235.5)	(16.0, 375.0)	(17.0, 601.5)	(18.0, 1032.0)	(19.0, 1815.5)	(20.0, 3140.0)	(21.0, 5108.5)	(22.0, 7939.0)	(23.0, 11390.0)	(24.0, 15942.5)	(25.0, 21824.5)	(26.0, 29730.0)	(27.0, 40783.5)	(28.0, 53416.0)	(29.0, 68116.0)	(30.0, 87290.5)	(31.0, 112370.0)	(32.0, 144168.5)	(33.0, 180191.0)	(34.0, 222618.0)	(35.0, 275466.5)	(36.0, 347737.0)	(37.0, 437453.5)	(38.0, 540942.5)	(39.0, 666837.5)	(40.0, 808746.0)	(41.0, 965481.0)	(42.0, 1142242.0)	(43.0, 1320435.5)	(44.0, 1494058.5)	(45.0, 1680254.5)	(46.0, 1843573.0)	(47.0, 1967466.5)	(48.0, 2090365.0)	(49.0, 2200619.5)	(50.0, 2282510.5)	(51.0, 2353501.5)	(52.0, 2417183.0)	(53.0, 2460835.0)	(54.0, 2453389.5)	(55.0, 2406002.0)	(56.0, 2324639.5)	(57.0, 2203034.5)	(58.0, 2062377.5)	(59.0, 1882935.0)	(60.0, 1671100.5)	(61.0, 1470309.5)	(62.0, 1270706.0)	(63.0, 1056062.5)	(64.0, 856189.0)	(65.0, 690187.5)	(66.0, 564488.0)	(67.0, 465419.5)	(68.0, 376583.0)	(69.0, 308377.5)	(70.0, 257834.5)	(71.0, 216650.0)	(72.0, 187281.5)	(73.0, 161376.5)	(74.0, 138883.5)	(75.0, 121814.0)	(76.0, 103407.5)	(77.0, 84849.5)	(78.0, 65344.0)	(79.0, 46929.5)	(80.0, 34012.0)	(81.0, 27138.5)	(82.0, 20868.5)	(83.0, 12971.5)	(84.0, 7329.5)	(85.0, 4810.0)	(86.0, 4150.5)	(87.0, 4149.5)	(88.0, 4494.0)	(89.0, 4930.5)	(90.0, 5450.5)	(91.0, 6101.5)	(92.0, 6752.5)	(93.0, 7220.5)	(94.0, 7480.0)	(95.0, 7616.0)	(96.0, 7584.0)	(97.0, 7551.0)	(98.0, 7501.0)	(99.0, 6764.0)	(100.0, 7726.5)
fastp | SRR30333750_1	(0.0, 19.0)	(1.0, 13.5)	(2.0, 7.0)	(3.0, 5.5)	(4.0, 3.0)	(5.0, 1.0)	(6.0, 3.0)	(7.0, 7.5)	(8.0, 6.5)	(9.0, 4.5)	(10.0, 5.0)	(11.0, 11.0)	(12.0, 21.5)	(13.0, 35.5)	(14.0, 56.5)	(15.0, 95.5)	(16.0, 172.5)	(17.0, 352.0)	(18.0, 657.0)	(19.0, 1115.0)	(20.0, 1745.5)	(21.0, 2852.0)	(22.0, 4367.0)	(23.0, 6574.5)	(24.0, 9643.0)	(25.0, 13631.0)	(26.0, 18461.5)	(27.0, 24811.0)	(28.0, 32593.5)	(29.0, 41904.0)	(30.0, 54570.5)	(31.0, 72242.5)	(32.0, 95121.0)	(33.0, 125761.5)	(34.0, 170800.0)	(35.0, 230955.5)	(36.0, 314515.5)	(37.0, 421724.0)	(38.0, 545423.0)	(39.0, 683461.0)	(40.0, 830924.0)	(41.0, 984735.0)	(42.0, 1144066.5)	(43.0, 1311119.5)	(44.0, 1471664.5)	(45.0, 1636272.0)	(46.0, 1799632.5)	(47.0, 1946352.5)	(48.0, 2096333.0)	(49.0, 2233371.0)	(50.0, 2337122.5)	(51.0, 2434741.5)	(52.0, 2529719.5)	(53.0, 2586687.0)	(54.0, 2591046.0)	(55.0, 2563594.5)	(56.0, 2490985.0)	(57.0, 2362930.0)	(58.0, 2214420.0)	(59.0, 2033879.0)	(60.0, 1809157.5)	(61.0, 1567403.0)	(62.0, 1322516.5)	(63.0, 1087442.5)	(64.0, 875518.5)	(65.0, 683697.0)	(66.0, 529964.5)	(67.0, 421772.0)	(68.0, 332749.0)	(69.0, 258737.5)	(70.0, 202415.0)	(71.0, 157166.5)	(72.0, 129785.0)	(73.0, 108290.0)	(74.0, 82507.5)	(75.0, 63024.0)	(76.0, 51160.5)	(77.0, 39138.0)	(78.0, 25845.5)	(79.0, 16628.5)	(80.0, 12194.0)	(81.0, 9730.0)	(82.0, 7157.5)	(83.0, 4145.5)	(84.0, 2130.0)	(85.0, 1247.0)	(86.0, 713.5)	(87.0, 408.5)	(88.0, 263.5)	(89.0, 173.0)	(90.0, 106.0)	(91.0, 74.5)	(92.0, 67.0)	(93.0, 57.5)	(94.0, 55.0)	(95.0, 53.5)	(96.0, 51.0)	(97.0, 42.0)	(98.0, 33.5)	(99.0, 21.5)	(100.0, 9.0)
fastp | SRR30333750_2	(0.0, 87.0)	(1.0, 51.0)	(2.0, 11.0)	(3.0, 7.0)	(4.0, 6.5)	(5.0, 4.0)	(6.0, 4.5)	(7.0, 7.5)	(8.0, 8.0)	(9.0, 8.5)	(10.0, 9.5)	(11.0, 13.0)	(12.0, 20.5)	(13.0, 28.5)	(14.0, 41.5)	(15.0, 72.0)	(16.0, 146.0)	(17.0, 237.5)	(18.0, 396.0)	(19.0, 701.5)	(20.0, 1215.0)	(21.0, 1985.5)	(22.0, 3184.0)	(23.0, 4639.5)	(24.0, 6397.0)	(25.0, 8854.0)	(26.0, 12211.0)	(27.0, 17219.5)	(28.0, 23410.0)	(29.0, 31446.5)	(30.0, 42937.5)	(31.0, 59890.0)	(32.0, 85675.5)	(33.0, 119823.5)	(34.0, 168454.0)	(35.0, 236358.0)	(36.0, 330547.0)	(37.0, 445145.5)	(38.0, 574432.0)	(39.0, 723811.0)	(40.0, 876498.5)	(41.0, 1029352.0)	(42.0, 1187873.5)	(43.0, 1337500.0)	(44.0, 1484332.5)	(45.0, 1647008.5)	(46.0, 1797969.5)	(47.0, 1925535.0)	(48.0, 2055933.0)	(49.0, 2176882.0)	(50.0, 2278860.5)	(51.0, 2376478.0)	(52.0, 2465700.0)	(53.0, 2524544.5)	(54.0, 2532518.5)	(55.0, 2498761.5)	(56.0, 2424524.0)	(57.0, 2305222.0)	(58.0, 2154438.5)	(59.0, 1965194.0)	(60.0, 1748820.0)	(61.0, 1542137.5)	(62.0, 1330203.0)	(63.0, 1100973.0)	(64.0, 892110.0)	(65.0, 718799.0)	(66.0, 582832.0)	(67.0, 475927.0)	(68.0, 381900.0)	(69.0, 309073.5)	(70.0, 252084.0)	(71.0, 203874.5)	(72.0, 168224.0)	(73.0, 136363.5)	(74.0, 109685.5)	(75.0, 90105.0)	(76.0, 72109.5)	(77.0, 55811.0)	(78.0, 39968.5)	(79.0, 26302.5)	(80.0, 17751.5)	(81.0, 13512.0)	(82.0, 9964.5)	(83.0, 5794.5)	(84.0, 3185.5)	(85.0, 2054.0)	(86.0, 1686.5)	(87.0, 1602.0)	(88.0, 1585.5)	(89.0, 1666.0)	(90.0, 1838.5)	(91.0, 1971.5)	(92.0, 2120.5)	(93.0, 2333.0)	(94.0, 2501.5)	(95.0, 2690.5)	(96.0, 2979.0)	(97.0, 3522.5)	(98.0, 4146.0)	(99.0, 4227.0)	(100.0, 5612.5)
fastp | SRR30333751_1	(0.0, 23.0)	(1.0, 14.5)	(2.0, 5.0)	(3.0, 5.5)	(4.0, 8.0)	(5.0, 8.0)	(6.0, 6.0)	(7.0, 5.5)	(8.0, 7.0)	(9.0, 8.0)	(10.0, 9.5)	(11.0, 13.0)	(12.0, 23.0)	(13.0, 40.5)	(14.0, 66.0)	(15.0, 108.0)	(16.0, 192.5)	(17.0, 373.0)	(18.0, 657.5)	(19.0, 1081.0)	(20.0, 1709.0)	(21.0, 2782.5)	(22.0, 4225.5)	(23.0, 6345.5)	(24.0, 9277.5)	(25.0, 13092.0)	(26.0, 17669.5)	(27.0, 23693.0)	(28.0, 31145.5)	(29.0, 39863.0)	(30.0, 51681.0)	(31.0, 67319.5)	(32.0, 86273.5)	(33.0, 110827.0)	(34.0, 145258.5)	(35.0, 191233.5)	(36.0, 258373.0)	(37.0, 348720.0)	(38.0, 461604.5)	(39.0, 596842.0)	(40.0, 749071.0)	(41.0, 916009.0)	(42.0, 1096685.0)	(43.0, 1285193.5)	(44.0, 1467664.0)	(45.0, 1659923.5)	(46.0, 1849220.0)	(47.0, 2017210.0)	(48.0, 2189255.0)	(49.0, 2348800.5)	(50.0, 2468811.5)	(51.0, 2579442.5)	(52.0, 2687584.5)	(53.0, 2752258.5)	(54.0, 2763980.0)	(55.0, 2739236.0)	(56.0, 2655902.5)	(57.0, 2520486.0)	(58.0, 2366698.5)	(59.0, 2172562.5)	(60.0, 1929970.0)	(61.0, 1667534.5)	(62.0, 1403475.5)	(63.0, 1150621.0)	(64.0, 921929.5)	(65.0, 717157.5)	(66.0, 553230.5)	(67.0, 436299.0)	(68.0, 341935.5)	(69.0, 265363.0)	(70.0, 205756.5)	(71.0, 159231.0)	(72.0, 130227.5)	(73.0, 107115.0)	(74.0, 83671.0)	(75.0, 65908.5)	(76.0, 53042.5)	(77.0, 40412.5)	(78.0, 27998.0)	(79.0, 18737.0)	(80.0, 12810.0)	(81.0, 8900.0)	(82.0, 5831.5)	(83.0, 3204.5)	(84.0, 1603.5)	(85.0, 891.5)	(86.0, 498.0)	(87.0, 299.0)	(88.0, 191.5)	(89.0, 139.5)	(90.0, 109.0)	(91.0, 88.5)	(92.0, 92.5)	(93.0, 92.0)	(94.0, 89.5)	(95.0, 90.5)	(96.0, 79.0)	(97.0, 65.0)	(98.0, 52.0)	(99.0, 29.0)	(100.0, 13.0)
fastp | SRR30333751_2	(0.0, 142.0)	(1.0, 81.0)	(2.0, 14.0)	(3.0, 7.0)	(4.0, 6.5)	(5.0, 6.0)	(6.0, 7.0)	(7.0, 8.5)	(8.0, 10.0)	(9.0, 14.0)	(10.0, 15.0)	(11.0, 16.0)	(12.0, 23.0)	(13.0, 28.5)	(14.0, 46.5)	(15.0, 81.5)	(16.0, 147.5)	(17.0, 247.5)	(18.0, 371.5)	(19.0, 633.0)	(20.0, 1152.0)	(21.0, 1911.0)	(22.0, 2982.5)	(23.0, 4264.5)	(24.0, 5821.5)	(25.0, 8102.0)	(26.0, 11319.0)	(27.0, 15875.0)	(28.0, 21153.5)	(29.0, 27894.0)	(30.0, 37306.5)	(31.0, 50649.0)	(32.0, 69805.0)	(33.0, 95153.0)	(34.0, 131221.0)	(35.0, 183465.0)	(36.0, 259896.0)	(37.0, 360514.0)	(38.0, 485082.0)	(39.0, 636367.5)	(40.0, 799685.0)	(41.0, 971103.5)	(42.0, 1153991.5)	(43.0, 1328526.0)	(44.0, 1496260.0)	(45.0, 1680855.5)	(46.0, 1853181.5)	(47.0, 1997552.5)	(48.0, 2146309.0)	(49.0, 2289214.0)	(50.0, 2412595.0)	(51.0, 2523512.5)	(52.0, 2620647.5)	(53.0, 2690422.0)	(54.0, 2706699.5)	(55.0, 2675051.5)	(56.0, 2592254.0)	(57.0, 2463775.5)	(58.0, 2304976.0)	(59.0, 2101757.5)	(60.0, 1868919.0)	(61.0, 1641550.5)	(62.0, 1410183.0)	(63.0, 1164047.5)	(64.0, 938072.0)	(65.0, 749142.0)	(66.0, 602330.0)	(67.0, 486392.0)	(68.0, 387183.0)	(69.0, 310474.0)	(70.0, 250266.0)	(71.0, 203353.5)	(72.0, 168885.5)	(73.0, 138947.0)	(74.0, 113897.5)	(75.0, 94543.5)	(76.0, 76323.0)	(77.0, 58683.5)	(78.0, 42506.0)	(79.0, 29068.5)	(80.0, 19218.5)	(81.0, 13108.0)	(82.0, 8959.5)	(83.0, 5373.5)	(84.0, 3214.5)	(85.0, 2346.0)	(86.0, 2183.5)	(87.0, 2196.5)	(88.0, 2376.5)	(89.0, 2680.5)	(90.0, 3023.5)	(91.0, 3356.5)	(92.0, 3686.0)	(93.0, 3958.0)	(94.0, 4172.5)	(95.0, 4472.5)	(96.0, 4876.0)	(97.0, 5514.5)	(98.0, 6222.5)	(99.0, 6182.5)	(100.0, 7089.0)
fastp | SRR30333752_1	(0.0, 30.0)	(1.0, 17.5)	(2.0, 6.0)	(3.0, 6.5)	(4.0, 5.0)	(5.0, 5.5)	(6.0, 8.5)	(7.0, 7.5)	(8.0, 5.0)	(9.0, 7.5)	(10.0, 12.0)	(11.0, 18.0)	(12.0, 23.5)	(13.0, 32.0)	(14.0, 58.5)	(15.0, 105.0)	(16.0, 221.0)	(17.0, 450.5)	(18.0, 755.0)	(19.0, 1254.0)	(20.0, 2082.0)	(21.0, 3381.0)	(22.0, 5165.0)	(23.0, 7757.0)	(24.0, 11380.0)	(25.0, 16147.0)	(26.0, 21955.0)	(27.0, 29485.5)	(28.0, 38655.0)	(29.0, 49515.5)	(30.0, 64211.5)	(31.0, 84437.5)	(32.0, 109342.5)	(33.0, 142486.0)	(34.0, 189923.0)	(35.0, 252782.5)	(36.0, 341185.5)	(37.0, 452796.0)	(38.0, 582990.0)	(39.0, 730874.0)	(40.0, 888502.0)	(41.0, 1053370.5)	(42.0, 1227233.5)	(43.0, 1409059.0)	(44.0, 1585863.5)	(45.0, 1772607.5)	(46.0, 1956274.0)	(47.0, 2118539.0)	(48.0, 2289353.5)	(49.0, 2448966.0)	(50.0, 2570273.5)	(51.0, 2689895.5)	(52.0, 2805825.5)	(53.0, 2877599.0)	(54.0, 2893976.0)	(55.0, 2872528.0)	(56.0, 2800483.5)	(57.0, 2667616.5)	(58.0, 2504507.0)	(59.0, 2303981.5)	(60.0, 2057420.0)	(61.0, 1786838.0)	(62.0, 1509631.0)	(63.0, 1243251.0)	(64.0, 1000687.5)	(65.0, 781934.0)	(66.0, 606129.0)	(67.0, 483197.0)	(68.0, 383415.5)	(69.0, 298988.0)	(70.0, 233955.5)	(71.0, 182109.5)	(72.0, 152029.0)	(73.0, 127909.5)	(74.0, 98354.5)	(75.0, 76158.0)	(76.0, 63080.0)	(77.0, 49228.0)	(78.0, 32878.5)	(79.0, 21349.5)	(80.0, 15828.0)	(81.0, 12976.0)	(82.0, 9766.0)	(83.0, 5602.5)	(84.0, 2849.0)	(85.0, 1634.0)	(86.0, 871.0)	(87.0, 432.0)	(88.0, 240.5)	(89.0, 176.5)	(90.0, 148.5)	(91.0, 99.0)	(92.0, 72.5)	(93.0, 72.0)	(94.0, 79.5)	(95.0, 79.0)	(96.0, 63.0)	(97.0, 49.0)	(98.0, 39.5)	(99.0, 27.5)	(100.0, 13.5)
fastp | SRR30333752_2	(0.0, 145.0)	(1.0, 78.5)	(2.0, 9.5)	(3.0, 8.5)	(4.0, 9.0)	(5.0, 6.0)	(6.0, 5.5)	(7.0, 6.0)	(8.0, 4.0)	(9.0, 9.5)	(10.0, 14.0)	(11.0, 14.5)	(12.0, 18.0)	(13.0, 27.5)	(14.0, 48.5)	(15.0, 95.5)	(16.0, 157.5)	(17.0, 269.0)	(18.0, 446.5)	(19.0, 764.0)	(20.0, 1312.5)	(21.0, 2199.5)	(22.0, 3598.0)	(23.0, 5358.5)	(24.0, 7346.5)	(25.0, 10062.5)	(26.0, 14139.0)	(27.0, 19989.5)	(28.0, 26976.5)	(29.0, 35707.5)	(30.0, 48515.0)	(31.0, 67358.0)	(32.0, 94737.0)	(33.0, 131247.0)	(34.0, 182412.5)	(35.0, 252857.5)	(36.0, 350995.5)	(37.0, 472197.5)	(38.0, 610199.0)	(39.0, 768967.0)	(40.0, 934096.0)	(41.0, 1101149.5)	(42.0, 1275985.5)	(43.0, 1443012.5)	(44.0, 1605107.0)	(45.0, 1789032.5)	(46.0, 1962659.0)	(47.0, 2106428.5)	(48.0, 2256873.0)	(49.0, 2400085.0)	(50.0, 2519774.0)	(51.0, 2638025.5)	(52.0, 2743068.5)	(53.0, 2815054.5)	(54.0, 2833619.0)	(55.0, 2804058.5)	(56.0, 2730553.5)	(57.0, 2601558.0)	(58.0, 2435142.0)	(59.0, 2223360.0)	(60.0, 1981393.0)	(61.0, 1749030.0)	(62.0, 1509340.0)	(63.0, 1250025.5)	(64.0, 1012309.5)	(65.0, 815710.5)	(66.0, 661667.0)	(67.0, 539893.0)	(68.0, 432326.0)	(69.0, 349545.5)	(70.0, 286186.5)	(71.0, 233232.5)	(72.0, 194288.0)	(73.0, 159858.5)	(74.0, 130619.0)	(75.0, 107937.5)	(76.0, 87054.5)	(77.0, 69026.5)	(78.0, 50234.5)	(79.0, 33286.5)	(80.0, 22714.5)	(81.0, 17727.0)	(82.0, 13425.0)	(83.0, 7948.0)	(84.0, 4324.0)	(85.0, 2815.5)	(86.0, 2318.5)	(87.0, 2145.0)	(88.0, 2222.5)	(89.0, 2382.5)	(90.0, 2592.5)	(91.0, 2866.0)	(92.0, 3142.5)	(93.0, 3474.0)	(94.0, 3831.5)	(95.0, 4195.0)	(96.0, 4862.5)	(97.0, 5882.5)	(98.0, 6872.0)	(99.0, 6980.0)	(100.0, 8966.5)
fastp | SRR30333753_1	(0.0, 51.0)	(1.0, 38.5)	(2.0, 21.5)	(3.0, 18.5)	(4.0, 19.0)	(5.0, 14.5)	(6.0, 10.0)	(7.0, 7.5)	(8.0, 11.5)	(9.0, 12.0)	(10.0, 11.0)	(11.0, 14.0)	(12.0, 17.0)	(13.0, 38.5)	(14.0, 56.0)	(15.0, 83.5)	(16.0, 153.5)	(17.0, 275.5)	(18.0, 497.0)	(19.0, 869.0)	(20.0, 1448.0)	(21.0, 2353.5)	(22.0, 3628.5)	(23.0, 5578.0)	(24.0, 8363.5)	(25.0, 11771.5)	(26.0, 15538.5)	(27.0, 20996.0)	(28.0, 28167.5)	(29.0, 36473.5)	(30.0, 47555.0)	(31.0, 60693.0)	(32.0, 75647.5)	(33.0, 95082.5)	(34.0, 122393.0)	(35.0, 154685.5)	(36.0, 194479.5)	(37.0, 240687.0)	(38.0, 292183.5)	(39.0, 355601.0)	(40.0, 429170.5)	(41.0, 513401.0)	(42.0, 618708.5)	(43.0, 748492.5)	(44.0, 896659.5)	(45.0, 1054236.0)	(46.0, 1195708.5)	(47.0, 1327590.0)	(48.0, 1463690.0)	(49.0, 1585955.5)	(50.0, 1691333.0)	(51.0, 1801943.5)	(52.0, 1914034.5)	(53.0, 1992906.5)	(54.0, 2033333.0)	(55.0, 2054011.5)	(56.0, 2030039.0)	(57.0, 1953290.0)	(58.0, 1848823.0)	(59.0, 1711490.0)	(60.0, 1539658.0)	(61.0, 1346368.0)	(62.0, 1147636.5)	(63.0, 960260.5)	(64.0, 780489.5)	(65.0, 612051.5)	(66.0, 477967.5)	(67.0, 381537.0)	(68.0, 307132.5)	(69.0, 245385.0)	(70.0, 197633.0)	(71.0, 161187.5)	(72.0, 139905.5)	(73.0, 121158.5)	(74.0, 97230.5)	(75.0, 79654.5)	(76.0, 68943.5)	(77.0, 54823.0)	(78.0, 37653.5)	(79.0, 26170.0)	(80.0, 20177.5)	(81.0, 15896.5)	(82.0, 11475.0)	(83.0, 6709.0)	(84.0, 3408.5)	(85.0, 1904.5)	(86.0, 989.0)	(87.0, 486.5)	(88.0, 279.0)	(89.0, 177.0)	(90.0, 121.5)	(91.0, 93.0)	(92.0, 76.5)	(93.0, 60.0)	(94.0, 60.0)	(95.0, 64.5)	(96.0, 57.0)	(97.0, 47.5)	(98.0, 43.0)	(99.0, 26.0)	(100.0, 10.0)
fastp | SRR30333753_2	(0.0, 375.0)	(1.0, 212.0)	(2.0, 35.0)	(3.0, 19.0)	(4.0, 19.5)	(5.0, 18.5)	(6.0, 15.5)	(7.0, 13.0)	(8.0, 7.5)	(9.0, 11.5)	(10.0, 20.0)	(11.0, 19.0)	(12.0, 20.0)	(13.0, 25.5)	(14.0, 49.5)	(15.0, 81.0)	(16.0, 105.5)	(17.0, 182.0)	(18.0, 334.5)	(19.0, 550.0)	(20.0, 1025.0)	(21.0, 1780.5)	(22.0, 2849.0)	(23.0, 4074.5)	(24.0, 5544.0)	(25.0, 7506.5)	(26.0, 10251.0)	(27.0, 14256.0)	(28.0, 18772.0)	(29.0, 24605.0)	(30.0, 32968.0)	(31.0, 44186.0)	(32.0, 58284.5)	(33.0, 75315.0)	(34.0, 96398.5)	(35.0, 122697.0)	(36.0, 159022.5)	(37.0, 206787.0)	(38.0, 271078.0)	(39.0, 354768.5)	(40.0, 447687.5)	(41.0, 553039.0)	(42.0, 678128.0)	(43.0, 810121.5)	(44.0, 949076.5)	(45.0, 1103396.5)	(46.0, 1237391.0)	(47.0, 1350623.0)	(48.0, 1467875.0)	(49.0, 1578647.0)	(50.0, 1679385.5)	(51.0, 1783633.0)	(52.0, 1883489.0)	(53.0, 1964337.0)	(54.0, 2011163.5)	(55.0, 2015511.0)	(56.0, 1978142.0)	(57.0, 1901558.0)	(58.0, 1796756.5)	(59.0, 1655094.5)	(60.0, 1488053.5)	(61.0, 1316521.0)	(62.0, 1137565.5)	(63.0, 947453.0)	(64.0, 768714.0)	(65.0, 622170.0)	(66.0, 506514.5)	(67.0, 412999.5)	(68.0, 333581.0)	(69.0, 272450.5)	(70.0, 227468.5)	(71.0, 190424.5)	(72.0, 162966.0)	(73.0, 138634.5)	(74.0, 117157.5)	(75.0, 100841.0)	(76.0, 85760.5)	(77.0, 71370.5)	(78.0, 54856.5)	(79.0, 38403.0)	(80.0, 26907.0)	(81.0, 20980.5)	(82.0, 15917.5)	(83.0, 9417.0)	(84.0, 4774.0)	(85.0, 2788.0)	(86.0, 2210.5)	(87.0, 1944.0)	(88.0, 1938.0)	(89.0, 2095.0)	(90.0, 2264.5)	(91.0, 2422.5)	(92.0, 2651.0)	(93.0, 2884.5)	(94.0, 3026.0)	(95.0, 3209.0)	(96.0, 3610.0)	(97.0, 4280.0)	(98.0, 4920.5)	(99.0, 4933.5)	(100.0, 5493.5)
fastp | SRR30333754_1	(0.0, 80.0)	(1.0, 51.0)	(2.0, 22.0)	(3.0, 19.5)	(4.0, 18.5)	(5.0, 16.5)	(6.0, 13.0)	(7.0, 13.0)	(8.0, 12.5)	(9.0, 15.0)	(10.0, 20.0)	(11.0, 22.0)	(12.0, 30.5)	(13.0, 49.5)	(14.0, 71.0)	(15.0, 117.5)	(16.0, 224.5)	(17.0, 421.5)	(18.0, 739.5)	(19.0, 1213.5)	(20.0, 2022.0)	(21.0, 3359.5)	(22.0, 5221.0)	(23.0, 8048.0)	(24.0, 11854.5)	(25.0, 16695.0)	(26.0, 22575.5)	(27.0, 30606.5)	(28.0, 40317.5)	(29.0, 51657.5)	(30.0, 67185.0)	(31.0, 84850.0)	(32.0, 105245.0)	(33.0, 132367.5)	(34.0, 168902.5)	(35.0, 210555.5)	(36.0, 261113.5)	(37.0, 320193.0)	(38.0, 384756.0)	(39.0, 461091.5)	(40.0, 549342.5)	(41.0, 650159.5)	(42.0, 774801.0)	(43.0, 930294.5)	(44.0, 1108223.0)	(45.0, 1298254.0)	(46.0, 1470246.0)	(47.0, 1633431.0)	(48.0, 1806459.0)	(49.0, 1963716.5)	(50.0, 2098100.5)	(51.0, 2235961.5)	(52.0, 2377477.0)	(53.0, 2477928.0)	(54.0, 2527416.5)	(55.0, 2553929.5)	(56.0, 2525381.0)	(57.0, 2435467.5)	(58.0, 2312701.5)	(59.0, 2149410.5)	(60.0, 1938804.5)	(61.0, 1695501.0)	(62.0, 1453934.0)	(63.0, 1225690.5)	(64.0, 1000604.5)	(65.0, 788275.5)	(66.0, 616887.0)	(67.0, 493051.5)	(68.0, 397816.0)	(69.0, 318745.5)	(70.0, 259308.0)	(71.0, 212927.0)	(72.0, 181705.0)	(73.0, 156073.5)	(74.0, 128241.0)	(75.0, 106515.5)	(76.0, 90722.5)	(77.0, 72320.5)	(78.0, 51053.5)	(79.0, 35571.5)	(80.0, 26352.0)	(81.0, 20158.5)	(82.0, 14157.5)	(83.0, 7810.0)	(84.0, 3858.5)	(85.0, 2174.0)	(86.0, 1088.5)	(87.0, 540.5)	(88.0, 329.5)	(89.0, 212.5)	(90.0, 162.0)	(91.0, 144.0)	(92.0, 141.0)	(93.0, 142.5)	(94.0, 145.5)	(95.0, 148.5)	(96.0, 142.5)	(97.0, 120.5)	(98.0, 98.5)	(99.0, 54.0)	(100.0, 19.5)
fastp | SRR30333754_2	(0.0, 636.0)	(1.0, 352.5)	(2.0, 54.0)	(3.0, 29.5)	(4.0, 18.0)	(5.0, 13.5)	(6.0, 12.0)	(7.0, 16.5)	(8.0, 18.0)	(9.0, 15.5)	(10.0, 17.5)	(11.0, 23.0)	(12.0, 32.0)	(13.0, 40.5)	(14.0, 63.0)	(15.0, 101.0)	(16.0, 157.0)	(17.0, 262.5)	(18.0, 475.0)	(19.0, 778.5)	(20.0, 1454.0)	(21.0, 2503.5)	(22.0, 3953.0)	(23.0, 5746.0)	(24.0, 7720.5)	(25.0, 10467.0)	(26.0, 14600.0)	(27.0, 20111.0)	(28.0, 26149.0)	(29.0, 33906.0)	(30.0, 45312.0)	(31.0, 60669.0)	(32.0, 79595.5)	(33.0, 101468.0)	(34.0, 128187.0)	(35.0, 162894.5)	(36.0, 209308.0)	(37.0, 269875.0)	(38.0, 349218.0)	(39.0, 449110.0)	(40.0, 560194.5)	(41.0, 689485.5)	(42.0, 844601.5)	(43.0, 1005214.5)	(44.0, 1176941.0)	(45.0, 1369570.5)	(46.0, 1534626.5)	(47.0, 1674964.0)	(48.0, 1824773.0)	(49.0, 1966423.0)	(50.0, 2098654.0)	(51.0, 2232469.0)	(52.0, 2347897.0)	(53.0, 2441482.5)	(54.0, 2497790.0)	(55.0, 2505662.0)	(56.0, 2469465.5)	(57.0, 2383539.0)	(58.0, 2254976.0)	(59.0, 2080094.0)	(60.0, 1871595.5)	(61.0, 1658732.5)	(62.0, 1437090.0)	(63.0, 1201163.0)	(64.0, 981232.0)	(65.0, 794100.0)	(66.0, 645750.5)	(67.0, 528592.5)	(68.0, 430026.0)	(69.0, 351688.5)	(70.0, 291716.0)	(71.0, 245166.5)	(72.0, 211228.0)	(73.0, 179994.5)	(74.0, 152993.0)	(75.0, 132274.0)	(76.0, 111456.5)	(77.0, 92510.5)	(78.0, 71680.0)	(79.0, 50099.5)	(80.0, 34448.0)	(81.0, 25890.0)	(82.0, 19309.5)	(83.0, 11622.5)	(84.0, 6139.5)	(85.0, 3860.5)	(86.0, 3330.0)	(87.0, 3221.5)	(88.0, 3389.5)	(89.0, 3712.0)	(90.0, 4199.5)	(91.0, 4684.5)	(92.0, 5105.0)	(93.0, 5545.0)	(94.0, 5809.0)	(95.0, 6106.5)	(96.0, 6576.0)	(97.0, 7323.5)	(98.0, 8207.5)	(99.0, 8070.5)	(100.0, 8782.5)
fastp | SRR30333755_1	(0.0, 83.0)	(1.0, 53.5)	(2.0, 22.0)	(3.0, 18.0)	(4.0, 18.5)	(5.0, 17.0)	(6.0, 10.0)	(7.0, 8.5)	(8.0, 13.5)	(9.0, 13.5)	(10.0, 12.0)	(11.0, 16.0)	(12.0, 19.0)	(13.0, 32.0)	(14.0, 64.5)	(15.0, 108.0)	(16.0, 192.0)	(17.0, 355.5)	(18.0, 598.0)	(19.0, 979.5)	(20.0, 1572.0)	(21.0, 2658.5)	(22.0, 4243.5)	(23.0, 6507.5)	(24.0, 9583.0)	(25.0, 13422.0)	(26.0, 17992.5)	(27.0, 24539.5)	(28.0, 32742.5)	(29.0, 42177.5)	(30.0, 55039.0)	(31.0, 69776.5)	(32.0, 87146.0)	(33.0, 109349.5)	(34.0, 140001.0)	(35.0, 175898.5)	(36.0, 217482.5)	(37.0, 266223.5)	(38.0, 320134.5)	(39.0, 383954.5)	(40.0, 456652.5)	(41.0, 537950.0)	(42.0, 637983.0)	(43.0, 762540.0)	(44.0, 908228.0)	(45.0, 1063060.5)	(46.0, 1201149.5)	(47.0, 1330419.5)	(48.0, 1463712.0)	(49.0, 1584034.0)	(50.0, 1684210.0)	(51.0, 1788514.0)	(52.0, 1895235.0)	(53.0, 1968173.0)	(54.0, 1999721.5)	(55.0, 2010048.0)	(56.0, 1979638.0)	(57.0, 1902276.5)	(58.0, 1797417.5)	(59.0, 1659194.5)	(60.0, 1490943.0)	(61.0, 1302991.5)	(62.0, 1112751.0)	(63.0, 931706.5)	(64.0, 757381.5)	(65.0, 597053.5)	(66.0, 468479.5)	(67.0, 377469.0)	(68.0, 306903.5)	(69.0, 246551.0)	(70.0, 200390.0)	(71.0, 165501.0)	(72.0, 145014.5)	(73.0, 126360.5)	(74.0, 103376.5)	(75.0, 86496.0)	(76.0, 77002.0)	(77.0, 61598.5)	(78.0, 40473.5)	(79.0, 27565.0)	(80.0, 21791.5)	(81.0, 17781.0)	(82.0, 13409.5)	(83.0, 7845.0)	(84.0, 3889.0)	(85.0, 2214.5)	(86.0, 1137.0)	(87.0, 588.0)	(88.0, 344.5)	(89.0, 204.5)	(90.0, 145.0)	(91.0, 119.0)	(92.0, 111.0)	(93.0, 90.5)	(94.0, 70.5)	(95.0, 74.5)	(96.0, 67.0)	(97.0, 49.0)	(98.0, 44.0)	(99.0, 30.0)	(100.0, 13.5)
fastp | SRR30333755_2	(0.0, 452.0)	(1.0, 254.0)	(2.0, 36.5)	(3.0, 16.0)	(4.0, 16.0)	(5.0, 17.0)	(6.0, 12.0)	(7.0, 12.5)	(8.0, 19.5)	(9.0, 13.0)	(10.0, 6.5)	(11.0, 10.5)	(12.0, 23.5)	(13.0, 40.0)	(14.0, 54.5)	(15.0, 87.0)	(16.0, 160.0)	(17.0, 247.0)	(18.0, 384.0)	(19.0, 605.5)	(20.0, 1157.5)	(21.0, 2079.0)	(22.0, 3314.5)	(23.0, 4731.5)	(24.0, 6441.5)	(25.0, 8671.0)	(26.0, 12079.0)	(27.0, 16783.5)	(28.0, 21799.0)	(29.0, 28401.0)	(30.0, 37996.5)	(31.0, 50814.0)	(32.0, 66444.0)	(33.0, 85121.0)	(34.0, 107581.5)	(35.0, 135302.0)	(36.0, 173502.0)	(37.0, 223897.0)	(38.0, 290014.5)	(39.0, 373420.5)	(40.0, 466003.5)	(41.0, 571264.5)	(42.0, 694194.0)	(43.0, 821621.5)	(44.0, 958441.5)	(45.0, 1113806.5)	(46.0, 1249206.0)	(47.0, 1360430.0)	(48.0, 1476212.0)	(49.0, 1586205.5)	(50.0, 1681552.5)	(51.0, 1779041.5)	(52.0, 1872645.0)	(53.0, 1946697.0)	(54.0, 1982802.5)	(55.0, 1978291.5)	(56.0, 1940710.5)	(57.0, 1865373.0)	(58.0, 1758212.5)	(59.0, 1614629.5)	(60.0, 1447133.5)	(61.0, 1280371.0)	(62.0, 1104753.5)	(63.0, 918119.0)	(64.0, 747132.0)	(65.0, 605567.5)	(66.0, 494107.0)	(67.0, 404667.5)	(68.0, 328429.0)	(69.0, 270004.5)	(70.0, 226775.0)	(71.0, 190407.5)	(72.0, 164893.5)	(73.0, 141485.0)	(74.0, 120369.0)	(75.0, 104201.0)	(76.0, 88050.5)	(77.0, 73799.0)	(78.0, 56623.5)	(79.0, 38501.0)	(80.0, 27060.0)	(81.0, 21943.5)	(82.0, 17217.0)	(83.0, 10310.0)	(84.0, 5108.5)	(85.0, 2906.5)	(86.0, 2372.5)	(87.0, 2141.5)	(88.0, 2059.0)	(89.0, 2101.0)	(90.0, 2311.5)	(91.0, 2612.5)	(92.0, 2846.5)	(93.0, 3088.0)	(94.0, 3238.5)	(95.0, 3327.5)	(96.0, 3583.0)	(97.0, 4012.0)	(98.0, 4537.5)	(99.0, 4416.5)	(100.0, 4373.0)
fastp | SRR30333756_1	(0.0, 114.0)	(1.0, 76.0)	(2.0, 28.5)	(3.0, 20.0)	(4.0, 28.0)	(5.0, 26.5)	(6.0, 21.5)	(7.0, 20.0)	(8.0, 12.0)	(9.0, 13.0)	(10.0, 19.0)	(11.0, 24.0)	(12.0, 34.0)	(13.0, 66.5)	(14.0, 108.5)	(15.0, 160.5)	(16.0, 284.0)	(17.0, 549.0)	(18.0, 985.0)	(19.0, 1673.0)	(20.0, 2815.5)	(21.0, 4761.5)	(22.0, 7412.5)	(23.0, 11261.5)	(24.0, 16606.0)	(25.0, 23315.5)	(26.0, 31403.0)	(27.0, 42268.5)	(28.0, 55689.0)	(29.0, 71306.0)	(30.0, 91149.0)	(31.0, 114391.5)	(32.0, 141261.0)	(33.0, 175970.0)	(34.0, 223618.0)	(35.0, 276105.0)	(36.0, 337779.5)	(37.0, 406240.5)	(38.0, 475782.5)	(39.0, 554246.0)	(40.0, 641165.5)	(41.0, 734442.0)	(42.0, 844849.0)	(43.0, 982978.5)	(44.0, 1139104.5)	(45.0, 1306695.0)	(46.0, 1456629.0)	(47.0, 1598346.0)	(48.0, 1746538.0)	(49.0, 1879554.5)	(50.0, 1994682.5)	(51.0, 2111968.0)	(52.0, 2236010.0)	(53.0, 2325456.5)	(54.0, 2368507.5)	(55.0, 2391062.5)	(56.0, 2366138.5)	(57.0, 2281337.5)	(58.0, 2163011.0)	(59.0, 2010497.5)	(60.0, 1812485.0)	(61.0, 1580819.0)	(62.0, 1350783.5)	(63.0, 1133903.5)	(64.0, 922376.5)	(65.0, 723509.5)	(66.0, 563691.0)	(67.0, 449787.5)	(68.0, 359592.0)	(69.0, 284715.5)	(70.0, 228366.5)	(71.0, 184156.5)	(72.0, 155879.5)	(73.0, 131858.0)	(74.0, 104175.0)	(75.0, 83131.0)	(76.0, 68547.5)	(77.0, 51608.5)	(78.0, 33311.0)	(79.0, 21153.5)	(80.0, 14672.0)	(81.0, 10784.5)	(82.0, 7294.0)	(83.0, 3571.0)	(84.0, 1407.0)	(85.0, 711.0)	(86.0, 326.5)	(87.0, 150.5)	(88.0, 92.0)	(89.0, 73.0)	(90.0, 77.0)	(91.0, 80.0)	(92.0, 86.0)	(93.0, 97.0)	(94.0, 107.0)	(95.0, 104.5)	(96.0, 97.5)	(97.0, 104.5)	(98.0, 96.5)	(99.0, 54.0)	(100.0, 19.5)
fastp | SRR30333756_2	(0.0, 839.0)	(1.0, 467.5)	(2.0, 72.5)	(3.0, 34.0)	(4.0, 21.5)	(5.0, 25.5)	(6.0, 21.0)	(7.0, 20.5)	(8.0, 27.5)	(9.0, 24.5)	(10.0, 22.0)	(11.0, 28.5)	(12.0, 45.0)	(13.0, 60.0)	(14.0, 72.0)	(15.0, 130.5)	(16.0, 244.0)	(17.0, 390.5)	(18.0, 636.5)	(19.0, 1060.0)	(20.0, 2066.5)	(21.0, 3683.0)	(22.0, 5701.0)	(23.0, 8107.0)	(24.0, 10983.5)	(25.0, 14715.5)	(26.0, 20396.0)	(27.0, 28379.0)	(28.0, 36752.0)	(29.0, 47389.0)	(30.0, 62687.0)	(31.0, 83226.0)	(32.0, 108141.0)	(33.0, 136427.5)	(34.0, 170470.5)	(35.0, 212255.5)	(36.0, 267309.5)	(37.0, 338756.0)	(38.0, 429139.0)	(39.0, 539707.5)	(40.0, 656543.5)	(41.0, 782351.5)	(42.0, 926763.5)	(43.0, 1072408.5)	(44.0, 1222688.0)	(45.0, 1389351.5)	(46.0, 1529302.5)	(47.0, 1643302.5)	(48.0, 1769043.5)	(49.0, 1885512.5)	(50.0, 1993744.5)	(51.0, 2109000.0)	(52.0, 2210512.5)	(53.0, 2292231.5)	(54.0, 2337594.5)	(55.0, 2343337.0)	(56.0, 2310305.0)	(57.0, 2228908.0)	(58.0, 2107095.0)	(59.0, 1940819.0)	(60.0, 1745643.0)	(61.0, 1546703.0)	(62.0, 1337547.0)	(63.0, 1114043.5)	(64.0, 906440.5)	(65.0, 732036.5)	(66.0, 597628.0)	(67.0, 489858.0)	(68.0, 395205.0)	(69.0, 322104.0)	(70.0, 265217.0)	(71.0, 220465.5)	(72.0, 187156.5)	(73.0, 157436.0)	(74.0, 131741.0)	(75.0, 110009.5)	(76.0, 88685.5)	(77.0, 70259.5)	(78.0, 51491.0)	(79.0, 33337.5)	(80.0, 20941.0)	(81.0, 14604.0)	(82.0, 10459.5)	(83.0, 6182.0)	(84.0, 3379.5)	(85.0, 2365.0)	(86.0, 2385.0)	(87.0, 2582.5)	(88.0, 2897.5)	(89.0, 3304.0)	(90.0, 3759.5)	(91.0, 4221.0)	(92.0, 4614.5)	(93.0, 4955.0)	(94.0, 5276.0)	(95.0, 5750.5)	(96.0, 6609.5)	(97.0, 7859.5)	(98.0, 9168.5)	(99.0, 9541.0)	(100.0, 11173.0)
fastp | SRR30333757_1	(0.0, 20.0)	(1.0, 19.0)	(2.0, 19.0)	(3.0, 26.5)	(4.0, 33.0)	(5.0, 41.0)	(6.0, 46.0)	(7.0, 43.5)	(8.0, 48.0)	(9.0, 50.5)	(10.0, 55.0)	(11.0, 79.5)	(12.0, 123.0)	(13.0, 185.5)	(14.0, 293.5)	(15.0, 466.5)	(16.0, 777.5)	(17.0, 1329.0)	(18.0, 2116.0)	(19.0, 3324.5)	(20.0, 5608.0)	(21.0, 9095.5)	(22.0, 13769.5)	(23.0, 20777.5)	(24.0, 31060.5)	(25.0, 46712.0)	(26.0, 67149.5)	(27.0, 93194.5)	(28.0, 127579.0)	(29.0, 172633.0)	(30.0, 225819.5)	(31.0, 282867.5)	(32.0, 351664.5)	(33.0, 435001.5)	(34.0, 523565.0)	(35.0, 606467.0)	(36.0, 706540.5)	(37.0, 819422.0)	(38.0, 908444.5)	(39.0, 986861.0)	(40.0, 1058650.0)	(41.0, 1132063.5)	(42.0, 1210336.0)	(43.0, 1287718.0)	(44.0, 1371809.0)	(45.0, 1468165.5)	(46.0, 1554182.5)	(47.0, 1624992.0)	(48.0, 1714593.0)	(49.0, 1796940.5)	(50.0, 1849158.0)	(51.0, 1900433.0)	(52.0, 1948670.5)	(53.0, 1970584.0)	(54.0, 1957533.5)	(55.0, 1919733.5)	(56.0, 1850045.0)	(57.0, 1735753.5)	(58.0, 1602268.0)	(59.0, 1451034.5)	(60.0, 1276049.0)	(61.0, 1086278.0)	(62.0, 900402.5)	(63.0, 734145.0)	(64.0, 580445.0)	(65.0, 440300.0)	(66.0, 331138.0)	(67.0, 254576.5)	(68.0, 193748.0)	(69.0, 145038.0)	(70.0, 108400.5)	(71.0, 79406.0)	(72.0, 61886.5)	(73.0, 49021.0)	(74.0, 34347.5)	(75.0, 23630.0)	(76.0, 17960.0)	(77.0, 13403.0)	(78.0, 8567.5)	(79.0, 5096.5)	(80.0, 3414.0)	(81.0, 2613.0)	(82.0, 2001.5)	(83.0, 1177.5)	(84.0, 571.0)	(85.0, 341.5)	(86.0, 227.5)	(87.0, 133.0)	(88.0, 78.5)	(89.0, 47.0)	(90.0, 31.0)	(91.0, 24.0)	(92.0, 19.5)	(93.0, 16.0)	(94.0, 11.5)	(95.0, 7.5)	(96.0, 3.5)	(97.0, 2.0)	(98.0, 2.0)	(99.0, 1.0)	(100.0, 0.0)
fastp | SRR30333757_2	(0.0, 64.0)	(1.0, 88.0)	(2.0, 148.5)	(3.0, 230.0)	(4.0, 306.0)	(5.0, 409.0)	(6.0, 501.5)	(7.0, 538.0)	(8.0, 578.0)	(9.0, 621.5)	(10.0, 647.5)	(11.0, 665.0)	(12.0, 723.5)	(13.0, 791.0)	(14.0, 831.5)	(15.0, 963.0)	(16.0, 1223.5)	(17.0, 1643.5)	(18.0, 2295.0)	(19.0, 3405.0)	(20.0, 5640.0)	(21.0, 9186.5)	(22.0, 14284.0)	(23.0, 21311.5)	(24.0, 31463.0)	(25.0, 45689.5)	(26.0, 66157.5)	(27.0, 95120.5)	(28.0, 130170.0)	(29.0, 174701.5)	(30.0, 230137.5)	(31.0, 297221.5)	(32.0, 374805.0)	(33.0, 455560.0)	(34.0, 534679.0)	(35.0, 617685.5)	(36.0, 717712.5)	(37.0, 820286.5)	(38.0, 904833.0)	(39.0, 982733.0)	(40.0, 1050265.0)	(41.0, 1117202.0)	(42.0, 1197775.0)	(43.0, 1270811.5)	(44.0, 1350523.5)	(45.0, 1455188.5)	(46.0, 1543439.0)	(47.0, 1606798.0)	(48.0, 1683432.5)	(49.0, 1753918.0)	(50.0, 1809404.5)	(51.0, 1863835.5)	(52.0, 1902750.5)	(53.0, 1924567.5)	(54.0, 1915271.5)	(55.0, 1879576.0)	(56.0, 1815927.0)	(57.0, 1713235.5)	(58.0, 1587515.5)	(59.0, 1430999.0)	(60.0, 1256088.0)	(61.0, 1091657.5)	(62.0, 929276.5)	(63.0, 759095.0)	(64.0, 604581.5)	(65.0, 476311.0)	(66.0, 374227.5)	(67.0, 297466.5)	(68.0, 233191.0)	(69.0, 181975.0)	(70.0, 142309.5)	(71.0, 110012.0)	(72.0, 87176.5)	(73.0, 66931.0)	(74.0, 49887.5)	(75.0, 37546.0)	(76.0, 27810.0)	(77.0, 20570.0)	(78.0, 14198.5)	(79.0, 9199.0)	(80.0, 5701.5)	(81.0, 3891.5)	(82.0, 2771.5)	(83.0, 1654.0)	(84.0, 942.0)	(85.0, 567.0)	(86.0, 366.5)	(87.0, 239.5)	(88.0, 167.5)	(89.0, 125.0)	(90.0, 98.5)	(91.0, 102.0)	(92.0, 121.0)	(93.0, 128.0)	(94.0, 131.5)	(95.0, 151.5)	(96.0, 170.5)	(97.0, 187.0)	(98.0, 218.0)	(99.0, 240.5)	(100.0, 388.5)
fastp | SRR30333758_1	(0.0, 55.0)	(1.0, 50.5)	(2.0, 46.0)	(3.0, 55.0)	(4.0, 63.5)	(5.0, 56.5)	(6.0, 61.0)	(7.0, 75.0)	(8.0, 79.0)	(9.0, 77.5)	(10.0, 79.0)	(11.0, 98.0)	(12.0, 121.5)	(13.0, 170.0)	(14.0, 268.5)	(15.0, 416.5)	(16.0, 717.0)	(17.0, 1192.5)	(18.0, 1837.0)	(19.0, 2890.5)	(20.0, 4761.5)	(21.0, 7663.5)	(22.0, 11467.0)	(23.0, 17008.0)	(24.0, 25110.5)	(25.0, 35740.5)	(26.0, 48621.0)	(27.0, 66170.0)	(28.0, 89595.0)	(29.0, 122618.5)	(30.0, 164747.5)	(31.0, 210885.5)	(32.0, 268355.5)	(33.0, 340588.5)	(34.0, 422713.5)	(35.0, 505407.5)	(36.0, 601668.5)	(37.0, 706819.0)	(38.0, 789412.5)	(39.0, 863090.5)	(40.0, 929845.0)	(41.0, 995667.0)	(42.0, 1069636.0)	(43.0, 1139009.5)	(44.0, 1215210.5)	(45.0, 1307663.0)	(46.0, 1386567.0)	(47.0, 1451893.0)	(48.0, 1533295.0)	(49.0, 1606610.5)	(50.0, 1658038.5)	(51.0, 1707685.0)	(52.0, 1753240.5)	(53.0, 1777159.5)	(54.0, 1769953.0)	(55.0, 1742979.5)	(56.0, 1684813.0)	(57.0, 1584723.5)	(58.0, 1466864.5)	(59.0, 1333037.0)	(60.0, 1174061.0)	(61.0, 1001355.5)	(62.0, 833180.5)	(63.0, 681565.0)	(64.0, 541833.5)	(65.0, 411330.0)	(66.0, 309601.5)	(67.0, 239143.0)	(68.0, 182305.0)	(69.0, 135521.0)	(70.0, 100947.0)	(71.0, 74162.0)	(72.0, 58694.0)	(73.0, 46628.5)	(74.0, 31691.0)	(75.0, 21304.5)	(76.0, 16652.0)	(77.0, 12710.0)	(78.0, 7499.0)	(79.0, 3967.5)	(80.0, 2637.0)	(81.0, 2175.5)	(82.0, 1766.0)	(83.0, 1020.5)	(84.0, 470.0)	(85.0, 284.5)	(86.0, 178.0)	(87.0, 100.0)	(88.0, 64.0)	(89.0, 46.0)	(90.0, 38.0)	(91.0, 31.0)	(92.0, 22.5)	(93.0, 17.5)	(94.0, 12.0)	(95.0, 11.0)	(96.0, 8.0)	(97.0, 1.5)	(98.0, 0.5)	(99.0, 0.5)	(100.0, 0.5)
fastp | SRR30333758_2	(0.0, 121.0)	(1.0, 179.0)	(2.0, 366.5)	(3.0, 625.0)	(4.0, 850.5)	(5.0, 1056.0)	(6.0, 1182.5)	(7.0, 1288.5)	(8.0, 1421.5)	(9.0, 1484.0)	(10.0, 1514.0)	(11.0, 1558.0)	(12.0, 1622.5)	(13.0, 1641.0)	(14.0, 1602.0)	(15.0, 1617.5)	(16.0, 1783.5)	(17.0, 2041.0)	(18.0, 2433.5)	(19.0, 3266.0)	(20.0, 4888.5)	(21.0, 7411.5)	(22.0, 10961.0)	(23.0, 15767.5)	(24.0, 22393.0)	(25.0, 31129.0)	(26.0, 43901.5)	(27.0, 62753.5)	(28.0, 86515.5)	(29.0, 119685.5)	(30.0, 164668.0)	(31.0, 221518.0)	(32.0, 291200.0)	(33.0, 368062.0)	(34.0, 444744.5)	(35.0, 525430.0)	(36.0, 622187.5)	(37.0, 718545.0)	(38.0, 796335.0)	(39.0, 868304.0)	(40.0, 929442.0)	(41.0, 988898.5)	(42.0, 1061687.0)	(43.0, 1126693.0)	(44.0, 1197939.0)	(45.0, 1295326.0)	(46.0, 1375999.0)	(47.0, 1432635.5)	(48.0, 1501494.5)	(49.0, 1563741.5)	(50.0, 1614583.0)	(51.0, 1668866.0)	(52.0, 1709029.5)	(53.0, 1730775.5)	(54.0, 1729393.0)	(55.0, 1702235.5)	(56.0, 1644397.0)	(57.0, 1554668.5)	(58.0, 1443797.0)	(59.0, 1303927.5)	(60.0, 1146127.0)	(61.0, 998857.5)	(62.0, 854733.5)	(63.0, 702382.5)	(64.0, 563697.5)	(65.0, 446552.0)	(66.0, 353217.5)	(67.0, 282186.5)	(68.0, 221112.5)	(69.0, 173136.5)	(70.0, 136403.0)	(71.0, 106259.5)	(72.0, 83932.0)	(73.0, 63461.5)	(74.0, 46452.0)	(75.0, 34495.5)	(76.0, 25248.0)	(77.0, 18287.0)	(78.0, 12036.5)	(79.0, 7332.5)	(80.0, 4374.0)	(81.0, 2997.5)	(82.0, 2180.0)	(83.0, 1260.5)	(84.0, 676.5)	(85.0, 396.0)	(86.0, 263.0)	(87.0, 188.0)	(88.0, 143.0)	(89.0, 123.0)	(90.0, 116.5)	(91.0, 126.5)	(92.0, 153.0)	(93.0, 190.5)	(94.0, 230.0)	(95.0, 253.5)	(96.0, 265.0)	(97.0, 303.5)	(98.0, 338.0)	(99.0, 386.5)	(100.0, 619.0)
fastp | SRR30333759_1	(0.0, 36.0)	(1.0, 27.0)	(2.0, 20.5)	(3.0, 20.5)	(4.0, 19.0)	(5.0, 21.0)	(6.0, 21.0)	(7.0, 20.5)	(8.0, 27.0)	(9.0, 31.5)	(10.0, 51.5)	(11.0, 82.5)	(12.0, 115.5)	(13.0, 171.0)	(14.0, 272.0)	(15.0, 450.5)	(16.0, 788.5)	(17.0, 1292.0)	(18.0, 2022.0)	(19.0, 3212.5)	(20.0, 5398.5)	(21.0, 9010.0)	(22.0, 13800.0)	(23.0, 20512.0)	(24.0, 30565.5)	(25.0, 45419.0)	(26.0, 64554.5)	(27.0, 89402.5)	(28.0, 122595.5)	(29.0, 168521.5)	(30.0, 224508.0)	(31.0, 283515.0)	(32.0, 358739.5)	(33.0, 451258.0)	(34.0, 549357.5)	(35.0, 640840.5)	(36.0, 749325.0)	(37.0, 873603.5)	(38.0, 961789.5)	(39.0, 1031376.0)	(40.0, 1094221.5)	(41.0, 1159836.0)	(42.0, 1229210.5)	(43.0, 1294124.5)	(44.0, 1368560.0)	(45.0, 1452052.5)	(46.0, 1519400.0)	(47.0, 1573735.5)	(48.0, 1644820.5)	(49.0, 1704693.5)	(50.0, 1738551.0)	(51.0, 1771212.5)	(52.0, 1800699.0)	(53.0, 1807319.0)	(54.0, 1783766.0)	(55.0, 1737156.0)	(56.0, 1663401.0)	(57.0, 1553216.5)	(58.0, 1427097.5)	(59.0, 1285470.5)	(60.0, 1123721.0)	(61.0, 952776.5)	(62.0, 786564.0)	(63.0, 639754.0)	(64.0, 504967.5)	(65.0, 380264.0)	(66.0, 283947.5)	(67.0, 217949.5)	(68.0, 164894.0)	(69.0, 121679.0)	(70.0, 89993.0)	(71.0, 64828.0)	(72.0, 50546.0)	(73.0, 40372.5)	(74.0, 27629.0)	(75.0, 18440.5)	(76.0, 13860.0)	(77.0, 10268.0)	(78.0, 6294.0)	(79.0, 3517.0)	(80.0, 2306.5)	(81.0, 1820.0)	(82.0, 1402.0)	(83.0, 854.5)	(84.0, 450.0)	(85.0, 260.0)	(86.0, 156.5)	(87.0, 97.5)	(88.0, 60.5)	(89.0, 43.0)	(90.0, 34.0)	(91.0, 21.5)	(92.0, 14.0)	(93.0, 10.0)	(94.0, 6.5)	(95.0, 3.5)	(96.0, 2.0)	(97.0, 1.0)	(98.0, 0.5)	(99.0, 1.0)	(100.0, 1.0)
fastp | SRR30333759_2	(0.0, 58.0)	(1.0, 67.5)	(2.0, 94.0)	(3.0, 151.5)	(4.0, 226.0)	(5.0, 281.0)	(6.0, 299.5)	(7.0, 325.0)	(8.0, 363.0)	(9.0, 365.0)	(10.0, 382.5)	(11.0, 416.0)	(12.0, 435.0)	(13.0, 475.0)	(14.0, 558.5)	(15.0, 696.5)	(16.0, 976.0)	(17.0, 1430.5)	(18.0, 2099.0)	(19.0, 3185.0)	(20.0, 5347.0)	(21.0, 8654.5)	(22.0, 13346.5)	(23.0, 20112.5)	(24.0, 29485.5)	(25.0, 42431.0)	(26.0, 61495.5)	(27.0, 89014.5)	(28.0, 122772.0)	(29.0, 167889.5)	(30.0, 225677.0)	(31.0, 298609.5)	(32.0, 386267.0)	(33.0, 477692.0)	(34.0, 565081.0)	(35.0, 655469.0)	(36.0, 764400.5)	(37.0, 872201.5)	(38.0, 954188.0)	(39.0, 1025793.5)	(40.0, 1086312.0)	(41.0, 1143264.0)	(42.0, 1212535.5)	(43.0, 1273846.5)	(44.0, 1340599.5)	(45.0, 1435723.0)	(46.0, 1508857.0)	(47.0, 1551715.0)	(48.0, 1609975.0)	(49.0, 1663619.0)	(50.0, 1700776.0)	(51.0, 1736084.0)	(52.0, 1760575.5)	(53.0, 1768381.5)	(54.0, 1748304.5)	(55.0, 1704450.0)	(56.0, 1635693.5)	(57.0, 1533881.0)	(58.0, 1415314.0)	(59.0, 1271082.0)	(60.0, 1111980.5)	(61.0, 963725.5)	(62.0, 818131.5)	(63.0, 667290.5)	(64.0, 530825.0)	(65.0, 417507.0)	(66.0, 325939.0)	(67.0, 257901.0)	(68.0, 201356.0)	(69.0, 155517.5)	(70.0, 120880.0)	(71.0, 92810.0)	(72.0, 72259.0)	(73.0, 54156.0)	(74.0, 39550.5)	(75.0, 29301.0)	(76.0, 21285.5)	(77.0, 15341.5)	(78.0, 10218.0)	(79.0, 6412.0)	(80.0, 3832.5)	(81.0, 2651.5)	(82.0, 1923.5)	(83.0, 1143.5)	(84.0, 663.5)	(85.0, 406.5)	(86.0, 271.5)	(87.0, 189.5)	(88.0, 122.5)	(89.0, 87.5)	(90.0, 74.5)	(91.0, 66.0)	(92.0, 76.0)	(93.0, 83.0)	(94.0, 83.5)	(95.0, 85.0)	(96.0, 92.5)	(97.0, 101.0)	(98.0, 110.0)	(99.0, 131.5)	(100.0, 216.5)
fastp | SRR30333760_1	(0.0, 15.0)	(1.0, 13.0)	(2.0, 13.0)	(3.0, 14.0)	(4.0, 20.5)	(5.0, 26.5)	(6.0, 25.5)	(7.0, 29.0)	(8.0, 32.5)	(9.0, 42.0)	(10.0, 61.0)	(11.0, 86.5)	(12.0, 125.5)	(13.0, 203.0)	(14.0, 301.0)	(15.0, 470.5)	(16.0, 812.5)	(17.0, 1261.0)	(18.0, 1870.0)	(19.0, 2966.5)	(20.0, 4922.5)	(21.0, 8093.5)	(22.0, 11931.5)	(23.0, 17481.0)	(24.0, 25985.5)	(25.0, 38219.5)	(26.0, 53828.0)	(27.0, 74148.0)	(28.0, 101946.5)	(29.0, 140170.5)	(30.0, 187672.5)	(31.0, 239912.0)	(32.0, 303147.5)	(33.0, 379978.5)	(34.0, 463553.5)	(35.0, 544593.0)	(36.0, 640821.5)	(37.0, 745200.0)	(38.0, 827353.0)	(39.0, 899862.0)	(40.0, 963072.0)	(41.0, 1029808.0)	(42.0, 1101311.5)	(43.0, 1170717.0)	(44.0, 1245916.5)	(45.0, 1332338.0)	(46.0, 1410890.0)	(47.0, 1476464.5)	(48.0, 1556401.5)	(49.0, 1627399.5)	(50.0, 1676376.0)	(51.0, 1722427.0)	(52.0, 1764398.5)	(53.0, 1783449.0)	(54.0, 1773355.5)	(55.0, 1742820.0)	(56.0, 1677443.5)	(57.0, 1573411.0)	(58.0, 1455080.0)	(59.0, 1318137.0)	(60.0, 1158734.0)	(61.0, 986624.0)	(62.0, 818673.5)	(63.0, 669328.0)	(64.0, 529546.0)	(65.0, 400018.5)	(66.0, 298404.0)	(67.0, 227016.0)	(68.0, 170984.0)	(69.0, 127585.5)	(70.0, 95563.0)	(71.0, 69409.0)	(72.0, 52762.0)	(73.0, 40715.0)	(74.0, 28140.5)	(75.0, 19162.5)	(76.0, 14219.0)	(77.0, 10033.0)	(78.0, 6312.0)	(79.0, 3816.5)	(80.0, 2411.5)	(81.0, 1777.5)	(82.0, 1320.5)	(83.0, 764.0)	(84.0, 386.0)	(85.0, 231.5)	(86.0, 144.0)	(87.0, 86.0)	(88.0, 50.5)	(89.0, 37.0)	(90.0, 29.0)	(91.0, 17.5)	(92.0, 13.5)	(93.0, 12.0)	(94.0, 13.0)	(95.0, 11.0)	(96.0, 4.5)	(97.0, 1.5)	(98.0, 1.0)	(99.0, 1.0)	(100.0, 1.0)
fastp | SRR30333760_2	(0.0, 65.0)	(1.0, 69.5)	(2.0, 111.0)	(3.0, 173.0)	(4.0, 228.0)	(5.0, 287.0)	(6.0, 327.0)	(7.0, 352.0)	(8.0, 379.0)	(9.0, 392.0)	(10.0, 422.5)	(11.0, 479.5)	(12.0, 529.5)	(13.0, 562.0)	(14.0, 611.0)	(15.0, 760.5)	(16.0, 1027.0)	(17.0, 1419.0)	(18.0, 2037.5)	(19.0, 3133.0)	(20.0, 5148.5)	(21.0, 7976.5)	(22.0, 11924.5)	(23.0, 17536.5)	(24.0, 25103.5)	(25.0, 35654.5)	(26.0, 51381.5)	(27.0, 74487.0)	(28.0, 102835.5)	(29.0, 140498.5)	(30.0, 190396.0)	(31.0, 251728.5)	(32.0, 324259.5)	(33.0, 401825.0)	(34.0, 478550.0)	(35.0, 559226.0)	(36.0, 654367.0)	(37.0, 749701.5)	(38.0, 827918.5)	(39.0, 899714.0)	(40.0, 960376.5)	(41.0, 1019896.0)	(42.0, 1092443.0)	(43.0, 1158687.0)	(44.0, 1231423.0)	(45.0, 1326535.0)	(46.0, 1404671.5)	(47.0, 1460219.5)	(48.0, 1529234.0)	(49.0, 1593248.5)	(50.0, 1642208.5)	(51.0, 1690584.5)	(52.0, 1726610.0)	(53.0, 1745172.5)	(54.0, 1736445.5)	(55.0, 1702981.5)	(56.0, 1641781.0)	(57.0, 1546714.5)	(58.0, 1433087.0)	(59.0, 1294457.0)	(60.0, 1138082.0)	(61.0, 986204.0)	(62.0, 838788.5)	(63.0, 687877.5)	(64.0, 548464.5)	(65.0, 432042.0)	(66.0, 337605.5)	(67.0, 265592.5)	(68.0, 206773.0)	(69.0, 160672.0)	(70.0, 125277.5)	(71.0, 95962.5)	(72.0, 74720.0)	(73.0, 56758.5)	(74.0, 41757.0)	(75.0, 30686.5)	(76.0, 22445.0)	(77.0, 16052.5)	(78.0, 10723.0)	(79.0, 6722.5)	(80.0, 4023.5)	(81.0, 2623.5)	(82.0, 1874.0)	(83.0, 1126.0)	(84.0, 597.0)	(85.0, 344.5)	(86.0, 238.5)	(87.0, 176.5)	(88.0, 110.5)	(89.0, 65.5)	(90.0, 55.0)	(91.0, 58.5)	(92.0, 64.5)	(93.0, 69.0)	(94.0, 83.0)	(95.0, 93.0)	(96.0, 104.0)	(97.0, 120.0)	(98.0, 137.0)	(99.0, 160.5)	(100.0, 257.5)
fastp | SRR30333761_1	(0.0, 32.0)	(1.0, 27.5)	(2.0, 24.5)	(3.0, 23.0)	(4.0, 21.0)	(5.0, 28.5)	(6.0, 36.5)	(7.0, 36.0)	(8.0, 32.5)	(9.0, 38.5)	(10.0, 52.5)	(11.0, 67.0)	(12.0, 102.0)	(13.0, 153.0)	(14.0, 238.5)	(15.0, 381.5)	(16.0, 658.0)	(17.0, 1102.5)	(18.0, 1691.5)	(19.0, 2622.0)	(20.0, 4301.0)	(21.0, 7054.5)	(22.0, 10529.5)	(23.0, 15724.0)	(24.0, 22993.0)	(25.0, 33038.0)	(26.0, 46264.5)	(27.0, 63819.5)	(28.0, 88203.5)	(29.0, 122738.5)	(30.0, 167294.5)	(31.0, 218140.0)	(32.0, 284221.0)	(33.0, 367848.0)	(34.0, 459789.0)	(35.0, 549193.0)	(36.0, 655934.5)	(37.0, 771967.5)	(38.0, 860225.5)	(39.0, 936201.5)	(40.0, 1002706.0)	(41.0, 1068727.0)	(42.0, 1139532.0)	(43.0, 1209856.5)	(44.0, 1286269.5)	(45.0, 1374375.5)	(46.0, 1453385.0)	(47.0, 1517499.5)	(48.0, 1594751.0)	(49.0, 1663585.5)	(50.0, 1709052.5)	(51.0, 1755670.0)	(52.0, 1796331.0)	(53.0, 1815510.0)	(54.0, 1805766.5)	(55.0, 1772132.5)	(56.0, 1707861.0)	(57.0, 1601957.5)	(58.0, 1481585.0)	(59.0, 1345069.0)	(60.0, 1184792.5)	(61.0, 1011123.5)	(62.0, 841073.5)	(63.0, 690352.5)	(64.0, 550955.0)	(65.0, 421152.0)	(66.0, 318778.5)	(67.0, 247430.0)	(68.0, 191416.0)	(69.0, 146280.0)	(70.0, 112627.0)	(71.0, 85511.5)	(72.0, 69601.5)	(73.0, 57702.5)	(74.0, 41836.0)	(75.0, 29582.5)	(76.0, 23974.0)	(77.0, 18836.5)	(78.0, 11990.0)	(79.0, 7176.0)	(80.0, 5001.5)	(81.0, 4203.5)	(82.0, 3399.0)	(83.0, 2044.5)	(84.0, 1056.5)	(85.0, 611.0)	(86.0, 358.5)	(87.0, 218.5)	(88.0, 131.5)	(89.0, 83.5)	(90.0, 56.0)	(91.0, 34.0)	(92.0, 25.5)	(93.0, 21.0)	(94.0, 21.0)	(95.0, 17.0)	(96.0, 8.5)	(97.0, 4.0)	(98.0, 0.5)	(99.0, 0.5)	(100.0, 0.5)
fastp | SRR30333761_2	(0.0, 68.0)	(1.0, 75.5)	(2.0, 136.0)	(3.0, 252.0)	(4.0, 357.5)	(5.0, 439.0)	(6.0, 490.5)	(7.0, 530.5)	(8.0, 559.5)	(9.0, 572.0)	(10.0, 589.0)	(11.0, 583.5)	(12.0, 583.0)	(13.0, 607.0)	(14.0, 657.0)	(15.0, 723.5)	(16.0, 897.0)	(17.0, 1269.5)	(18.0, 1739.0)	(19.0, 2582.5)	(20.0, 4217.5)	(21.0, 6573.0)	(22.0, 9946.5)	(23.0, 14480.0)	(24.0, 20533.5)	(25.0, 28926.0)	(26.0, 41787.0)	(27.0, 60762.5)	(28.0, 84428.5)	(29.0, 118058.5)	(30.0, 165123.0)	(31.0, 227956.0)	(32.0, 304552.5)	(33.0, 387100.5)	(34.0, 472444.0)	(35.0, 564592.5)	(36.0, 673402.0)	(37.0, 780220.5)	(38.0, 862575.5)	(39.0, 934645.0)	(40.0, 996800.0)	(41.0, 1056110.5)	(42.0, 1128418.0)	(43.0, 1193208.0)	(44.0, 1262352.0)	(45.0, 1360056.0)	(46.0, 1439666.0)	(47.0, 1494941.0)	(48.0, 1566109.0)	(49.0, 1630002.0)	(50.0, 1677192.5)	(51.0, 1724052.0)	(52.0, 1762136.0)	(53.0, 1783135.0)	(54.0, 1772275.5)	(55.0, 1736779.5)	(56.0, 1676792.0)	(57.0, 1580572.5)	(58.0, 1466750.0)	(59.0, 1326059.0)	(60.0, 1164826.0)	(61.0, 1012347.5)	(62.0, 863762.0)	(63.0, 710679.0)	(64.0, 570182.5)	(65.0, 453555.5)	(66.0, 359090.5)	(67.0, 287594.5)	(68.0, 227620.5)	(69.0, 179945.5)	(70.0, 144396.5)	(71.0, 113866.5)	(72.0, 92672.0)	(73.0, 73255.5)	(74.0, 56071.5)	(75.0, 43725.0)	(76.0, 33750.0)	(77.0, 26222.0)	(78.0, 18402.5)	(79.0, 11745.0)	(80.0, 7401.0)	(81.0, 5471.5)	(82.0, 4183.0)	(83.0, 2537.5)	(84.0, 1366.0)	(85.0, 752.0)	(86.0, 492.5)	(87.0, 332.0)	(88.0, 221.0)	(89.0, 164.0)	(90.0, 131.0)	(91.0, 104.5)	(92.0, 113.0)	(93.0, 136.5)	(94.0, 153.0)	(95.0, 169.5)	(96.0, 182.5)	(97.0, 179.5)	(98.0, 201.5)	(99.0, 237.5)	(100.0, 384.5)
fastp | SRR30333762_1	(0.0, 18.0)	(1.0, 14.5)	(2.0, 11.5)	(3.0, 12.0)	(4.0, 13.0)	(5.0, 15.0)	(6.0, 17.0)	(7.0, 21.5)	(8.0, 25.5)	(9.0, 31.0)	(10.0, 44.5)	(11.0, 78.0)	(12.0, 119.5)	(13.0, 161.5)	(14.0, 254.0)	(15.0, 424.0)	(16.0, 724.0)	(17.0, 1166.0)	(18.0, 1815.5)	(19.0, 2825.0)	(20.0, 4705.0)	(21.0, 7883.0)	(22.0, 11816.5)	(23.0, 17492.0)	(24.0, 25759.0)	(25.0, 37867.0)	(26.0, 53294.5)	(27.0, 73960.0)	(28.0, 102345.0)	(29.0, 142066.0)	(30.0, 191610.5)	(31.0, 244056.0)	(32.0, 310738.0)	(33.0, 392814.5)	(34.0, 481450.5)	(35.0, 565068.0)	(36.0, 666391.0)	(37.0, 779088.0)	(38.0, 858772.0)	(39.0, 925143.0)	(40.0, 984629.5)	(41.0, 1043969.0)	(42.0, 1110076.0)	(43.0, 1174280.0)	(44.0, 1245039.5)	(45.0, 1326655.5)	(46.0, 1394340.5)	(47.0, 1451221.5)	(48.0, 1526983.5)	(49.0, 1594568.0)	(50.0, 1638281.5)	(51.0, 1681964.0)	(52.0, 1720074.0)	(53.0, 1736293.0)	(54.0, 1724983.5)	(55.0, 1692838.0)	(56.0, 1629558.0)	(57.0, 1525845.5)	(58.0, 1409410.5)	(59.0, 1279250.5)	(60.0, 1125431.5)	(61.0, 955527.5)	(62.0, 792158.0)	(63.0, 649178.5)	(64.0, 514609.5)	(65.0, 390439.0)	(66.0, 292492.0)	(67.0, 223336.5)	(68.0, 169803.5)	(69.0, 127793.0)	(70.0, 96898.5)	(71.0, 71416.5)	(72.0, 54798.0)	(73.0, 42756.5)	(74.0, 30353.5)	(75.0, 21418.0)	(76.0, 15918.5)	(77.0, 11439.0)	(78.0, 7449.0)	(79.0, 4612.0)	(80.0, 3006.5)	(81.0, 2155.0)	(82.0, 1553.5)	(83.0, 915.5)	(84.0, 464.5)	(85.0, 283.5)	(86.0, 175.0)	(87.0, 98.5)	(88.0, 56.5)	(89.0, 38.5)	(90.0, 35.5)	(91.0, 24.5)	(92.0, 13.0)	(93.0, 11.0)	(94.0, 8.0)	(95.0, 4.0)	(96.0, 3.0)	(97.0, 1.5)	(98.0, 0.0)	(99.0, 0.0)	(100.0, 0.0)
fastp | SRR30333762_2	(0.0, 48.0)	(1.0, 58.5)	(2.0, 88.0)	(3.0, 138.0)	(4.0, 183.5)	(5.0, 227.5)	(6.0, 283.5)	(7.0, 284.5)	(8.0, 284.5)	(9.0, 312.5)	(10.0, 342.0)	(11.0, 360.5)	(12.0, 411.0)	(13.0, 488.0)	(14.0, 551.5)	(15.0, 683.0)	(16.0, 914.0)	(17.0, 1310.0)	(18.0, 1906.5)	(19.0, 2883.0)	(20.0, 4755.5)	(21.0, 7555.5)	(22.0, 11703.0)	(23.0, 17275.5)	(24.0, 24593.0)	(25.0, 34971.5)	(26.0, 50578.5)	(27.0, 73677.5)	(28.0, 101917.0)	(29.0, 140546.5)	(30.0, 191985.5)	(31.0, 257604.5)	(32.0, 336501.5)	(33.0, 417724.0)	(34.0, 496295.0)	(35.0, 580174.5)	(36.0, 681045.0)	(37.0, 779957.5)	(38.0, 855312.0)	(39.0, 920304.5)	(40.0, 975869.0)	(41.0, 1029893.0)	(42.0, 1096489.0)	(43.0, 1156330.0)	(44.0, 1223234.0)	(45.0, 1314622.5)	(46.0, 1384242.0)	(47.0, 1431421.0)	(48.0, 1496869.0)	(49.0, 1557373.0)	(50.0, 1602056.5)	(51.0, 1648389.0)	(52.0, 1682862.5)	(53.0, 1698624.0)	(54.0, 1689939.5)	(55.0, 1656735.0)	(56.0, 1595372.5)	(57.0, 1502296.5)	(58.0, 1393067.0)	(59.0, 1259711.0)	(60.0, 1107788.5)	(61.0, 960145.0)	(62.0, 816423.0)	(63.0, 671372.0)	(64.0, 538604.5)	(65.0, 425274.0)	(66.0, 332944.0)	(67.0, 263094.0)	(68.0, 206231.5)	(69.0, 162252.0)	(70.0, 127603.5)	(71.0, 98772.0)	(72.0, 78431.0)	(73.0, 60706.5)	(74.0, 45455.0)	(75.0, 34085.0)	(76.0, 25216.0)	(77.0, 18309.5)	(78.0, 12662.0)	(79.0, 8247.5)	(80.0, 5097.0)	(81.0, 3319.5)	(82.0, 2222.5)	(83.0, 1318.5)	(84.0, 746.5)	(85.0, 430.0)	(86.0, 274.5)	(87.0, 195.0)	(88.0, 118.0)	(89.0, 80.0)	(90.0, 76.5)	(91.0, 67.0)	(92.0, 58.5)	(93.0, 66.0)	(94.0, 82.5)	(95.0, 90.5)	(96.0, 93.0)	(97.0, 102.0)	(98.0, 126.5)	(99.0, 142.5)	(100.0, 208.0)
fastp | SRR30333763_1	(0.0, 18.0)	(1.0, 15.5)	(2.0, 17.5)	(3.0, 26.5)	(4.0, 29.5)	(5.0, 32.5)	(6.0, 35.0)	(7.0, 33.0)	(8.0, 38.0)	(9.0, 52.0)	(10.0, 66.0)	(11.0, 91.0)	(12.0, 138.0)	(13.0, 187.0)	(14.0, 278.0)	(15.0, 474.5)	(16.0, 771.0)	(17.0, 1226.5)	(18.0, 1929.5)	(19.0, 3063.5)	(20.0, 4967.0)	(21.0, 8183.0)	(22.0, 12276.0)	(23.0, 18247.0)	(24.0, 27107.5)	(25.0, 40227.0)	(26.0, 57435.0)	(27.0, 80159.5)	(28.0, 111294.0)	(29.0, 154088.0)	(30.0, 205983.5)	(31.0, 262460.5)	(32.0, 332561.5)	(33.0, 415973.5)	(34.0, 505631.5)	(35.0, 589744.0)	(36.0, 691764.0)	(37.0, 802695.0)	(38.0, 883356.0)	(39.0, 954085.5)	(40.0, 1017505.5)	(41.0, 1081748.5)	(42.0, 1151621.0)	(43.0, 1220624.0)	(44.0, 1297590.0)	(45.0, 1387033.5)	(46.0, 1465313.0)	(47.0, 1529457.5)	(48.0, 1608912.5)	(49.0, 1680874.5)	(50.0, 1727949.0)	(51.0, 1775458.5)	(52.0, 1821505.5)	(53.0, 1841380.5)	(54.0, 1830565.0)	(55.0, 1799938.0)	(56.0, 1738153.0)	(57.0, 1637434.5)	(58.0, 1516013.5)	(59.0, 1374067.0)	(60.0, 1209946.5)	(61.0, 1034837.0)	(62.0, 862701.5)	(63.0, 708532.0)	(64.0, 565611.0)	(65.0, 432208.5)	(66.0, 326422.0)	(67.0, 251357.0)	(68.0, 192786.0)	(69.0, 145663.5)	(70.0, 110445.5)	(71.0, 82138.0)	(72.0, 65131.5)	(73.0, 52481.0)	(74.0, 37343.0)	(75.0, 26020.5)	(76.0, 20108.5)	(77.0, 15069.0)	(78.0, 9692.0)	(79.0, 5953.0)	(80.0, 3997.0)	(81.0, 3106.0)	(82.0, 2404.5)	(83.0, 1419.0)	(84.0, 729.0)	(85.0, 444.5)	(86.0, 265.5)	(87.0, 133.5)	(88.0, 76.5)	(89.0, 56.0)	(90.0, 38.5)	(91.0, 23.0)	(92.0, 17.5)	(93.0, 14.5)	(94.0, 8.5)	(95.0, 4.0)	(96.0, 3.5)	(97.0, 3.0)	(98.0, 2.5)	(99.0, 2.0)	(100.0, 1.5)
fastp | SRR30333763_2	(0.0, 79.0)	(1.0, 104.0)	(2.0, 198.0)	(3.0, 359.5)	(4.0, 534.5)	(5.0, 660.0)	(6.0, 763.0)	(7.0, 882.5)	(8.0, 981.0)	(9.0, 1036.5)	(10.0, 1061.0)	(11.0, 1097.0)	(12.0, 1171.0)	(13.0, 1215.0)	(14.0, 1258.5)	(15.0, 1338.5)	(16.0, 1527.5)	(17.0, 1941.5)	(18.0, 2538.5)	(19.0, 3532.5)	(20.0, 5485.5)	(21.0, 8369.0)	(22.0, 12663.5)	(23.0, 18753.0)	(24.0, 27226.5)	(25.0, 39076.5)	(26.0, 56467.5)	(27.0, 81992.0)	(28.0, 113686.0)	(29.0, 155949.0)	(30.0, 210694.0)	(31.0, 280536.0)	(32.0, 360801.0)	(33.0, 442137.5)	(34.0, 522032.0)	(35.0, 605203.5)	(36.0, 703058.0)	(37.0, 801131.0)	(38.0, 878503.0)	(39.0, 946730.0)	(40.0, 1008426.0)	(41.0, 1068784.5)	(42.0, 1140252.5)	(43.0, 1203854.5)	(44.0, 1274610.5)	(45.0, 1373769.0)	(46.0, 1453315.5)	(47.0, 1509630.5)	(48.0, 1579711.0)	(49.0, 1643768.0)	(50.0, 1693044.0)	(51.0, 1743175.5)	(52.0, 1784146.5)	(53.0, 1805158.5)	(54.0, 1797555.5)	(55.0, 1763789.0)	(56.0, 1703717.0)	(57.0, 1609271.5)	(58.0, 1492382.5)	(59.0, 1348405.5)	(60.0, 1188770.5)	(61.0, 1036716.0)	(62.0, 884345.0)	(63.0, 726057.5)	(64.0, 581867.5)	(65.0, 462551.0)	(66.0, 366604.0)	(67.0, 292192.0)	(68.0, 229711.0)	(69.0, 179689.0)	(70.0, 141843.0)	(71.0, 111406.5)	(72.0, 89148.0)	(73.0, 69338.5)	(74.0, 52374.5)	(75.0, 39789.0)	(76.0, 29881.5)	(77.0, 22415.0)	(78.0, 15534.0)	(79.0, 9978.5)	(80.0, 6292.5)	(81.0, 4390.5)	(82.0, 3184.5)	(83.0, 1915.5)	(84.0, 1040.0)	(85.0, 597.5)	(86.0, 391.0)	(87.0, 241.0)	(88.0, 157.0)	(89.0, 121.5)	(90.0, 105.0)	(91.0, 96.0)	(92.0, 93.5)	(93.0, 109.5)	(94.0, 146.5)	(95.0, 182.0)	(96.0, 219.0)	(97.0, 255.0)	(98.0, 277.0)	(99.0, 321.0)	(100.0, 511.0)
fastp | SRR30333764_1	(0.0, 21.0)	(1.0, 18.5)	(2.0, 13.5)	(3.0, 22.5)	(4.0, 38.0)	(5.0, 36.0)	(6.0, 29.0)	(7.0, 34.5)	(8.0, 43.0)	(9.0, 48.0)	(10.0, 53.5)	(11.0, 70.0)	(12.0, 108.0)	(13.0, 166.5)	(14.0, 267.5)	(15.0, 454.0)	(16.0, 743.5)	(17.0, 1170.5)	(18.0, 1826.5)	(19.0, 2814.5)	(20.0, 4660.0)	(21.0, 7606.5)	(22.0, 11361.0)	(23.0, 17072.5)	(24.0, 25440.0)	(25.0, 37063.0)	(26.0, 52040.5)	(27.0, 72570.5)	(28.0, 100553.0)	(29.0, 139171.5)	(30.0, 186220.5)	(31.0, 237520.0)	(32.0, 302233.5)	(33.0, 381305.5)	(34.0, 466104.5)	(35.0, 546278.5)	(36.0, 642446.5)	(37.0, 745378.5)	(38.0, 824429.5)	(39.0, 894660.0)	(40.0, 955641.0)	(41.0, 1013775.5)	(42.0, 1077966.5)	(43.0, 1145044.5)	(44.0, 1219737.5)	(45.0, 1305814.0)	(46.0, 1380921.0)	(47.0, 1445209.0)	(48.0, 1523529.0)	(49.0, 1592163.5)	(50.0, 1637114.5)	(51.0, 1686188.5)	(52.0, 1730803.5)	(53.0, 1750842.0)	(54.0, 1742682.5)	(55.0, 1715216.5)	(56.0, 1660088.5)	(57.0, 1562040.0)	(58.0, 1444500.0)	(59.0, 1312747.5)	(60.0, 1158698.0)	(61.0, 991632.0)	(62.0, 826198.5)	(63.0, 677241.5)	(64.0, 540914.0)	(65.0, 413180.5)	(66.0, 311740.0)	(67.0, 241633.5)	(68.0, 185343.0)	(69.0, 138123.5)	(70.0, 104679.5)	(71.0, 78212.0)	(72.0, 63504.0)	(73.0, 52825.5)	(74.0, 36782.0)	(75.0, 24755.0)	(76.0, 20183.5)	(77.0, 15943.5)	(78.0, 9682.5)	(79.0, 5340.0)	(80.0, 3638.5)	(81.0, 3184.5)	(82.0, 2705.0)	(83.0, 1575.0)	(84.0, 756.0)	(85.0, 457.0)	(86.0, 279.0)	(87.0, 171.0)	(88.0, 115.5)	(89.0, 79.5)	(90.0, 51.0)	(91.0, 40.0)	(92.0, 28.5)	(93.0, 14.0)	(94.0, 9.5)	(95.0, 9.5)	(96.0, 9.5)	(97.0, 5.0)	(98.0, 2.0)	(99.0, 0.5)	(100.0, 0.0)
fastp | SRR30333764_2	(0.0, 76.0)	(1.0, 96.5)	(2.0, 156.5)	(3.0, 243.0)	(4.0, 345.5)	(5.0, 443.5)	(6.0, 509.5)	(7.0, 559.0)	(8.0, 604.0)	(9.0, 642.0)	(10.0, 659.5)	(11.0, 678.5)	(12.0, 741.5)	(13.0, 791.5)	(14.0, 820.5)	(15.0, 899.5)	(16.0, 1112.5)	(17.0, 1490.5)	(18.0, 2092.0)	(19.0, 3018.5)	(20.0, 4801.5)	(21.0, 7507.0)	(22.0, 11241.5)	(23.0, 16466.0)	(24.0, 23613.0)	(25.0, 33789.5)	(26.0, 49421.5)	(27.0, 72138.0)	(28.0, 100307.5)	(29.0, 138646.5)	(30.0, 188521.0)	(31.0, 252727.0)	(32.0, 327199.0)	(33.0, 404508.0)	(34.0, 482666.5)	(35.0, 561689.5)	(36.0, 652708.0)	(37.0, 746464.5)	(38.0, 821594.5)	(39.0, 887705.0)	(40.0, 945061.0)	(41.0, 1000072.0)	(42.0, 1067437.0)	(43.0, 1128184.0)	(44.0, 1194615.5)	(45.0, 1289717.0)	(46.0, 1368210.5)	(47.0, 1424180.5)	(48.0, 1495226.0)	(49.0, 1556691.0)	(50.0, 1603048.0)	(51.0, 1651531.5)	(52.0, 1691435.5)	(53.0, 1716664.5)	(54.0, 1712454.0)	(55.0, 1682549.0)	(56.0, 1625546.0)	(57.0, 1535172.0)	(58.0, 1428285.5)	(59.0, 1295701.5)	(60.0, 1144362.5)	(61.0, 997862.0)	(62.0, 851432.0)	(63.0, 698237.0)	(64.0, 559803.5)	(65.0, 446011.0)	(66.0, 352653.5)	(67.0, 281325.0)	(68.0, 221418.5)	(69.0, 173331.5)	(70.0, 138022.0)	(71.0, 107468.5)	(72.0, 85513.0)	(73.0, 66193.0)	(74.0, 49552.5)	(75.0, 37957.0)	(76.0, 28857.5)	(77.0, 21964.5)	(78.0, 15092.5)	(79.0, 9358.5)	(80.0, 5766.0)	(81.0, 4352.5)	(82.0, 3353.5)	(83.0, 1902.0)	(84.0, 1006.5)	(85.0, 622.0)	(86.0, 411.0)	(87.0, 278.5)	(88.0, 182.0)	(89.0, 128.0)	(90.0, 100.0)	(91.0, 93.0)	(92.0, 99.5)	(93.0, 105.5)	(94.0, 119.0)	(95.0, 135.0)	(96.0, 157.0)	(97.0, 180.0)	(98.0, 192.5)	(99.0, 223.0)	(100.0, 364.0)
fastp | SRR30333765_1	(0.0, 36.0)	(1.0, 30.0)	(2.0, 24.5)	(3.0, 31.0)	(4.0, 45.0)	(5.0, 49.0)	(6.0, 42.0)	(7.0, 37.5)	(8.0, 37.5)	(9.0, 41.5)	(10.0, 55.0)	(11.0, 76.0)	(12.0, 94.5)	(13.0, 137.5)	(14.0, 242.5)	(15.0, 424.5)	(16.0, 727.0)	(17.0, 1161.5)	(18.0, 1796.0)	(19.0, 2913.0)	(20.0, 4868.0)	(21.0, 8053.5)	(22.0, 12236.5)	(23.0, 18369.0)	(24.0, 27550.0)	(25.0, 40533.5)	(26.0, 58006.0)	(27.0, 81157.0)	(28.0, 111713.0)	(29.0, 152360.5)	(30.0, 200421.0)	(31.0, 252464.5)	(32.0, 316265.5)	(33.0, 391778.5)	(34.0, 472453.0)	(35.0, 549715.5)	(36.0, 641954.0)	(37.0, 741676.0)	(38.0, 817187.5)	(39.0, 885651.0)	(40.0, 948226.0)	(41.0, 1010066.0)	(42.0, 1076930.0)	(43.0, 1142776.5)	(44.0, 1214494.0)	(45.0, 1297749.0)	(46.0, 1372108.0)	(47.0, 1434036.5)	(48.0, 1508254.5)	(49.0, 1576669.0)	(50.0, 1622909.5)	(51.0, 1667478.0)	(52.0, 1710304.0)	(53.0, 1730983.5)	(54.0, 1721422.5)	(55.0, 1692090.0)	(56.0, 1637506.5)	(57.0, 1543415.5)	(58.0, 1429055.0)	(59.0, 1296624.5)	(60.0, 1144026.0)	(61.0, 981647.0)	(62.0, 818741.5)	(63.0, 671771.5)	(64.0, 536577.0)	(65.0, 411431.0)	(66.0, 312163.5)	(67.0, 242274.5)	(68.0, 187869.5)	(69.0, 142902.0)	(70.0, 109253.0)	(71.0, 82845.0)	(72.0, 66840.0)	(73.0, 54243.0)	(74.0, 38929.5)	(75.0, 27635.0)	(76.0, 22002.0)	(77.0, 17078.5)	(78.0, 11015.0)	(79.0, 6667.0)	(80.0, 4615.5)	(81.0, 3700.5)	(82.0, 3010.5)	(83.0, 1830.0)	(84.0, 926.5)	(85.0, 543.5)	(86.0, 310.0)	(87.0, 178.5)	(88.0, 106.5)	(89.0, 63.5)	(90.0, 50.0)	(91.0, 42.5)	(92.0, 34.0)	(93.0, 29.5)	(94.0, 22.5)	(95.0, 13.5)	(96.0, 11.0)	(97.0, 8.0)	(98.0, 5.0)	(99.0, 2.5)	(100.0, 1.0)
fastp | SRR30333765_2	(0.0, 84.0)	(1.0, 88.5)	(2.0, 140.5)	(3.0, 245.5)	(4.0, 361.0)	(5.0, 432.0)	(6.0, 504.5)	(7.0, 573.0)	(8.0, 582.0)	(9.0, 612.0)	(10.0, 654.5)	(11.0, 669.0)	(12.0, 684.0)	(13.0, 718.0)	(14.0, 784.0)	(15.0, 913.0)	(16.0, 1154.0)	(17.0, 1557.0)	(18.0, 2108.0)	(19.0, 3095.0)	(20.0, 5059.5)	(21.0, 7876.5)	(22.0, 12189.5)	(23.0, 18519.0)	(24.0, 27189.5)	(25.0, 39302.5)	(26.0, 56949.0)	(27.0, 82009.5)	(28.0, 113414.5)	(29.0, 154181.5)	(30.0, 205190.5)	(31.0, 268019.0)	(32.0, 339802.5)	(33.0, 413108.5)	(34.0, 485792.5)	(35.0, 561866.0)	(36.0, 651235.5)	(37.0, 741294.5)	(38.0, 813900.5)	(39.0, 880795.0)	(40.0, 938469.5)	(41.0, 993473.0)	(42.0, 1062548.0)	(43.0, 1125564.0)	(44.0, 1192740.5)	(45.0, 1282801.5)	(46.0, 1358041.5)	(47.0, 1413245.0)	(48.0, 1480405.0)	(49.0, 1541379.0)	(50.0, 1589275.5)	(51.0, 1637849.5)	(52.0, 1675342.0)	(53.0, 1693770.0)	(54.0, 1684647.5)	(55.0, 1656600.0)	(56.0, 1603786.0)	(57.0, 1518002.0)	(58.0, 1411330.0)	(59.0, 1275431.0)	(60.0, 1124796.5)	(61.0, 982814.5)	(62.0, 840475.0)	(63.0, 690261.0)	(64.0, 554473.0)	(65.0, 442454.5)	(66.0, 351554.0)	(67.0, 282579.0)	(68.0, 224428.0)	(69.0, 177331.0)	(70.0, 142145.5)	(71.0, 113305.0)	(72.0, 92005.0)	(73.0, 72544.0)	(74.0, 55514.5)	(75.0, 42908.0)	(76.0, 33047.0)	(77.0, 25444.5)	(78.0, 18104.0)	(79.0, 11777.0)	(80.0, 7451.0)	(81.0, 5276.0)	(82.0, 3886.5)	(83.0, 2372.0)	(84.0, 1338.5)	(85.0, 783.0)	(86.0, 490.0)	(87.0, 323.0)	(88.0, 209.0)	(89.0, 157.5)	(90.0, 145.5)	(91.0, 127.5)	(92.0, 129.5)	(93.0, 155.0)	(94.0, 178.5)	(95.0, 193.5)	(96.0, 213.5)	(97.0, 217.5)	(98.0, 231.0)	(99.0, 276.0)	(100.0, 427.0)
fastp | SRR30333766_1	(0.0, 37.0)	(1.0, 31.5)	(2.0, 36.5)	(3.0, 47.5)	(4.0, 47.5)	(5.0, 49.5)	(6.0, 51.5)	(7.0, 59.5)	(8.0, 65.0)	(9.0, 68.0)	(10.0, 83.0)	(11.0, 102.5)	(12.0, 138.5)	(13.0, 217.5)	(14.0, 341.0)	(15.0, 540.5)	(16.0, 847.0)	(17.0, 1359.5)	(18.0, 2121.5)	(19.0, 3261.0)	(20.0, 5412.0)	(21.0, 8847.0)	(22.0, 13135.5)	(23.0, 19564.5)	(24.0, 28919.0)	(25.0, 42261.0)	(26.0, 59951.0)	(27.0, 83542.5)	(28.0, 116489.0)	(29.0, 162057.0)	(30.0, 217032.5)	(31.0, 276081.0)	(32.0, 351400.0)	(33.0, 442929.5)	(34.0, 540578.0)	(35.0, 633033.5)	(36.0, 743911.0)	(37.0, 863540.5)	(38.0, 947223.5)	(39.0, 1018387.5)	(40.0, 1080922.0)	(41.0, 1144076.0)	(42.0, 1212293.0)	(43.0, 1280031.5)	(44.0, 1362252.0)	(45.0, 1455566.5)	(46.0, 1533362.5)	(47.0, 1599108.5)	(48.0, 1683120.0)	(49.0, 1755959.0)	(50.0, 1802614.5)	(51.0, 1850935.0)	(52.0, 1895310.5)	(53.0, 1916799.0)	(54.0, 1906068.0)	(55.0, 1874110.5)	(56.0, 1813021.5)	(57.0, 1705994.0)	(58.0, 1579323.5)	(59.0, 1435828.5)	(60.0, 1266171.0)	(61.0, 1082850.0)	(62.0, 903327.5)	(63.0, 742611.0)	(64.0, 593732.0)	(65.0, 453513.5)	(66.0, 342202.5)	(67.0, 263928.5)	(68.0, 201685.5)	(69.0, 152341.0)	(70.0, 116878.5)	(71.0, 88156.0)	(72.0, 70328.0)	(73.0, 57483.0)	(74.0, 41066.0)	(75.0, 28561.5)	(76.0, 22848.0)	(77.0, 17628.0)	(78.0, 11058.5)	(79.0, 6416.5)	(80.0, 4389.5)	(81.0, 3576.5)	(82.0, 2862.0)	(83.0, 1717.5)	(84.0, 857.5)	(85.0, 509.5)	(86.0, 282.0)	(87.0, 153.5)	(88.0, 96.5)	(89.0, 66.5)	(90.0, 48.0)	(91.0, 33.0)	(92.0, 27.0)	(93.0, 18.5)	(94.0, 9.0)	(95.0, 9.5)	(96.0, 6.5)	(97.0, 3.0)	(98.0, 2.0)	(99.0, 1.0)	(100.0, 1.5)
fastp | SRR30333766_2	(0.0, 174.0)	(1.0, 194.5)	(2.0, 286.5)	(3.0, 514.5)	(4.0, 727.5)	(5.0, 901.0)	(6.0, 1059.0)	(7.0, 1169.5)	(8.0, 1277.0)	(9.0, 1376.5)	(10.0, 1427.5)	(11.0, 1419.5)	(12.0, 1459.0)	(13.0, 1474.0)	(14.0, 1485.5)	(15.0, 1587.0)	(16.0, 1786.0)	(17.0, 2163.5)	(18.0, 2754.5)	(19.0, 3748.0)	(20.0, 5804.5)	(21.0, 8782.0)	(22.0, 13073.0)	(23.0, 19282.0)	(24.0, 27649.5)	(25.0, 39401.5)	(26.0, 57292.0)	(27.0, 83418.0)	(28.0, 115729.0)	(29.0, 160522.0)	(30.0, 219246.5)	(31.0, 295266.5)	(32.0, 384313.0)	(33.0, 472696.0)	(34.0, 559076.5)	(35.0, 650740.0)	(36.0, 757972.5)	(37.0, 862260.5)	(38.0, 940586.5)	(39.0, 1009450.5)	(40.0, 1070053.5)	(41.0, 1127297.5)	(42.0, 1197427.0)	(43.0, 1261398.0)	(44.0, 1332966.0)	(45.0, 1434535.0)	(46.0, 1516851.5)	(47.0, 1573893.0)	(48.0, 1647117.0)	(49.0, 1713305.0)	(50.0, 1763060.0)	(51.0, 1814128.5)	(52.0, 1855471.5)	(53.0, 1879788.0)	(54.0, 1871619.0)	(55.0, 1835200.0)	(56.0, 1774297.0)	(57.0, 1677607.0)	(58.0, 1561100.0)	(59.0, 1417277.0)	(60.0, 1251142.0)	(61.0, 1087801.0)	(62.0, 927371.5)	(63.0, 764030.5)	(64.0, 614810.5)	(65.0, 489307.5)	(66.0, 386403.0)	(67.0, 308041.0)	(68.0, 243130.5)	(69.0, 191457.0)	(70.0, 152673.0)	(71.0, 120426.0)	(72.0, 96753.0)	(73.0, 75088.0)	(74.0, 56580.5)	(75.0, 43548.0)	(76.0, 33030.0)	(77.0, 25068.0)	(78.0, 17425.0)	(79.0, 10915.5)	(80.0, 6842.0)	(81.0, 5010.0)	(82.0, 3701.5)	(83.0, 2185.0)	(84.0, 1152.0)	(85.0, 644.5)	(86.0, 412.5)	(87.0, 273.5)	(88.0, 195.5)	(89.0, 151.5)	(90.0, 120.0)	(91.0, 112.0)	(92.0, 133.0)	(93.0, 137.0)	(94.0, 158.0)	(95.0, 203.5)	(96.0, 241.5)	(97.0, 284.5)	(98.0, 324.0)	(99.0, 384.5)	(100.0, 563.0)
fastp | SRR30333767_1	(0.0, 35.0)	(1.0, 28.0)	(2.0, 23.5)	(3.0, 33.5)	(4.0, 37.0)	(5.0, 36.5)	(6.0, 42.5)	(7.0, 45.0)	(8.0, 41.0)	(9.0, 46.5)	(10.0, 57.0)	(11.0, 85.0)	(12.0, 143.5)	(13.0, 207.0)	(14.0, 287.5)	(15.0, 471.5)	(16.0, 774.0)	(17.0, 1193.5)	(18.0, 1831.0)	(19.0, 2826.5)	(20.0, 4726.0)	(21.0, 7736.5)	(22.0, 11407.0)	(23.0, 17047.5)	(24.0, 25229.0)	(25.0, 36794.0)	(26.0, 51958.0)	(27.0, 71697.5)	(28.0, 98906.0)	(29.0, 136529.0)	(30.0, 183013.0)	(31.0, 233831.5)	(32.0, 299192.0)	(33.0, 379559.5)	(34.0, 467032.0)	(35.0, 551455.5)	(36.0, 652096.5)	(37.0, 763630.0)	(38.0, 848593.5)	(39.0, 923581.5)	(40.0, 988688.5)	(41.0, 1052222.0)	(42.0, 1122817.5)	(43.0, 1192882.5)	(44.0, 1268081.5)	(45.0, 1356293.0)	(46.0, 1436680.5)	(47.0, 1502855.5)	(48.0, 1584106.5)	(49.0, 1657297.0)	(50.0, 1706643.5)	(51.0, 1756873.5)	(52.0, 1803425.5)	(53.0, 1825508.0)	(54.0, 1815409.0)	(55.0, 1786320.0)	(56.0, 1727921.0)	(57.0, 1625427.5)	(58.0, 1506848.0)	(59.0, 1371217.5)	(60.0, 1208144.5)	(61.0, 1031863.5)	(62.0, 862326.5)	(63.0, 711943.5)	(64.0, 568013.0)	(65.0, 432464.5)	(66.0, 326260.0)	(67.0, 249611.5)	(68.0, 190508.5)	(69.0, 144655.0)	(70.0, 110833.5)	(71.0, 83585.5)	(72.0, 65630.5)	(73.0, 52060.5)	(74.0, 37451.0)	(75.0, 26767.5)	(76.0, 20409.0)	(77.0, 15116.0)	(78.0, 9962.0)	(79.0, 6170.0)	(80.0, 4043.0)	(81.0, 2936.0)	(82.0, 2133.5)	(83.0, 1268.5)	(84.0, 663.0)	(85.0, 373.0)	(86.0, 218.0)	(87.0, 130.5)	(88.0, 83.0)	(89.0, 58.5)	(90.0, 47.0)	(91.0, 31.0)	(92.0, 19.5)	(93.0, 17.5)	(94.0, 16.0)	(95.0, 8.0)	(96.0, 6.0)	(97.0, 6.0)	(98.0, 3.0)	(99.0, 3.0)	(100.0, 2.5)
fastp | SRR30333767_2	(0.0, 105.0)	(1.0, 127.0)	(2.0, 217.0)	(3.0, 320.5)	(4.0, 425.0)	(5.0, 539.0)	(6.0, 609.0)	(7.0, 660.0)	(8.0, 698.5)	(9.0, 733.5)	(10.0, 759.0)	(11.0, 789.0)	(12.0, 861.5)	(13.0, 908.0)	(14.0, 913.5)	(15.0, 1001.5)	(16.0, 1232.0)	(17.0, 1588.5)	(18.0, 2150.0)	(19.0, 3142.5)	(20.0, 4930.0)	(21.0, 7590.5)	(22.0, 11452.0)	(23.0, 16707.0)	(24.0, 23856.5)	(25.0, 33741.5)	(26.0, 48690.0)	(27.0, 70920.0)	(28.0, 97997.5)	(29.0, 135054.5)	(30.0, 184694.0)	(31.0, 248114.0)	(32.0, 323443.5)	(33.0, 403054.5)	(34.0, 483356.0)	(35.0, 568417.5)	(36.0, 669641.5)	(37.0, 770286.0)	(38.0, 849258.5)	(39.0, 920709.5)	(40.0, 981890.5)	(41.0, 1041390.0)	(42.0, 1113692.0)	(43.0, 1180260.0)	(44.0, 1250516.5)	(45.0, 1344093.0)	(46.0, 1424746.5)	(47.0, 1484706.0)	(48.0, 1554927.0)	(49.0, 1620679.0)	(50.0, 1674726.0)	(51.0, 1725166.5)	(52.0, 1763990.0)	(53.0, 1787377.0)	(54.0, 1781998.0)	(55.0, 1748849.0)	(56.0, 1689186.5)	(57.0, 1597651.0)	(58.0, 1486659.0)	(59.0, 1345894.5)	(60.0, 1186777.5)	(61.0, 1032864.0)	(62.0, 880876.0)	(63.0, 724687.5)	(64.0, 581505.5)	(65.0, 462609.5)	(66.0, 365833.0)	(67.0, 290801.5)	(68.0, 228786.0)	(69.0, 179777.0)	(70.0, 141987.5)	(71.0, 111950.0)	(72.0, 90063.5)	(73.0, 70177.0)	(74.0, 53040.5)	(75.0, 40306.5)	(76.0, 30313.0)	(77.0, 22444.0)	(78.0, 15581.5)	(79.0, 10278.5)	(80.0, 6496.5)	(81.0, 4295.0)	(82.0, 2927.0)	(83.0, 1708.5)	(84.0, 935.5)	(85.0, 533.0)	(86.0, 352.0)	(87.0, 243.5)	(88.0, 177.5)	(89.0, 139.0)	(90.0, 113.5)	(91.0, 107.0)	(92.0, 132.5)	(93.0, 153.0)	(94.0, 160.5)	(95.0, 199.0)	(96.0, 248.0)	(97.0, 274.5)	(98.0, 305.5)	(99.0, 360.0)	(100.0, 543.5)
fastp | SRR30333768_1	(0.0, 56.0)	(1.0, 37.5)	(2.0, 22.0)	(3.0, 25.0)	(4.0, 39.5)	(5.0, 44.0)	(6.0, 35.0)	(7.0, 34.5)	(8.0, 36.5)	(9.0, 36.5)	(10.0, 47.0)	(11.0, 84.5)	(12.0, 110.5)	(13.0, 144.5)	(14.0, 236.0)	(15.0, 380.0)	(16.0, 629.0)	(17.0, 1013.0)	(18.0, 1560.5)	(19.0, 2437.5)	(20.0, 3954.5)	(21.0, 6399.5)	(22.0, 9484.0)	(23.0, 13859.0)	(24.0, 20447.5)	(25.0, 29572.5)	(26.0, 40836.0)	(27.0, 56866.0)	(28.0, 79175.5)	(29.0, 112349.5)	(30.0, 156565.0)	(31.0, 205326.0)	(32.0, 270079.0)	(33.0, 352924.5)	(34.0, 448364.5)	(35.0, 542677.0)	(36.0, 654658.0)	(37.0, 775931.0)	(38.0, 863185.5)	(39.0, 935029.0)	(40.0, 996426.0)	(41.0, 1058521.0)	(42.0, 1127633.5)	(43.0, 1197992.5)	(44.0, 1279428.0)	(45.0, 1368126.0)	(46.0, 1439369.5)	(47.0, 1502862.5)	(48.0, 1582188.0)	(49.0, 1651764.5)	(50.0, 1697752.5)	(51.0, 1744735.5)	(52.0, 1789059.5)	(53.0, 1805215.5)	(54.0, 1789203.0)	(55.0, 1756295.5)	(56.0, 1693726.0)	(57.0, 1590253.5)	(58.0, 1472075.0)	(59.0, 1337660.5)	(60.0, 1177691.5)	(61.0, 1004104.5)	(62.0, 836345.0)	(63.0, 688939.5)	(64.0, 550963.0)	(65.0, 418708.0)	(66.0, 315472.5)	(67.0, 244426.5)	(68.0, 188550.5)	(69.0, 143299.0)	(70.0, 110472.5)	(71.0, 84721.5)	(72.0, 69916.5)	(73.0, 57969.5)	(74.0, 41789.5)	(75.0, 30080.0)	(76.0, 24810.0)	(77.0, 19265.5)	(78.0, 11899.0)	(79.0, 6856.5)	(80.0, 4788.0)	(81.0, 3965.5)	(82.0, 3167.5)	(83.0, 1910.5)	(84.0, 935.0)	(85.0, 512.0)	(86.0, 320.5)	(87.0, 211.0)	(88.0, 146.5)	(89.0, 94.0)	(90.0, 65.5)	(91.0, 43.5)	(92.0, 40.0)	(93.0, 39.5)	(94.0, 28.5)	(95.0, 17.0)	(96.0, 10.5)	(97.0, 7.5)	(98.0, 4.5)	(99.0, 2.0)	(100.0, 0.0)
fastp | SRR30333768_2	(0.0, 49.0)	(1.0, 87.0)	(2.0, 194.5)	(3.0, 326.5)	(4.0, 442.5)	(5.0, 547.5)	(6.0, 629.0)	(7.0, 678.0)	(8.0, 708.5)	(9.0, 738.5)	(10.0, 750.5)	(11.0, 749.5)	(12.0, 769.5)	(13.0, 748.5)	(14.0, 769.5)	(15.0, 876.5)	(16.0, 1065.5)	(17.0, 1324.5)	(18.0, 1746.5)	(19.0, 2510.0)	(20.0, 3950.0)	(21.0, 5987.5)	(22.0, 8743.5)	(23.0, 12728.5)	(24.0, 18165.0)	(25.0, 25802.0)	(26.0, 37434.0)	(27.0, 54673.0)	(28.0, 77458.5)	(29.0, 111326.0)	(30.0, 159429.0)	(31.0, 223022.0)	(32.0, 302138.0)	(33.0, 388994.5)	(34.0, 474483.0)	(35.0, 566993.5)	(36.0, 680201.5)	(37.0, 788359.0)	(38.0, 868810.5)	(39.0, 939326.5)	(40.0, 998518.0)	(41.0, 1052765.0)	(42.0, 1119130.0)	(43.0, 1181784.5)	(44.0, 1253251.0)	(45.0, 1349590.5)	(46.0, 1423744.5)	(47.0, 1476874.0)	(48.0, 1545167.5)	(49.0, 1606434.5)	(50.0, 1653532.0)	(51.0, 1702710.5)	(52.0, 1740919.0)	(53.0, 1762305.5)	(54.0, 1756462.5)	(55.0, 1718590.0)	(56.0, 1650994.5)	(57.0, 1556353.5)	(58.0, 1448689.0)	(59.0, 1315598.5)	(60.0, 1159612.0)	(61.0, 1006532.5)	(62.0, 858013.0)	(63.0, 705786.5)	(64.0, 566461.5)	(65.0, 449655.5)	(66.0, 356399.5)	(67.0, 285176.0)	(68.0, 225713.5)	(69.0, 179579.0)	(70.0, 145039.0)	(71.0, 115503.0)	(72.0, 93961.0)	(73.0, 73465.5)	(74.0, 56152.0)	(75.0, 44225.5)	(76.0, 34036.0)	(77.0, 25737.5)	(78.0, 17907.5)	(79.0, 11427.5)	(80.0, 7095.0)	(81.0, 5162.5)	(82.0, 3908.0)	(83.0, 2382.5)	(84.0, 1237.0)	(85.0, 677.5)	(86.0, 436.5)	(87.0, 313.0)	(88.0, 228.0)	(89.0, 171.5)	(90.0, 147.0)	(91.0, 134.0)	(92.0, 144.5)	(93.0, 161.0)	(94.0, 184.0)	(95.0, 205.5)	(96.0, 215.0)	(97.0, 214.0)	(98.0, 220.5)	(99.0, 257.5)	(100.0, 389.5)
qc_bundle_trimmed | SRR30333743_1	(0.0, 64.0)	(1.0, 39.0)	(2.0, 14.5)	(3.0, 10.5)	(4.0, 7.5)	(5.0, 12.5)	(6.0, 14.0)	(7.0, 11.0)	(8.0, 8.0)	(9.0, 5.0)	(10.0, 12.5)	(11.0, 20.0)	(12.0, 22.0)	(13.0, 36.0)	(14.0, 66.5)	(15.0, 119.5)	(16.0, 225.0)	(17.0, 439.5)	(18.0, 755.0)	(19.0, 1255.0)	(20.0, 2098.0)	(21.0, 3524.0)	(22.0, 5508.0)	(23.0, 8285.0)	(24.0, 12163.5)	(25.0, 17137.0)	(26.0, 23257.5)	(27.0, 31461.5)	(28.0, 41196.0)	(29.0, 52757.0)	(30.0, 68217.0)	(31.0, 86415.0)	(32.0, 107773.5)	(33.0, 134006.0)	(34.0, 170784.0)	(35.0, 213610.5)	(36.0, 264110.5)	(37.0, 323000.5)	(38.0, 385374.0)	(39.0, 459336.0)	(40.0, 544503.0)	(41.0, 639545.5)	(42.0, 758806.5)	(43.0, 910667.5)	(44.0, 1082980.5)	(45.0, 1273263.0)	(46.0, 1455251.5)	(47.0, 1626179.5)	(48.0, 1809066.5)	(49.0, 1977532.5)	(50.0, 2125973.0)	(51.0, 2285338.0)	(52.0, 2441725.5)	(53.0, 2549487.5)	(54.0, 2604364.5)	(55.0, 2629922.0)	(56.0, 2596903.5)	(57.0, 2496207.0)	(58.0, 2360384.0)	(59.0, 2180720.0)	(60.0, 1954239.5)	(61.0, 1704790.5)	(62.0, 1455212.5)	(63.0, 1219171.5)	(64.0, 991234.5)	(65.0, 778678.0)	(66.0, 609163.0)	(67.0, 488504.0)	(68.0, 395337.5)	(69.0, 320425.0)	(70.0, 265128.5)	(71.0, 221244.5)	(72.0, 191970.5)	(73.0, 165377.0)	(74.0, 134918.0)	(75.0, 111710.0)	(76.0, 95253.5)	(77.0, 74246.5)	(78.0, 50001.0)	(79.0, 33671.5)	(80.0, 24795.5)	(81.0, 18981.0)	(82.0, 13386.5)	(83.0, 7044.5)	(84.0, 2994.0)	(85.0, 1551.0)	(86.0, 669.0)	(87.0, 293.5)	(88.0, 238.0)	(89.0, 224.0)	(90.0, 237.0)	(91.0, 236.0)	(92.0, 225.0)	(93.0, 209.5)	(94.0, 220.5)	(95.0, 232.5)	(96.0, 253.0)	(97.0, 366.5)	(98.0, 678.0)	(99.0, 594.0)	(100.0, 157.0)
qc_bundle_trimmed | SRR30333743_2	(0.0, 535.0)	(1.0, 298.0)	(2.0, 43.5)	(3.0, 28.0)	(4.0, 22.5)	(5.0, 17.5)	(6.0, 17.0)	(7.0, 10.5)	(8.0, 13.0)	(9.0, 18.0)	(10.0, 16.0)	(11.0, 21.0)	(12.0, 30.5)	(13.0, 43.0)	(14.0, 64.0)	(15.0, 97.5)	(16.0, 191.0)	(17.0, 296.0)	(18.0, 462.0)	(19.0, 828.0)	(20.0, 1500.0)	(21.0, 2469.0)	(22.0, 3970.0)	(23.0, 5784.0)	(24.0, 7883.5)	(25.0, 10594.5)	(26.0, 14634.5)	(27.0, 20288.0)	(28.0, 26247.5)	(29.0, 34034.0)	(30.0, 45335.5)	(31.0, 60342.0)	(32.0, 79314.0)	(33.0, 101088.0)	(34.0, 126676.5)	(35.0, 160322.5)	(36.0, 205688.5)	(37.0, 263862.0)	(38.0, 339467.0)	(39.0, 436011.5)	(40.0, 542122.0)	(41.0, 661891.5)	(42.0, 806738.0)	(43.0, 958527.0)	(44.0, 1122656.0)	(45.0, 1312449.5)	(46.0, 1483595.0)	(47.0, 1633303.0)	(48.0, 1793531.5)	(49.0, 1946550.5)	(50.0, 2089725.0)	(51.0, 2238117.5)	(52.0, 2371440.5)	(53.0, 2479525.5)	(54.0, 2540883.0)	(55.0, 2546486.0)	(56.0, 2501926.0)	(57.0, 2407847.0)	(58.0, 2275863.5)	(59.0, 2094609.5)	(60.0, 1877394.0)	(61.0, 1658818.0)	(62.0, 1435811.0)	(63.0, 1198133.0)	(64.0, 976724.5)	(65.0, 793162.0)	(66.0, 650292.0)	(67.0, 534674.5)	(68.0, 436448.0)	(69.0, 363442.5)	(70.0, 305696.5)	(71.0, 257407.0)	(72.0, 224064.5)	(73.0, 193253.5)	(74.0, 165223.5)	(75.0, 142962.0)	(76.0, 121231.5)	(77.0, 102774.5)	(78.0, 81908.0)	(79.0, 59734.5)	(80.0, 44273.0)	(81.0, 36624.5)	(82.0, 29918.5)	(83.0, 21151.0)	(84.0, 15299.0)	(85.0, 12748.5)	(86.0, 11696.0)	(87.0, 11013.0)	(88.0, 10579.5)	(89.0, 10194.0)	(90.0, 9936.0)	(91.0, 9527.0)	(92.0, 8945.5)	(93.0, 8571.0)	(94.0, 8242.5)	(95.0, 8140.0)	(96.0, 8768.5)	(97.0, 12352.5)	(98.0, 23339.0)	(99.0, 51808.0)	(100.0, 221812.0)
qc_bundle_trimmed | SRR30333744_1	(0.0, 20.0)	(1.0, 17.0)	(2.0, 9.0)	(3.0, 5.5)	(4.0, 5.5)	(5.0, 4.0)	(6.0, 6.5)	(7.0, 6.0)	(8.0, 4.5)	(9.0, 7.0)	(10.0, 7.0)	(11.0, 11.5)	(12.0, 20.0)	(13.0, 29.5)	(14.0, 55.0)	(15.0, 83.0)	(16.0, 148.0)	(17.0, 296.0)	(18.0, 516.5)	(19.0, 827.5)	(20.0, 1348.0)	(21.0, 2264.0)	(22.0, 3538.5)	(23.0, 5423.5)	(24.0, 7956.5)	(25.0, 11276.5)	(26.0, 15402.5)	(27.0, 20621.5)	(28.0, 26971.0)	(29.0, 34412.0)	(30.0, 44502.5)	(31.0, 57007.5)	(32.0, 71641.5)	(33.0, 90124.5)	(34.0, 115543.0)	(35.0, 146965.0)	(36.0, 187439.0)	(37.0, 238521.5)	(38.0, 301434.0)	(39.0, 381643.5)	(40.0, 474484.0)	(41.0, 582882.5)	(42.0, 712693.5)	(43.0, 863611.5)	(44.0, 1028112.0)	(45.0, 1203234.0)	(46.0, 1369505.5)	(47.0, 1525010.5)	(48.0, 1686058.0)	(49.0, 1836725.0)	(50.0, 1972101.5)	(51.0, 2110177.0)	(52.0, 2247689.5)	(53.0, 2344184.5)	(54.0, 2389484.0)	(55.0, 2408580.0)	(56.0, 2377102.0)	(57.0, 2283195.0)	(58.0, 2152836.0)	(59.0, 1986042.5)	(60.0, 1776666.0)	(61.0, 1545746.5)	(62.0, 1316913.0)	(63.0, 1100871.0)	(64.0, 893922.0)	(65.0, 697641.5)	(66.0, 540665.5)	(67.0, 427405.0)	(68.0, 338826.5)	(69.0, 268495.5)	(70.0, 215408.0)	(71.0, 173913.5)	(72.0, 147591.5)	(73.0, 124202.5)	(74.0, 97133.5)	(75.0, 77103.0)	(76.0, 64170.5)	(77.0, 49593.0)	(78.0, 32985.0)	(79.0, 21794.5)	(80.0, 15789.5)	(81.0, 12146.5)	(82.0, 8507.0)	(83.0, 4245.5)	(84.0, 1839.0)	(85.0, 1051.0)	(86.0, 517.0)	(87.0, 288.5)	(88.0, 256.5)	(89.0, 255.5)	(90.0, 251.0)	(91.0, 256.5)	(92.0, 259.0)	(93.0, 246.0)	(94.0, 226.0)	(95.0, 209.5)	(96.0, 202.5)	(97.0, 255.5)	(98.0, 367.5)	(99.0, 312.0)	(100.0, 117.5)
qc_bundle_trimmed | SRR30333744_2	(0.0, 204.0)	(1.0, 112.0)	(2.0, 15.5)	(3.0, 10.0)	(4.0, 10.0)	(5.0, 9.5)	(6.0, 8.5)	(7.0, 10.0)	(8.0, 9.5)	(9.0, 7.5)	(10.0, 12.5)	(11.0, 18.0)	(12.0, 20.0)	(13.0, 25.0)	(14.0, 42.5)	(15.0, 75.0)	(16.0, 124.0)	(17.0, 195.0)	(18.0, 296.0)	(19.0, 492.0)	(20.0, 958.5)	(21.0, 1632.5)	(22.0, 2613.5)	(23.0, 3728.5)	(24.0, 5047.0)	(25.0, 6982.0)	(26.0, 9629.5)	(27.0, 13278.0)	(28.0, 17423.0)	(29.0, 22760.5)	(30.0, 30551.5)	(31.0, 40532.5)	(32.0, 53126.0)	(33.0, 69264.0)	(34.0, 90431.5)	(35.0, 118989.0)	(36.0, 159032.5)	(37.0, 213878.0)	(38.0, 289785.0)	(39.0, 387586.5)	(40.0, 494740.5)	(41.0, 614145.5)	(42.0, 753913.0)	(43.0, 897064.0)	(44.0, 1042482.0)	(45.0, 1205599.0)	(46.0, 1358802.0)	(47.0, 1492351.5)	(48.0, 1634811.5)	(49.0, 1774140.0)	(50.0, 1902335.5)	(51.0, 2033625.5)	(52.0, 2149650.0)	(53.0, 2242444.5)	(54.0, 2295851.5)	(55.0, 2304888.5)	(56.0, 2271980.0)	(57.0, 2187398.0)	(58.0, 2065579.0)	(59.0, 1898457.5)	(60.0, 1699565.5)	(61.0, 1503828.0)	(62.0, 1302967.5)	(63.0, 1085836.0)	(64.0, 884159.0)	(65.0, 716808.0)	(66.0, 584340.5)	(67.0, 478721.0)	(68.0, 387983.5)	(69.0, 318828.5)	(70.0, 266854.0)	(71.0, 225398.0)	(72.0, 194828.5)	(73.0, 166393.0)	(74.0, 140246.5)	(75.0, 119144.5)	(76.0, 99979.0)	(77.0, 83453.0)	(78.0, 66162.5)	(79.0, 49663.0)	(80.0, 37702.5)	(81.0, 31051.0)	(82.0, 25962.0)	(83.0, 20056.5)	(84.0, 16018.5)	(85.0, 13974.5)	(86.0, 13076.5)	(87.0, 12483.0)	(88.0, 12016.5)	(89.0, 11574.5)	(90.0, 11187.5)	(91.0, 10715.5)	(92.0, 10091.0)	(93.0, 9679.5)	(94.0, 9239.0)	(95.0, 9045.0)	(96.0, 9815.0)	(97.0, 13735.0)	(98.0, 25781.0)	(99.0, 55915.0)	(100.0, 211889.0)
qc_bundle_trimmed | SRR30333745_1	(0.0, 56.0)	(1.0, 35.0)	(2.0, 16.5)	(3.0, 14.0)	(4.0, 12.0)	(5.0, 13.0)	(6.0, 9.0)	(7.0, 10.0)	(8.0, 12.0)	(9.0, 14.5)	(10.0, 16.5)	(11.0, 17.0)	(12.0, 25.0)	(13.0, 37.0)	(14.0, 56.5)	(15.0, 92.5)	(16.0, 169.5)	(17.0, 339.5)	(18.0, 569.0)	(19.0, 933.0)	(20.0, 1580.0)	(21.0, 2625.0)	(22.0, 4057.5)	(23.0, 6207.5)	(24.0, 9194.0)	(25.0, 12971.0)	(26.0, 17507.5)	(27.0, 23907.5)	(28.0, 31764.0)	(29.0, 40788.5)	(30.0, 52903.5)	(31.0, 67102.0)	(32.0, 84340.0)	(33.0, 105973.0)	(34.0, 134907.5)	(35.0, 170152.5)	(36.0, 213548.0)	(37.0, 265449.5)	(38.0, 323972.5)	(39.0, 396816.5)	(40.0, 482823.5)	(41.0, 582113.0)	(42.0, 704571.0)	(43.0, 856739.0)	(44.0, 1030573.5)	(45.0, 1217095.0)	(46.0, 1393796.5)	(47.0, 1563461.5)	(48.0, 1742194.5)	(49.0, 1906731.5)	(50.0, 2050135.5)	(51.0, 2201002.0)	(52.0, 2354798.5)	(53.0, 2465350.5)	(54.0, 2521970.5)	(55.0, 2548014.5)	(56.0, 2519610.0)	(57.0, 2423133.5)	(58.0, 2285855.0)	(59.0, 2111529.5)	(60.0, 1894099.0)	(61.0, 1652999.0)	(62.0, 1411789.0)	(63.0, 1182906.0)	(64.0, 961392.5)	(65.0, 753388.5)	(66.0, 588131.5)	(67.0, 469238.0)	(68.0, 376507.5)	(69.0, 301217.5)	(70.0, 245854.0)	(71.0, 202765.0)	(72.0, 174860.5)	(73.0, 149856.0)	(74.0, 120258.0)	(75.0, 97885.0)	(76.0, 84824.5)	(77.0, 67494.5)	(78.0, 45008.5)	(79.0, 30339.5)	(80.0, 23377.5)	(81.0, 18736.5)	(82.0, 13807.0)	(83.0, 7542.0)	(84.0, 3366.0)	(85.0, 1876.5)	(86.0, 831.5)	(87.0, 343.0)	(88.0, 249.5)	(89.0, 234.5)	(90.0, 241.0)	(91.0, 243.0)	(92.0, 235.5)	(93.0, 228.5)	(94.0, 208.0)	(95.0, 197.5)	(96.0, 203.5)	(97.0, 218.5)	(98.0, 316.5)	(99.0, 298.0)	(100.0, 116.0)
qc_bundle_trimmed | SRR30333745_2	(0.0, 389.0)	(1.0, 223.5)	(2.0, 38.5)	(3.0, 16.5)	(4.0, 14.5)	(5.0, 13.5)	(6.0, 14.5)	(7.0, 11.5)	(8.0, 10.0)	(9.0, 15.5)	(10.0, 18.5)	(11.0, 17.5)	(12.0, 24.0)	(13.0, 38.0)	(14.0, 45.0)	(15.0, 71.5)	(16.0, 130.5)	(17.0, 209.5)	(18.0, 342.5)	(19.0, 606.5)	(20.0, 1139.5)	(21.0, 1923.0)	(22.0, 3035.5)	(23.0, 4400.0)	(24.0, 6005.0)	(25.0, 8145.0)	(26.0, 11392.5)	(27.0, 15881.0)	(28.0, 20620.5)	(29.0, 26669.0)	(30.0, 35529.5)	(31.0, 47333.0)	(32.0, 62060.0)	(33.0, 80022.0)	(34.0, 102694.0)	(35.0, 131517.0)	(36.0, 171177.0)	(37.0, 224737.0)	(38.0, 296084.0)	(39.0, 388252.0)	(40.0, 491467.0)	(41.0, 609298.5)	(42.0, 750366.0)	(43.0, 898950.0)	(44.0, 1056680.0)	(45.0, 1235890.0)	(46.0, 1404133.0)	(47.0, 1551338.0)	(48.0, 1704687.5)	(49.0, 1854233.0)	(50.0, 1992700.0)	(51.0, 2135022.0)	(52.0, 2265227.0)	(53.0, 2375496.5)	(54.0, 2437446.0)	(55.0, 2443221.5)	(56.0, 2409032.0)	(57.0, 2320666.5)	(58.0, 2191472.5)	(59.0, 2018114.5)	(60.0, 1808960.5)	(61.0, 1601610.5)	(62.0, 1387902.0)	(63.0, 1158035.5)	(64.0, 944849.5)	(65.0, 768594.5)	(66.0, 630345.0)	(67.0, 517728.0)	(68.0, 421189.5)	(69.0, 348772.0)	(70.0, 296460.5)	(71.0, 252684.0)	(72.0, 219684.0)	(73.0, 189616.5)	(74.0, 162665.0)	(75.0, 142028.5)	(76.0, 121710.5)	(77.0, 104165.0)	(78.0, 84261.5)	(79.0, 62937.5)	(80.0, 48023.0)	(81.0, 40634.5)	(82.0, 34001.0)	(83.0, 25266.5)	(84.0, 19016.5)	(85.0, 16006.5)	(86.0, 14584.5)	(87.0, 13761.5)	(88.0, 13096.0)	(89.0, 12359.5)	(90.0, 11977.0)	(91.0, 11654.0)	(92.0, 10978.5)	(93.0, 10240.5)	(94.0, 9782.0)	(95.0, 9599.0)	(96.0, 10118.0)	(97.0, 13927.5)	(98.0, 25756.0)	(99.0, 55644.0)	(100.0, 217574.5)
qc_bundle_trimmed | SRR30333746_1	(0.0, 33.0)	(1.0, 25.0)	(2.0, 13.5)	(3.0, 7.0)	(4.0, 4.5)	(5.0, 4.5)	(6.0, 6.0)	(7.0, 5.5)	(8.0, 3.5)	(9.0, 5.5)	(10.0, 8.0)	(11.0, 9.5)	(12.0, 9.5)	(13.0, 25.5)	(14.0, 41.5)	(15.0, 59.5)	(16.0, 122.5)	(17.0, 255.5)	(18.0, 449.5)	(19.0, 713.5)	(20.0, 1165.5)	(21.0, 1978.0)	(22.0, 3083.0)	(23.0, 4704.5)	(24.0, 7028.0)	(25.0, 9861.5)	(26.0, 13313.0)	(27.0, 18172.5)	(28.0, 24014.0)	(29.0, 30650.5)	(30.0, 39469.0)	(31.0, 50252.0)	(32.0, 63308.0)	(33.0, 80107.0)	(34.0, 102860.0)	(35.0, 131388.5)	(36.0, 169415.0)	(37.0, 218139.5)	(38.0, 278018.5)	(39.0, 354206.5)	(40.0, 444243.0)	(41.0, 549272.5)	(42.0, 675351.0)	(43.0, 822092.5)	(44.0, 977432.0)	(45.0, 1139082.0)	(46.0, 1296391.5)	(47.0, 1444440.5)	(48.0, 1595110.0)	(49.0, 1735418.0)	(50.0, 1855988.0)	(51.0, 1981544.5)	(52.0, 2106153.5)	(53.0, 2189972.0)	(54.0, 2229946.5)	(55.0, 2246157.0)	(56.0, 2212280.0)	(57.0, 2118537.5)	(58.0, 1994230.5)	(59.0, 1836366.0)	(60.0, 1638926.5)	(61.0, 1421987.5)	(62.0, 1205228.0)	(63.0, 1004075.0)	(64.0, 813619.5)	(65.0, 633056.5)	(66.0, 491106.5)	(67.0, 391369.0)	(68.0, 312391.0)	(69.0, 247633.0)	(70.0, 200571.5)	(71.0, 163573.5)	(72.0, 140961.5)	(73.0, 121148.0)	(74.0, 94213.5)	(75.0, 73557.0)	(76.0, 62185.5)	(77.0, 48492.5)	(78.0, 31290.5)	(79.0, 20109.0)	(80.0, 15348.5)	(81.0, 12483.5)	(82.0, 9149.0)	(83.0, 4793.0)	(84.0, 1922.0)	(85.0, 976.0)	(86.0, 441.5)	(87.0, 212.5)	(88.0, 178.0)	(89.0, 169.0)	(90.0, 168.0)	(91.0, 166.0)	(92.0, 154.5)	(93.0, 162.0)	(94.0, 154.0)	(95.0, 132.5)	(96.0, 146.0)	(97.0, 172.5)	(98.0, 257.5)	(99.0, 276.0)	(100.0, 129.5)
qc_bundle_trimmed | SRR30333746_2	(0.0, 255.0)	(1.0, 146.5)	(2.0, 26.0)	(3.0, 13.5)	(4.0, 9.5)	(5.0, 5.5)	(6.0, 6.5)	(7.0, 8.0)	(8.0, 9.5)	(9.0, 9.0)	(10.0, 8.0)	(11.0, 12.0)	(12.0, 15.0)	(13.0, 18.0)	(14.0, 38.0)	(15.0, 61.5)	(16.0, 102.5)	(17.0, 163.5)	(18.0, 266.5)	(19.0, 448.0)	(20.0, 829.5)	(21.0, 1416.0)	(22.0, 2289.0)	(23.0, 3324.5)	(24.0, 4617.5)	(25.0, 6333.0)	(26.0, 8914.0)	(27.0, 12401.0)	(28.0, 16193.5)	(29.0, 21165.0)	(30.0, 28166.0)	(31.0, 37075.5)	(32.0, 48861.0)	(33.0, 64115.5)	(34.0, 84393.0)	(35.0, 111676.5)	(36.0, 149904.0)	(37.0, 203016.5)	(38.0, 275904.0)	(39.0, 368990.5)	(40.0, 471570.0)	(41.0, 585559.0)	(42.0, 719251.0)	(43.0, 857648.5)	(44.0, 997706.5)	(45.0, 1151855.5)	(46.0, 1297132.0)	(47.0, 1425312.5)	(48.0, 1558741.5)	(49.0, 1687571.0)	(50.0, 1805088.0)	(51.0, 1925578.5)	(52.0, 2030546.0)	(53.0, 2111531.5)	(54.0, 2155779.0)	(55.0, 2154539.5)	(56.0, 2115680.0)	(57.0, 2032931.0)	(58.0, 1914669.5)	(59.0, 1755368.0)	(60.0, 1567944.0)	(61.0, 1385375.0)	(62.0, 1197060.0)	(63.0, 993387.0)	(64.0, 807899.5)	(65.0, 656057.0)	(66.0, 535308.5)	(67.0, 438978.0)	(68.0, 355663.5)	(69.0, 293394.0)	(70.0, 247806.0)	(71.0, 207945.5)	(72.0, 177914.0)	(73.0, 150423.0)	(74.0, 125464.5)	(75.0, 106493.5)	(76.0, 89238.0)	(77.0, 74171.5)	(78.0, 57484.5)	(79.0, 41049.5)	(80.0, 30264.0)	(81.0, 25483.0)	(82.0, 20977.0)	(83.0, 14726.0)	(84.0, 10473.0)	(85.0, 8728.0)	(86.0, 8021.0)	(87.0, 7585.0)	(88.0, 7279.5)	(89.0, 6915.5)	(90.0, 6606.0)	(91.0, 6387.0)	(92.0, 6154.0)	(93.0, 5886.5)	(94.0, 5714.5)	(95.0, 5675.0)	(96.0, 6218.0)	(97.0, 8986.5)	(98.0, 16823.0)	(99.0, 36765.0)	(100.0, 140866.5)
qc_bundle_trimmed | SRR30333747_1	(0.0, 9.0)	(1.0, 8.5)	(2.0, 5.0)	(3.0, 1.0)	(4.0, 0.5)	(5.0, 3.0)	(6.0, 5.5)	(7.0, 4.5)	(8.0, 2.5)	(9.0, 3.0)	(10.0, 6.0)	(11.0, 10.0)	(12.0, 18.0)	(13.0, 26.0)	(14.0, 49.5)	(15.0, 84.0)	(16.0, 142.5)	(17.0, 288.0)	(18.0, 522.0)	(19.0, 868.5)	(20.0, 1415.5)	(21.0, 2322.5)	(22.0, 3539.0)	(23.0, 5383.0)	(24.0, 7967.5)	(25.0, 11428.0)	(26.0, 15467.5)	(27.0, 20626.0)	(28.0, 27295.5)	(29.0, 35189.5)	(30.0, 45691.0)	(31.0, 59943.5)	(32.0, 77948.5)	(33.0, 102373.0)	(34.0, 137143.0)	(35.0, 182811.0)	(36.0, 247234.0)	(37.0, 330233.5)	(38.0, 427578.0)	(39.0, 538636.5)	(40.0, 658814.5)	(41.0, 784256.5)	(42.0, 917629.0)	(43.0, 1058997.0)	(44.0, 1193465.5)	(45.0, 1334410.5)	(46.0, 1472548.5)	(47.0, 1594118.5)	(48.0, 1713959.0)	(49.0, 1819698.5)	(50.0, 1901764.0)	(51.0, 1976082.5)	(52.0, 2042679.0)	(53.0, 2076232.5)	(54.0, 2064162.0)	(55.0, 2024786.5)	(56.0, 1951844.0)	(57.0, 1837116.0)	(58.0, 1704894.0)	(59.0, 1549129.0)	(60.0, 1364621.5)	(61.0, 1170275.0)	(62.0, 977538.0)	(63.0, 796231.5)	(64.0, 632084.0)	(65.0, 486168.5)	(66.0, 373961.0)	(67.0, 295654.5)	(68.0, 232022.0)	(69.0, 180411.5)	(70.0, 142314.0)	(71.0, 112234.5)	(72.0, 94064.5)	(73.0, 78922.5)	(74.0, 60848.0)	(75.0, 47787.5)	(76.0, 39314.5)	(77.0, 29865.5)	(78.0, 19755.5)	(79.0, 13143.0)	(80.0, 9616.0)	(81.0, 7332.0)	(82.0, 4997.0)	(83.0, 2719.5)	(84.0, 1378.5)	(85.0, 790.5)	(86.0, 459.0)	(87.0, 307.0)	(88.0, 268.0)	(89.0, 240.0)	(90.0, 242.5)	(91.0, 249.0)	(92.0, 243.0)	(93.0, 232.0)	(94.0, 212.0)	(95.0, 194.0)	(96.0, 213.5)	(97.0, 253.0)	(98.0, 355.0)	(99.0, 338.0)	(100.0, 131.5)
qc_bundle_trimmed | SRR30333747_2	(0.0, 103.0)	(1.0, 57.0)	(2.0, 9.0)	(3.0, 5.5)	(4.0, 3.5)	(5.0, 3.0)	(6.0, 5.5)	(7.0, 6.0)	(8.0, 8.0)	(9.0, 13.0)	(10.0, 11.0)	(11.0, 11.0)	(12.0, 16.0)	(13.0, 24.0)	(14.0, 39.5)	(15.0, 57.5)	(16.0, 105.0)	(17.0, 184.5)	(18.0, 295.0)	(19.0, 480.5)	(20.0, 863.0)	(21.0, 1498.0)	(22.0, 2406.5)	(23.0, 3621.0)	(24.0, 4964.5)	(25.0, 6843.5)	(26.0, 9643.5)	(27.0, 13606.5)	(28.0, 18458.0)	(29.0, 24568.5)	(30.0, 33685.0)	(31.0, 46553.5)	(32.0, 65048.5)	(33.0, 90754.5)	(34.0, 127402.5)	(35.0, 177875.5)	(36.0, 247219.0)	(37.0, 334761.5)	(38.0, 435351.0)	(39.0, 551539.5)	(40.0, 673040.5)	(41.0, 795608.0)	(42.0, 923589.5)	(43.0, 1046715.0)	(44.0, 1167374.0)	(45.0, 1300918.0)	(46.0, 1426618.5)	(47.0, 1529055.0)	(48.0, 1632115.0)	(49.0, 1728242.0)	(50.0, 1810673.5)	(51.0, 1887273.5)	(52.0, 1947057.5)	(53.0, 1982524.5)	(54.0, 1979138.0)	(55.0, 1943028.0)	(56.0, 1876137.5)	(57.0, 1772411.0)	(58.0, 1646603.5)	(59.0, 1491476.0)	(60.0, 1318170.5)	(61.0, 1152951.0)	(62.0, 984772.5)	(63.0, 811062.0)	(64.0, 655003.5)	(65.0, 525006.5)	(66.0, 424054.5)	(67.0, 346579.5)	(68.0, 280929.5)	(69.0, 230570.0)	(70.0, 192076.5)	(71.0, 159755.5)	(72.0, 135728.0)	(73.0, 115053.0)	(74.0, 96858.0)	(75.0, 82995.0)	(76.0, 70125.0)	(77.0, 57919.5)	(78.0, 45991.0)	(79.0, 35795.0)	(80.0, 28521.5)	(81.0, 24147.5)	(82.0, 20585.0)	(83.0, 16701.0)	(84.0, 14031.0)	(85.0, 12592.5)	(86.0, 11678.0)	(87.0, 11121.0)	(88.0, 10800.5)	(89.0, 10355.0)	(90.0, 9957.5)	(91.0, 9560.5)	(92.0, 9095.5)	(93.0, 8597.5)	(94.0, 8253.5)	(95.0, 8126.5)	(96.0, 8855.0)	(97.0, 12782.0)	(98.0, 24072.0)	(99.0, 52394.0)	(100.0, 190945.5)
qc_bundle_trimmed | SRR30333748_1	(0.0, 16.0)	(1.0, 10.5)	(2.0, 5.0)	(3.0, 3.5)	(4.0, 4.5)	(5.0, 4.0)	(6.0, 3.0)	(7.0, 4.5)	(8.0, 5.5)	(9.0, 7.0)	(10.0, 7.0)	(11.0, 18.0)	(12.0, 32.0)	(13.0, 43.5)	(14.0, 73.5)	(15.0, 133.5)	(16.0, 267.0)	(17.0, 548.0)	(18.0, 935.0)	(19.0, 1510.5)	(20.0, 2398.5)	(21.0, 3953.0)	(22.0, 6178.0)	(23.0, 9220.0)	(24.0, 13404.0)	(25.0, 18863.5)	(26.0, 25213.5)	(27.0, 33486.5)	(28.0, 43775.5)	(29.0, 55966.0)	(30.0, 71891.5)	(31.0, 92368.5)	(32.0, 117596.5)	(33.0, 150965.0)	(34.0, 198446.5)	(35.0, 259631.0)	(36.0, 345739.0)	(37.0, 459520.0)	(38.0, 598005.5)	(39.0, 757800.0)	(40.0, 933748.0)	(41.0, 1125183.0)	(42.0, 1332089.5)	(43.0, 1553646.5)	(44.0, 1770180.5)	(45.0, 1996504.5)	(46.0, 2217206.5)	(47.0, 2415623.5)	(48.0, 2625065.0)	(49.0, 2817198.0)	(50.0, 2965010.5)	(51.0, 3105637.5)	(52.0, 3243165.5)	(53.0, 3327061.5)	(54.0, 3338956.0)	(55.0, 3312632.0)	(56.0, 3221794.5)	(57.0, 3056009.5)	(58.0, 2868018.0)	(59.0, 2635677.0)	(60.0, 2342326.0)	(61.0, 2022121.5)	(62.0, 1698317.0)	(63.0, 1389385.5)	(64.0, 1109987.0)	(65.0, 859701.0)	(66.0, 659529.0)	(67.0, 517479.5)	(68.0, 401153.0)	(69.0, 306663.0)	(70.0, 235048.0)	(71.0, 177856.5)	(72.0, 142011.0)	(73.0, 114582.5)	(74.0, 85880.5)	(75.0, 64675.5)	(76.0, 50095.0)	(77.0, 36627.5)	(78.0, 23589.5)	(79.0, 14355.5)	(80.0, 9516.0)	(81.0, 6935.5)	(82.0, 4560.0)	(83.0, 2283.5)	(84.0, 1060.5)	(85.0, 644.0)	(86.0, 419.0)	(87.0, 340.5)	(88.0, 321.0)	(89.0, 305.0)	(90.0, 301.5)	(91.0, 301.5)	(92.0, 295.0)	(93.0, 290.0)	(94.0, 269.0)	(95.0, 249.0)	(96.0, 243.0)	(97.0, 294.0)	(98.0, 484.0)	(99.0, 474.0)	(100.0, 189.0)
qc_bundle_trimmed | SRR30333748_2	(0.0, 146.0)	(1.0, 82.5)	(2.0, 13.5)	(3.0, 6.5)	(4.0, 5.5)	(5.0, 8.5)	(6.0, 11.0)	(7.0, 12.0)	(8.0, 15.5)	(9.0, 14.0)	(10.0, 15.5)	(11.0, 22.5)	(12.0, 29.5)	(13.0, 34.5)	(14.0, 67.5)	(15.0, 119.5)	(16.0, 178.0)	(17.0, 290.0)	(18.0, 521.5)	(19.0, 837.0)	(20.0, 1466.5)	(21.0, 2479.0)	(22.0, 3938.0)	(23.0, 5778.5)	(24.0, 8149.0)	(25.0, 11407.0)	(26.0, 15530.0)	(27.0, 21484.0)	(28.0, 28764.5)	(29.0, 37824.0)	(30.0, 50614.5)	(31.0, 68937.5)	(32.0, 95172.0)	(33.0, 129480.0)	(34.0, 177853.5)	(35.0, 245055.0)	(36.0, 339953.0)	(37.0, 462920.0)	(38.0, 609483.5)	(39.0, 781359.0)	(40.0, 963909.0)	(41.0, 1155902.0)	(42.0, 1361629.0)	(43.0, 1559558.5)	(44.0, 1752582.5)	(45.0, 1966768.5)	(46.0, 2169123.5)	(47.0, 2339355.5)	(48.0, 2516559.5)	(49.0, 2686230.0)	(50.0, 2831848.5)	(51.0, 2972519.5)	(52.0, 3098834.5)	(53.0, 3187177.0)	(54.0, 3209773.5)	(55.0, 3177361.0)	(56.0, 3092937.0)	(57.0, 2945002.5)	(58.0, 2756733.0)	(59.0, 2518955.5)	(60.0, 2243270.0)	(61.0, 1978561.5)	(62.0, 1704803.0)	(63.0, 1409238.0)	(64.0, 1141625.0)	(65.0, 917633.5)	(66.0, 741938.0)	(67.0, 603680.0)	(68.0, 483121.0)	(69.0, 390705.0)	(70.0, 318370.0)	(71.0, 258780.0)	(72.0, 214469.0)	(73.0, 176315.5)	(74.0, 144429.0)	(75.0, 120537.0)	(76.0, 98279.5)	(77.0, 78005.5)	(78.0, 60110.0)	(79.0, 45806.5)	(80.0, 36098.0)	(81.0, 30212.0)	(82.0, 26162.5)	(83.0, 22363.0)	(84.0, 19674.5)	(85.0, 18141.0)	(86.0, 17337.0)	(87.0, 16708.5)	(88.0, 16160.5)	(89.0, 15536.0)	(90.0, 14978.5)	(91.0, 14360.0)	(92.0, 13801.0)	(93.0, 13348.0)	(94.0, 12711.5)	(95.0, 12561.0)	(96.0, 13616.0)	(97.0, 19060.0)	(98.0, 35368.5)	(99.0, 75788.0)	(100.0, 262728.0)
qc_bundle_trimmed | SRR30333749_1	(0.0, 141.0)	(1.0, 98.0)	(2.0, 54.5)	(3.0, 41.5)	(4.0, 36.5)	(5.0, 33.5)	(6.0, 31.5)	(7.0, 34.5)	(8.0, 28.5)	(9.0, 24.5)	(10.0, 22.5)	(11.0, 29.0)	(12.0, 46.5)	(13.0, 98.0)	(14.0, 194.5)	(15.0, 332.0)	(16.0, 592.5)	(17.0, 1099.5)	(18.0, 1778.5)	(19.0, 2873.0)	(20.0, 4665.0)	(21.0, 7621.5)	(22.0, 11804.0)	(23.0, 17764.5)	(24.0, 25682.5)	(25.0, 35970.5)	(26.0, 47887.0)	(27.0, 64186.5)	(28.0, 83741.5)	(29.0, 105076.0)	(30.0, 133798.0)	(31.0, 168828.0)	(32.0, 207060.0)	(33.0, 252933.0)	(34.0, 311869.0)	(35.0, 376782.0)	(36.0, 454878.0)	(37.0, 545475.0)	(38.0, 638479.5)	(39.0, 743181.0)	(40.0, 855680.0)	(41.0, 974297.0)	(42.0, 1109111.0)	(43.0, 1266642.5)	(44.0, 1432518.0)	(45.0, 1603089.0)	(46.0, 1778072.5)	(47.0, 1933823.5)	(48.0, 2084239.0)	(49.0, 2220079.5)	(50.0, 2315647.0)	(51.0, 2402796.0)	(52.0, 2489178.5)	(53.0, 2539840.0)	(54.0, 2541254.0)	(55.0, 2513411.5)	(56.0, 2438319.0)	(57.0, 2311958.5)	(58.0, 2169373.5)	(59.0, 2000392.5)	(60.0, 1789445.0)	(61.0, 1553105.0)	(62.0, 1312691.5)	(63.0, 1084606.0)	(64.0, 876826.5)	(65.0, 689943.5)	(66.0, 542335.5)	(67.0, 439797.5)	(68.0, 354778.5)	(69.0, 285020.0)	(70.0, 232963.0)	(71.0, 189338.0)	(72.0, 164335.0)	(73.0, 143411.5)	(74.0, 117154.0)	(75.0, 98292.5)	(76.0, 85245.0)	(77.0, 67946.5)	(78.0, 47056.0)	(79.0, 32603.5)	(80.0, 24484.0)	(81.0, 18767.5)	(82.0, 13301.5)	(83.0, 7572.0)	(84.0, 4092.5)	(85.0, 2449.5)	(86.0, 1239.0)	(87.0, 734.0)	(88.0, 672.0)	(89.0, 641.5)	(90.0, 621.5)	(91.0, 649.0)	(92.0, 726.0)	(93.0, 786.0)	(94.0, 809.0)	(95.0, 835.5)	(96.0, 864.5)	(97.0, 945.5)	(98.0, 1149.0)	(99.0, 906.0)	(100.0, 345.0)
qc_bundle_trimmed | SRR30333749_2	(0.0, 1845.0)	(1.0, 1004.5)	(2.0, 118.5)	(3.0, 65.5)	(4.0, 53.0)	(5.0, 34.0)	(6.0, 27.0)	(7.0, 35.0)	(8.0, 47.0)	(9.0, 51.0)	(10.0, 53.5)	(11.0, 66.5)	(12.0, 84.0)	(13.0, 122.0)	(14.0, 167.0)	(15.0, 262.0)	(16.0, 405.5)	(17.0, 645.0)	(18.0, 1081.5)	(19.0, 1867.5)	(20.0, 3193.0)	(21.0, 5138.0)	(22.0, 7954.0)	(23.0, 11421.5)	(24.0, 16018.0)	(25.0, 21959.0)	(26.0, 29874.5)	(27.0, 40973.0)	(28.0, 53683.0)	(29.0, 68449.5)	(30.0, 87716.0)	(31.0, 112910.0)	(32.0, 144866.5)	(33.0, 181126.0)	(34.0, 223833.0)	(35.0, 277035.0)	(36.0, 349650.5)	(37.0, 439755.0)	(38.0, 543645.5)	(39.0, 669837.0)	(40.0, 812160.5)	(41.0, 969001.5)	(42.0, 1145458.0)	(43.0, 1323616.5)	(44.0, 1497435.5)	(45.0, 1684343.0)	(46.0, 1849066.5)	(47.0, 1974551.0)	(48.0, 2100723.5)	(49.0, 2214725.5)	(50.0, 2302393.5)	(51.0, 2380196.0)	(52.0, 2448699.0)	(53.0, 2495770.0)	(54.0, 2490740.5)	(55.0, 2445846.5)	(56.0, 2365053.0)	(57.0, 2243272.0)	(58.0, 2101625.5)	(59.0, 1920068.5)	(60.0, 1705984.0)	(61.0, 1502418.5)	(62.0, 1299784.5)	(63.0, 1082904.5)	(64.0, 881707.0)	(65.0, 714642.5)	(66.0, 588917.5)	(67.0, 489140.0)	(68.0, 398982.5)	(69.0, 330319.0)	(70.0, 279414.5)	(71.0, 237825.0)	(72.0, 208024.0)	(73.0, 181568.5)	(74.0, 158150.0)	(75.0, 139689.0)	(76.0, 120326.5)	(77.0, 101131.5)	(78.0, 80865.5)	(79.0, 61784.0)	(80.0, 48215.5)	(81.0, 40781.0)	(82.0, 33834.0)	(83.0, 25399.5)	(84.0, 19395.0)	(85.0, 16264.5)	(86.0, 15040.0)	(87.0, 14472.5)	(88.0, 14155.0)	(89.0, 13949.0)	(90.0, 13705.0)	(91.0, 13615.0)	(92.0, 13479.5)	(93.0, 13098.5)	(94.0, 12662.0)	(95.0, 12388.5)	(96.0, 12759.0)	(97.0, 15918.5)	(98.0, 26078.0)	(99.0, 53044.5)	(100.0, 199027.5)
qc_bundle_trimmed | SRR30333750_1	(0.0, 18.0)	(1.0, 12.5)	(2.0, 6.5)	(3.0, 5.0)	(4.0, 2.0)	(5.0, 0.5)	(6.0, 2.5)	(7.0, 6.0)	(8.0, 6.0)	(9.0, 4.5)	(10.0, 4.5)	(11.0, 13.0)	(12.0, 23.5)	(13.0, 35.5)	(14.0, 55.5)	(15.0, 96.0)	(16.0, 181.0)	(17.0, 362.0)	(18.0, 645.5)	(19.0, 1091.0)	(20.0, 1731.0)	(21.0, 2860.5)	(22.0, 4393.5)	(23.0, 6611.0)	(24.0, 9730.5)	(25.0, 13805.5)	(26.0, 18679.0)	(27.0, 25099.0)	(28.0, 33021.5)	(29.0, 42427.5)	(30.0, 55170.0)	(31.0, 72802.0)	(32.0, 95365.0)	(33.0, 125653.5)	(34.0, 169663.5)	(35.0, 227804.0)	(36.0, 309205.0)	(37.0, 414146.5)	(38.0, 535647.0)	(39.0, 671260.5)	(40.0, 818337.5)	(41.0, 973533.5)	(42.0, 1134646.5)	(43.0, 1306143.5)	(44.0, 1472880.0)	(45.0, 1645094.5)	(46.0, 1815620.0)	(47.0, 1968960.0)	(48.0, 2125400.5)	(49.0, 2268237.5)	(50.0, 2378922.0)	(51.0, 2483526.0)	(52.0, 2583600.0)	(53.0, 2643507.0)	(54.0, 2649677.5)	(55.0, 2622701.0)	(56.0, 2547670.0)	(57.0, 2414993.5)	(58.0, 2260756.0)	(59.0, 2073863.0)	(60.0, 1842051.0)	(61.0, 1593408.5)	(62.0, 1341068.5)	(63.0, 1099692.5)	(64.0, 884832.5)	(65.0, 691008.0)	(66.0, 536473.0)	(67.0, 426723.5)	(68.0, 335765.0)	(69.0, 261013.5)	(70.0, 204344.5)	(71.0, 158596.5)	(72.0, 130812.0)	(73.0, 108671.0)	(74.0, 81938.5)	(75.0, 61963.0)	(76.0, 49465.5)	(77.0, 37100.5)	(78.0, 23848.0)	(79.0, 14747.0)	(80.0, 10478.0)	(81.0, 8194.5)	(82.0, 5819.0)	(83.0, 3069.0)	(84.0, 1384.0)	(85.0, 750.0)	(86.0, 385.5)	(87.0, 200.5)	(88.0, 162.5)	(89.0, 163.5)	(90.0, 154.5)	(91.0, 157.0)	(92.0, 152.5)	(93.0, 144.0)	(94.0, 133.0)	(95.0, 127.5)	(96.0, 132.0)	(97.0, 142.5)	(98.0, 211.5)	(99.0, 225.5)	(100.0, 108.0)
qc_bundle_trimmed | SRR30333750_2	(0.0, 88.0)	(1.0, 51.0)	(2.0, 10.5)	(3.0, 6.5)	(4.0, 5.5)	(5.0, 3.5)	(6.0, 3.5)	(7.0, 6.0)	(8.0, 7.5)	(9.0, 7.5)	(10.0, 8.0)	(11.0, 13.0)	(12.0, 21.0)	(13.0, 28.5)	(14.0, 41.0)	(15.0, 66.5)	(16.0, 139.0)	(17.0, 220.5)	(18.0, 355.5)	(19.0, 640.5)	(20.0, 1150.0)	(21.0, 1919.0)	(22.0, 3096.0)	(23.0, 4534.5)	(24.0, 6281.0)	(25.0, 8733.5)	(26.0, 12063.5)	(27.0, 17045.0)	(28.0, 23216.5)	(29.0, 31160.5)	(30.0, 42473.5)	(31.0, 59038.0)	(32.0, 84226.0)	(33.0, 117611.5)	(34.0, 164501.5)	(35.0, 229643.5)	(36.0, 320632.0)	(37.0, 431276.0)	(38.0, 556517.0)	(39.0, 701467.0)	(40.0, 851356.5)	(41.0, 1003231.5)	(42.0, 1161154.5)	(43.0, 1312878.0)	(44.0, 1463949.0)	(45.0, 1632453.0)	(46.0, 1789511.5)	(47.0, 1922633.0)	(48.0, 2058300.0)	(49.0, 2184201.5)	(50.0, 2292141.0)	(51.0, 2396030.5)	(52.0, 2489495.5)	(53.0, 2551058.5)	(54.0, 2561726.5)	(55.0, 2529865.0)	(56.0, 2455555.0)	(57.0, 2334346.5)	(58.0, 2181074.0)	(59.0, 1989258.5)	(60.0, 1769984.5)	(61.0, 1560407.0)	(62.0, 1345254.0)	(63.0, 1113537.0)	(64.0, 903957.5)	(65.0, 730931.5)	(66.0, 595910.0)	(67.0, 488796.5)	(68.0, 394149.0)	(69.0, 321204.0)	(70.0, 264299.5)	(71.0, 216130.5)	(72.0, 179973.0)	(73.0, 147602.0)	(74.0, 120179.0)	(75.0, 99724.0)	(76.0, 80940.0)	(77.0, 64005.0)	(78.0, 47873.0)	(79.0, 33959.5)	(80.0, 25181.5)	(81.0, 20743.5)	(82.0, 16906.0)	(83.0, 12539.5)	(84.0, 9771.0)	(85.0, 8496.0)	(86.0, 7897.5)	(87.0, 7539.5)	(88.0, 7182.0)	(89.0, 6870.5)	(90.0, 6731.0)	(91.0, 6566.5)	(92.0, 6329.0)	(93.0, 6088.0)	(94.0, 5976.0)	(95.0, 6001.0)	(96.0, 6559.5)	(97.0, 9399.0)	(98.0, 17842.5)	(99.0, 38567.5)	(100.0, 138826.0)
qc_bundle_trimmed | SRR30333751_1	(0.0, 22.0)	(1.0, 15.0)	(2.0, 6.0)	(3.0, 4.5)	(4.0, 6.0)	(5.0, 7.0)	(6.0, 5.0)	(7.0, 3.5)	(8.0, 4.5)	(9.0, 5.5)	(10.0, 8.0)	(11.0, 13.0)	(12.0, 25.0)	(13.0, 41.0)	(14.0, 67.5)	(15.0, 110.0)	(16.0, 190.0)	(17.0, 373.5)	(18.0, 663.5)	(19.0, 1094.5)	(20.0, 1730.5)	(21.0, 2833.5)	(22.0, 4319.0)	(23.0, 6486.0)	(24.0, 9516.5)	(25.0, 13446.5)	(26.0, 18111.0)	(27.0, 24247.5)	(28.0, 31950.0)	(29.0, 40934.0)	(30.0, 53016.5)	(31.0, 68900.0)	(32.0, 88067.5)	(33.0, 112845.0)	(34.0, 147219.5)	(35.0, 192538.0)	(36.0, 258612.5)	(37.0, 347660.0)	(38.0, 459338.5)	(39.0, 592910.0)	(40.0, 744785.0)	(41.0, 912916.5)	(42.0, 1095304.0)	(43.0, 1288970.5)	(44.0, 1479782.0)	(45.0, 1682466.0)	(46.0, 1881883.0)	(47.0, 2059201.5)	(48.0, 2240956.0)	(49.0, 2409054.5)	(50.0, 2537390.5)	(51.0, 2655132.0)	(52.0, 2767892.0)	(53.0, 2834990.5)	(54.0, 2846866.5)	(55.0, 2821019.0)	(56.0, 2733898.5)	(57.0, 2592076.5)	(58.0, 2430412.0)	(59.0, 2227796.0)	(60.0, 1977193.0)	(61.0, 1706871.0)	(62.0, 1434243.0)	(63.0, 1173585.5)	(64.0, 939341.5)	(65.0, 730356.0)	(66.0, 563815.0)	(67.0, 444460.0)	(68.0, 347454.5)	(69.0, 269164.0)	(70.0, 208616.0)	(71.0, 161384.0)	(72.0, 132031.0)	(73.0, 108324.0)	(74.0, 84080.5)	(75.0, 65857.5)	(76.0, 52304.5)	(77.0, 39278.0)	(78.0, 26716.5)	(79.0, 17333.0)	(80.0, 11463.0)	(81.0, 7711.5)	(82.0, 4872.0)	(83.0, 2499.0)	(84.0, 1116.0)	(85.0, 589.0)	(86.0, 362.5)	(87.0, 275.5)	(88.0, 259.0)	(89.0, 252.5)	(90.0, 229.0)	(91.0, 220.5)	(92.0, 241.5)	(93.0, 225.5)	(94.0, 220.0)	(95.0, 221.5)	(96.0, 208.5)	(97.0, 274.5)	(98.0, 499.0)	(99.0, 466.5)	(100.0, 159.5)
qc_bundle_trimmed | SRR30333751_2	(0.0, 143.0)	(1.0, 81.5)	(2.0, 13.5)	(3.0, 6.5)	(4.0, 6.5)	(5.0, 5.0)	(6.0, 5.5)	(7.0, 7.5)	(8.0, 7.5)	(9.0, 9.5)	(10.0, 11.0)	(11.0, 14.5)	(12.0, 25.0)	(13.0, 33.5)	(14.0, 52.5)	(15.0, 85.5)	(16.0, 144.0)	(17.0, 236.0)	(18.0, 356.5)	(19.0, 616.0)	(20.0, 1116.0)	(21.0, 1865.5)	(22.0, 2919.5)	(23.0, 4185.0)	(24.0, 5758.5)	(25.0, 8036.0)	(26.0, 11251.0)	(27.0, 15806.5)	(28.0, 21089.5)	(29.0, 27802.5)	(30.0, 37182.5)	(31.0, 50406.0)	(32.0, 69389.0)	(33.0, 94447.0)	(34.0, 129577.5)	(35.0, 180234.5)	(36.0, 254409.0)	(37.0, 351824.0)	(38.0, 472551.5)	(39.0, 619335.0)	(40.0, 779033.0)	(41.0, 947807.5)	(42.0, 1128489.0)	(43.0, 1303541.5)	(44.0, 1475274.0)	(45.0, 1665560.0)	(46.0, 1844285.5)	(47.0, 1995692.5)	(48.0, 2151749.0)	(49.0, 2300663.5)	(50.0, 2431410.5)	(51.0, 2550045.5)	(52.0, 2651398.0)	(53.0, 2724633.0)	(54.0, 2743931.0)	(55.0, 2714227.0)	(56.0, 2631652.0)	(57.0, 2501501.5)	(58.0, 2340500.0)	(59.0, 2134440.0)	(60.0, 1898429.5)	(61.0, 1668563.5)	(62.0, 1434292.5)	(63.0, 1185606.0)	(64.0, 958836.0)	(65.0, 770116.5)	(66.0, 624087.5)	(67.0, 507961.5)	(68.0, 408038.0)	(69.0, 331171.5)	(70.0, 271115.5)	(71.0, 224115.0)	(72.0, 189215.0)	(73.0, 158830.0)	(74.0, 132657.0)	(75.0, 112117.5)	(76.0, 92880.0)	(77.0, 74551.0)	(78.0, 57732.0)	(79.0, 43413.0)	(80.0, 32921.5)	(81.0, 26295.0)	(82.0, 21603.0)	(83.0, 17540.5)	(84.0, 14985.5)	(85.0, 13599.0)	(86.0, 12845.0)	(87.0, 12303.0)	(88.0, 11734.5)	(89.0, 11328.0)	(90.0, 11024.5)	(91.0, 10577.5)	(92.0, 10163.0)	(93.0, 9642.5)	(94.0, 9193.5)	(95.0, 9127.0)	(96.0, 9764.0)	(97.0, 13382.0)	(98.0, 24641.0)	(99.0, 53397.5)	(100.0, 207658.5)
qc_bundle_trimmed | SRR30333752_1	(0.0, 29.0)	(1.0, 17.0)	(2.0, 5.5)	(3.0, 5.0)	(4.0, 3.5)	(5.0, 3.0)	(6.0, 5.5)	(7.0, 6.5)	(8.0, 5.0)	(9.0, 7.5)	(10.0, 12.5)	(11.0, 16.5)	(12.0, 22.0)	(13.0, 35.0)	(14.0, 64.5)	(15.0, 110.0)	(16.0, 229.0)	(17.0, 464.0)	(18.0, 766.0)	(19.0, 1264.0)	(20.0, 2094.5)	(21.0, 3410.0)	(22.0, 5236.5)	(23.0, 7875.5)	(24.0, 11578.0)	(25.0, 16451.5)	(26.0, 22348.5)	(27.0, 30048.5)	(28.0, 39445.0)	(29.0, 50515.5)	(30.0, 65411.5)	(31.0, 85875.5)	(32.0, 110834.0)	(33.0, 143810.0)	(34.0, 191022.5)	(35.0, 252947.5)	(36.0, 340032.5)	(37.0, 450867.0)	(38.0, 580699.5)	(39.0, 728254.0)	(40.0, 886767.5)	(41.0, 1053788.5)	(42.0, 1231023.0)	(43.0, 1418446.0)	(44.0, 1601964.5)	(45.0, 1796640.5)	(46.0, 1987847.5)	(47.0, 2157369.0)	(48.0, 2335948.5)	(49.0, 2502849.5)	(50.0, 2632396.0)	(51.0, 2758857.5)	(52.0, 2880301.5)	(53.0, 2956978.5)	(54.0, 2975947.0)	(55.0, 2955262.5)	(56.0, 2881947.5)	(57.0, 2745224.5)	(58.0, 2575519.0)	(59.0, 2367610.0)	(60.0, 2112093.0)	(61.0, 1831827.5)	(62.0, 1544471.0)	(63.0, 1269503.0)	(64.0, 1021599.5)	(65.0, 797714.0)	(66.0, 618554.0)	(67.0, 493491.0)	(68.0, 391762.0)	(69.0, 306217.0)	(70.0, 240765.0)	(71.0, 188435.0)	(72.0, 157539.5)	(73.0, 132123.5)	(74.0, 100986.5)	(75.0, 77527.0)	(76.0, 63402.5)	(77.0, 48657.5)	(78.0, 31736.5)	(79.0, 19996.5)	(80.0, 14438.0)	(81.0, 11666.0)	(82.0, 8574.5)	(83.0, 4585.5)	(84.0, 2103.5)	(85.0, 1115.5)	(86.0, 506.0)	(87.0, 264.5)	(88.0, 222.0)	(89.0, 230.0)	(90.0, 220.5)	(91.0, 191.0)	(92.0, 187.0)	(93.0, 197.0)	(94.0, 186.5)	(95.0, 169.0)	(96.0, 166.0)	(97.0, 212.5)	(98.0, 349.0)	(99.0, 366.5)	(100.0, 160.0)
qc_bundle_trimmed | SRR30333752_2	(0.0, 144.0)	(1.0, 78.0)	(2.0, 9.0)	(3.0, 7.5)	(4.0, 7.5)	(5.0, 5.5)	(6.0, 5.5)	(7.0, 5.0)	(8.0, 3.0)	(9.0, 9.0)	(10.0, 12.0)	(11.0, 12.5)	(12.0, 20.0)	(13.0, 32.5)	(14.0, 53.0)	(15.0, 91.0)	(16.0, 149.5)	(17.0, 254.5)	(18.0, 422.0)	(19.0, 726.5)	(20.0, 1257.5)	(21.0, 2123.0)	(22.0, 3490.0)	(23.0, 5230.0)	(24.0, 7223.5)	(25.0, 9936.0)	(26.0, 14013.0)	(27.0, 19858.5)	(28.0, 26817.5)	(29.0, 35495.5)	(30.0, 48169.0)	(31.0, 66761.5)	(32.0, 93661.5)	(33.0, 129547.5)	(34.0, 179626.5)	(35.0, 247970.5)	(36.0, 343311.5)	(37.0, 461491.0)	(38.0, 596410.5)	(39.0, 752006.0)	(40.0, 915047.5)	(41.0, 1081027.0)	(42.0, 1255770.5)	(43.0, 1424734.0)	(44.0, 1590821.0)	(45.0, 1780063.0)	(46.0, 1958518.5)	(47.0, 2107189.5)	(48.0, 2263459.0)	(49.0, 2412530.5)	(50.0, 2539455.0)	(51.0, 2663701.5)	(52.0, 2773289.0)	(53.0, 2850142.5)	(54.0, 2872129.0)	(55.0, 2845126.5)	(56.0, 2772753.0)	(57.0, 2643042.0)	(58.0, 2475265.5)	(59.0, 2261206.0)	(60.0, 2015639.0)	(61.0, 1780119.5)	(62.0, 1537021.5)	(63.0, 1275003.0)	(64.0, 1036027.5)	(65.0, 838664.5)	(66.0, 684764.0)	(67.0, 562092.5)	(68.0, 453371.0)	(69.0, 370202.5)	(70.0, 306560.0)	(71.0, 253286.5)	(72.0, 213378.0)	(73.0, 178095.5)	(74.0, 147974.0)	(75.0, 124005.5)	(76.0, 101903.5)	(77.0, 82886.0)	(78.0, 63537.5)	(79.0, 46103.0)	(80.0, 34814.0)	(81.0, 29306.5)	(82.0, 24478.5)	(83.0, 18425.0)	(84.0, 14571.0)	(85.0, 12751.5)	(86.0, 11761.5)	(87.0, 11144.0)	(88.0, 10758.0)	(89.0, 10512.5)	(90.0, 10123.5)	(91.0, 9786.5)	(92.0, 9526.5)	(93.0, 9242.0)	(94.0, 9099.5)	(95.0, 9177.5)	(96.0, 10410.5)	(97.0, 15266.0)	(98.0, 28779.5)	(99.0, 62294.5)	(100.0, 213785.5)
qc_bundle_trimmed | SRR30333753_1	(0.0, 52.0)	(1.0, 36.5)	(2.0, 17.0)	(3.0, 14.5)	(4.0, 15.0)	(5.0, 11.5)	(6.0, 8.0)	(7.0, 5.5)	(8.0, 8.5)	(9.0, 9.5)	(10.0, 10.0)	(11.0, 13.0)	(12.0, 17.5)	(13.0, 39.5)	(14.0, 58.5)	(15.0, 83.0)	(16.0, 153.5)	(17.0, 276.5)	(18.0, 495.0)	(19.0, 874.0)	(20.0, 1473.0)	(21.0, 2405.5)	(22.0, 3716.0)	(23.0, 5722.5)	(24.0, 8593.5)	(25.0, 12112.0)	(26.0, 16031.0)	(27.0, 21662.5)	(28.0, 29002.0)	(29.0, 37552.0)	(30.0, 48953.0)	(31.0, 62466.0)	(32.0, 77903.0)	(33.0, 97856.0)	(34.0, 125790.0)	(35.0, 158776.5)	(36.0, 199212.0)	(37.0, 245862.0)	(38.0, 297233.0)	(39.0, 359587.0)	(40.0, 431744.5)	(41.0, 513453.0)	(42.0, 614769.0)	(43.0, 742063.0)	(44.0, 890891.5)	(45.0, 1051082.0)	(46.0, 1197624.0)	(47.0, 1337261.5)	(48.0, 1482586.5)	(49.0, 1613719.0)	(50.0, 1729794.5)	(51.0, 1851663.5)	(52.0, 1971370.0)	(53.0, 2055964.5)	(54.0, 2100114.0)	(55.0, 2122709.0)	(56.0, 2097383.0)	(57.0, 2015536.5)	(58.0, 1903462.0)	(59.0, 1757666.0)	(60.0, 1577361.5)	(61.0, 1376064.0)	(62.0, 1168067.0)	(63.0, 973228.0)	(64.0, 791042.5)	(65.0, 621691.0)	(66.0, 487067.0)	(67.0, 389398.5)	(68.0, 314292.0)	(69.0, 252650.5)	(70.0, 204940.0)	(71.0, 167921.0)	(72.0, 145801.0)	(73.0, 125778.5)	(74.0, 100058.0)	(75.0, 81130.0)	(76.0, 69055.5)	(77.0, 53994.0)	(78.0, 36416.0)	(79.0, 24662.0)	(80.0, 18650.0)	(81.0, 14511.5)	(82.0, 10137.0)	(83.0, 5461.0)	(84.0, 2489.5)	(85.0, 1267.0)	(86.0, 550.5)	(87.0, 259.0)	(88.0, 226.5)	(89.0, 218.0)	(90.0, 213.5)	(91.0, 216.0)	(92.0, 206.5)	(93.0, 180.5)	(94.0, 170.5)	(95.0, 167.5)	(96.0, 171.5)	(97.0, 239.0)	(98.0, 389.5)	(99.0, 345.5)	(100.0, 121.0)
qc_bundle_trimmed | SRR30333753_2	(0.0, 379.0)	(1.0, 214.0)	(2.0, 35.0)	(3.0, 17.5)	(4.0, 17.5)	(5.0, 16.0)	(6.0, 11.0)	(7.0, 9.0)	(8.0, 6.0)	(9.0, 10.5)	(10.0, 16.5)	(11.0, 15.0)	(12.0, 19.5)	(13.0, 27.0)	(14.0, 52.0)	(15.0, 82.0)	(16.0, 102.5)	(17.0, 175.5)	(18.0, 329.5)	(19.0, 545.0)	(20.0, 1020.5)	(21.0, 1766.5)	(22.0, 2807.0)	(23.0, 4028.5)	(24.0, 5512.5)	(25.0, 7475.0)	(26.0, 10220.0)	(27.0, 14203.0)	(28.0, 18678.0)	(29.0, 24479.0)	(30.0, 32805.5)	(31.0, 44010.0)	(32.0, 58176.0)	(33.0, 75256.5)	(34.0, 96206.5)	(35.0, 122303.5)	(36.0, 158345.5)	(37.0, 205587.0)	(38.0, 268602.5)	(39.0, 349990.0)	(40.0, 440210.5)	(41.0, 541362.5)	(42.0, 660459.5)	(43.0, 787185.5)	(44.0, 922915.5)	(45.0, 1076507.0)	(46.0, 1212877.5)	(47.0, 1331738.0)	(48.0, 1457398.5)	(49.0, 1575856.0)	(50.0, 1686678.5)	(51.0, 1800659.5)	(52.0, 1906028.5)	(53.0, 1991802.5)	(54.0, 2041797.5)	(55.0, 2048092.5)	(56.0, 2010708.0)	(57.0, 1931605.5)	(58.0, 1824045.5)	(59.0, 1679463.0)	(60.0, 1508586.0)	(61.0, 1333862.0)	(62.0, 1151386.5)	(63.0, 958924.5)	(64.0, 780781.5)	(65.0, 635506.0)	(66.0, 521069.5)	(67.0, 427476.0)	(68.0, 347848.5)	(69.0, 287423.5)	(70.0, 243178.5)	(71.0, 206161.0)	(72.0, 178282.5)	(73.0, 153577.0)	(74.0, 131433.5)	(75.0, 114068.0)	(76.0, 97586.0)	(77.0, 82601.0)	(78.0, 65907.5)	(79.0, 49030.0)	(80.0, 36895.0)	(81.0, 30432.5)	(82.0, 24886.5)	(83.0, 17958.5)	(84.0, 13108.0)	(85.0, 10872.0)	(86.0, 9929.5)	(87.0, 9154.0)	(88.0, 8713.0)	(89.0, 8457.0)	(90.0, 8055.0)	(91.0, 7626.0)	(92.0, 7261.0)	(93.0, 6963.5)	(94.0, 6583.5)	(95.0, 6509.5)	(96.0, 7312.0)	(97.0, 10668.5)	(98.0, 20421.0)	(99.0, 45353.5)	(100.0, 170388.5)
qc_bundle_trimmed | SRR30333754_1	(0.0, 79.0)	(1.0, 50.5)	(2.0, 19.5)	(3.0, 14.5)	(4.0, 13.5)	(5.0, 13.0)	(6.0, 13.0)	(7.0, 14.0)	(8.0, 13.0)	(9.0, 13.5)	(10.0, 16.5)	(11.0, 21.0)	(12.0, 34.0)	(13.0, 51.0)	(14.0, 70.5)	(15.0, 120.0)	(16.0, 237.5)	(17.0, 438.5)	(18.0, 752.0)	(19.0, 1247.5)	(20.0, 2094.5)	(21.0, 3471.0)	(22.0, 5385.0)	(23.0, 8326.0)	(24.0, 12275.5)	(25.0, 17257.0)	(26.0, 23411.0)	(27.0, 31867.5)	(28.0, 42003.5)	(29.0, 53751.5)	(30.0, 69810.5)	(31.0, 88155.5)	(32.0, 109359.5)	(33.0, 137437.5)	(34.0, 175296.5)	(35.0, 218287.0)	(36.0, 270495.5)	(37.0, 331254.5)	(38.0, 397012.5)	(39.0, 473516.5)	(40.0, 561000.0)	(41.0, 659663.5)	(42.0, 781655.5)	(43.0, 935615.0)	(44.0, 1114575.5)	(45.0, 1309018.5)	(46.0, 1487663.5)	(47.0, 1660771.0)	(48.0, 1847275.5)	(49.0, 2017459.0)	(50.0, 2167691.5)	(51.0, 2321269.0)	(52.0, 2472456.5)	(53.0, 2579481.0)	(54.0, 2632271.0)	(55.0, 2659489.0)	(56.0, 2627319.0)	(57.0, 2529021.0)	(58.0, 2396000.0)	(59.0, 2222917.5)	(60.0, 2003461.0)	(61.0, 1755298.5)	(62.0, 1507874.5)	(63.0, 1269705.5)	(64.0, 1034070.5)	(65.0, 810840.0)	(66.0, 631986.0)	(67.0, 503168.0)	(68.0, 404711.0)	(69.0, 324655.5)	(70.0, 264691.5)	(71.0, 218134.5)	(72.0, 186729.5)	(73.0, 160074.5)	(74.0, 131045.5)	(75.0, 108607.0)	(76.0, 91603.5)	(77.0, 71967.0)	(78.0, 49739.5)	(79.0, 33812.0)	(80.0, 24598.5)	(81.0, 18477.5)	(82.0, 12654.5)	(83.0, 6612.5)	(84.0, 3028.5)	(85.0, 1632.5)	(86.0, 785.5)	(87.0, 423.5)	(88.0, 361.5)	(89.0, 368.0)	(90.0, 361.5)	(91.0, 348.0)	(92.0, 353.0)	(93.0, 351.5)	(94.0, 333.5)	(95.0, 352.0)	(96.0, 395.0)	(97.0, 468.5)	(98.0, 669.0)	(99.0, 577.5)	(100.0, 201.0)
qc_bundle_trimmed | SRR30333754_2	(0.0, 639.0)	(1.0, 357.0)	(2.0, 56.0)	(3.0, 28.5)	(4.0, 17.0)	(5.0, 11.5)	(6.0, 9.5)	(7.0, 11.5)	(8.0, 12.0)	(9.0, 13.0)	(10.0, 18.5)	(11.0, 24.5)	(12.0, 32.0)	(13.0, 42.0)	(14.0, 66.5)	(15.0, 107.0)	(16.0, 162.0)	(17.0, 266.5)	(18.0, 480.5)	(19.0, 788.0)	(20.0, 1459.5)	(21.0, 2509.0)	(22.0, 3952.0)	(23.0, 5732.5)	(24.0, 7684.5)	(25.0, 10414.5)	(26.0, 14594.5)	(27.0, 20141.5)	(28.0, 26149.0)	(29.0, 33861.5)	(30.0, 45257.5)	(31.0, 60646.0)	(32.0, 79566.0)	(33.0, 101428.5)	(34.0, 128138.0)	(35.0, 162858.0)	(36.0, 209253.0)	(37.0, 269512.5)	(38.0, 348223.0)	(39.0, 446257.5)	(40.0, 554424.5)	(41.0, 679109.0)	(42.0, 828008.0)	(43.0, 982689.0)	(44.0, 1149286.0)	(45.0, 1339511.0)	(46.0, 1505521.0)	(47.0, 1649208.0)	(48.0, 1806104.5)	(49.0, 1956599.5)	(50.0, 2101803.5)	(51.0, 2249279.5)	(52.0, 2373856.5)	(53.0, 2475621.5)	(54.0, 2539353.5)	(55.0, 2551782.5)	(56.0, 2517654.5)	(57.0, 2430820.5)	(58.0, 2298984.0)	(59.0, 2120141.5)	(60.0, 1906847.0)	(61.0, 1690474.5)	(62.0, 1464549.0)	(63.0, 1225427.0)	(64.0, 1005632.5)	(65.0, 819295.0)	(66.0, 672764.5)	(67.0, 556230.0)	(68.0, 457183.0)	(69.0, 379822.5)	(70.0, 320626.0)	(71.0, 274341.0)	(72.0, 240024.0)	(73.0, 207735.5)	(74.0, 179755.5)	(75.0, 157881.0)	(76.0, 135249.5)	(77.0, 115052.0)	(78.0, 93240.5)	(79.0, 70385.5)	(80.0, 53621.0)	(81.0, 44247.5)	(82.0, 37098.0)	(83.0, 28882.0)	(84.0, 22689.5)	(85.0, 19642.5)	(86.0, 18252.5)	(87.0, 17310.0)	(88.0, 16637.0)	(89.0, 15843.0)	(90.0, 15185.5)	(91.0, 14545.0)	(92.0, 13874.5)	(93.0, 13248.0)	(94.0, 12529.5)	(95.0, 12134.0)	(96.0, 12860.0)	(97.0, 17529.5)	(98.0, 32280.0)	(99.0, 71085.0)	(100.0, 294585.5)
qc_bundle_trimmed | SRR30333755_1	(0.0, 82.0)	(1.0, 53.0)	(2.0, 21.0)	(3.0, 15.5)	(4.0, 14.5)	(5.0, 13.5)	(6.0, 8.0)	(7.0, 7.0)	(8.0, 13.5)	(9.0, 15.5)	(10.0, 14.0)	(11.0, 18.0)	(12.0, 21.5)	(13.0, 33.5)	(14.0, 66.5)	(15.0, 108.0)	(16.0, 190.0)	(17.0, 351.0)	(18.0, 594.5)	(19.0, 998.0)	(20.0, 1612.0)	(21.0, 2714.0)	(22.0, 4332.0)	(23.0, 6664.5)	(24.0, 9857.5)	(25.0, 13840.5)	(26.0, 18535.0)	(27.0, 25238.0)	(28.0, 33628.0)	(29.0, 43345.5)	(30.0, 56612.5)	(31.0, 71759.5)	(32.0, 89589.0)	(33.0, 112430.5)	(34.0, 143850.0)	(35.0, 180545.5)	(36.0, 222922.0)	(37.0, 272482.0)	(38.0, 326892.0)	(39.0, 390196.5)	(40.0, 461608.5)	(41.0, 540561.0)	(42.0, 636968.0)	(43.0, 758585.0)	(44.0, 903701.0)	(45.0, 1060345.5)	(46.0, 1201164.5)	(47.0, 1335206.5)	(48.0, 1476638.0)	(49.0, 1605006.5)	(50.0, 1716845.0)	(51.0, 1833693.0)	(52.0, 1948441.0)	(53.0, 2028502.0)	(54.0, 2065745.0)	(55.0, 2079397.0)	(56.0, 2048304.0)	(57.0, 1965905.0)	(58.0, 1853594.5)	(59.0, 1705959.0)	(60.0, 1526936.0)	(61.0, 1329707.5)	(62.0, 1130388.0)	(63.0, 942311.5)	(64.0, 766524.0)	(65.0, 606604.5)	(66.0, 479470.0)	(67.0, 389691.0)	(68.0, 319364.0)	(69.0, 259202.5)	(70.0, 212472.0)	(71.0, 176255.5)	(72.0, 153784.0)	(73.0, 132403.5)	(74.0, 106622.5)	(75.0, 87752.5)	(76.0, 76699.0)	(77.0, 60148.5)	(78.0, 38380.0)	(79.0, 25268.5)	(80.0, 19579.5)	(81.0, 15802.0)	(82.0, 11540.5)	(83.0, 6122.0)	(84.0, 2607.0)	(85.0, 1382.5)	(86.0, 590.0)	(87.0, 258.0)	(88.0, 228.0)	(89.0, 220.0)	(90.0, 213.5)	(91.0, 226.0)	(92.0, 237.5)	(93.0, 213.0)	(94.0, 187.5)	(95.0, 208.5)	(96.0, 235.0)	(97.0, 271.0)	(98.0, 431.0)	(99.0, 392.0)	(100.0, 137.5)
qc_bundle_trimmed | SRR30333755_2	(0.0, 457.0)	(1.0, 257.0)	(2.0, 37.5)	(3.0, 16.0)	(4.0, 14.5)	(5.0, 16.0)	(6.0, 11.5)	(7.0, 11.5)	(8.0, 18.5)	(9.0, 13.0)	(10.0, 8.0)	(11.0, 11.5)	(12.0, 22.5)	(13.0, 38.5)	(14.0, 55.5)	(15.0, 88.0)	(16.0, 159.5)	(17.0, 243.5)	(18.0, 376.5)	(19.0, 608.0)	(20.0, 1160.0)	(21.0, 2073.5)	(22.0, 3285.5)	(23.0, 4690.0)	(24.0, 6399.0)	(25.0, 8631.0)	(26.0, 12069.5)	(27.0, 16764.5)	(28.0, 21748.5)	(29.0, 28324.0)	(30.0, 37917.0)	(31.0, 50734.0)	(32.0, 66362.0)	(33.0, 84991.0)	(34.0, 107424.5)	(35.0, 135201.0)	(36.0, 173229.0)	(37.0, 223202.5)	(38.0, 288580.0)	(39.0, 370108.5)	(40.0, 460252.5)	(41.0, 561772.0)	(42.0, 678802.5)	(43.0, 800892.0)	(44.0, 933827.5)	(45.0, 1087674.0)	(46.0, 1224455.5)	(47.0, 1339617.5)	(48.0, 1462383.0)	(49.0, 1579620.5)	(50.0, 1686640.0)	(51.0, 1796003.5)	(52.0, 1894714.0)	(53.0, 1972872.0)	(54.0, 2012331.5)	(55.0, 2009256.0)	(56.0, 1971538.5)	(57.0, 1893383.5)	(58.0, 1782105.0)	(59.0, 1634021.5)	(60.0, 1462052.0)	(61.0, 1292433.5)	(62.0, 1113565.0)	(63.0, 925186.0)	(64.0, 755363.5)	(65.0, 615209.0)	(66.0, 505721.0)	(67.0, 417377.0)	(68.0, 341536.5)	(69.0, 284296.0)	(70.0, 242194.0)	(71.0, 206518.5)	(72.0, 180973.0)	(73.0, 156947.0)	(74.0, 134841.0)	(75.0, 117617.5)	(76.0, 100488.5)	(77.0, 85590.5)	(78.0, 68096.5)	(79.0, 49587.5)	(80.0, 37691.5)	(81.0, 32057.5)	(82.0, 26788.0)	(83.0, 19568.5)	(84.0, 14198.0)	(85.0, 11715.0)	(86.0, 10824.0)	(87.0, 10285.5)	(88.0, 9747.0)	(89.0, 9262.0)	(90.0, 8937.0)	(91.0, 8495.5)	(92.0, 7933.5)	(93.0, 7522.5)	(94.0, 7185.5)	(95.0, 6973.5)	(96.0, 7466.5)	(97.0, 10343.5)	(98.0, 19251.0)	(99.0, 43586.5)	(100.0, 187450.5)
qc_bundle_trimmed | SRR30333756_1	(0.0, 113.0)	(1.0, 75.0)	(2.0, 27.5)	(3.0, 18.0)	(4.0, 24.5)	(5.0, 23.0)	(6.0, 20.0)	(7.0, 20.0)	(8.0, 11.5)	(9.0, 13.5)	(10.0, 20.0)	(11.0, 24.5)	(12.0, 37.5)	(13.0, 71.5)	(14.0, 109.5)	(15.0, 162.0)	(16.0, 299.0)	(17.0, 571.0)	(18.0, 1008.0)	(19.0, 1722.5)	(20.0, 2909.5)	(21.0, 4910.5)	(22.0, 7678.0)	(23.0, 11705.5)	(24.0, 17267.0)	(25.0, 24283.5)	(26.0, 32696.0)	(27.0, 43957.5)	(28.0, 57911.5)	(29.0, 74189.5)	(30.0, 94844.5)	(31.0, 119091.0)	(32.0, 146967.0)	(33.0, 183005.5)	(34.0, 232639.0)	(35.0, 286931.0)	(36.0, 350531.5)	(37.0, 421396.0)	(38.0, 493127.0)	(39.0, 573171.5)	(40.0, 662087.0)	(41.0, 756984.0)	(42.0, 868534.0)	(43.0, 1009169.0)	(44.0, 1169916.0)	(45.0, 1343642.5)	(46.0, 1499665.5)	(47.0, 1648294.0)	(48.0, 1805375.0)	(49.0, 1947517.5)	(50.0, 2071308.5)	(51.0, 2196584.5)	(52.0, 2327051.5)	(53.0, 2422013.0)	(54.0, 2468631.5)	(55.0, 2492941.0)	(56.0, 2466430.0)	(57.0, 2377168.5)	(58.0, 2253152.5)	(59.0, 2093700.0)	(60.0, 1886901.5)	(61.0, 1645877.5)	(62.0, 1406175.5)	(63.0, 1179060.0)	(64.0, 959375.5)	(65.0, 753258.5)	(66.0, 587329.5)	(67.0, 468620.0)	(68.0, 374484.5)	(69.0, 296812.5)	(70.0, 238820.0)	(71.0, 193243.0)	(72.0, 163495.5)	(73.0, 138257.0)	(74.0, 109486.5)	(75.0, 87444.0)	(76.0, 71531.0)	(77.0, 53266.5)	(78.0, 34112.0)	(79.0, 21462.5)	(80.0, 14783.5)	(81.0, 10803.0)	(82.0, 7219.0)	(83.0, 3481.5)	(84.0, 1369.5)	(85.0, 754.5)	(86.0, 445.0)	(87.0, 310.5)	(88.0, 299.5)	(89.0, 310.5)	(90.0, 303.5)	(91.0, 302.5)	(92.0, 296.0)	(93.0, 273.0)	(94.0, 269.5)	(95.0, 269.5)	(96.0, 279.0)	(97.0, 439.5)	(98.0, 970.5)	(99.0, 859.5)	(100.0, 210.0)
qc_bundle_trimmed | SRR30333756_2	(0.0, 846.0)	(1.0, 472.0)	(2.0, 74.5)	(3.0, 36.5)	(4.0, 22.5)	(5.0, 22.5)	(6.0, 19.5)	(7.0, 23.0)	(8.0, 27.5)	(9.0, 22.0)	(10.0, 23.5)	(11.0, 33.5)	(12.0, 51.0)	(13.0, 68.5)	(14.0, 77.0)	(15.0, 136.5)	(16.0, 253.0)	(17.0, 399.5)	(18.0, 648.5)	(19.0, 1079.0)	(20.0, 2091.5)	(21.0, 3714.0)	(22.0, 5743.5)	(23.0, 8148.5)	(24.0, 11018.5)	(25.0, 14776.0)	(26.0, 20477.5)	(27.0, 28459.5)	(28.0, 36874.5)	(29.0, 47602.0)	(30.0, 62962.5)	(31.0, 83558.0)	(32.0, 108616.5)	(33.0, 137072.0)	(34.0, 171257.0)	(35.0, 213273.0)	(36.0, 268605.5)	(37.0, 340197.0)	(38.0, 430634.0)	(39.0, 541165.0)	(40.0, 657762.0)	(41.0, 782608.0)	(42.0, 925484.5)	(43.0, 1069961.0)	(44.0, 1220538.0)	(45.0, 1388643.5)	(46.0, 1530294.0)	(47.0, 1647030.5)	(48.0, 1777703.5)	(49.0, 1900112.5)	(50.0, 2014993.0)	(51.0, 2136327.5)	(52.0, 2242685.0)	(53.0, 2330009.5)	(54.0, 2379893.0)	(55.0, 2388933.0)	(56.0, 2358147.0)	(57.0, 2277377.0)	(58.0, 2155617.5)	(59.0, 1988402.0)	(60.0, 1791184.5)	(61.0, 1590520.0)	(62.0, 1378892.0)	(63.0, 1152843.5)	(64.0, 944190.5)	(65.0, 768731.0)	(66.0, 633659.5)	(67.0, 524723.5)	(68.0, 428383.5)	(69.0, 354236.0)	(70.0, 296668.5)	(71.0, 250941.5)	(72.0, 216233.5)	(73.0, 184923.5)	(74.0, 157765.5)	(75.0, 134858.5)	(76.0, 111936.0)	(77.0, 92007.5)	(78.0, 72179.5)	(79.0, 53005.0)	(80.0, 39560.5)	(81.0, 32282.5)	(82.0, 27145.0)	(83.0, 21839.5)	(84.0, 18082.5)	(85.0, 16321.5)	(86.0, 15663.5)	(87.0, 14921.0)	(88.0, 14314.0)	(89.0, 13913.5)	(90.0, 13433.5)	(91.0, 12993.5)	(92.0, 12532.5)	(93.0, 12074.0)	(94.0, 11702.5)	(95.0, 11677.0)	(96.0, 13083.5)	(97.0, 18938.0)	(98.0, 35962.5)	(99.0, 78344.0)	(100.0, 272908.0)
qc_bundle_trimmed | SRR30333757_1	(0.0, 19.0)	(1.0, 20.0)	(2.0, 23.0)	(3.0, 32.0)	(4.0, 38.0)	(5.0, 44.0)	(6.0, 49.5)	(7.0, 48.5)	(8.0, 56.5)	(9.0, 60.5)	(10.0, 71.5)	(11.0, 103.0)	(12.0, 153.0)	(13.0, 226.0)	(14.0, 358.0)	(15.0, 562.5)	(16.0, 896.0)	(17.0, 1478.0)	(18.0, 2279.5)	(19.0, 3504.5)	(20.0, 5847.0)	(21.0, 9335.0)	(22.0, 13982.0)	(23.0, 21010.0)	(24.0, 31217.5)	(25.0, 46709.0)	(26.0, 66945.0)	(27.0, 92559.5)	(28.0, 126071.5)	(29.0, 170233.5)	(30.0, 222504.0)	(31.0, 278574.0)	(32.0, 346543.0)	(33.0, 429382.5)	(34.0, 517449.5)	(35.0, 599500.5)	(36.0, 699748.0)	(37.0, 813627.0)	(38.0, 903553.5)	(39.0, 982524.5)	(40.0, 1055598.5)	(41.0, 1130843.0)	(42.0, 1209507.0)	(43.0, 1287331.0)	(44.0, 1372805.0)	(45.0, 1470593.5)	(46.0, 1557589.0)	(47.0, 1629118.0)	(48.0, 1719644.0)	(49.0, 1802788.5)	(50.0, 1856211.5)	(51.0, 1909101.0)	(52.0, 1957504.0)	(53.0, 1979112.0)	(54.0, 1966376.0)	(55.0, 1928182.0)	(56.0, 1857305.0)	(57.0, 1741589.0)	(58.0, 1606388.0)	(59.0, 1453584.5)	(60.0, 1276936.0)	(61.0, 1085895.0)	(62.0, 899048.0)	(63.0, 732081.0)	(64.0, 578651.5)	(65.0, 438899.0)	(66.0, 330328.0)	(67.0, 253717.5)	(68.0, 192473.5)	(69.0, 143809.0)	(70.0, 107417.0)	(71.0, 78709.5)	(72.0, 61257.5)	(73.0, 48287.5)	(74.0, 33531.5)	(75.0, 22836.0)	(76.0, 17213.5)	(77.0, 12723.0)	(78.0, 7967.0)	(79.0, 4587.0)	(80.0, 3045.5)	(81.0, 2341.5)	(82.0, 1770.5)	(83.0, 1026.0)	(84.0, 501.0)	(85.0, 304.5)	(86.0, 215.0)	(87.0, 127.5)	(88.0, 85.5)	(89.0, 73.5)	(90.0, 52.5)	(91.0, 37.0)	(92.0, 29.0)	(93.0, 26.5)	(94.0, 20.0)	(95.0, 14.5)	(96.0, 11.0)	(97.0, 15.0)	(98.0, 22.5)	(99.0, 16.0)	(100.0, 4.5)
qc_bundle_trimmed | SRR30333757_2	(0.0, 66.0)	(1.0, 90.0)	(2.0, 159.0)	(3.0, 264.5)	(4.0, 371.5)	(5.0, 518.5)	(6.0, 658.5)	(7.0, 742.0)	(8.0, 843.5)	(9.0, 938.5)	(10.0, 1056.5)	(11.0, 1198.5)	(12.0, 1344.0)	(13.0, 1514.0)	(14.0, 1672.0)	(15.0, 1945.0)	(16.0, 2311.5)	(17.0, 2837.0)	(18.0, 3611.5)	(19.0, 4827.0)	(20.0, 7176.5)	(21.0, 10767.0)	(22.0, 15912.5)	(23.0, 23034.5)	(24.0, 33220.5)	(25.0, 47337.0)	(26.0, 67510.0)	(27.0, 96010.5)	(28.0, 130255.5)	(29.0, 173833.5)	(30.0, 228119.0)	(31.0, 293993.5)	(32.0, 370776.5)	(33.0, 450958.5)	(34.0, 529242.0)	(35.0, 611270.5)	(36.0, 711389.5)	(37.0, 814718.5)	(38.0, 899759.0)	(39.0, 977961.5)	(40.0, 1046956.0)	(41.0, 1115468.0)	(42.0, 1196136.0)	(43.0, 1269427.0)	(44.0, 1350259.5)	(45.0, 1455943.5)	(46.0, 1544844.5)	(47.0, 1608704.5)	(48.0, 1685753.0)	(49.0, 1756594.5)	(50.0, 1812833.5)	(51.0, 1868389.0)	(52.0, 1907213.0)	(53.0, 1928882.0)	(54.0, 1919708.0)	(55.0, 1883838.0)	(56.0, 1819337.0)	(57.0, 1715202.0)	(58.0, 1588234.0)	(59.0, 1430654.5)	(60.0, 1254665.5)	(61.0, 1089430.0)	(62.0, 926446.5)	(63.0, 755815.5)	(64.0, 601773.0)	(65.0, 474147.5)	(66.0, 372870.0)	(67.0, 296603.0)	(68.0, 232427.0)	(69.0, 181530.0)	(70.0, 142342.5)	(71.0, 110463.0)	(72.0, 87742.5)	(73.0, 67501.0)	(74.0, 50396.0)	(75.0, 38012.0)	(76.0, 28272.0)	(77.0, 21081.0)	(78.0, 14745.5)	(79.0, 9791.0)	(80.0, 6419.5)	(81.0, 4624.0)	(82.0, 3504.5)	(83.0, 2428.5)	(84.0, 1720.5)	(85.0, 1348.5)	(86.0, 1139.5)	(87.0, 974.5)	(88.0, 860.0)	(89.0, 789.0)	(90.0, 720.0)	(91.0, 663.0)	(92.0, 617.5)	(93.0, 563.0)	(94.0, 510.5)	(95.0, 482.5)	(96.0, 492.0)	(97.0, 542.0)	(98.0, 636.5)	(99.0, 856.0)	(100.0, 2507.0)
qc_bundle_trimmed | SRR30333758_1	(0.0, 50.0)	(1.0, 47.0)	(2.0, 45.5)	(3.0, 55.5)	(4.0, 69.5)	(5.0, 64.5)	(6.0, 70.5)	(7.0, 91.5)	(8.0, 98.5)	(9.0, 101.0)	(10.0, 106.0)	(11.0, 129.0)	(12.0, 164.0)	(13.0, 230.0)	(14.0, 338.5)	(15.0, 511.5)	(16.0, 846.5)	(17.0, 1357.5)	(18.0, 2040.0)	(19.0, 3105.0)	(20.0, 5018.5)	(21.0, 7947.0)	(22.0, 11760.5)	(23.0, 17404.5)	(24.0, 25547.0)	(25.0, 36163.5)	(26.0, 49003.0)	(27.0, 66380.5)	(28.0, 89411.5)	(29.0, 121841.5)	(30.0, 163151.5)	(31.0, 208264.0)	(32.0, 264907.0)	(33.0, 336688.5)	(34.0, 417976.5)	(35.0, 499607.0)	(36.0, 596275.5)	(37.0, 702748.5)	(38.0, 786481.0)	(39.0, 860736.0)	(40.0, 928806.5)	(41.0, 996303.5)	(42.0, 1071228.5)	(43.0, 1141963.0)	(44.0, 1219429.0)	(45.0, 1313079.0)	(46.0, 1393277.0)	(47.0, 1459576.0)	(48.0, 1542308.0)	(49.0, 1617155.0)	(50.0, 1669398.0)	(51.0, 1719685.0)	(52.0, 1766060.5)	(53.0, 1790290.0)	(54.0, 1782460.0)	(55.0, 1755177.0)	(56.0, 1696499.5)	(57.0, 1594801.5)	(58.0, 1475497.0)	(59.0, 1340036.0)	(60.0, 1179174.5)	(61.0, 1005035.0)	(62.0, 835330.5)	(63.0, 682412.5)	(64.0, 542299.0)	(65.0, 411967.0)	(66.0, 310320.0)	(67.0, 239479.5)	(68.0, 182360.5)	(69.0, 135450.0)	(70.0, 100762.5)	(71.0, 73911.5)	(72.0, 58303.0)	(73.0, 46148.0)	(74.0, 31154.0)	(75.0, 20708.0)	(76.0, 15998.0)	(77.0, 12146.5)	(78.0, 7057.5)	(79.0, 3611.5)	(80.0, 2327.0)	(81.0, 1909.5)	(82.0, 1572.0)	(83.0, 887.5)	(84.0, 399.0)	(85.0, 258.0)	(86.0, 173.0)	(87.0, 106.5)	(88.0, 70.0)	(89.0, 57.5)	(90.0, 58.0)	(91.0, 53.5)	(92.0, 42.5)	(93.0, 31.5)	(94.0, 23.0)	(95.0, 21.0)	(96.0, 15.5)	(97.0, 12.0)	(98.0, 15.5)	(99.0, 12.5)	(100.0, 4.5)
qc_bundle_trimmed | SRR30333758_2	(0.0, 121.0)	(1.0, 190.0)	(2.0, 403.0)	(3.0, 702.5)	(4.0, 992.0)	(5.0, 1262.0)	(6.0, 1501.0)	(7.0, 1755.5)	(8.0, 1976.0)	(9.0, 2188.0)	(10.0, 2420.0)	(11.0, 2652.5)	(12.0, 2918.0)	(13.0, 3148.0)	(14.0, 3353.0)	(15.0, 3622.0)	(16.0, 4038.0)	(17.0, 4500.5)	(18.0, 5065.5)	(19.0, 6130.5)	(20.0, 7960.5)	(21.0, 10700.5)	(22.0, 14437.5)	(23.0, 19370.0)	(24.0, 26062.0)	(25.0, 34835.5)	(26.0, 47665.0)	(27.0, 66390.0)	(28.0, 89728.5)	(29.0, 122230.0)	(30.0, 166187.5)	(31.0, 221793.5)	(32.0, 290531.0)	(33.0, 366679.5)	(34.0, 442168.0)	(35.0, 521338.0)	(36.0, 617856.5)	(37.0, 715151.0)	(38.0, 793796.0)	(39.0, 865848.5)	(40.0, 928165.5)	(41.0, 988993.5)	(42.0, 1062192.0)	(43.0, 1128106.0)	(44.0, 1200120.5)	(45.0, 1298172.0)	(46.0, 1379368.0)	(47.0, 1436341.0)	(48.0, 1506009.0)	(49.0, 1569035.0)	(50.0, 1620235.0)	(51.0, 1674517.0)	(52.0, 1714434.0)	(53.0, 1736243.0)	(54.0, 1734388.0)	(55.0, 1706888.5)	(56.0, 1648513.0)	(57.0, 1557365.0)	(58.0, 1445612.0)	(59.0, 1305070.0)	(60.0, 1146298.5)	(61.0, 998204.0)	(62.0, 853587.0)	(63.0, 701047.0)	(64.0, 562502.0)	(65.0, 445903.0)	(66.0, 353254.5)	(67.0, 282423.0)	(68.0, 221520.5)	(69.0, 173910.0)	(70.0, 137425.5)	(71.0, 107498.0)	(72.0, 85123.0)	(73.0, 64592.0)	(74.0, 47652.0)	(75.0, 35589.0)	(76.0, 26207.0)	(77.0, 19282.5)	(78.0, 13149.0)	(79.0, 8511.5)	(80.0, 5517.0)	(81.0, 4126.0)	(82.0, 3289.0)	(83.0, 2353.5)	(84.0, 1789.0)	(85.0, 1509.0)	(86.0, 1365.5)	(87.0, 1271.5)	(88.0, 1118.0)	(89.0, 1019.5)	(90.0, 970.0)	(91.0, 911.0)	(92.0, 870.5)	(93.0, 850.0)	(94.0, 815.0)	(95.0, 772.5)	(96.0, 806.5)	(97.0, 871.5)	(98.0, 1001.5)	(99.0, 1409.5)	(100.0, 3759.5)
qc_bundle_trimmed | SRR30333759_1	(0.0, 35.0)	(1.0, 26.0)	(2.0, 21.0)	(3.0, 21.5)	(4.0, 20.0)	(5.0, 23.0)	(6.0, 23.5)	(7.0, 22.0)	(8.0, 30.0)	(9.0, 41.0)	(10.0, 66.0)	(11.0, 104.0)	(12.0, 149.0)	(13.0, 207.5)	(14.0, 322.5)	(15.0, 519.5)	(16.0, 875.5)	(17.0, 1422.0)	(18.0, 2190.0)	(19.0, 3397.0)	(20.0, 5596.0)	(21.0, 9220.0)	(22.0, 14023.0)	(23.0, 20735.5)	(24.0, 30699.0)	(25.0, 45370.5)	(26.0, 64336.0)	(27.0, 88752.0)	(28.0, 121110.0)	(29.0, 166126.5)	(30.0, 221119.5)	(31.0, 278925.0)	(32.0, 353010.5)	(33.0, 444808.0)	(34.0, 541999.5)	(35.0, 632490.0)	(36.0, 740790.0)	(37.0, 865720.5)	(38.0, 955195.5)	(39.0, 1025667.5)	(40.0, 1090019.0)	(41.0, 1156874.0)	(42.0, 1226325.5)	(43.0, 1292383.0)	(44.0, 1368357.5)	(45.0, 1453247.5)	(46.0, 1521325.5)	(47.0, 1575999.5)	(48.0, 1647655.5)	(49.0, 1708565.0)	(50.0, 1743524.5)	(51.0, 1776502.5)	(52.0, 1806080.0)	(53.0, 1812822.5)	(54.0, 1789095.0)	(55.0, 1741941.0)	(56.0, 1667354.0)	(57.0, 1555936.0)	(58.0, 1428526.5)	(59.0, 1285692.5)	(60.0, 1122640.0)	(61.0, 950925.0)	(62.0, 784248.0)	(63.0, 636858.0)	(64.0, 502326.0)	(65.0, 378729.5)	(66.0, 283399.0)	(67.0, 217396.0)	(68.0, 164009.0)	(69.0, 120818.0)	(70.0, 89309.0)	(71.0, 64185.5)	(72.0, 49792.5)	(73.0, 39560.0)	(74.0, 26794.5)	(75.0, 17615.0)	(76.0, 13096.5)	(77.0, 9647.5)	(78.0, 5820.5)	(79.0, 3150.0)	(80.0, 2008.0)	(81.0, 1593.0)	(82.0, 1226.5)	(83.0, 733.5)	(84.0, 379.5)	(85.0, 217.0)	(86.0, 153.5)	(87.0, 119.5)	(88.0, 85.0)	(89.0, 64.0)	(90.0, 50.0)	(91.0, 32.0)	(92.0, 19.0)	(93.0, 17.0)	(94.0, 14.0)	(95.0, 5.5)	(96.0, 4.5)	(97.0, 6.5)	(98.0, 10.0)	(99.0, 8.5)	(100.0, 2.0)
qc_bundle_trimmed | SRR30333759_2	(0.0, 55.0)	(1.0, 69.5)	(2.0, 106.5)	(3.0, 179.5)	(4.0, 272.5)	(5.0, 355.0)	(6.0, 406.0)	(7.0, 463.0)	(8.0, 533.0)	(9.0, 573.0)	(10.0, 640.0)	(11.0, 720.0)	(12.0, 797.5)	(13.0, 908.0)	(14.0, 1055.0)	(15.0, 1240.5)	(16.0, 1581.5)	(17.0, 2110.0)	(18.0, 2843.0)	(19.0, 4015.5)	(20.0, 6260.5)	(21.0, 9586.0)	(22.0, 14270.0)	(23.0, 21089.5)	(24.0, 30431.5)	(25.0, 43202.0)	(26.0, 62108.0)	(27.0, 89249.5)	(28.0, 122112.0)	(29.0, 166177.0)	(30.0, 222909.0)	(31.0, 294638.0)	(32.0, 380978.5)	(33.0, 471469.5)	(34.0, 557952.0)	(35.0, 647300.5)	(36.0, 755760.0)	(37.0, 863938.0)	(38.0, 947212.0)	(39.0, 1019500.0)	(40.0, 1081506.5)	(41.0, 1139783.5)	(42.0, 1209152.0)	(43.0, 1271310.0)	(44.0, 1339397.0)	(45.0, 1435752.5)	(46.0, 1509473.5)	(47.0, 1552583.5)	(48.0, 1611095.0)	(49.0, 1665530.0)	(50.0, 1703286.0)	(51.0, 1739001.0)	(52.0, 1763612.0)	(53.0, 1771280.5)	(54.0, 1751247.5)	(55.0, 1707108.5)	(56.0, 1637795.5)	(57.0, 1534738.5)	(58.0, 1415031.0)	(59.0, 1270163.0)	(60.0, 1110003.5)	(61.0, 961083.5)	(62.0, 815033.5)	(63.0, 663937.5)	(64.0, 527918.0)	(65.0, 415276.5)	(66.0, 324406.5)	(67.0, 256650.0)	(68.0, 200336.5)	(69.0, 154894.5)	(70.0, 120762.0)	(71.0, 93039.5)	(72.0, 72503.0)	(73.0, 54367.5)	(74.0, 39745.5)	(75.0, 29456.0)	(76.0, 21466.5)	(77.0, 15656.0)	(78.0, 10634.5)	(79.0, 6923.0)	(80.0, 4391.5)	(81.0, 3230.0)	(82.0, 2488.0)	(83.0, 1649.0)	(84.0, 1152.0)	(85.0, 909.0)	(86.0, 756.5)	(87.0, 651.5)	(88.0, 586.5)	(89.0, 532.5)	(90.0, 469.0)	(91.0, 407.0)	(92.0, 377.5)	(93.0, 356.0)	(94.0, 312.5)	(95.0, 299.5)	(96.0, 302.0)	(97.0, 289.0)	(98.0, 320.5)	(99.0, 449.5)	(100.0, 1528.5)
qc_bundle_trimmed | SRR30333760_1	(0.0, 16.0)	(1.0, 14.0)	(2.0, 15.0)	(3.0, 16.5)	(4.0, 22.0)	(5.0, 29.5)	(6.0, 32.0)	(7.0, 41.0)	(8.0, 43.0)	(9.0, 49.5)	(10.0, 77.5)	(11.0, 122.5)	(12.0, 167.5)	(13.0, 250.5)	(14.0, 355.0)	(15.0, 537.0)	(16.0, 914.5)	(17.0, 1398.5)	(18.0, 2031.0)	(19.0, 3141.5)	(20.0, 5121.0)	(21.0, 8298.5)	(22.0, 12163.0)	(23.0, 17758.0)	(24.0, 26254.5)	(25.0, 38478.0)	(26.0, 53957.0)	(27.0, 73964.5)	(28.0, 101303.5)	(29.0, 138775.5)	(30.0, 185327.0)	(31.0, 236697.0)	(32.0, 299102.0)	(33.0, 375272.0)	(34.0, 458151.5)	(35.0, 538402.0)	(36.0, 634490.0)	(37.0, 739645.0)	(38.0, 822727.5)	(39.0, 896081.0)	(40.0, 960773.5)	(41.0, 1028303.0)	(42.0, 1099899.0)	(43.0, 1170407.5)	(44.0, 1247074.0)	(45.0, 1334617.0)	(46.0, 1413733.5)	(47.0, 1480042.5)	(48.0, 1561016.0)	(49.0, 1632715.5)	(50.0, 1682842.0)	(51.0, 1729818.0)	(52.0, 1772057.5)	(53.0, 1791195.0)	(54.0, 1780856.0)	(55.0, 1750077.0)	(56.0, 1683952.0)	(57.0, 1578510.0)	(58.0, 1458667.5)	(59.0, 1320332.0)	(60.0, 1159610.5)	(61.0, 986359.0)	(62.0, 817255.5)	(63.0, 667304.0)	(64.0, 527947.0)	(65.0, 398991.5)	(66.0, 297757.0)	(67.0, 226224.0)	(68.0, 169928.0)	(69.0, 126489.0)	(70.0, 94682.5)	(71.0, 68734.0)	(72.0, 52066.5)	(73.0, 39972.0)	(74.0, 27367.5)	(75.0, 18381.5)	(76.0, 13397.0)	(77.0, 9330.5)	(78.0, 5757.0)	(79.0, 3362.0)	(80.0, 2064.0)	(81.0, 1512.0)	(82.0, 1111.0)	(83.0, 622.0)	(84.0, 304.0)	(85.0, 201.5)	(86.0, 144.5)	(87.0, 82.5)	(88.0, 52.0)	(89.0, 42.5)	(90.0, 38.0)	(91.0, 30.5)	(92.0, 21.0)	(93.0, 14.0)	(94.0, 15.0)	(95.0, 15.5)	(96.0, 7.5)	(97.0, 9.0)	(98.0, 18.0)	(99.0, 12.5)	(100.0, 3.0)
qc_bundle_trimmed | SRR30333760_2	(0.0, 61.0)	(1.0, 69.0)	(2.0, 121.0)	(3.0, 191.5)	(4.0, 269.0)	(5.0, 360.0)	(6.0, 426.5)	(7.0, 481.5)	(8.0, 557.0)	(9.0, 623.5)	(10.0, 715.5)	(11.0, 821.5)	(12.0, 930.0)	(13.0, 1044.5)	(14.0, 1176.0)	(15.0, 1424.0)	(16.0, 1784.5)	(17.0, 2280.0)	(18.0, 2982.0)	(19.0, 4125.0)	(20.0, 6205.0)	(21.0, 9131.5)	(22.0, 13204.0)	(23.0, 18913.5)	(24.0, 26532.0)	(25.0, 37082.0)	(26.0, 52737.0)	(27.0, 75577.0)	(28.0, 103372.5)	(29.0, 140286.5)	(30.0, 189285.0)	(31.0, 249691.5)	(32.0, 321376.5)	(33.0, 398246.5)	(34.0, 474027.0)	(35.0, 553854.5)	(36.0, 648778.5)	(37.0, 744588.5)	(38.0, 823448.0)	(39.0, 896018.5)	(40.0, 958179.0)	(41.0, 1018178.0)	(42.0, 1090556.5)	(43.0, 1157766.5)	(44.0, 1231930.0)	(45.0, 1327928.0)	(46.0, 1406124.5)	(47.0, 1462032.5)	(48.0, 1531766.0)	(49.0, 1596292.0)	(50.0, 1645901.5)	(51.0, 1694385.5)	(52.0, 1730455.0)	(53.0, 1749281.0)	(54.0, 1740183.5)	(55.0, 1706555.5)	(56.0, 1644914.0)	(57.0, 1548420.0)	(58.0, 1433639.0)	(59.0, 1294117.0)	(60.0, 1136687.0)	(61.0, 984188.0)	(62.0, 836130.5)	(63.0, 684976.5)	(64.0, 546121.5)	(65.0, 430124.5)	(66.0, 336348.0)	(67.0, 264786.5)	(68.0, 206076.0)	(69.0, 160313.0)	(70.0, 125275.5)	(71.0, 96200.0)	(72.0, 75045.0)	(73.0, 57010.5)	(74.0, 42045.5)	(75.0, 31045.0)	(76.0, 22757.5)	(77.0, 16401.5)	(78.0, 11123.5)	(79.0, 7190.0)	(80.0, 4578.5)	(81.0, 3215.0)	(82.0, 2464.5)	(83.0, 1731.0)	(84.0, 1196.0)	(85.0, 963.5)	(86.0, 847.0)	(87.0, 732.5)	(88.0, 646.0)	(89.0, 591.0)	(90.0, 518.5)	(91.0, 446.5)	(92.0, 401.5)	(93.0, 384.5)	(94.0, 381.0)	(95.0, 355.0)	(96.0, 341.0)	(97.0, 354.5)	(98.0, 417.5)	(99.0, 564.0)	(100.0, 1762.0)
qc_bundle_trimmed | SRR30333761_1	(0.0, 30.0)	(1.0, 27.5)	(2.0, 25.0)	(3.0, 24.0)	(4.0, 23.5)	(5.0, 34.0)	(6.0, 44.0)	(7.0, 41.5)	(8.0, 41.0)	(9.0, 51.5)	(10.0, 66.5)	(11.0, 83.5)	(12.0, 130.0)	(13.0, 194.0)	(14.0, 295.5)	(15.0, 459.0)	(16.0, 761.5)	(17.0, 1242.5)	(18.0, 1860.0)	(19.0, 2812.5)	(20.0, 4523.0)	(21.0, 7283.5)	(22.0, 10773.0)	(23.0, 16007.5)	(24.0, 23305.5)	(25.0, 33365.0)	(26.0, 46445.0)	(27.0, 63797.5)	(28.0, 87670.5)	(29.0, 121370.5)	(30.0, 164907.5)	(31.0, 214354.0)	(32.0, 279027.5)	(33.0, 361597.0)	(34.0, 452345.5)	(35.0, 540261.5)	(36.0, 646491.0)	(37.0, 763093.5)	(38.0, 852317.5)	(39.0, 929168.5)	(40.0, 997175.5)	(41.0, 1064441.5)	(42.0, 1135831.5)	(43.0, 1207717.0)	(44.0, 1285693.0)	(45.0, 1375498.5)	(46.0, 1455994.5)	(47.0, 1520871.0)	(48.0, 1599295.0)	(49.0, 1669556.0)	(50.0, 1716489.0)	(51.0, 1763786.0)	(52.0, 1804422.5)	(53.0, 1824176.5)	(54.0, 1814355.5)	(55.0, 1780116.0)	(56.0, 1714773.5)	(57.0, 1607015.0)	(58.0, 1484584.0)	(59.0, 1346111.0)	(60.0, 1183963.5)	(61.0, 1009194.5)	(62.0, 838354.0)	(63.0, 686892.0)	(64.0, 548116.0)	(65.0, 419658.5)	(66.0, 318595.5)	(67.0, 247330.5)	(68.0, 190559.5)	(69.0, 145062.5)	(70.0, 111622.0)	(71.0, 84678.5)	(72.0, 68589.5)	(73.0, 56516.0)	(74.0, 40550.0)	(75.0, 28296.0)	(76.0, 22691.0)	(77.0, 17625.0)	(78.0, 10979.0)	(79.0, 6326.5)	(80.0, 4273.0)	(81.0, 3610.5)	(82.0, 2900.5)	(83.0, 1645.0)	(84.0, 811.0)	(85.0, 449.0)	(86.0, 255.0)	(87.0, 165.0)	(88.0, 119.0)	(89.0, 86.5)	(90.0, 58.5)	(91.0, 45.5)	(92.0, 33.0)	(93.0, 23.0)	(94.0, 20.5)	(95.0, 18.0)	(96.0, 14.5)	(97.0, 16.0)	(98.0, 22.0)	(99.0, 18.5)	(100.0, 5.5)
qc_bundle_trimmed | SRR30333761_2	(0.0, 64.0)	(1.0, 73.5)	(2.0, 150.0)	(3.0, 292.5)	(4.0, 422.5)	(5.0, 529.5)	(6.0, 622.0)	(7.0, 707.0)	(8.0, 798.5)	(9.0, 911.5)	(10.0, 997.5)	(11.0, 1066.0)	(12.0, 1134.5)	(13.0, 1215.0)	(14.0, 1374.5)	(15.0, 1564.5)	(16.0, 1822.5)	(17.0, 2268.5)	(18.0, 2874.5)	(19.0, 3841.5)	(20.0, 5548.0)	(21.0, 7992.5)	(22.0, 11423.0)	(23.0, 16023.5)	(24.0, 22150.5)	(25.0, 30536.5)	(26.0, 43385.5)	(27.0, 62213.0)	(28.0, 85283.5)	(29.0, 118121.5)	(30.0, 164133.0)	(31.0, 225504.0)	(32.0, 300584.5)	(33.0, 381895.5)	(34.0, 465683.5)	(35.0, 556216.5)	(36.0, 664242.5)	(37.0, 771131.0)	(38.0, 854355.5)	(39.0, 926980.5)	(40.0, 990586.0)	(41.0, 1051365.0)	(42.0, 1123941.5)	(43.0, 1189868.5)	(44.0, 1260515.0)	(45.0, 1359635.5)	(46.0, 1440577.0)	(47.0, 1496110.0)	(48.0, 1567686.0)	(49.0, 1632695.5)	(50.0, 1681006.5)	(51.0, 1728288.0)	(52.0, 1766001.5)	(53.0, 1787190.5)	(54.0, 1776436.5)	(55.0, 1740676.5)	(56.0, 1679782.5)	(57.0, 1582081.0)	(58.0, 1466562.0)	(59.0, 1324486.0)	(60.0, 1162053.5)	(61.0, 1008743.0)	(62.0, 859587.0)	(63.0, 706068.5)	(64.0, 566159.5)	(65.0, 450268.0)	(66.0, 356549.5)	(67.0, 285684.0)	(68.0, 226098.5)	(69.0, 178979.5)	(70.0, 144116.0)	(71.0, 114017.5)	(72.0, 92962.5)	(73.0, 73490.0)	(74.0, 56180.0)	(75.0, 43930.0)	(76.0, 33979.0)	(77.0, 26498.0)	(78.0, 18870.5)	(79.0, 12344.0)	(80.0, 8137.5)	(81.0, 6279.0)	(82.0, 5035.0)	(83.0, 3463.5)	(84.0, 2381.0)	(85.0, 1837.0)	(86.0, 1612.0)	(87.0, 1429.0)	(88.0, 1242.5)	(89.0, 1128.5)	(90.0, 1090.0)	(91.0, 993.5)	(92.0, 887.5)	(93.0, 805.0)	(94.0, 760.5)	(95.0, 725.5)	(96.0, 694.0)	(97.0, 724.0)	(98.0, 817.0)	(99.0, 1125.5)	(100.0, 3262.5)
qc_bundle_trimmed | SRR30333762_1	(0.0, 18.0)	(1.0, 16.0)	(2.0, 13.0)	(3.0, 13.5)	(4.0, 14.5)	(5.0, 18.0)	(6.0, 22.5)	(7.0, 29.0)	(8.0, 34.0)	(9.0, 39.0)	(10.0, 57.5)	(11.0, 99.5)	(12.0, 147.5)	(13.0, 198.5)	(14.0, 310.0)	(15.0, 507.5)	(16.0, 824.5)	(17.0, 1279.5)	(18.0, 1956.5)	(19.0, 2980.0)	(20.0, 4890.5)	(21.0, 8096.0)	(22.0, 12041.0)	(23.0, 17745.0)	(24.0, 25976.0)	(25.0, 38032.5)	(26.0, 53340.5)	(27.0, 73564.0)	(28.0, 101263.5)	(29.0, 140178.5)	(30.0, 188642.0)	(31.0, 239944.5)	(32.0, 305525.5)	(33.0, 387014.5)	(34.0, 474858.0)	(35.0, 557184.5)	(36.0, 658616.5)	(37.0, 772552.5)	(38.0, 852977.0)	(39.0, 919973.0)	(40.0, 981082.5)	(41.0, 1041731.5)	(42.0, 1108527.0)	(43.0, 1173875.0)	(44.0, 1245594.0)	(45.0, 1328428.5)	(46.0, 1397312.0)	(47.0, 1454446.0)	(48.0, 1531067.5)	(49.0, 1600041.0)	(50.0, 1644734.0)	(51.0, 1688884.5)	(52.0, 1727100.5)	(53.0, 1743556.5)	(54.0, 1732387.5)	(55.0, 1699955.0)	(56.0, 1635761.0)	(57.0, 1530614.0)	(58.0, 1412891.5)	(59.0, 1281302.5)	(60.0, 1125837.0)	(61.0, 955161.5)	(62.0, 790979.0)	(63.0, 647233.5)	(64.0, 512626.5)	(65.0, 388725.5)	(66.0, 291287.0)	(67.0, 222183.0)	(68.0, 168620.0)	(69.0, 126753.0)	(70.0, 96074.0)	(71.0, 70803.5)	(72.0, 54100.5)	(73.0, 41994.5)	(74.0, 29615.5)	(75.0, 20682.5)	(76.0, 15209.5)	(77.0, 10829.0)	(78.0, 6935.5)	(79.0, 4192.5)	(80.0, 2677.0)	(81.0, 1892.0)	(82.0, 1329.0)	(83.0, 767.5)	(84.0, 407.0)	(85.0, 264.5)	(86.0, 168.5)	(87.0, 105.0)	(88.0, 84.0)	(89.0, 66.0)	(90.0, 43.5)	(91.0, 27.5)	(92.0, 19.0)	(93.0, 17.5)	(94.0, 16.5)	(95.0, 12.5)	(96.0, 13.5)	(97.0, 21.0)	(98.0, 27.5)	(99.0, 18.0)	(100.0, 3.5)
qc_bundle_trimmed | SRR30333762_2	(0.0, 46.0)	(1.0, 60.0)	(2.0, 96.5)	(3.0, 155.5)	(4.0, 220.5)	(5.0, 289.0)	(6.0, 366.5)	(7.0, 392.5)	(8.0, 441.0)	(9.0, 503.5)	(10.0, 569.5)	(11.0, 633.0)	(12.0, 743.0)	(13.0, 895.5)	(14.0, 1001.0)	(15.0, 1193.0)	(16.0, 1513.5)	(17.0, 2005.5)	(18.0, 2707.0)	(19.0, 3738.5)	(20.0, 5673.5)	(21.0, 8597.0)	(22.0, 12807.0)	(23.0, 18428.0)	(24.0, 25828.5)	(25.0, 36156.5)	(26.0, 51630.0)	(27.0, 74396.5)	(28.0, 102053.5)	(29.0, 139855.0)	(30.0, 190157.0)	(31.0, 254543.0)	(32.0, 332275.5)	(33.0, 412768.5)	(34.0, 490243.0)	(35.0, 572910.0)	(36.0, 673950.5)	(37.0, 773527.0)	(38.0, 849591.5)	(39.0, 915208.5)	(40.0, 972189.0)	(41.0, 1027735.0)	(42.0, 1094720.5)	(43.0, 1155417.5)	(44.0, 1223215.5)	(45.0, 1315581.5)	(46.0, 1385923.0)	(47.0, 1433147.0)	(48.0, 1499204.5)	(49.0, 1560620.0)	(50.0, 1605903.0)	(51.0, 1652366.0)	(52.0, 1686784.5)	(53.0, 1702462.0)	(54.0, 1693772.5)	(55.0, 1660455.5)	(56.0, 1598350.0)	(57.0, 1503799.5)	(58.0, 1393453.0)	(59.0, 1259299.0)	(60.0, 1106090.0)	(61.0, 957949.5)	(62.0, 813919.5)	(63.0, 668337.5)	(64.0, 535759.0)	(65.0, 423057.5)	(66.0, 331460.0)	(67.0, 262001.5)	(68.0, 205436.5)	(69.0, 161767.0)	(70.0, 127571.0)	(71.0, 99094.0)	(72.0, 78706.5)	(73.0, 60968.5)	(74.0, 45713.0)	(75.0, 34349.0)	(76.0, 25496.5)	(77.0, 18626.5)	(78.0, 13049.0)	(79.0, 8692.0)	(80.0, 5552.5)	(81.0, 3800.0)	(82.0, 2755.5)	(83.0, 1917.5)	(84.0, 1366.0)	(85.0, 1071.5)	(86.0, 908.5)	(87.0, 795.0)	(88.0, 701.5)	(89.0, 631.0)	(90.0, 577.0)	(91.0, 519.0)	(92.0, 485.5)	(93.0, 442.0)	(94.0, 416.5)	(95.0, 393.5)	(96.0, 367.0)	(97.0, 404.5)	(98.0, 456.0)	(99.0, 608.5)	(100.0, 1999.0)
qc_bundle_trimmed | SRR30333763_1	(0.0, 16.0)	(1.0, 16.5)	(2.0, 19.5)	(3.0, 26.5)	(4.0, 30.0)	(5.0, 34.5)	(6.0, 39.5)	(7.0, 42.0)	(8.0, 48.0)	(9.0, 60.0)	(10.0, 80.5)	(11.0, 116.5)	(12.0, 168.5)	(13.0, 234.0)	(14.0, 345.5)	(15.0, 570.0)	(16.0, 892.0)	(17.0, 1347.0)	(18.0, 2084.0)	(19.0, 3254.0)	(20.0, 5166.0)	(21.0, 8389.0)	(22.0, 12480.0)	(23.0, 18420.5)	(24.0, 27218.5)	(25.0, 40220.0)	(26.0, 57227.5)	(27.0, 79455.0)	(28.0, 109703.0)	(29.0, 151372.5)	(30.0, 201966.0)	(31.0, 257076.0)	(32.0, 326003.5)	(33.0, 408943.0)	(34.0, 497823.5)	(35.0, 581070.0)	(36.0, 682937.5)	(37.0, 794905.0)	(38.0, 877401.0)	(39.0, 949090.0)	(40.0, 1014076.5)	(41.0, 1079495.5)	(42.0, 1149927.5)	(43.0, 1220385.5)	(44.0, 1298672.5)	(45.0, 1389827.5)	(46.0, 1469563.5)	(47.0, 1534365.5)	(48.0, 1614971.0)	(49.0, 1687971.5)	(50.0, 1736386.0)	(51.0, 1785249.5)	(52.0, 1831632.5)	(53.0, 1851985.0)	(54.0, 1841099.5)	(55.0, 1809810.0)	(56.0, 1747089.5)	(57.0, 1644489.0)	(58.0, 1520927.5)	(59.0, 1377223.0)	(60.0, 1211341.0)	(61.0, 1034854.0)	(62.0, 861435.0)	(63.0, 706166.0)	(64.0, 563238.0)	(65.0, 430312.0)	(66.0, 325064.0)	(67.0, 249979.5)	(68.0, 191022.5)	(69.0, 143990.5)	(70.0, 109307.0)	(71.0, 81221.0)	(72.0, 64142.0)	(73.0, 51527.5)	(74.0, 36373.0)	(75.0, 25006.5)	(76.0, 19039.5)	(77.0, 14084.0)	(78.0, 8842.5)	(79.0, 5194.0)	(80.0, 3399.0)	(81.0, 2659.0)	(82.0, 2023.0)	(83.0, 1133.0)	(84.0, 564.0)	(85.0, 326.0)	(86.0, 175.0)	(87.0, 89.5)	(88.0, 65.0)	(89.0, 55.0)	(90.0, 42.0)	(91.0, 28.0)	(92.0, 16.0)	(93.0, 13.0)	(94.0, 9.5)	(95.0, 5.5)	(96.0, 10.5)	(97.0, 19.5)	(98.0, 27.0)	(99.0, 19.5)	(100.0, 4.5)
qc_bundle_trimmed | SRR30333763_2	(0.0, 82.0)	(1.0, 111.0)	(2.0, 219.5)	(3.0, 412.0)	(4.0, 623.5)	(5.0, 800.0)	(6.0, 964.0)	(7.0, 1159.5)	(8.0, 1359.5)	(9.0, 1516.0)	(10.0, 1662.0)	(11.0, 1858.0)	(12.0, 2082.5)	(13.0, 2267.5)	(14.0, 2454.5)	(15.0, 2708.5)	(16.0, 3090.5)	(17.0, 3650.0)	(18.0, 4405.0)	(19.0, 5598.0)	(20.0, 7706.0)	(21.0, 10696.5)	(22.0, 15111.5)	(23.0, 21252.0)	(24.0, 29681.5)	(25.0, 41494.0)	(26.0, 58699.5)	(27.0, 83704.0)	(28.0, 114529.0)	(29.0, 155601.5)	(30.0, 208965.5)	(31.0, 277283.0)	(32.0, 356192.5)	(33.0, 436888.5)	(34.0, 515695.5)	(35.0, 597747.5)	(36.0, 695040.5)	(37.0, 793539.0)	(38.0, 872266.5)	(39.0, 941275.0)	(40.0, 1004560.5)	(41.0, 1065898.0)	(42.0, 1137604.0)	(43.0, 1202243.0)	(44.0, 1273938.5)	(45.0, 1374403.0)	(46.0, 1454880.0)	(47.0, 1511530.5)	(48.0, 1582091.5)	(49.0, 1646669.0)	(50.0, 1696876.0)	(51.0, 1747619.0)	(52.0, 1788712.5)	(53.0, 1809953.0)	(54.0, 1802356.0)	(55.0, 1768189.0)	(56.0, 1707435.5)	(57.0, 1611438.5)	(58.0, 1492740.5)	(59.0, 1347673.5)	(60.0, 1187022.5)	(61.0, 1033967.5)	(62.0, 880761.0)	(63.0, 722189.5)	(64.0, 578422.5)	(65.0, 459780.0)	(66.0, 364723.5)	(67.0, 290927.0)	(68.0, 228580.5)	(69.0, 178857.0)	(70.0, 141780.5)	(71.0, 111774.5)	(72.0, 89469.0)	(73.0, 69715.5)	(74.0, 52767.0)	(75.0, 40154.0)	(76.0, 30192.0)	(77.0, 22764.0)	(78.0, 15941.5)	(79.0, 10455.0)	(80.0, 6845.0)	(81.0, 4998.5)	(82.0, 3775.5)	(83.0, 2538.5)	(84.0, 1746.0)	(85.0, 1330.5)	(86.0, 1104.0)	(87.0, 926.5)	(88.0, 832.0)	(89.0, 740.5)	(90.0, 658.0)	(91.0, 635.5)	(92.0, 613.0)	(93.0, 578.0)	(94.0, 579.5)	(95.0, 573.0)	(96.0, 570.5)	(97.0, 629.0)	(98.0, 747.0)	(99.0, 1036.5)	(100.0, 3162.5)
qc_bundle_trimmed | SRR30333764_1	(0.0, 22.0)	(1.0, 20.0)	(2.0, 16.5)	(3.0, 24.5)	(4.0, 38.5)	(5.0, 38.0)	(6.0, 34.5)	(7.0, 40.0)	(8.0, 50.0)	(9.0, 56.5)	(10.0, 64.5)	(11.0, 93.0)	(12.0, 147.0)	(13.0, 212.5)	(14.0, 332.5)	(15.0, 539.0)	(16.0, 859.0)	(17.0, 1311.5)	(18.0, 1984.5)	(19.0, 2976.5)	(20.0, 4817.0)	(21.0, 7801.0)	(22.0, 11588.0)	(23.0, 17330.5)	(24.0, 25699.0)	(25.0, 37231.5)	(26.0, 51985.0)	(27.0, 72218.0)	(28.0, 99568.5)	(29.0, 137368.0)	(30.0, 183386.5)	(31.0, 233456.5)	(32.0, 297054.5)	(33.0, 375649.5)	(34.0, 459817.0)	(35.0, 539038.0)	(36.0, 635311.5)	(37.0, 739118.0)	(38.0, 819179.0)	(39.0, 890138.0)	(40.0, 952642.0)	(41.0, 1011903.5)	(42.0, 1076165.0)	(43.0, 1143913.5)	(44.0, 1219645.5)	(45.0, 1307149.5)	(46.0, 1383520.0)	(47.0, 1448427.5)	(48.0, 1527610.0)	(49.0, 1597504.0)	(50.0, 1643722.5)	(51.0, 1693669.0)	(52.0, 1738601.0)	(53.0, 1758804.0)	(54.0, 1750789.5)	(55.0, 1722934.5)	(56.0, 1666596.0)	(57.0, 1567057.0)	(58.0, 1447990.5)	(59.0, 1314656.0)	(60.0, 1158914.5)	(61.0, 990816.0)	(62.0, 824705.5)	(63.0, 675166.5)	(64.0, 539161.5)	(65.0, 412654.0)	(66.0, 312168.5)	(67.0, 241733.5)	(68.0, 184783.5)	(69.0, 137424.0)	(70.0, 104298.0)	(71.0, 77943.5)	(72.0, 62959.0)	(73.0, 52020.5)	(74.0, 35859.0)	(75.0, 23735.0)	(76.0, 18994.5)	(77.0, 14803.5)	(78.0, 8843.0)	(79.0, 4699.0)	(80.0, 3107.5)	(81.0, 2747.5)	(82.0, 2329.5)	(83.0, 1296.5)	(84.0, 566.5)	(85.0, 304.0)	(86.0, 174.5)	(87.0, 112.5)	(88.0, 78.0)	(89.0, 64.5)	(90.0, 47.5)	(91.0, 35.0)	(92.0, 27.5)	(93.0, 18.5)	(94.0, 16.0)	(95.0, 13.5)	(96.0, 13.0)	(97.0, 11.5)	(98.0, 14.0)	(99.0, 10.5)	(100.0, 1.5)
qc_bundle_trimmed | SRR30333764_2	(0.0, 78.0)	(1.0, 105.5)	(2.0, 178.5)	(3.0, 290.5)	(4.0, 424.5)	(5.0, 557.0)	(6.0, 667.0)	(7.0, 769.0)	(8.0, 893.5)	(9.0, 985.5)	(10.0, 1078.0)	(11.0, 1184.5)	(12.0, 1314.0)	(13.0, 1467.5)	(14.0, 1628.0)	(15.0, 1835.0)	(16.0, 2148.5)	(17.0, 2628.5)	(18.0, 3339.5)	(19.0, 4359.0)	(20.0, 6234.5)	(21.0, 9033.5)	(22.0, 12847.0)	(23.0, 18162.0)	(24.0, 25351.0)	(25.0, 35447.5)	(26.0, 50881.5)	(27.0, 73243.5)	(28.0, 100732.0)	(29.0, 138231.0)	(30.0, 187071.5)	(31.0, 249882.5)	(32.0, 323119.5)	(33.0, 399767.5)	(34.0, 476962.0)	(35.0, 554903.0)	(36.0, 645781.0)	(37.0, 740079.5)	(38.0, 815926.0)	(39.0, 882587.0)	(40.0, 941451.5)	(41.0, 997656.5)	(42.0, 1064799.5)	(43.0, 1125860.0)	(44.0, 1193344.5)	(45.0, 1289500.5)	(46.0, 1368680.5)	(47.0, 1425250.5)	(48.0, 1496730.0)	(49.0, 1558840.5)	(50.0, 1606056.5)	(51.0, 1655016.0)	(52.0, 1695268.0)	(53.0, 1720593.5)	(54.0, 1716324.0)	(55.0, 1686298.5)	(56.0, 1628473.0)	(57.0, 1536635.0)	(58.0, 1428479.5)	(59.0, 1294938.0)	(60.0, 1142465.0)	(61.0, 995305.5)	(62.0, 848570.5)	(63.0, 694990.5)	(64.0, 556765.0)	(65.0, 443725.5)	(66.0, 351310.5)	(67.0, 280530.5)	(68.0, 220678.5)	(69.0, 172839.0)	(70.0, 138183.0)	(71.0, 108008.0)	(72.0, 86069.5)	(73.0, 66737.0)	(74.0, 50168.5)	(75.0, 38594.0)	(76.0, 29337.5)	(77.0, 22428.0)	(78.0, 15714.5)	(79.0, 10104.5)	(80.0, 6596.5)	(81.0, 5241.0)	(82.0, 4240.5)	(83.0, 2822.5)	(84.0, 1957.5)	(85.0, 1542.5)	(86.0, 1283.5)	(87.0, 1141.0)	(88.0, 1024.5)	(89.0, 870.0)	(90.0, 803.0)	(91.0, 757.5)	(92.0, 664.0)	(93.0, 603.0)	(94.0, 572.5)	(95.0, 539.0)	(96.0, 540.5)	(97.0, 577.0)	(98.0, 624.0)	(99.0, 860.0)	(100.0, 2694.0)
qc_bundle_trimmed | SRR30333765_1	(0.0, 37.0)	(1.0, 30.5)	(2.0, 24.5)	(3.0, 31.0)	(4.0, 47.5)	(5.0, 52.5)	(6.0, 45.5)	(7.0, 43.0)	(8.0, 47.5)	(9.0, 57.5)	(10.0, 74.0)	(11.0, 101.0)	(12.0, 132.5)	(13.0, 182.5)	(14.0, 300.0)	(15.0, 499.5)	(16.0, 831.5)	(17.0, 1290.0)	(18.0, 1950.0)	(19.0, 3102.0)	(20.0, 5095.5)	(21.0, 8318.0)	(22.0, 12525.5)	(23.0, 18658.0)	(24.0, 27773.0)	(25.0, 40707.5)	(26.0, 58064.0)	(27.0, 80785.0)	(28.0, 110670.5)	(29.0, 150616.0)	(30.0, 197779.0)	(31.0, 248787.0)	(32.0, 311658.5)	(33.0, 386843.5)	(34.0, 467094.0)	(35.0, 543680.0)	(36.0, 636033.0)	(37.0, 736590.5)	(38.0, 813173.5)	(39.0, 882100.5)	(40.0, 946035.0)	(41.0, 1009216.5)	(42.0, 1076406.0)	(43.0, 1143404.0)	(44.0, 1216236.5)	(45.0, 1300585.5)	(46.0, 1376129.0)	(47.0, 1438768.5)	(48.0, 1513707.0)	(49.0, 1583150.5)	(50.0, 1630711.5)	(51.0, 1675879.5)	(52.0, 1718911.0)	(53.0, 1739888.0)	(54.0, 1730181.0)	(55.0, 1700614.5)	(56.0, 1645213.0)	(57.0, 1549602.5)	(58.0, 1433678.0)	(59.0, 1299788.0)	(60.0, 1145562.5)	(61.0, 981937.0)	(62.0, 817997.0)	(63.0, 670255.0)	(64.0, 535315.0)	(65.0, 410941.0)	(66.0, 312278.5)	(67.0, 242307.5)	(68.0, 187418.5)	(69.0, 142325.5)	(70.0, 108960.5)	(71.0, 82536.0)	(72.0, 66308.0)	(73.0, 53665.5)	(74.0, 38251.5)	(75.0, 26786.0)	(76.0, 21099.5)	(77.0, 16302.5)	(78.0, 10356.0)	(79.0, 6095.5)	(80.0, 4140.5)	(81.0, 3299.5)	(82.0, 2688.0)	(83.0, 1573.0)	(84.0, 760.0)	(85.0, 451.0)	(86.0, 264.0)	(87.0, 166.0)	(88.0, 117.5)	(89.0, 85.0)	(90.0, 68.0)	(91.0, 55.5)	(92.0, 45.5)	(93.0, 38.5)	(94.0, 27.5)	(95.0, 17.5)	(96.0, 17.5)	(97.0, 21.0)	(98.0, 18.5)	(99.0, 11.0)	(100.0, 3.5)
qc_bundle_trimmed | SRR30333765_2	(0.0, 74.0)	(1.0, 91.0)	(2.0, 159.0)	(3.0, 285.0)	(4.0, 438.5)	(5.0, 559.0)	(6.0, 683.0)	(7.0, 798.5)	(8.0, 878.5)	(9.0, 980.0)	(10.0, 1112.5)	(11.0, 1244.5)	(12.0, 1381.5)	(13.0, 1522.0)	(14.0, 1686.5)	(15.0, 1916.0)	(16.0, 2301.5)	(17.0, 2820.0)	(18.0, 3479.5)	(19.0, 4564.0)	(20.0, 6612.0)	(21.0, 9601.5)	(22.0, 14010.5)	(23.0, 20332.5)	(24.0, 28976.5)	(25.0, 41042.0)	(26.0, 58578.0)	(27.0, 83395.0)	(28.0, 114064.0)	(29.0, 153866.0)	(30.0, 203907.5)	(31.0, 265642.5)	(32.0, 336382.5)	(33.0, 409148.5)	(34.0, 481090.5)	(35.0, 556235.5)	(36.0, 645487.0)	(37.0, 736111.5)	(38.0, 809575.0)	(39.0, 876811.0)	(40.0, 935609.5)	(41.0, 991882.5)	(42.0, 1061257.5)	(43.0, 1124904.5)	(44.0, 1192935.5)	(45.0, 1283671.0)	(46.0, 1359645.5)	(47.0, 1415475.5)	(48.0, 1482945.5)	(49.0, 1544430.5)	(50.0, 1593135.5)	(51.0, 1641923.0)	(52.0, 1679184.5)	(53.0, 1697913.5)	(54.0, 1689015.0)	(55.0, 1660547.5)	(56.0, 1607110.0)	(57.0, 1520139.0)	(58.0, 1412120.0)	(59.0, 1275427.5)	(60.0, 1123744.5)	(61.0, 980998.5)	(62.0, 838105.0)	(63.0, 687429.0)	(64.0, 551927.0)	(65.0, 440757.0)	(66.0, 350718.5)	(67.0, 282133.0)	(68.0, 224118.5)	(69.0, 177249.5)	(70.0, 142567.0)	(71.0, 114012.5)	(72.0, 92781.0)	(73.0, 73477.5)	(74.0, 56427.5)	(75.0, 43687.0)	(76.0, 33716.0)	(77.0, 26178.0)	(78.0, 18944.0)	(79.0, 12633.0)	(80.0, 8347.5)	(81.0, 6288.0)	(82.0, 4917.0)	(83.0, 3324.5)	(84.0, 2294.0)	(85.0, 1759.5)	(86.0, 1481.0)	(87.0, 1262.0)	(88.0, 1128.5)	(89.0, 1049.0)	(90.0, 947.0)	(91.0, 843.0)	(92.0, 782.5)	(93.0, 749.5)	(94.0, 737.0)	(95.0, 724.0)	(96.0, 714.0)	(97.0, 763.0)	(98.0, 883.0)	(99.0, 1272.0)	(100.0, 3553.5)
qc_bundle_trimmed | SRR30333766_1	(0.0, 38.0)	(1.0, 32.5)	(2.0, 37.0)	(3.0, 48.0)	(4.0, 48.5)	(5.0, 52.5)	(6.0, 58.0)	(7.0, 69.0)	(8.0, 75.5)	(9.0, 81.0)	(10.0, 101.0)	(11.0, 128.5)	(12.0, 178.5)	(13.0, 271.5)	(14.0, 408.0)	(15.0, 622.0)	(16.0, 957.0)	(17.0, 1520.0)	(18.0, 2311.5)	(19.0, 3466.0)	(20.0, 5668.0)	(21.0, 9129.5)	(22.0, 13409.0)	(23.0, 19888.0)	(24.0, 29222.0)	(25.0, 42481.0)	(26.0, 60001.5)	(27.0, 83246.0)	(28.0, 115543.0)	(29.0, 160274.5)	(30.0, 214227.5)	(31.0, 272086.5)	(32.0, 346480.0)	(33.0, 437521.5)	(34.0, 534470.0)	(35.0, 626077.5)	(36.0, 737318.0)	(37.0, 857992.5)	(38.0, 942934.0)	(39.0, 1015251.5)	(40.0, 1079434.0)	(41.0, 1144227.0)	(42.0, 1212889.0)	(43.0, 1281270.0)	(44.0, 1364578.0)	(45.0, 1459443.0)	(46.0, 1538732.5)	(47.0, 1605160.5)	(48.0, 1690202.5)	(49.0, 1764282.0)	(50.0, 1812099.5)	(51.0, 1861414.5)	(52.0, 1906273.0)	(53.0, 1928084.5)	(54.0, 1917400.0)	(55.0, 1884991.0)	(56.0, 1822723.0)	(57.0, 1714146.0)	(58.0, 1585758.0)	(59.0, 1440327.5)	(60.0, 1268682.0)	(61.0, 1083960.0)	(62.0, 903133.0)	(63.0, 741446.5)	(64.0, 592715.0)	(65.0, 454044.0)	(66.0, 343637.5)	(67.0, 264095.0)	(68.0, 200779.5)	(69.0, 151164.0)	(70.0, 115912.0)	(71.0, 87400.5)	(72.0, 69467.5)	(73.0, 56531.0)	(74.0, 40151.5)	(75.0, 27639.5)	(76.0, 21784.5)	(77.0, 16615.0)	(78.0, 10246.0)	(79.0, 5756.5)	(80.0, 3810.0)	(81.0, 3105.5)	(82.0, 2464.5)	(83.0, 1392.5)	(84.0, 641.5)	(85.0, 370.5)	(86.0, 184.0)	(87.0, 104.5)	(88.0, 83.5)	(89.0, 63.5)	(90.0, 42.5)	(91.0, 28.0)	(92.0, 27.0)	(93.0, 25.5)	(94.0, 15.5)	(95.0, 11.0)	(96.0, 9.0)	(97.0, 11.5)	(98.0, 16.0)	(99.0, 11.5)	(100.0, 4.5)
qc_bundle_trimmed | SRR30333766_2	(0.0, 175.0)	(1.0, 201.5)	(2.0, 321.0)	(3.0, 599.5)	(4.0, 864.0)	(5.0, 1107.0)	(6.0, 1351.5)	(7.0, 1526.0)	(8.0, 1740.0)	(9.0, 1999.0)	(10.0, 2202.5)	(11.0, 2319.0)	(12.0, 2523.0)	(13.0, 2705.5)	(14.0, 2921.5)	(15.0, 3211.0)	(16.0, 3602.5)	(17.0, 4221.0)	(18.0, 5017.5)	(19.0, 6196.0)	(20.0, 8361.5)	(21.0, 11481.0)	(22.0, 15889.0)	(23.0, 22235.0)	(24.0, 30656.5)	(25.0, 42436.0)	(26.0, 60253.5)	(27.0, 85968.0)	(28.0, 117601.5)	(29.0, 161436.5)	(30.0, 218900.0)	(31.0, 293725.5)	(32.0, 381728.5)	(33.0, 469114.0)	(34.0, 554431.5)	(35.0, 645201.5)	(36.0, 752411.0)	(37.0, 857271.0)	(38.0, 936396.5)	(39.0, 1006003.5)	(40.0, 1068362.0)	(41.0, 1127067.0)	(42.0, 1197176.5)	(43.0, 1261268.5)	(44.0, 1333442.5)	(45.0, 1436022.0)	(46.0, 1519209.5)	(47.0, 1576687.0)	(48.0, 1650283.0)	(49.0, 1716835.5)	(50.0, 1767318.0)	(51.0, 1818963.5)	(52.0, 1860323.5)	(53.0, 1884691.0)	(54.0, 1876412.5)	(55.0, 1839720.5)	(56.0, 1777997.0)	(57.0, 1680003.0)	(58.0, 1562334.5)	(59.0, 1417333.5)	(60.0, 1249881.0)	(61.0, 1085756.5)	(62.0, 924742.5)	(63.0, 760967.5)	(64.0, 612136.0)	(65.0, 487278.0)	(66.0, 385224.5)	(67.0, 307395.0)	(68.0, 242555.5)	(69.0, 191282.0)	(70.0, 153092.0)	(71.0, 121151.5)	(72.0, 97427.5)	(73.0, 75745.0)	(74.0, 57336.5)	(75.0, 44237.0)	(76.0, 33532.0)	(77.0, 25610.5)	(78.0, 18081.0)	(79.0, 11623.5)	(80.0, 7593.5)	(81.0, 5801.0)	(82.0, 4476.0)	(83.0, 2971.5)	(84.0, 1947.0)	(85.0, 1426.5)	(86.0, 1244.0)	(87.0, 1098.0)	(88.0, 942.0)	(89.0, 846.5)	(90.0, 784.5)	(91.0, 714.5)	(92.0, 667.5)	(93.0, 635.0)	(94.0, 599.5)	(95.0, 593.5)	(96.0, 633.5)	(97.0, 701.0)	(98.0, 814.0)	(99.0, 1175.5)	(100.0, 3720.5)
qc_bundle_trimmed | SRR30333767_1	(0.0, 29.0)	(1.0, 27.0)	(2.0, 28.5)	(3.0, 38.0)	(4.0, 41.0)	(5.0, 40.5)	(6.0, 46.5)	(7.0, 50.0)	(8.0, 48.0)	(9.0, 59.5)	(10.0, 76.5)	(11.0, 114.5)	(12.0, 188.0)	(13.0, 267.5)	(14.0, 356.0)	(15.0, 551.5)	(16.0, 888.5)	(17.0, 1349.0)	(18.0, 2023.5)	(19.0, 3060.0)	(20.0, 5010.5)	(21.0, 8068.0)	(22.0, 11771.5)	(23.0, 17442.0)	(24.0, 25630.5)	(25.0, 37186.0)	(26.0, 52243.5)	(27.0, 71639.0)	(28.0, 98311.5)	(29.0, 135274.5)	(30.0, 180922.5)	(31.0, 230788.0)	(32.0, 295105.5)	(33.0, 374774.0)	(34.0, 461436.0)	(35.0, 544754.5)	(36.0, 645420.5)	(37.0, 757710.5)	(38.0, 843441.5)	(39.0, 919270.5)	(40.0, 985933.0)	(41.0, 1050517.5)	(42.0, 1121330.5)	(43.0, 1193019.0)	(44.0, 1269783.5)	(45.0, 1359255.5)	(46.0, 1441325.5)	(47.0, 1508342.0)	(48.0, 1589854.5)	(49.0, 1663848.5)	(50.0, 1714859.5)	(51.0, 1766568.0)	(52.0, 1813595.0)	(53.0, 1835817.5)	(54.0, 1825795.5)	(55.0, 1796375.5)	(56.0, 1737072.5)	(57.0, 1632742.0)	(58.0, 1512345.0)	(59.0, 1374957.0)	(60.0, 1209909.0)	(61.0, 1032151.5)	(62.0, 861439.5)	(63.0, 710440.5)	(64.0, 566611.0)	(65.0, 431555.5)	(66.0, 325991.5)	(67.0, 249354.0)	(68.0, 189972.5)	(69.0, 144046.5)	(70.0, 110453.0)	(71.0, 83405.0)	(72.0, 65120.0)	(73.0, 51459.0)	(74.0, 36843.0)	(75.0, 25996.5)	(76.0, 19511.5)	(77.0, 14212.5)	(78.0, 9186.0)	(79.0, 5503.0)	(80.0, 3486.5)	(81.0, 2496.5)	(82.0, 1790.5)	(83.0, 1022.5)	(84.0, 498.5)	(85.0, 280.5)	(86.0, 199.5)	(87.0, 135.5)	(88.0, 98.5)	(89.0, 77.0)	(90.0, 53.0)	(91.0, 36.5)	(92.0, 33.5)	(93.0, 32.0)	(94.0, 24.0)	(95.0, 15.0)	(96.0, 17.0)	(97.0, 22.5)	(98.0, 24.0)	(99.0, 16.5)	(100.0, 5.0)
qc_bundle_trimmed | SRR30333767_2	(0.0, 103.0)	(1.0, 129.5)	(2.0, 239.0)	(3.0, 373.0)	(4.0, 519.5)	(5.0, 669.5)	(6.0, 795.5)	(7.0, 918.0)	(8.0, 1013.0)	(9.0, 1131.0)	(10.0, 1284.0)	(11.0, 1446.5)	(12.0, 1618.5)	(13.0, 1796.5)	(14.0, 1982.0)	(15.0, 2200.5)	(16.0, 2559.0)	(17.0, 3050.0)	(18.0, 3731.0)	(19.0, 4863.0)	(20.0, 6785.0)	(21.0, 9529.5)	(22.0, 13511.5)	(23.0, 18902.5)	(24.0, 26104.0)	(25.0, 35977.0)	(26.0, 50854.0)	(27.0, 72906.0)	(28.0, 99410.5)	(29.0, 135752.5)	(30.0, 184505.5)	(31.0, 246859.5)	(32.0, 321001.0)	(33.0, 399763.0)	(34.0, 479048.5)	(35.0, 562830.0)	(36.0, 663669.0)	(37.0, 764493.5)	(38.0, 844094.5)	(39.0, 915958.0)	(40.0, 978405.5)	(41.0, 1038920.5)	(42.0, 1111278.5)	(43.0, 1179059.5)	(44.0, 1250525.0)	(45.0, 1344961.5)	(46.0, 1426952.5)	(47.0, 1487538.5)	(48.0, 1557466.5)	(49.0, 1623542.0)	(50.0, 1678589.5)	(51.0, 1729802.0)	(52.0, 1768720.5)	(53.0, 1792159.0)	(54.0, 1787090.0)	(55.0, 1753723.0)	(56.0, 1693368.0)	(57.0, 1600286.5)	(58.0, 1487627.5)	(59.0, 1345776.0)	(60.0, 1185595.5)	(61.0, 1030706.0)	(62.0, 877973.5)	(63.0, 721661.5)	(64.0, 578589.0)	(65.0, 460199.0)	(66.0, 364338.0)	(67.0, 289919.0)	(68.0, 228155.0)	(69.0, 179451.0)	(70.0, 142229.5)	(71.0, 112637.5)	(72.0, 90738.0)	(73.0, 70877.5)	(74.0, 53851.0)	(75.0, 41100.5)	(76.0, 31082.0)	(77.0, 23228.0)	(78.0, 16473.5)	(79.0, 11290.0)	(80.0, 7547.0)	(81.0, 5374.5)	(82.0, 4040.0)	(83.0, 2844.0)	(84.0, 2052.5)	(85.0, 1675.0)	(86.0, 1503.0)	(87.0, 1331.5)	(88.0, 1238.5)	(89.0, 1096.0)	(90.0, 981.0)	(91.0, 907.0)	(92.0, 860.0)	(93.0, 817.0)	(94.0, 786.0)	(95.0, 767.5)	(96.0, 762.0)	(97.0, 801.0)	(98.0, 902.5)	(99.0, 1296.5)	(100.0, 3934.5)
qc_bundle_trimmed | SRR30333768_1	(0.0, 52.0)	(1.0, 37.0)	(2.0, 26.0)	(3.0, 29.0)	(4.0, 42.0)	(5.0, 48.0)	(6.0, 42.5)	(7.0, 47.0)	(8.0, 51.5)	(9.0, 54.0)	(10.0, 71.5)	(11.0, 116.0)	(12.0, 154.0)	(13.0, 203.5)	(14.0, 316.5)	(15.0, 483.0)	(16.0, 778.5)	(17.0, 1216.0)	(18.0, 1794.5)	(19.0, 2685.5)	(20.0, 4250.0)	(21.0, 6812.5)	(22.0, 9981.0)	(23.0, 14385.5)	(24.0, 21005.5)	(25.0, 30095.5)	(26.0, 41236.0)	(27.0, 57021.0)	(28.0, 78592.0)	(29.0, 110598.0)	(30.0, 153280.0)	(31.0, 200097.5)	(32.0, 262831.0)	(33.0, 344237.0)	(34.0, 437670.5)	(35.0, 529542.5)	(36.0, 640847.0)	(37.0, 763270.5)	(38.0, 852382.5)	(39.0, 925502.5)	(40.0, 989566.0)	(41.0, 1053973.0)	(42.0, 1123524.5)	(43.0, 1195982.5)	(44.0, 1280141.0)	(45.0, 1371332.0)	(46.0, 1444108.0)	(47.0, 1508212.0)	(48.0, 1589718.5)	(49.0, 1661054.0)	(50.0, 1708349.0)	(51.0, 1756473.0)	(52.0, 1801230.5)	(53.0, 1817882.0)	(54.0, 1801616.5)	(55.0, 1768035.5)	(56.0, 1703915.0)	(57.0, 1597897.0)	(58.0, 1476932.0)	(59.0, 1339918.0)	(60.0, 1177753.5)	(61.0, 1002714.5)	(62.0, 833356.0)	(63.0, 684816.0)	(64.0, 547201.0)	(65.0, 416729.0)	(66.0, 315472.0)	(67.0, 244695.5)	(68.0, 188091.0)	(69.0, 142257.5)	(70.0, 109488.5)	(71.0, 83771.5)	(72.0, 68863.5)	(73.0, 56941.5)	(74.0, 40587.5)	(75.0, 28729.5)	(76.0, 23402.5)	(77.0, 17974.5)	(78.0, 10827.5)	(79.0, 5951.5)	(80.0, 4090.0)	(81.0, 3426.0)	(82.0, 2685.0)	(83.0, 1520.5)	(84.0, 707.0)	(85.0, 393.0)	(86.0, 258.5)	(87.0, 187.5)	(88.0, 147.5)	(89.0, 112.5)	(90.0, 92.5)	(91.0, 74.0)	(92.0, 54.5)	(93.0, 46.0)	(94.0, 40.5)	(95.0, 27.5)	(96.0, 24.0)	(97.0, 23.5)	(98.0, 25.5)	(99.0, 20.0)	(100.0, 4.5)
qc_bundle_trimmed | SRR30333768_2	(0.0, 45.0)	(1.0, 87.5)	(2.0, 215.5)	(3.0, 374.0)	(4.0, 518.5)	(5.0, 680.5)	(6.0, 845.0)	(7.0, 953.5)	(8.0, 1048.5)	(9.0, 1177.0)	(10.0, 1291.0)	(11.0, 1420.5)	(12.0, 1579.5)	(13.0, 1689.0)	(14.0, 1843.0)	(15.0, 2074.0)	(16.0, 2401.0)	(17.0, 2836.5)	(18.0, 3394.5)	(19.0, 4249.0)	(20.0, 5877.5)	(21.0, 8111.0)	(22.0, 10972.0)	(23.0, 15060.5)	(24.0, 20635.0)	(25.0, 28356.5)	(26.0, 39982.0)	(27.0, 57015.0)	(28.0, 79070.0)	(29.0, 111731.5)	(30.0, 158348.0)	(31.0, 220018.0)	(32.0, 297021.0)	(33.0, 382336.0)	(34.0, 465440.0)	(35.0, 555095.0)	(36.0, 666988.0)	(37.0, 775766.5)	(38.0, 857918.0)	(39.0, 929483.0)	(40.0, 990959.0)	(41.0, 1047624.5)	(42.0, 1114558.5)	(43.0, 1178290.0)	(44.0, 1252035.0)	(45.0, 1350848.5)	(46.0, 1426196.5)	(47.0, 1479652.0)	(48.0, 1549228.0)	(49.0, 1611490.0)	(50.0, 1659349.0)	(51.0, 1709171.5)	(52.0, 1747356.0)	(53.0, 1768918.5)	(54.0, 1763088.0)	(55.0, 1724683.0)	(56.0, 1655800.0)	(57.0, 1559130.5)	(58.0, 1449107.5)	(59.0, 1314158.0)	(60.0, 1156942.5)	(61.0, 1002754.5)	(62.0, 853023.5)	(63.0, 700310.0)	(64.0, 561432.0)	(65.0, 445852.5)	(66.0, 353895.0)	(67.0, 283273.0)	(68.0, 224197.5)	(69.0, 178508.0)	(70.0, 144793.0)	(71.0, 115739.0)	(72.0, 94241.5)	(73.0, 74079.5)	(74.0, 56827.0)	(75.0, 44681.0)	(76.0, 34364.5)	(77.0, 26203.0)	(78.0, 18656.0)	(79.0, 12363.5)	(80.0, 8156.0)	(81.0, 6270.0)	(82.0, 5011.5)	(83.0, 3583.5)	(84.0, 2528.0)	(85.0, 1962.0)	(86.0, 1712.0)	(87.0, 1545.5)	(88.0, 1399.0)	(89.0, 1262.5)	(90.0, 1155.5)	(91.0, 1043.5)	(92.0, 949.0)	(93.0, 904.0)	(94.0, 852.5)	(95.0, 823.0)	(96.0, 836.5)	(97.0, 850.0)	(98.0, 968.5)	(99.0, 1301.0)	(100.0, 3143.0)
