Sample	0	1	2	3	4	5	6	7	8	9	10	11	12	13	14	15	16	17	18	19	20	21	22	23	24	25	26	27	28	29	30	31	32	33	34	35	36	37
fastp | SRR30333743_1	(1, 0.0022258248449952287)	(2, 0.06881491288618706)	(3, 0.2697683209262336)	(4, 0.08691443762204261)	(5, 0.0032139342988902375)	(6, 0.0019370245870718441)	(7, 0.07737990339260058)	(8, 0.03907673775601911)	(9, 0.0)	(10, 0.11326828630114552)	(15, 4.125717970334066e-07)	(20, 0.052847146625603116)	(25, 0.008035248319022626)	(30, 0.0090586463182416)	(35, 0.09271404117555468)	(40, 0.1046458382030229)	(45, 0.004819302600624269)	(50, 0.018673503415715834)	(55, 0.040971086076103266)	(60, 0.031520911333755924)	(65, 0.025779365321522262)	(70, 0.029435085983634125)	(75, 0.01970060170892906)	(80, 0.0053827128349781634)	(85, 0.02292919217422092)	(90, 0.022501715098738877)	(95, 0.042210900005463965)	(100, 0.10267132211574964)	(105, 0.009414278021278933)	(110, 0.02219470834196041)	(115, 0.041602538817184884)	(120, 0.0847066320589544)	(125, 0.012937046396560955)	(130, 0.06798091324599663)	(135, 0.07601588148052293)	(140, 0.03336908658108812)	(145, 0.0010566573554346885)	(150, 0.001486881195092557)
fastp | SRR30333743_2	(1, 0.0683115752938063)	(2, 0.04192142029656445)	(3, 0.00015884014185786155)	(4, 0.0010046123257763451)	(5, 0.04627198989628172)	(6, 4.125717970334066e-06)	(7, 0.06894487300225258)	(8, 0.08154894140162315)	(9, 3.5068602747839565e-05)	(10, 0.07626430925342224)	(15, 0.03962133252810321)	(20, 0.07836677513110449)	(25, 0.023134550946851243)	(30, 0.025813459717818857)	(35, 0.021333684562150387)	(40, 0.03461973385833498)	(45, 0.03563307967941551)	(50, 0.11980080394950376)	(55, 0.021985014554608457)	(60, 0.012459471374807084)	(65, 0.0117919098957712)	(70, 0.016681381656011268)	(75, 0.055846619887250634)	(80, 0.07596950432102367)	(85, 0.05307926368691466)	(90, 0.008509185879657098)	(95, 0.004129241791091603)	(100, 0.06821864788405978)	(105, 0.008447078613573047)	(110, 0.027306501814183495)	(115, 0.012699021863990054)	(120, 0.028794058842894932)	(125, 0.009275195591871756)	(130, 0.06821201709935454)	(135, 0.038825603200697806)	(140, 0.06461485497191544)	(145, 0.046187027049051116)	(150, 1.0991063358726628e-05)
fastp | SRR30333744_1	(1, 0.0013749127452598162)	(2, 0.09084064575359346)	(3, 0.3408475260556868)	(4, 0.10827610019932563)	(5, 0.0023665025715573795)	(6, 0.0014690219648852794)	(7, 0.10118806921875416)	(8, 0.04984575154601364)	(9, 0.0)	(10, 0.14315756768616256)	(15, 0.0)	(20, 0.06749191882983403)	(25, 0.010491571245465054)	(30, 0.011422263360712948)	(35, 0.1164437208378222)	(40, 0.1312441754706254)	(45, 0.005932623338662804)	(50, 0.022161011898205886)	(55, 0.051735576226918545)	(60, 0.03965397241834054)	(65, 0.03322703426853924)	(70, 0.036883464439139535)	(75, 0.025936842277108567)	(80, 0.006809304660384845)	(85, 0.028067551040153144)	(90, 0.028226381367370598)	(95, 0.052975739644199445)	(100, 0.12734211495115683)	(105, 0.012028659174726102)	(110, 0.027788650204490513)	(115, 0.051275959568655056)	(120, 0.10662004941562839)	(125, 0.01693100719426475)	(130, 0.08549372762807975)	(135, 0.09627330375156153)	(140, 0.04200822477692747)	(145, 0.0008250797029259729)	(150, 0.0008461768268286793)
fastp | SRR30333744_2	(1, 0.0589284389132809)	(2, 0.04200714215525859)	(3, 0.00020887656063212564)	(4, 0.0007873039593057044)	(5, 0.05628649472330753)	(6, 2.295346820133249e-06)	(7, 0.08687199110158307)	(8, 0.10139465043256615)	(9, 2.295346820133249e-05)	(10, 0.09479461018595499)	(15, 0.04155633603978442)	(20, 0.09713356859567078)	(25, 0.029191302719726607)	(30, 0.03262920686875379)	(35, 0.02598353100668617)	(40, 0.04380714928782572)	(45, 0.04436839856334242)	(50, 0.14951627529336062)	(55, 0.02754993029429897)	(60, 0.015465246740465306)	(65, 0.015360006904119797)	(70, 0.015465049952892294)	(75, 0.06955031143123577)	(80, 0.09605647530233791)	(85, 0.06663952867955159)	(90, 0.010679895183387777)	(95, 0.005377916373507347)	(100, 0.08548950571140743)	(105, 0.010723729827510048)	(110, 0.03349178033179029)	(115, 0.01631276729245273)	(120, 0.035803947889163544)	(125, 0.011505681862547744)	(130, 0.08600661385041199)	(135, 0.04930935388973426)	(140, 0.08314140572274005)	(145, 0.05807557968476434)	(150, 7.281176438122754e-06)
fastp | SRR30333745_1	(1, 0.0020471589356607723)	(2, 0.07233294906001393)	(3, 0.28168863490595925)	(4, 0.08990982960313955)	(5, 0.0030598723794165255)	(6, 0.001940671899729373)	(7, 0.08200805689606676)	(8, 0.040756283099131756)	(9, 0.0)	(10, 0.11808151825999488)	(15, 0.0)	(20, 0.05510725841498046)	(25, 0.008316854826723752)	(30, 0.00962699461970572)	(35, 0.09602017620790321)	(40, 0.10921394288744248)	(45, 0.0050338635602939314)	(50, 0.0191933368057628)	(55, 0.04279370016056944)	(60, 0.03307334782121039)	(65, 0.02652057255452772)	(70, 0.030521190871100726)	(75, 0.020319593545110325)	(80, 0.0056747147400948075)	(85, 0.023728543703228296)	(90, 0.023256114296439815)	(95, 0.04404744796716333)	(100, 0.10669387249038322)	(105, 0.00990856161983565)	(110, 0.02331191360124048)	(115, 0.043123496740575355)	(120, 0.08741435906646781)	(125, 0.013873880309509366)	(130, 0.0706203337383392)	(135, 0.07945533519232535)	(140, 0.03474696869252926)	(145, 0.0011013264114771001)	(150, 0.0012739298683256514)
fastp | SRR30333745_2	(1, 0.06820168670683865)	(2, 0.041942852928081635)	(3, 0.00015212433704485566)	(4, 0.001049657925609504)	(5, 0.048047385253210194)	(6, 4.346409629853019e-06)	(7, 0.07175922298887334)	(8, 0.08546127934698498)	(9, 4.998371074330972e-05)	(10, 0.07937630586519076)	(15, 0.04012170729317322)	(20, 0.08128003328306638)	(25, 0.02405259625064362)	(30, 0.0268750317889222)	(35, 0.02190233079216077)	(40, 0.03614829592666452)	(45, 0.037057183464807034)	(50, 0.12467684324082003)	(55, 0.02291699018907775)	(60, 0.012917854074676854)	(65, 0.012434267644850604)	(70, 0.016744133251971143)	(75, 0.0579577854845733)	(80, 0.07885320502005286)	(85, 0.05532728436450746)	(90, 0.008814132962303085)	(95, 0.00437297679795709)	(100, 0.07146139940051635)	(105, 0.008999904387364116)	(110, 0.028065785138967222)	(115, 0.013190844314454398)	(120, 0.03005963435882075)	(125, 0.009614131450173933)	(130, 0.07083519419995311)	(135, 0.04062251653752972)	(140, 0.06800392371733158)	(145, 0.04795676522284042)	(150, 7.999565250293865e-06)
fastp | SRR30333746_1	(1, 0.0014722339237104927)	(2, 0.08462059911257633)	(3, 0.3321384066335892)	(4, 0.10492769348177312)	(5, 0.0026037856171408713)	(6, 0.0016523088168585531)	(7, 0.09821138665625087)	(8, 0.04702388155666374)	(9, 0.0)	(10, 0.138542809143512)	(15, 4.866889004001629e-07)	(20, 0.06454760210447201)	(25, 0.009814568365469685)	(30, 0.011133145789996905)	(35, 0.11289486017712388)	(40, 0.12764973874740299)	(45, 0.005647490095262042)	(50, 0.022132009134251732)	(55, 0.05000140600165344)	(60, 0.038815685018911555)	(65, 0.03128013733520565)	(70, 0.0361742714678356)	(75, 0.0237973368832266)	(80, 0.006532304672948916)	(85, 0.027644350634888473)	(90, 0.027391271155370916)	(95, 0.05180290579209386)	(100, 0.12445975103706167)	(105, 0.011482281277686983)	(110, 0.026994957178211043)	(115, 0.04984497995544656)	(120, 0.10414706182067296)	(125, 0.01624654838565609)	(130, 0.08371151954110284)	(135, 0.09420785736231589)	(140, 0.040231518871018376)	(145, 0.000884793190050258)	(150, 0.0010809743735084455)
fastp | SRR30333746_2	(1, 0.06103565499918443)	(2, 0.04198421799302005)	(3, 0.00020927622717207008)	(4, 0.0008468386866962834)	(5, 0.05667978934060298)	(6, 4.866889004001629e-06)	(7, 0.08488341111879241)	(8, 0.09970795502498137)	(9, 3.650166753001222e-05)	(10, 0.09296196017653471)	(15, 0.042014879393745264)	(20, 0.09608066265029896)	(25, 0.02842311847226991)	(30, 0.031486187470845195)	(35, 0.025763609351764312)	(40, 0.042763649932747616)	(45, 0.043198599134898416)	(50, 0.14641180955601252)	(55, 0.026823948169405434)	(60, 0.015130891433782476)	(65, 0.014827840138275462)	(70, 0.01634518321541317)	(75, 0.06845381865029403)	(80, 0.09335230176625003)	(85, 0.0647194231009101)	(90, 0.010384106891914352)	(95, 0.005057917947250781)	(100, 0.08422456668961208)	(105, 0.010432446754616544)	(110, 0.032946466302292754)	(115, 0.015984580641458197)	(120, 0.03500796525051067)	(125, 0.011349178345868212)	(130, 0.08339743643155674)	(135, 0.04776779690815646)	(140, 0.08066723383662697)	(145, 0.05612841812659257)	(150, 5.2570005636556e-06)
fastp | SRR30333747_1	(1, 0.0013657450602139291)	(2, 0.10270908684312531)	(3, 0.41071747696911226)	(4, 0.12981659713085292)	(5, 0.0016338357572188856)	(6, 0.0015908400793973362)	(7, 0.11677626096332878)	(8, 0.05895972008093911)	(9, 0.0)	(10, 0.17190177824559322)	(15, 0.006675458355423417)	(20, 0.08148945525943112)	(25, 0.012383261044110076)	(30, 0.01332125377789189)	(35, 0.14216100480077878)	(40, 0.15830676230857743)	(45, 0.00696833981110607)	(50, 0.03731091667809113)	(55, 0.07216287355225898)	(60, 0.04990485614561322)	(65, 0.0505303124152542)	(70, 0.047577710472387576)	(75, 0.030768460190804967)	(80, 0.00969316204788982)	(85, 0.04426150055882255)	(90, 0.03853687487323104)	(95, 0.06365027581503044)	(100, 0.1629268864083335)	(105, 0.014417319991412625)	(110, 0.04058991867732882)	(115, 0.07415370816838747)	(120, 0.13459101771012302)	(125, 0.022661555555919272)	(130, 0.10763489462835933)	(135, 0.11891739400110911)	(140, 0.06086417572843388)	(145, 0.004017053571259684)	(150, 0.0005746898094016415)
fastp | SRR30333747_2	(1, 0.04833978765901635)	(2, 0.06104627503404372)	(3, 0.031063112647310147)	(4, 0.00920107505381162)	(5, 0.06933685338104606)	(6, 0.00026809069700495653)	(7, 0.10400401549280963)	(8, 0.12392113095426277)	(9, 4.046652030263494e-05)	(10, 0.12510022418958078)	(15, 0.04669634110322559)	(20, 0.1324256760273653)	(25, 0.03798086429304559)	(30, 0.04294513300084776)	(35, 0.0353760507429689)	(40, 0.06003741641681349)	(45, 0.05777857165777918)	(50, 0.1896024452136567)	(55, 0.03887755022956289)	(60, 0.023506807546419366)	(65, 0.024927816276536435)	(70, 0.01703271133152309)	(75, 0.08659698918154315)	(80, 0.12251789112169749)	(85, 0.08571436304604806)	(90, 0.01475609015038739)	(95, 0.011560390642460483)	(100, 0.10634992625190116)	(105, 0.016499452499854503)	(110, 0.05279608714447792)	(115, 0.024705166169738273)	(120, 0.04636628738052939)	(125, 0.024158227781234547)	(130, 0.10862907344126749)	(135, 0.06365388792490757)	(140, 0.10941516599454462)	(145, 0.07550928244734965)	(150, 4.5024570500550705e-05)
fastp | SRR30333748_1	(1, 0.001999171445693142)	(2, 0.07297213584644245)	(3, 0.28712128839988615)	(4, 0.09131504911104962)	(5, 0.002990037546849536)	(6, 0.0018089251542711142)	(7, 0.08198822467408472)	(8, 0.0407428286937891)	(9, 0.0)	(10, 0.12025404665355902)	(15, 6.341543047400925e-07)	(20, 0.05624599898177014)	(25, 0.008645742713674052)	(30, 0.009673494388200057)	(35, 0.09715671105171256)	(40, 0.11097604584585812)	(45, 0.005174310578778704)	(50, 0.019773320345869753)	(55, 0.04335598546311035)	(60, 0.03363175771807113)	(65, 0.02700016272568494)	(70, 0.032314289478506314)	(75, 0.020680373568915198)	(80, 0.0056924576876794825)	(85, 0.024188330281558902)	(90, 0.02371827095607238)	(95, 0.0447879565203065)	(100, 0.10852939657082675)	(105, 0.009987426389294828)	(110, 0.02347496850173747)	(115, 0.044446450533524744)	(120, 0.08998671591107066)	(125, 0.014221615561512711)	(130, 0.07287999895914797)	(135, 0.0812813910371705)	(140, 0.03487513880103248)	(145, 0.0010441685496977706)	(150, 0.001302177822354017)
fastp | SRR30333748_2	(1, 0.06582521683202161)	(2, 0.041421373799860994)	(3, 0.00014744087585207152)	(4, 0.0010162322733459983)	(5, 0.04875695371994202)	(6, 0.0)	(7, 0.07305933206334422)	(8, 0.08595961600751956)	(9, 4.756157285550694e-05)	(10, 0.08073957484805148)	(15, 0.04037089719405903)	(20, 0.08416147147642901)	(25, 0.02439876979772269)	(30, 0.02740654647949761)	(35, 0.023201636314514076)	(40, 0.03662666836764057)	(45, 0.037610473590112894)	(50, 0.1263646627875294)	(55, 0.023565302789671016)	(60, 0.01324069811423611)	(65, 0.012316978602967911)	(70, 0.01633195533256057)	(75, 0.06008118054721999)	(80, 0.08026108469467906)	(85, 0.05632053388230458)	(90, 0.009008594613135036)	(95, 0.004454558940310187)	(100, 0.0727722020641309)	(105, 0.009047119342125435)	(110, 0.02889318049495052)	(115, 0.013587607005053766)	(120, 0.03041676632876811)	(125, 0.009900313337913946)	(130, 0.07228703316202434)	(135, 0.04110197198781871)	(140, 0.068593068072202)	(145, 0.048752859718882165)	(150, 6.891750692958641e-06)
fastp | SRR30333749_1	(1, 0.0057515680132493845)	(2, 0.06488263976735884)	(3, 0.22123126813156183)	(4, 0.07730084194598238)	(5, 0.0018107862968050532)	(6, 0.0010911148198697116)	(7, 0.06374896373111123)	(8, 0.031388897078698706)	(9, 0.0)	(10, 0.09612528102977713)	(15, 0.0008465812857712514)	(20, 0.04309129698187581)	(25, 0.0066530919601630115)	(30, 0.013423513279450306)	(35, 0.0752613876122504)	(40, 0.08476666711566301)	(45, 0.0038911967067233023)	(50, 0.015398924157656882)	(55, 0.03957591513985354)	(60, 0.025863975565618872)	(65, 0.020726518232476936)	(70, 0.023691981985141317)	(75, 0.016105227678973568)	(80, 0.004243687028704788)	(85, 0.018731200429496064)	(90, 0.028969352365385358)	(95, 0.03401079602544123)	(100, 0.08334721767466514)	(105, 0.007634316518787578)	(110, 0.017940980274567885)	(115, 0.0338066497011474)	(120, 0.0689187275220518)	(125, 0.011134785235010982)	(130, 0.055527944652710944)	(135, 0.062297856559313226)	(140, 0.026568208726234117)	(145, 0.0006373490543270025)	(150, 0.0007591177330041293)
fastp | SRR30333749_2	(1, 0.14268841250764264)	(2, 0.03949100499645465)	(3, 0.00013735665285593887)	(4, 0.05551336836198826)	(5, 0.03714433429343699)	(6, 1.9346007444498433e-06)	(7, 0.05588674630566707)	(8, 0.06641290895621867)	(9, 0.0074772318772986434)	(10, 0.06529780508711779)	(15, 0.057717265530065516)	(20, 0.06339338411428136)	(25, 0.020414680895732527)	(30, 0.02855724585015599)	(35, 0.017664389788526275)	(40, 0.033813138186125545)	(45, 0.02910517935660433)	(50, 0.09790521711652558)	(55, 0.018282919420630452)	(60, 0.01010813445914122)	(65, 0.009567006145345296)	(70, 0.011149368296140721)	(75, 0.04497300405677017)	(80, 0.06162954768355285)	(85, 0.04319258745689341)	(90, 0.007008572975759176)	(95, 0.003654758433035904)	(100, 0.05603422591215627)	(105, 0.0067410974247191936)	(110, 0.022261560915940927)	(115, 0.010596924809409658)	(120, 0.02318287188697919)	(125, 0.01965579835917549)	(130, 0.055406144783636674)	(135, 0.03707360319576026)	(140, 0.053747196715867585)	(145, 0.04234965882918448)	(150, 2.3196190035065215e-05)
fastp | SRR30333750_1	(1, 0.0018580837043313573)	(2, 0.07336627071889007)	(3, 0.2907059929212618)	(4, 0.09155654282123077)	(5, 0.002799693240241213)	(6, 0.0016686017032653084)	(7, 0.08258515011769539)	(8, 0.04195672880748227)	(9, 0.0)	(10, 0.12139145063398357)	(15, 0.0)	(20, 0.05698187809609723)	(25, 0.008877038400963714)	(30, 0.00981027658278395)	(35, 0.09850184245977904)	(40, 0.11199603197349368)	(45, 0.005100843186207401)	(50, 0.019807679235094994)	(55, 0.04372735912965585)	(60, 0.03371622993818319)	(65, 0.02761200953948202)	(70, 0.0314517915109411)	(75, 0.02102245164798045)	(80, 0.005701051965002294)	(85, 0.024506992169752845)	(90, 0.02396468934436106)	(95, 0.045025895152553716)	(100, 0.10957597262504531)	(105, 0.010098368466161403)	(110, 0.02368282553837795)	(115, 0.044675911411675706)	(120, 0.09211369301042506)	(125, 0.014189821776181655)	(130, 0.0730548873468477)	(135, 0.08308915210966118)	(140, 0.035242691671350496)	(145, 0.001018794188702222)	(150, 0.0012703105768815475)
fastp | SRR30333750_2	(1, 0.06493625516125769)	(2, 0.04068062553499663)	(3, 0.0001624131437708991)	(4, 0.000976412352432191)	(5, 0.0499285072809039)	(6, 0.0)	(7, 0.073832241762328)	(8, 0.08664741220177466)	(9, 5.4137714590299694e-05)	(10, 0.0817065723494871)	(15, 0.04028232663479657)	(20, 0.0836667443156173)	(25, 0.024663209277533748)	(30, 0.02769332331623954)	(35, 0.022483889420581906)	(40, 0.036967168863124206)	(45, 0.03816239665050497)	(50, 0.127871874835971)	(55, 0.023870549586678856)	(60, 0.013160290292735804)	(65, 0.012483721502057897)	(70, 0.01636596742391446)	(75, 0.05958630451571609)	(80, 0.08072696757246492)	(85, 0.056956740432006235)	(90, 0.009108744523672161)	(95, 0.004542410176373407)	(100, 0.07318631929937028)	(105, 0.00906887904438925)	(110, 0.029322607643119693)	(115, 0.013602155671085081)	(120, 0.03077240115723662)	(125, 0.010037813027243027)	(130, 0.07324388016941444)	(135, 0.04149813432620959)	(140, 0.06938970685864018)	(145, 0.049359287722302476)	(150, 9.037551224162522e-06)
fastp | SRR30333751_1	(1, 0.0019865560427175704)	(2, 0.07756352022290691)	(3, 0.3023321513854378)	(4, 0.09652083395510544)	(5, 0.0029975878574966916)	(6, 0.0018557386175150966)	(7, 0.08638061468155367)	(8, 0.043797673957788316)	(9, 0.0)	(10, 0.126319548359941)	(15, 0.0)	(20, 0.06001268069367098)	(25, 0.009214405667190267)	(30, 0.010194546902288342)	(35, 0.10260325357431199)	(40, 0.1156613129252508)	(45, 0.0053437104193704375)	(50, 0.020540559858730507)	(55, 0.045357916457697635)	(60, 0.03495123006245303)	(65, 0.02949844860309789)	(70, 0.032627665789810835)	(75, 0.023010187005864487)	(80, 0.005992738249660273)	(85, 0.025227531205648832)	(90, 0.02482987527312079)	(95, 0.04667381672162302)	(100, 0.11356282089067299)	(105, 0.010458180768529241)	(110, 0.024639606202478355)	(115, 0.045951471936050654)	(120, 0.09372510645892257)	(125, 0.014652789531468344)	(130, 0.07561013030768765)	(135, 0.08475300409802082)	(140, 0.03676439590492465)	(145, 0.0011040636920362343)	(150, 0.0012542125042142816)
fastp | SRR30333751_2	(1, 0.0670831756438287)	(2, 0.04248763088540354)	(3, 0.00017753793420335765)	(4, 0.001039064120179651)	(5, 0.05042824859519372)	(6, 3.7376407200706878e-06)	(7, 0.0756012588448698)	(8, 0.09135167683924768)	(9, 5.793343116109565e-05)	(10, 0.0840509432207336)	(15, 0.04116151595792246)	(20, 0.08702124630097378)	(25, 0.025463798697697583)	(30, 0.028792505996143188)	(35, 0.023393727638683894)	(40, 0.038224164825251504)	(45, 0.0397767058619806)	(50, 0.13238378465981018)	(55, 0.0246860910478943)	(60, 0.013750870617168962)	(65, 0.013425952924510652)	(70, 0.01621488911890895)	(75, 0.061613585372695664)	(80, 0.0839871875079617)	(85, 0.05852745698017855)	(90, 0.009484335619987797)	(95, 0.004717713778813331)	(100, 0.07608952515491044)	(105, 0.009476112896406224)	(110, 0.03015037653273907)	(115, 0.014338255706356384)	(120, 0.031560554752649364)	(125, 0.010391252308525714)	(130, 0.0759907665111638)	(135, 0.04275327090593502)	(140, 0.07217338565129464)	(145, 0.050860291306073134)	(150, 1.0958854669641948e-05)
fastp | SRR30333752_1	(1, 0.0019219521116550353)	(2, 0.07351162995445877)	(3, 0.29458473585632927)	(4, 0.09305581687487496)	(5, 0.00285775354632718)	(6, 0.0015521456077864514)	(7, 0.08415789043202757)	(8, 0.04177598167176465)	(9, 0.0)	(10, 0.12371399137211911)	(15, 0.0)	(20, 0.05885062506587721)	(25, 0.008884384232846565)	(30, 0.00992379357137076)	(35, 0.10058225577949749)	(40, 0.11454740355774505)	(45, 0.005260371945500921)	(50, 0.01997790118652553)	(55, 0.0445230341709463)	(60, 0.03437068491734006)	(65, 0.028915396362454496)	(70, 0.0320532014108225)	(75, 0.022239915503440757)	(80, 0.005706933304976291)	(85, 0.024882964858499366)	(90, 0.024450869079174337)	(95, 0.04613279124205618)	(100, 0.1108221726085806)	(105, 0.010361104855149525)	(110, 0.02421325752150592)	(115, 0.04533739995077762)	(120, 0.09393608442580444)	(125, 0.014613682898408555)	(130, 0.07452750877551152)	(135, 0.08425943233962072)	(140, 0.03592641681948549)	(145, 0.0010484234797726664)	(150, 0.0012526721820529795)
fastp | SRR30333752_2	(1, 0.06270216848457236)	(2, 0.04094782344479134)	(3, 0.0001545200884709107)	(4, 0.001038236100062973)	(5, 0.0495801142299303)	(6, 5.208542308008226e-06)	(7, 0.07511759716609463)	(8, 0.088220553432274)	(9, 3.993215769472973e-05)	(10, 0.08286026892502579)	(15, 0.04034397977321624)	(20, 0.08543571947825893)	(25, 0.025396157821540376)	(30, 0.028045906142538886)	(35, 0.022968201745133282)	(40, 0.03774519551467743)	(45, 0.03854353782731911)	(50, 0.1301395107941082)	(55, 0.024337544933500047)	(60, 0.013506222445747252)	(65, 0.012543509023079828)	(70, 0.01620433227763937)	(75, 0.06118894314516341)	(80, 0.08250312603074862)	(85, 0.0580022637061426)	(90, 0.00911615810805846)	(95, 0.004574649087909889)	(100, 0.07445983138973167)	(105, 0.009064862363112894)	(110, 0.029694645026710834)	(115, 0.013898094580624434)	(120, 0.031167299005515438)	(125, 0.010330139811075325)	(130, 0.07419498028881508)	(135, 0.0422380589992136)	(140, 0.07095124092805175)	(145, 0.05008523261541125)	(150, 1.0770358508615534e-05)
fastp | SRR30333753_1	(1, 0.00135513780054295)	(2, 0.10213933316008826)	(3, 0.4118564631870259)	(4, 0.13150750928912247)	(5, 0.0016611366587300678)	(6, 0.0015248514529828641)	(7, 0.1177092750619622)	(8, 0.0597829197814479)	(9, 0.0)	(10, 0.1730580399605709)	(15, 0.006243405274607747)	(20, 0.08189455155918761)	(25, 0.012307325504665404)	(30, 0.013544396754137981)	(35, 0.14446370760938115)	(40, 0.15968923820319597)	(45, 0.007062850342667619)	(50, 0.03697228626592671)	(55, 0.07210937079958715)	(60, 0.05009954102480784)	(65, 0.05061261217282878)	(70, 0.047401363756627755)	(75, 0.030268742172918483)	(80, 0.009599062938961034)	(85, 0.044483743303968)	(90, 0.03915860275906602)	(95, 0.06426612956888707)	(100, 0.1649269766236084)	(105, 0.014854918700823599)	(110, 0.04067072434009927)	(115, 0.07401757190545137)	(120, 0.13561662182929762)	(125, 0.022310856703270668)	(130, 0.10862750020403926)	(135, 0.12073125827342147)	(140, 0.06162332169681256)	(145, 0.0038366632094621123)	(150, 0.000511425088960919)
fastp | SRR30333753_2	(1, 0.04708268145719433)	(2, 0.05982149106609334)	(3, 0.0300521735767466)	(4, 0.008768538709395559)	(5, 0.069811453789261)	(6, 0.0002648561545653204)	(7, 0.10473132348826149)	(8, 0.1241532510167262)	(9, 5.657121747997135e-05)	(10, 0.12557781712963093)	(15, 0.047110452782139045)	(20, 0.1321796782095436)	(25, 0.038397456722632915)	(30, 0.042854312273866)	(35, 0.03499700591058201)	(40, 0.06001505885885357)	(45, 0.0582263589441048)	(50, 0.1913529449019807)	(55, 0.038912976414422644)	(60, 0.02361308151921102)	(65, 0.0247104245507276)	(70, 0.016078640026718344)	(75, 0.08730335430578447)	(80, 0.12384142667441851)	(85, 0.0859876680392331)	(90, 0.014730453997562638)	(95, 0.011369486046550966)	(100, 0.10711548575216845)	(105, 0.016553178161645418)	(110, 0.0530576624195905)	(115, 0.024798100477823735)	(120, 0.04632187014662989)	(125, 0.0237253404702144)	(130, 0.11007644442007727)	(135, 0.06433820772040708)	(140, 0.11015783154607921)	(145, 0.07660114236181133)	(150, 3.611091131563966e-05)
fastp | SRR30333754_1	(1, 0.0015174648842550076)	(2, 0.09066903879944732)	(3, 0.35242456382048754)	(4, 0.11218181694937829)	(5, 0.002545491027164608)	(6, 0.0016055229004803319)	(7, 0.10136706384040299)	(8, 0.050920059847504404)	(9, 0.0)	(10, 0.14654246445266833)	(15, 4.095721684898806e-07)	(20, 0.06960883789569766)	(25, 0.01052846216320087)	(30, 0.011674233661390235)	(35, 0.11952328821957309)	(40, 0.13409440034386114)	(45, 0.00604018247063806)	(50, 0.023413549458220217)	(55, 0.05262587575432973)	(60, 0.040279198435240166)	(65, 0.03434464615880176)	(70, 0.03923666106954786)	(75, 0.026456640249399137)	(80, 0.007071074439682278)	(85, 0.02908777259714808)	(90, 0.028865578748412907)	(95, 0.05414782289328001)	(100, 0.13097330838770344)	(105, 0.012219553086462208)	(110, 0.028008065041898678)	(115, 0.0533593896972499)	(120, 0.10862769405466019)	(125, 0.01706014842105951)	(130, 0.08743475496508656)	(135, 0.09822795236777063)	(140, 0.04274536231109533)	(145, 0.000837621482221284)	(150, 0.0008908281605204472)
fastp | SRR30333754_2	(1, 0.06080917985569257)	(2, 0.042867871014993356)	(3, 0.00024574330109392836)	(4, 0.0008314315020344576)	(5, 0.05845618774771821)	(6, 2.047860842449403e-06)	(7, 0.08840410470769827)	(8, 0.10497949036648374)	(9, 3.276577347919045e-05)	(10, 0.09741919770832903)	(15, 0.04310501330054899)	(20, 0.10183766226199786)	(25, 0.029658759009026214)	(30, 0.033177457905444956)	(35, 0.028494592443992682)	(40, 0.044489220218473194)	(45, 0.045838735923121446)	(50, 0.15361422237005345)	(55, 0.028455508138098454)	(60, 0.015948411316878932)	(65, 0.01591594686963362)	(70, 0.016084583963360027)	(75, 0.07298032534085822)	(80, 0.09824820684413073)	(85, 0.06801659139477188)	(90, 0.010990936520721872)	(95, 0.005452581073620243)	(100, 0.08795275085008372)	(105, 0.011080858760125495)	(110, 0.03470934841109013)	(115, 0.016797858818731366)	(120, 0.036992833079679495)	(125, 0.01183191159265954)	(130, 0.08839913046766038)	(135, 0.050368454477921744)	(140, 0.08454844950528723)	(145, 0.05942968735011024)	(150, 7.503949140834092e-06)
fastp | SRR30333755_1	(1, 0.001971402488371057)	(2, 0.09064824687658346)	(3, 0.3642664776607198)	(4, 0.11565474913709044)	(5, 0.0018392848446037455)	(6, 0.0019869457405789757)	(7, 0.1058676813301708)	(8, 0.053150150924978934)	(9, 0.0)	(10, 0.15250728201365943)	(15, 0.00930470888006723)	(20, 0.07281547361843803)	(25, 0.010880276545543284)	(30, 0.011974336547611887)	(35, 0.1298488349093173)	(40, 0.141843490778447)	(45, 0.006347130966116413)	(50, 0.03797756873128445)	(55, 0.06931340722273702)	(60, 0.045481750409907075)	(65, 0.051135701930710036)	(70, 0.04445876210010839)	(75, 0.02673552754508284)	(80, 0.009608623304979542)	(85, 0.04477672155798525)	(90, 0.03709303432325967)	(95, 0.05752182552703115)	(100, 0.150489040943522)	(105, 0.012762642396256671)	(110, 0.0402252527320284)	(115, 0.07200827660491275)	(120, 0.12271525727679472)	(125, 0.020834801386446264)	(130, 0.09846961511217461)	(135, 0.10855872208549776)	(140, 0.05978661879263068)	(145, 0.005453554109923129)	(150, 0.0007656112483604609)
fastp | SRR30333755_2	(1, 0.05161655004046427)	(2, 0.06796027973709107)	(3, 0.042886423383683106)	(4, 0.013012292640062836)	(5, 0.0611886028585077)	(6, 0.00037562859502470857)	(7, 0.09428536789323651)	(8, 0.10917062242435359)	(9, 5.1810840693063254e-05)	(10, 0.1170308450658982)	(15, 0.045754153416044156)	(20, 0.12457709401284286)	(25, 0.03618831789888389)	(30, 0.04032473125938826)	(35, 0.033385878384906156)	(40, 0.05820649357472714)	(45, 0.05386841948932895)	(50, 0.17423414678899102)	(55, 0.03695748905581286)	(60, 0.02362562566210212)	(65, 0.026269458864700713)	(70, 0.016611891622801543)	(75, 0.08007246063738468)	(80, 0.11455315887487232)	(85, 0.0791690259322831)	(90, 0.01388033370228419)	(95, 0.012777504094219143)	(100, 0.09597809582390307)	(105, 0.016801836785192103)	(110, 0.05345734085073697)	(115, 0.02485792479162567)	(120, 0.042292023741869245)	(125, 0.0266245139134762)	(130, 0.09943010513006757)	(135, 0.05969499654023269)	(140, 0.10356909332718815)	(145, 0.07097910844856292)	(150, 4.5227945540404544e-05)
fastp | SRR30333756_1	(1, 0.0010906460011621672)	(2, 0.09867829435130317)	(3, 0.38362843872032404)	(4, 0.11979487885072759)	(5, 0.002170805021543929)	(6, 0.00125004810902433)	(7, 0.1082340312384086)	(8, 0.05498953242013404)	(9, 0.0)	(10, 0.15958961507851654)	(15, 0.0)	(20, 0.07404102066428102)	(25, 0.011832250674915865)	(30, 0.012555511976515828)	(35, 0.12877884326204816)	(40, 0.1464924454912638)	(45, 0.006653983486088404)	(50, 0.025323897333868854)	(55, 0.05730334625109969)	(60, 0.044312180243948444)	(65, 0.035590639892745336)	(70, 0.04044218561094719)	(75, 0.02688916219461447)	(80, 0.007492122979493812)	(85, 0.03199671232169354)	(90, 0.031154619791427123)	(95, 0.05882480499825076)	(100, 0.14207395592491937)	(105, 0.013428129511844519)	(110, 0.03037772538483017)	(115, 0.058178533909814076)	(120, 0.11988873954055937)	(125, 0.01866174787455466)	(130, 0.09549844138487512)	(135, 0.10665241270441242)	(140, 0.04688362189016707)	(145, 0.0007094124100661778)	(150, 0.0007261294246115585)
fastp | SRR30333756_2	(1, 0.05441274847721173)	(2, 0.04171301475214073)	(3, 0.00019296044635946035)	(4, 0.0007236016738479763)	(5, 0.06273941121685367)	(6, 0.0)	(7, 0.09519242193989638)	(8, 0.11374389094043363)	(9, 2.097396156081091e-05)	(10, 0.10555523686786183)	(15, 0.04361367514878142)	(20, 0.10931502921725281)	(25, 0.03205702232877461)	(30, 0.03572395583114297)	(35, 0.028757226536822316)	(40, 0.04816634883339785)	(45, 0.049731017682214204)	(50, 0.16695414803752862)	(55, 0.03169336236679352)	(60, 0.01717764831335806)	(65, 0.016467329087943874)	(70, 0.01547375648419501)	(75, 0.07685994408737964)	(80, 0.10571941672935264)	(85, 0.07393141156506937)	(90, 0.011975489231079337)	(95, 0.006190244153596931)	(100, 0.09507919817470051)	(105, 0.011700081727244233)	(110, 0.03767722448688927)	(115, 0.017769938009773178)	(120, 0.03992155401818695)	(125, 0.012820299379509358)	(130, 0.09561454083081121)	(135, 0.05422250249298271)	(140, 0.09063768864593123)	(145, 0.06537869191148078)	(150, 9.723279358761394e-06)
fastp | SRR30333757_1	(1, 0.0011676049799753522)	(2, 0.0050040213427515095)	(3, 0.0024086022729777265)	(4, 0.00011564849325470154)	(5, 8.89603794266935e-06)	(6, 0.00021128090113839708)	(7, 1.3344056914004025e-05)	(8, 8.89603794266935e-06)	(9, 0.0022240094856673374)	(10, 0.00011475888946043461)	(15, 6.583068077575319e-05)	(20, 5.07074162732153e-05)	(25, 3.2915340387876596e-05)	(30, 0.00013611034011572047)	(35, 0.0010702299434404827)	(40, 0.00020373644635505932)	(45, 0.00019530205054785427)	(50, 0.0004191413060072898)	(55, 0.0004913412913621413)	(60, 0.00017497492348887548)	(65, 8.865579829146822e-05)	(70, 6.6893103389271534e-06)	(75, 9.246623695864234e-05)	(80, 3.1353229107137525e-06)	(85, 7.152596016055301e-05)	(90, 1.3587053809474966e-05)	(95, 4.0725707768528966e-05)	(100, 6.177781473298785e-05)	(105, 0.0004059549532086172)	(110, 3.997329218606131e-05)	(115, 3.633633181248121e-05)	(120, 1.578579127452174e-06)	(125, 0.00035512518825639113)	(130, 2.1576052871872643e-05)	(135, 4.022657338970087e-05)	(140, 8.379632839195182e-05)	(145, 0.0002814148241574509)	(150, 0.0)
fastp | SRR30333757_2	(1, 0.0019993845276149364)	(2, 0.004390194724707325)	(3, 6.6720284570020126e-06)	(4, 0.0006516347793005299)	(5, 1.1120047428336688e-05)	(6, 0.00048038604890414486)	(7, 3.55841517706774e-05)	(8, 0.0)	(9, 0.0)	(10, 2.1795292959539908e-05)	(15, 0.00021973213718393293)	(20, 7.11683035413548e-06)	(25, 1.423366070827096e-05)	(30, 1.556820759569646e-05)	(35, 1.4679084127992966e-05)	(40, 0.0010240362573248841)	(45, 1.64609256353082e-05)	(50, 1.6018663950518274e-05)	(55, 1.157193199942872e-05)	(60, 0.0004007274307094074)	(65, 0.00025083661250225014)	(70, 0.0001306750064734302)	(75, 0.00013000127061722986)	(80, 1.3438591188407142e-05)	(85, 0.00034597809641015735)	(90, 1.3589039128147905e-06)	(95, 9.153323314258189e-06)	(100, 5.3890521934304215e-05)	(105, 2.608790030566766e-05)	(110, 0.00011262453732462732)	(115, 3.785476730825955e-05)	(120, 4.73605547137597e-06)	(125, 1.8778093028208247e-05)	(130, 0.0008326727492011546)	(135, 3.712866393313479e-06)	(140, 6.5981593418399395e-06)	(145, 2.129390300618663e-06)	(150, 1.1223715531338269e-05)
fastp | SRR30333758_1	(1, 0.0018767509488184844)	(2, 0.005318707204221309)	(3, 2.243128624085838e-05)	(4, 0.00047354937619589906)	(5, 1.9938921102985224e-05)	(6, 0.0001919121156162328)	(7, 4.984730275746306e-06)	(8, 9.969460551492612e-06)	(9, 0.002116018002054307)	(10, 0.00012611367597638155)	(15, 5.184119486776159e-05)	(20, 2.1434340185709116e-05)	(25, 4.984730275746306e-06)	(30, 0.0006136233709851006)	(35, 0.002836878485148961)	(40, 0.00011365834472064491)	(45, 9.123197368993515e-05)	(50, 0.00034652554245257996)	(55, 0.0004887213363751814)	(60, 0.00019056352567824552)	(65, 0.0002141244685071322)	(70, 1.3987917097332153e-05)	(75, 0.0)	(80, 2.507971059338184e-06)	(85, 5.339153238704666e-05)	(90, 2.636538120797111e-05)	(95, 4.148483271238648e-05)	(100, 1.5069223335347067e-05)	(105, 0.0004642151043067493)	(110, 7.065772131218519e-06)	(115, 2.3537464346625883e-05)	(120, 1.1616655840330645e-06)	(125, 0.0009171731186389668)	(130, 2.0849040005005286e-05)	(135, 1.787714894751861e-05)	(140, 7.23671938134288e-05)	(145, 0.0003333064112989196)	(150, 0.0)
fastp | SRR30333758_2	(1, 0.006186050272201166)	(2, 0.003489311193022414)	(3, 0.0)	(4, 7.477095413619459e-06)	(5, 0.0)	(6, 0.0002940990862690321)	(7, 0.0)	(8, 0.0)	(9, 0.0)	(10, 2.0437394130559855e-05)	(15, 0.0006878927780529903)	(20, 1.9938921102985224e-06)	(25, 9.969460551492612e-07)	(30, 1.5452783171117575e-05)	(35, 1.844411414968531e-05)	(40, 0.0017103870203529672)	(45, 1.4956434821868689e-05)	(50, 8.975076974124399e-06)	(55, 1.4462827928913664e-05)	(60, 0.0004699507855264797)	(65, 0.0004672135324526195)	(70, 4.146771841790462e-05)	(75, 0.00012959906293172376)	(80, 1.304296162436121e-05)	(85, 0.0009536166599460117)	(90, 1.5212995321943085e-06)	(95, 0.0)	(100, 1.5071571175591021e-05)	(105, 0.0)	(110, 0.00011034782247896795)	(115, 4.203448216356703e-05)	(120, 0.0)	(125, 1.209159613814975e-06)	(130, 0.0014896415237056707)	(135, 5.296402752765608e-06)	(140, 9.04572248101957e-06)	(145, 7.363930055242068e-07)	(150, 0.0)
fastp | SRR30333759_1	(1, 0.0011409520681575655)	(2, 0.004643627964641285)	(3, 0.0020307068702804403)	(4, 0.00030284530204182297)	(5, 2.112874200291788e-05)	(6, 0.00011503426201588624)	(7, 2.347638000324209e-05)	(8, 7.042914000972626e-06)	(9, 0.002021316318279144)	(10, 0.0001281810348177018)	(15, 7.136819520985596e-05)	(20, 3.568409760492798e-05)	(25, 2.2067797203047564e-05)	(30, 0.0003169332089039469)	(35, 0.00161006229490194)	(40, 0.0001652867026988548)	(45, 0.00017046671810378572)	(50, 0.00032454654331136323)	(55, 0.00038992459464366974)	(60, 0.0001381707547460926)	(65, 0.00012650016260678894)	(70, 7.06096713935103e-06)	(75, 7.63853869096665e-05)	(80, 2.8366602251786273e-06)	(85, 5.175448757464018e-05)	(90, 1.8642450805034085e-05)	(95, 3.8150356737225025e-05)	(100, 4.2642024974287106e-05)	(105, 0.0003397550252182542)	(110, 2.67401543702941e-05)	(115, 2.5544620352978545e-05)	(120, 4.437066441065503e-06)	(125, 0.0005492508143254248)	(130, 2.824126364183496e-05)	(135, 2.604212596431795e-05)	(140, 6.587905368553431e-05)	(145, 0.00023584973743897777)	(150, 0.0)
fastp | SRR30333759_2	(1, 0.003204525870442545)	(2, 0.0037961306465242456)	(3, 4.695276000648417e-06)	(4, 0.0005094374460703532)	(5, 4.695276000648417e-06)	(6, 0.00037796971805219764)	(7, 3.0519294004214715e-05)	(8, 0.0)	(9, 0.0)	(10, 1.9720159202723352e-05)	(15, 0.0003704572764511602)	(20, 4.695276000648417e-06)	(25, 8.451496801167153e-06)	(30, 1.4555475747203822e-05)	(35, 1.7842739791761233e-05)	(40, 0.0011396476632038845)	(45, 8.453062232857699e-06)	(50, 9.39379819376612e-06)	(55, 5.167872124518432e-06)	(60, 0.0003360436388619382)	(65, 0.0002755891056917658)	(70, 9.179928332440739e-05)	(75, 0.0001070432446125913)	(80, 1.3711937646958872e-05)	(85, 0.0005309033497622277)	(90, 4.780770639000385e-07)	(95, 4.346902884582054e-06)	(100, 5.7845540963974265e-05)	(105, 1.9017307937213276e-05)	(110, 0.00011006193514247657)	(115, 2.6612180816696745e-05)	(120, 2.773380782846298e-06)	(125, 1.9200917287167098e-05)	(130, 0.0009196560763767372)	(135, 2.604080118300756e-06)	(140, 1.1789431543015225e-05)	(145, 7.449372148664348e-07)	(150, 3.92260111759613e-06)
fastp | SRR30333760_1	(1, 0.0003567012329021414)	(2, 0.004846216750463576)	(3, 0.001921266640666017)	(4, 9.10203146026154e-05)	(5, 0.0)	(6, 6.88802380776549e-05)	(7, 0.0)	(8, 0.0)	(9, 0.0018523864025883619)	(10, 0.00019729268192242582)	(15, 0.0002553488825878778)	(20, 2.952010203328067e-05)	(25, 4.182014454714762e-05)	(30, 0.0001672816489487438)	(35, 0.0009446745169709448)	(40, 0.0002780045017933234)	(45, 0.000144181218529312)	(50, 0.00039864950148190813)	(55, 0.0004105568299089686)	(60, 0.0001073556723514138)	(65, 8.573840903926447e-05)	(70, 5.918629001675697e-06)	(75, 0.00013140063548410042)	(80, 9.9043591991765e-07)	(85, 1.1435832116515219e-05)	(90, 1.4510039786729234e-05)	(95, 3.94044209699174e-05)	(100, 0.00012551957804682868)	(105, 1.1494672903564721e-05)	(110, 7.45571919637431e-05)	(115, 2.2180583721431164e-05)	(120, 6.351322503550909e-06)	(125, 0.00036741124259880465)	(130, 1.5321755623194438e-05)	(135, 1.7600245872727113e-05)	(140, 7.788816285341727e-05)	(145, 7.73994041685508e-06)	(150, 0.0)
fastp | SRR30333760_2	(1, 0.0021402073974128486)	(2, 0.0036924727626628565)	(3, 0.0)	(4, 0.00039606136894651566)	(5, 0.0)	(6, 0.00038376132643264864)	(7, 9.840034011093555e-06)	(8, 0.0)	(9, 0.0)	(10, 8.364028909429522e-06)	(15, 0.000251904870683995)	(20, 2.460008502773389e-06)	(25, 4.083614114603826e-05)	(30, 1.9680231563115038e-06)	(35, 0.0)	(40, 0.0003562441735748759)	(45, 1.4762882275609727e-06)	(50, 1.9686973092007594e-05)	(55, 0.0)	(60, 0.0)	(65, 0.00010052693063251505)	(70, 4.5379541413098206e-05)	(75, 6.718832007729187e-05)	(80, 8.419603563065289e-06)	(85, 0.00034759275680544473)	(90, 6.0049784574150125e-06)	(95, 3.5368223705389245e-06)	(100, 0.00011682801366879561)	(105, 1.4109176093930409e-05)	(110, 3.272330477053748e-05)	(115, 1.1091167036164276e-06)	(120, 4.619182311654314e-06)	(125, 4.236695741919234e-06)	(130, 0.0003108511603920626)	(135, 0.0)	(140, 3.6055408509581186e-06)	(145, 2.3266512761786947e-06)	(150, 2.0440394847924894e-06)
fastp | SRR30333761_1	(1, 0.0004904960499559648)	(2, 0.005239171043402192)	(3, 0.0025847218318757947)	(4, 0.00024284363257623745)	(5, 0.0)	(6, 8.174934165932746e-05)	(7, 0.0)	(8, 0.0)	(9, 0.002036520364277952)	(10, 0.0001221431340086422)	(15, 6.684210876850892e-05)	(20, 2.8852708820939102e-05)	(25, 3.173797970303301e-05)	(30, 0.0002664091954836621)	(35, 0.0013696120218079936)	(40, 0.00018949130654765664)	(45, 0.00013997389366630637)	(50, 0.00041328459301499)	(55, 0.0005072883059067077)	(60, 0.00015362004677080306)	(65, 0.0001084460559796131)	(70, 1.1583015607997702e-05)	(75, 0.00011510989950794533)	(80, 4.367422415955689e-06)	(85, 2.0976417501657358e-05)	(90, 2.5573123952921963e-05)	(95, 5.0277487927230215e-05)	(100, 6.584905474872256e-05)	(105, 3.060596427036906e-05)	(110, 3.47872615791474e-05)	(115, 3.9504055185852e-05)	(120, 4.079836002715632e-06)	(125, 0.0005519731087060942)	(130, 9.131383712033884e-06)	(135, 4.104791828926246e-05)	(140, 0.00010361995801498213)	(145, 2.012633769099673e-05)	(150, 0.0)
fastp | SRR30333761_2	(1, 0.0031281145146701476)	(2, 0.004467361082442071)	(3, 0.0)	(4, 0.0006900606193007935)	(5, 4.808784803489851e-06)	(6, 0.00048809165755421985)	(7, 4.808784803489851e-05)	(8, 0.0)	(9, 0.0)	(10, 1.5388111371167523e-05)	(15, 0.00036835291594732256)	(20, 7.2131772052347755e-06)	(25, 1.3464597449771581e-05)	(30, 7.694149886338892e-06)	(35, 0.0)	(40, 0.0005232754658642596)	(45, 9.620475188075359e-07)	(50, 6.735992701648136e-06)	(55, 4.813235210848678e-07)	(60, 0.0)	(65, 0.00016195925816528444)	(70, 9.84654160088288e-05)	(75, 3.6278404013169295e-05)	(80, 4.853359079950272e-07)	(85, 0.0005454726598661807)	(90, 9.8375405920289e-07)	(95, 1.0953613800581505e-05)	(100, 8.207431669280952e-05)	(105, 2.749880171377306e-05)	(110, 3.961063919287006e-05)	(115, 0.0)	(120, 4.080103458833683e-06)	(125, 1.7825215306165715e-05)	(130, 0.0004389201148629809)	(135, 0.0)	(140, 4.472392758078027e-06)	(145, 2.416871912128918e-06)	(150, 1.278256934756914e-05)
fastp | SRR30333762_1	(1, 0.0002712930646317397)	(2, 0.005351193476681104)	(3, 0.001869184326040702)	(4, 0.00011200172393053474)	(5, 0.0)	(6, 7.21788887552335e-05)	(7, 0.0)	(8, 0.0)	(9, 0.0021927448618400246)	(10, 0.00018816289620329836)	(15, 0.0002354525129739686)	(20, 3.4844980778388585e-05)	(25, 3.733390797684491e-05)	(30, 0.0001234515725614743)	(35, 0.0009522952545788377)	(40, 0.00027878347117292533)	(45, 0.00015234931986359557)	(50, 0.0004700692001617197)	(55, 0.00044578311092657733)	(60, 0.0001350350183921432)	(65, 9.174305751240146e-05)	(70, 2.4956262278637015e-06)	(75, 0.0001404956741381933)	(80, 5.013669594671436e-06)	(85, 1.158261561194068e-05)	(90, 1.5212681116540004e-05)	(95, 4.560785680092266e-05)	(100, 0.0001217516820333072)	(105, 1.594147565457692e-05)	(110, 7.812587370882583e-05)	(115, 3.337121305383212e-05)	(120, 5.895779434363402e-06)	(125, 0.0003475500430628108)	(130, 1.956886502774552e-05)	(135, 3.595047042849808e-05)	(140, 9.858373865350829e-05)	(145, 1.2613745434908146e-05)	(150, 0.0)
fastp | SRR30333762_2	(1, 0.002118077045886335)	(2, 0.00413410807663596)	(3, 0.0)	(4, 0.00043058440533294464)	(5, 0.0)	(6, 0.000433073332531401)	(7, 1.2444635992281639e-05)	(8, 0.0)	(9, 0.0)	(10, 1.344020687166417e-05)	(15, 0.0002439148654487201)	(20, 2.4889271984563273e-06)	(25, 4.4800689572213896e-05)	(30, 2.48894760415845e-06)	(35, 0.0)	(40, 0.0003504751282786264)	(45, 2.9873003885880343e-06)	(50, 1.842485716801739e-05)	(55, 0.0)	(60, 4.983090803231034e-07)	(65, 0.00010870236748271395)	(70, 4.6921402428006866e-05)	(75, 6.000375473495254e-05)	(80, 1.0529869660069934e-05)	(85, 0.00034450047401049137)	(90, 5.578782393415511e-06)	(95, 3.5877090643279875e-06)	(100, 0.0001243741670150748)	(105, 2.816795653231494e-05)	(110, 4.4259670459323365e-05)	(115, 3.95976570315234e-06)	(120, 8.254683203124156e-06)	(125, 7.421104659381377e-06)	(130, 0.0003300466965851171)	(135, 0.0)	(140, 3.6786592823124085e-06)	(145, 2.3689584009720313e-06)	(150, 6.233477648037407e-06)
fastp | SRR30333763_1	(1, 0.0)	(2, 0.004644650631118041)	(3, 0.002762827082546695)	(4, 0.0)	(5, 0.0)	(6, 5.873356893168994e-05)	(7, 1.6445399300873185e-05)	(8, 0.0)	(9, 0.001705622841776276)	(10, 0.00022835611600641049)	(15, 0.0003378354884950806)	(20, 3.3360667153199885e-05)	(25, 5.8263700380236427e-05)	(30, 2.8192350203118835e-06)	(35, 0.00038859665511975435)	(40, 0.00034397820245844605)	(45, 0.00018845587545828147)	(50, 0.0004484294414535386)	(55, 0.00037803107395680035)	(60, 0.00010349045454851649)	(65, 4.9901590532696604e-05)	(70, 0.0)	(75, 0.00018467392948455074)	(80, 1.4215848602311744e-06)	(85, 1.381422465861109e-05)	(90, 5.282601051331735e-06)	(95, 3.8890530933528305e-05)	(100, 0.00017066953932358517)	(105, 1.1652509855122876e-05)	(110, 9.09221572876612e-05)	(115, 2.062576217619073e-05)	(120, 6.812706376391706e-06)	(125, 4.003355935603761e-05)	(130, 1.327731872818157e-05)	(135, 2.8228413406297244e-05)	(140, 6.312350918679826e-05)	(145, 8.473700046209398e-06)	(150, 0.0)
fastp | SRR30333763_2	(1, 0.0)	(2, 0.0037965378957444383)	(3, 0.0)	(4, 0.0005967330603459699)	(5, 0.0)	(6, 0.00040643629700729445)	(7, 1.4096056543605586e-05)	(8, 0.0)	(9, 0.0)	(10, 1.2216582337791508e-05)	(15, 2.3493427572675977e-06)	(20, 2.3493427572675977e-06)	(25, 5.8263700380236427e-05)	(30, 1.8794930338188272e-06)	(35, 4.6989043804300273e-07)	(40, 2.2086325842516263e-05)	(45, 1.8798979006771266e-06)	(50, 2.1152973566567337e-05)	(55, 0.0)	(60, 0.0)	(65, 1.1770008478878709e-05)	(70, 6.505191718087694e-05)	(75, 8.219016225419727e-05)	(80, 9.95221099930871e-06)	(85, 5.240554855083937e-06)	(90, 6.7242572402263095e-06)	(95, 4.3758370459677065e-06)	(100, 0.00016426255633989224)	(105, 2.5841486588367264e-05)	(110, 2.8742236441047232e-05)	(115, 3.256771643797354e-06)	(120, 9.082971657444148e-06)	(125, 4.779273809298145e-06)	(130, 3.7924147936993986e-05)	(135, 0.0)	(140, 4.302891274005426e-06)	(145, 1.5435574032520794e-06)	(150, 8.136873109105114e-06)
fastp | SRR30333764_1	(1, 0.0003202603393816195)	(2, 0.005029825175094272)	(3, 0.002080450886835637)	(4, 0.00014151038251745976)	(5, 0.0)	(6, 8.689234014229986e-05)	(7, 4.965276579559992e-06)	(8, 0.0)	(9, 0.002107759908023217)	(10, 0.00018967356533919168)	(15, 0.00028401382035083154)	(20, 2.482638289779996e-05)	(25, 4.816318282173192e-05)	(30, 0.0001365461880092844)	(35, 0.0009558546404587777)	(40, 0.00030092699368614945)	(45, 0.0001529633163623017)	(50, 0.0004515271677041939)	(55, 0.0004615976562684582)	(60, 0.00013272813479583035)	(65, 8.108796206221592e-05)	(70, 6.972543587586239e-06)	(75, 0.0001501847247166386)	(80, 3.5026917836087853e-06)	(85, 1.558248800388444e-05)	(90, 1.2654790038228247e-05)	(95, 4.399453855890845e-05)	(100, 0.00012518622099679398)	(105, 1.5917475909815466e-05)	(110, 6.712771143152507e-05)	(115, 3.0538963331476504e-05)	(120, 7.08625852116682e-06)	(125, 0.00034218031533897106)	(130, 1.0517485391771533e-05)	(135, 3.358839426930491e-05)	(140, 8.310254969178725e-05)	(145, 7.261939287815321e-06)	(150, 0.0)
fastp | SRR30333764_2	(1, 0.001906666206551037)	(2, 0.003962290710488874)	(3, 2.482638289779996e-06)	(4, 0.00041708323268303934)	(5, 0.0)	(6, 0.0004394269772910593)	(7, 1.9861106318239967e-05)	(8, 0.0)	(9, 0.0)	(10, 1.7378468028459974e-05)	(15, 0.0002333679992393196)	(20, 3.972221263647993e-06)	(25, 4.9156238137643924e-05)	(30, 2.4826621303993854e-06)	(35, 9.931029299446226e-07)	(40, 0.0003217880850165114)	(45, 1.4899371581258486e-06)	(50, 1.788287468164261e-05)	(55, 4.968987678326719e-07)	(60, 0.0)	(65, 9.701402135690546e-05)	(70, 4.9808342727062254e-05)	(75, 7.285496652531356e-05)	(80, 1.2010735074902597e-05)	(85, 0.0003187325264255784)	(90, 7.0878117503120255e-06)	(95, 2.5582684263965043e-06)	(100, 0.0001246894842188313)	(105, 1.7512325081523987e-05)	(110, 3.766273391853252e-05)	(115, 3.959213539560094e-06)	(120, 7.0866444449182e-06)	(125, 6.83103341960142e-06)	(130, 0.0002786851989870161)	(135, 0.0)	(140, 5.989123063767047e-06)	(145, 4.040763611223328e-06)	(150, 6.407412094310699e-06)
fastp | SRR30333765_1	(1, 0.0004138995445858324)	(2, 0.005395654304118923)	(3, 0.0023811690667437948)	(4, 0.00020445640154239915)	(5, 0.0)	(6, 0.00010472157152171663)	(7, 0.0)	(8, 0.0)	(9, 0.002366208842240693)	(10, 0.0001276605824264736)	(15, 6.732101026396069e-05)	(20, 3.490719050723888e-05)	(25, 3.390984220703205e-05)	(30, 0.00025731791710441467)	(35, 0.0014242675857288527)	(40, 0.00022043507560130126)	(45, 0.0001571138589122435)	(50, 0.000469429096097364)	(55, 0.0005528896841717978)	(60, 0.0001567529823802459)	(65, 0.0001049053444322455)	(70, 1.2001961000407858e-05)	(75, 9.117137666013559e-05)	(80, 2.009260339329713e-06)	(85, 2.3207570248873695e-05)	(90, 2.4380331835718965e-05)	(95, 4.7206868373576376e-05)	(100, 5.884533710772533e-05)	(105, 2.7108979180665443e-05)	(110, 3.932655825219404e-05)	(115, 2.8261689977502053e-05)	(120, 2.9460637130115366e-06)	(125, 0.0005021225934043254)	(130, 9.14043445764638e-06)	(135, 3.395681652045416e-05)	(140, 0.00010272092886678396)	(145, 1.826996462299372e-05)	(150, 0.0)
fastp | SRR30333765_2	(1, 0.0027576680500718716)	(2, 0.004712470718477248)	(3, 9.973483002068252e-06)	(4, 0.0006682233611385728)	(5, 4.986741501034126e-06)	(6, 0.00047623381334875895)	(7, 5.485415651137538e-05)	(8, 0.0)	(9, 0.0)	(10, 1.2466853752585315e-05)	(15, 0.000325135545867425)	(20, 4.986741501034126e-06)	(25, 1.0472157152171665e-05)	(30, 7.480190547980358e-06)	(35, 0.0)	(40, 0.00047080143371006094)	(45, 9.975745819552734e-07)	(50, 4.988806017282301e-06)	(55, 0.0)	(60, 0.0)	(65, 0.00015187497120807753)	(70, 8.652246815453037e-05)	(75, 2.7554973688031177e-05)	(80, 3.014292645364577e-06)	(85, 0.0004763324604591454)	(90, 0.0)	(95, 9.237855992777063e-06)	(100, 6.823229113699832e-05)	(105, 2.286104852677555e-05)	(110, 3.7148272237136037e-05)	(115, 0.0)	(120, 4.124863021401469e-06)	(125, 1.9170302031014962e-05)	(130, 0.00040869802363298276)	(135, 0.0)	(140, 2.9561011296385736e-06)	(145, 7.952870083051584e-07)	(150, 2.0968080333244863e-06)
fastp | SRR30333766_1	(1, 0.0010802607333409257)	(2, 0.004605086645857072)	(3, 0.0017892517322416989)	(4, 0.00011853792726101255)	(5, 2.907534064892761e-05)	(6, 0.00016997891456296138)	(7, 2.2365646653021237e-05)	(8, 0.0)	(9, 0.0015678318303767886)	(10, 0.00020173813281025156)	(15, 0.0002683877598362548)	(20, 2.6838775983625483e-05)	(25, 4.2494728640740345e-05)	(30, 0.00012882688250239063)	(35, 0.0008919704245331446)	(40, 0.0002388845316320496)	(45, 0.00017358708024289613)	(50, 0.0003749714537319748)	(55, 0.0003925190330106985)	(60, 0.00014462240741611526)	(65, 6.72047476014368e-05)	(70, 5.830286164168534e-06)	(75, 0.0001284800258146021)	(80, 2.702611982592368e-06)	(85, 5.066690700875912e-05)	(90, 1.3207926530334813e-05)	(95, 2.8529121593223704e-05)	(100, 0.00012611697601759586)	(105, 0.00041067346733025074)	(110, 6.767814697939777e-05)	(115, 2.1334612814087598e-05)	(120, 8.481683364786418e-06)	(125, 0.00035154385274179)	(130, 3.535583250054143e-05)	(135, 2.193602616188252e-05)	(140, 7.30107253291367e-05)	(145, 0.0002566788207693341)	(150, 0.0)
fastp | SRR30333766_2	(1, 0.001918972482829222)	(2, 0.003368266385944998)	(3, 0.0)	(4, 0.0004450763683951226)	(5, 0.0)	(6, 0.00029969966515048456)	(7, 1.1182823326510619e-05)	(8, 0.0)	(9, 0.0)	(10, 9.39357159426892e-06)	(15, 0.00024915330371465656)	(20, 1.789251732241699e-06)	(25, 4.8309796770525874e-05)	(30, 1.2972181769020095e-05)	(35, 2.2366558695235883e-05)	(40, 0.0010647092860280075)	(45, 1.5659037714729703e-05)	(50, 1.789907231300838e-05)	(55, 7.609070520525414e-06)	(60, 0.0004173267661145604)	(65, 0.0002441960797558914)	(70, 7.714645143703768e-05)	(75, 0.00015320480528444258)	(80, 1.9371225080377406e-05)	(85, 0.0003542687300701217)	(90, 5.4662544946790044e-06)	(95, 4.142064948609308e-06)	(100, 0.00010605124973829401)	(105, 1.71740125189678e-05)	(110, 0.00010349404275782312)	(115, 4.1149294094274136e-05)	(120, 5.831290049300059e-06)	(125, 8.913377303617797e-06)	(130, 0.0008324986400312822)	(135, 4.3862402615362175e-06)	(140, 4.688300736649923e-06)	(145, 5.05557357305804e-06)	(150, 5.721039701326639e-06)
fastp | SRR30333767_1	(1, 0.000342262261641261)	(2, 0.005272753583186699)	(3, 0.0019434752199489786)	(4, 0.00011488523467678691)	(5, 0.0)	(6, 7.8983598840291e-05)	(7, 1.1967211945498636e-05)	(8, 0.0)	(9, 0.002122983399131458)	(10, 0.0001905180141723383)	(15, 0.0002493966969441916)	(20, 3.398688192521613e-05)	(25, 4.7868847781994546e-05)	(30, 0.0001483946037499077)	(35, 0.0010052866926136268)	(40, 0.0002949039101089221)	(45, 0.0001570449720924621)	(50, 0.00045446585009992267)	(55, 0.0004502915731347597)	(60, 0.00012029345103330228)	(65, 9.208436072741869e-05)	(70, 8.162538418847647e-06)	(75, 0.00014093976015304538)	(80, 9.648108029170939e-07)	(85, 1.0661335533677913e-05)	(90, 1.756993799227245e-05)	(95, 4.1931524055160794e-05)	(100, 0.00011774551175528851)	(105, 1.279967547395611e-05)	(110, 7.376294898031785e-05)	(115, 2.567418049053767e-05)	(120, 8.559757708639601e-06)	(125, 0.00039797997609671037)	(130, 1.270814075999282e-05)	(135, 3.11106650112276e-05)	(140, 8.174281290604431e-05)	(145, 1.6369732707209245e-05)	(150, 0.0)
fastp | SRR30333767_2	(1, 0.0021253768415205577)	(2, 0.004047311079967639)	(3, 4.7868847781994546e-06)	(4, 0.0003877376670341558)	(5, 0.0)	(6, 0.00041885241809245225)	(7, 9.573769556398909e-06)	(8, 0.0)	(9, 0.0)	(10, 1.1488523467678691e-05)	(15, 0.0002498753854220115)	(20, 2.3934423890997273e-06)	(25, 3.68590127921358e-05)	(30, 3.829547217170717e-06)	(35, 1.9148497527024206e-06)	(40, 0.0003537947486144926)	(45, 9.57615185785007e-07)	(50, 1.9635141430223606e-05)	(55, 0.0)	(60, 9.585672946472668e-07)	(65, 0.00011319490839901088)	(70, 4.321708976597706e-05)	(75, 7.119857494705244e-05)	(80, 1.0614163584273357e-05)	(85, 0.000354295177629692)	(90, 7.321937365882853e-06)	(95, 4.9339439148135245e-06)	(100, 0.00011325549363436724)	(105, 1.5874186970229735e-05)	(110, 3.6359594556374296e-05)	(115, 4.3704807590021634e-06)	(120, 6.847954701966625e-06)	(125, 3.001149067950541e-06)	(130, 0.00032336884005786456)	(135, 0.0)	(140, 4.339782865474001e-06)	(145, 2.342230807140075e-06)	(150, 6.18893276888066e-06)
fastp | SRR30333768_1	(1, 0.0005419839348670442)	(2, 0.008914785081131471)	(3, 1.7012948628113493e-05)	(4, 0.00010936895546644389)	(5, 0.0)	(6, 0.00016040780135078437)	(7, 0.0)	(8, 0.0)	(9, 0.004170602835120394)	(10, 9.089775409877781e-05)	(15, 3.4998065749262045e-05)	(20, 4.27754136935425e-05)	(25, 1.847120136766608e-05)	(30, 0.00017110297552108962)	(35, 0.0015006031214149069)	(40, 0.0002056363724054092)	(45, 0.00014634643997625803)	(50, 0.0006915497147649219)	(55, 0.0008557848246941571)	(60, 0.00026045947436795187)	(65, 0.0001345152656866817)	(70, 1.1229317251505865e-05)	(75, 0.0)	(80, 3.443415083057287e-06)	(85, 2.973228043796125e-06)	(90, 2.5055591216064952e-05)	(95, 8.660602780908345e-05)	(100, 1.6161817707750835e-05)	(105, 2.5263898893661615e-05)	(110, 3.911099960378881e-06)	(115, 4.680877518257251e-05)	(120, 0.0)	(125, 0.0006703419253776809)	(130, 6.979152983891843e-07)	(135, 5.9007888861763516e-05)	(140, 0.00014036672772753004)	(145, 2.6892034173494844e-05)	(150, 0.0)
fastp | SRR30333768_2	(1, 0.003584871318066772)	(2, 0.006788166502617284)	(3, 0.0)	(4, 2.430421232587642e-06)	(5, 0.0)	(6, 0.0007121134211481792)	(7, 0.0)	(8, 0.0)	(9, 0.0)	(10, 3.159547602363935e-05)	(15, 0.0004515722650147839)	(20, 4.860842465175284e-06)	(25, 1.458252739552585e-06)	(30, 9.72178289215283e-06)	(35, 0.0)	(40, 0.0006057383470137507)	(45, 0.0)	(50, 4.863395866942236e-06)	(55, 0.0)	(60, 0.0)	(65, 0.00018034172807830537)	(70, 5.3710204229828975e-06)	(75, 1.5670452883140028e-05)	(80, 1.9679036876448807e-06)	(85, 0.0006323915470303448)	(90, 1.5035532119860979e-06)	(95, 0.0)	(100, 1.147128375548431e-05)	(105, 0.0)	(110, 7.878531153472278e-05)	(115, 0.0)	(120, 0.0)	(125, 0.0)	(130, 0.0004771975244248216)	(135, 0.0)	(140, 5.612302931298605e-06)	(145, 1.7364323812480376e-06)	(150, 0.0)
qc_bundle_trimmed | SRR30333743_1	(1, 0.002868502858492043)	(2, 0.07025536402548883)	(3, 0.26795250118577757)	(4, 0.08759613252355451)	(5, 0.0036490071157435316)	(6, 0.001982201348978844)	(7, 0.07720404770705516)	(8, 0.03886951124603832)	(9, 0.0)	(10, 0.11257905574914345)	(15, 3.2338028049805914e-05)	(20, 0.052633534147829786)	(25, 0.008281329825149678)	(30, 0.01001201317818559)	(35, 0.09478276021398113)	(40, 0.10576251882417573)	(45, 0.006616120998041773)	(50, 0.020752230839863103)	(55, 0.04269697636842707)	(60, 0.033466665152235564)	(65, 0.027857015372879722)	(70, 0.031021351302790358)	(75, 0.02074744002089276)	(80, 0.00668359169854075)	(85, 0.023892612674922035)	(90, 0.023258627631180157)	(95, 0.04296286682128103)	(100, 0.10927219295486516)	(105, 0.012573504387661572)	(110, 0.02493980585485587)	(115, 0.04358048340752941)	(120, 0.08715737857229433)	(125, 0.013776014358866004)	(130, 0.06925530969018984)	(135, 0.07710635140969338)	(140, 0.03266041539914279)	(145, 0.002185594052777421)	(150, 0.0022992383604667523)
qc_bundle_trimmed | SRR30333743_2	(1, 0.07352509797274698)	(2, 0.0448280923404007)	(3, 0.0001816518859587863)	(4, 0.0022217422974959247)	(5, 0.04647493636145564)	(6, 8.98278556939053e-05)	(7, 0.06904168988633563)	(8, 0.08147785746351408)	(9, 5.788906255829454e-05)	(10, 0.07630097833114577)	(15, 0.04058741908181998)	(20, 0.07837660065004627)	(25, 0.02336682029292704)	(30, 0.025992987558502635)	(35, 0.021788644677113674)	(40, 0.035221302600123176)	(45, 0.03637349456249034)	(50, 0.120281095713796)	(55, 0.022176701013711345)	(60, 0.012682096284322649)	(65, 0.0123990387301583)	(70, 0.017049327010703226)	(75, 0.05645660768616239)	(80, 0.07637164413056736)	(85, 0.053184880324657215)	(90, 0.009043072857476122)	(95, 0.004284591664980065)	(100, 0.06939869040408571)	(105, 0.008518492708668089)	(110, 0.027066199732568616)	(115, 0.013582421771153309)	(120, 0.02881776026803783)	(125, 0.009867619709346298)	(130, 0.06848181477579705)	(135, 0.03893286061607065)	(140, 0.06521892835329798)	(145, 0.0449097956853598)	(150, 0.00021490592470524352)
qc_bundle_trimmed | SRR30333744_1	(1, 0.0019037742811004886)	(2, 0.09228004731696254)	(3, 0.33883869371312997)	(4, 0.10900543319953097)	(5, 0.0026723513690621705)	(6, 0.0015172771822691829)	(7, 0.10084924013676519)	(8, 0.04952021685711734)	(9, 0.0)	(10, 0.14232545851752038)	(15, 3.0478056936411534e-05)	(20, 0.06725049519664719)	(25, 0.010829427853768139)	(30, 0.012491144523257705)	(35, 0.1192562196824774)	(40, 0.13262857759107047)	(45, 0.008125273294859276)	(50, 0.02463245395820182)	(55, 0.053881670975814845)	(60, 0.04192853041413032)	(65, 0.03543802941958494)	(70, 0.03872391732610617)	(75, 0.027190402186009925)	(80, 0.00842828702034302)	(85, 0.029031011798387123)	(90, 0.029053980768831957)	(95, 0.05351858455839847)	(100, 0.13661236883033853)	(105, 0.016426347555815537)	(110, 0.030648557777001526)	(115, 0.0524571542558102)	(120, 0.10804383223557038)	(125, 0.017482933247139558)	(130, 0.08606039044324919)	(135, 0.09641610661800193)	(140, 0.040727276574547965)	(145, 0.0015431974796216393)	(150, 0.0014718714474542777)
qc_bundle_trimmed | SRR30333744_2	(1, 0.06331043334341832)	(2, 0.044140177241385574)	(3, 0.00024735814325203565)	(4, 0.001722672783362391)	(5, 0.05634023423535204)	(6, 9.496785856997796e-05)	(7, 0.08695301301764191)	(8, 0.10126003133895162)	(9, 3.091976790650446e-05)	(10, 0.09482430250469776)	(15, 0.042157778407608544)	(20, 0.09706024343530813)	(25, 0.029302222334024176)	(30, 0.03281470796820308)	(35, 0.026236748201579306)	(40, 0.04416093765697993)	(45, 0.044846473082564155)	(50, 0.14982571078969814)	(55, 0.027711179419749474)	(60, 0.015553526678911925)	(65, 0.015869350022528365)	(70, 0.015742137263141602)	(75, 0.06980932684639547)	(80, 0.09620951235658887)	(85, 0.06656938364378212)	(90, 0.011061328165149119)	(95, 0.00549046912865133)	(100, 0.08621718309355729)	(105, 0.010674399562263926)	(110, 0.033137208937964825)	(115, 0.017138433407782157)	(120, 0.03563344998008624)	(125, 0.011875980311686574)	(130, 0.08509908644373523)	(135, 0.04918322919077333)	(140, 0.08246293945349864)	(145, 0.056522090271288294)	(150, 0.0001817597991068714)
qc_bundle_trimmed | SRR30333745_1	(1, 0.002775373290844815)	(2, 0.07368438312716932)	(3, 0.27987140338183103)	(4, 0.09064406814258802)	(5, 0.003482288266206946)	(6, 0.0019806168096684553)	(7, 0.08174070408898863)	(8, 0.04051166589575288)	(9, 0.0)	(10, 0.11734955908165304)	(15, 4.0992702713306994e-05)	(20, 0.054854510623677195)	(25, 0.00859424561171026)	(30, 0.010608744145049918)	(35, 0.09830426574247364)	(40, 0.11032182032362986)	(45, 0.006941152130863431)	(50, 0.021377276172104765)	(55, 0.0446577849701845)	(60, 0.03518428771456229)	(65, 0.028710368736053593)	(70, 0.03222319238285311)	(75, 0.02140948472423665)	(80, 0.0071088875776801255)	(85, 0.02472780217959037)	(90, 0.024042220141354553)	(95, 0.04478536430005755)	(100, 0.11425126368371971)	(105, 0.01341172476629349)	(110, 0.02612908334376974)	(115, 0.04498990952073926)	(120, 0.09001621880615034)	(125, 0.014555776629238685)	(130, 0.07204386640673054)	(135, 0.08017253558758199)	(140, 0.03396351087522145)	(145, 0.0021531198045984146)	(150, 0.002183770060406222)
qc_bundle_trimmed | SRR30333745_2	(1, 0.0734585049693613)	(2, 0.044590021522842097)	(3, 0.00020496351356653498)	(4, 0.002277604757897516)	(5, 0.0483170111266744)	(6, 0.00010039029235911917)	(7, 0.07189408958009835)	(8, 0.0850724069166569)	(9, 7.320125484519106e-05)	(10, 0.07943172736472888)	(15, 0.04106841372546116)	(20, 0.08124084409161719)	(25, 0.024235471454145854)	(30, 0.027090320393108307)	(35, 0.02235482664395169)	(40, 0.03675121286113421)	(45, 0.03774507675548949)	(50, 0.12503067132578013)	(55, 0.023106917250875426)	(60, 0.013091312416513968)	(65, 0.013034424584177135)	(70, 0.01710190459626078)	(75, 0.05853465240379372)	(80, 0.07910253648933274)	(85, 0.055303349067618295)	(90, 0.009319150416571545)	(95, 0.0044928867889364055)	(100, 0.07237647452196508)	(105, 0.008979508720942624)	(110, 0.0280168980809297)	(115, 0.014119525407091474)	(120, 0.029976298048203884)	(125, 0.010221535681412552)	(130, 0.07066437272870231)	(135, 0.04057320306562665)	(140, 0.06787109773368168)	(145, 0.0466945654485948)	(150, 0.00021189410757298013)
qc_bundle_trimmed | SRR30333746_1	(1, 0.0019708151179995944)	(2, 0.08605971640870583)	(3, 0.3304597411860209)	(4, 0.10573707360248305)	(5, 0.002901741009073922)	(6, 0.0016913004738602288)	(7, 0.09798646414804232)	(8, 0.04682344042968507)	(9, 0.0)	(10, 0.1378215647206091)	(15, 3.2689000755281734e-05)	(20, 0.06435990495080839)	(25, 0.010130273958698395)	(30, 0.012160308280964803)	(35, 0.11567642484662521)	(40, 0.12901116838660948)	(45, 0.007779508426122917)	(50, 0.024514381798290626)	(55, 0.05207689447860274)	(60, 0.040970688033587235)	(65, 0.03348301184609118)	(70, 0.03795808867412584)	(75, 0.025043564607618883)	(80, 0.008020649025897388)	(85, 0.028603349414505652)	(90, 0.028198290057320635)	(95, 0.05236019915181518)	(100, 0.13338012440059802)	(105, 0.015613498520171304)	(110, 0.029754096991818392)	(115, 0.051455329710618246)	(120, 0.10584272467436508)	(125, 0.016901182356499712)	(130, 0.08480243209334956)	(135, 0.0947314842786131)	(140, 0.039205533899305575)	(145, 0.0017077316433911614)	(150, 0.0018175562824149327)
qc_bundle_trimmed | SRR30333746_2	(1, 0.06586596775372201)	(2, 0.04432202124145482)	(3, 0.0002416143534086041)	(4, 0.0017623635189804065)	(5, 0.05679121689187533)	(6, 0.0001350197857283376)	(7, 0.08505298993616998)	(8, 0.09967539585373189)	(9, 4.5006595242779196e-05)	(10, 0.09298788955428902)	(15, 0.04274915917612822)	(20, 0.09602417659545714)	(25, 0.028569239152847967)	(30, 0.03168985434089203)	(35, 0.026094350168129245)	(40, 0.04323807292655504)	(45, 0.043736935503298685)	(50, 0.14674187189772797)	(55, 0.02693289410054734)	(60, 0.015269553381789643)	(65, 0.015341090180543958)	(70, 0.016636806369901863)	(75, 0.06884019306881851)	(80, 0.09355544640798218)	(85, 0.06469532283027206)	(90, 0.010822903002376571)	(95, 0.005189498242556096)	(100, 0.08482847049950844)	(105, 0.010461909085834754)	(110, 0.03272882350510539)	(115, 0.016806431987098573)	(120, 0.03483378032744692)	(125, 0.011699893579575855)	(130, 0.0829500173463169)	(135, 0.04785420377241298)	(140, 0.08035177135290576)	(145, 0.054627704004888575)	(150, 0.0001473612381703321)
qc_bundle_trimmed | SRR30333747_1	(1, 0.001774563877833383)	(2, 0.10375607593655403)	(3, 0.4076003063723762)	(4, 0.1300171904190664)	(5, 0.0016530184067489048)	(6, 0.0016821893198091793)	(7, 0.11628012127709868)	(8, 0.058650551617104155)	(9, 2.4309094216895658e-06)	(10, 0.17062553230839062)	(15, 0.006720492187202973)	(20, 0.08110340339959765)	(25, 0.01272289373123885)	(30, 0.01427916194300451)	(35, 0.14484525170948842)	(40, 0.15940931623671498)	(45, 0.009383310367721723)	(50, 0.03995880289184874)	(55, 0.07442229194502605)	(60, 0.05225142565544854)	(65, 0.05306918358490491)	(70, 0.04945199036543083)	(75, 0.03202285599380098)	(80, 0.011304701174625155)	(85, 0.045121082139748706)	(90, 0.03932336316901909)	(95, 0.06363148502214608)	(100, 0.17109129455358635)	(105, 0.01863146217159751)	(110, 0.04303925131101376)	(115, 0.07454189486302831)	(120, 0.13408556955380255)	(125, 0.022925919908431285)	(130, 0.10578444854547041)	(135, 0.11551960352388742)	(140, 0.05937149476149563)	(145, 0.005702332923730059)	(150, 0.0012293117659742067)
qc_bundle_trimmed | SRR30333747_2	(1, 0.05247361077659096)	(2, 0.06288033401084399)	(3, 0.03133928426442188)	(4, 0.00973579223386671)	(5, 0.06909130758326083)	(6, 0.0004570109712776384)	(7, 0.10382171049093966)	(8, 0.12332489678115505)	(9, 0.0001142527428194096)	(10, 0.12485004935232308)	(15, 0.04705803076695095)	(20, 0.1321787550768328)	(25, 0.037927534979084944)	(30, 0.04306064331392463)	(35, 0.03553552010814241)	(40, 0.06031475220719283)	(45, 0.05805497880879021)	(50, 0.18948987560258598)	(55, 0.03903068167464766)	(60, 0.023604130484605683)	(65, 0.02545210782697409)	(70, 0.017358637998400848)	(75, 0.08656857396144013)	(80, 0.12236517612114128)	(85, 0.08540222735780491)	(90, 0.015116367882764818)	(95, 0.01176754741553684)	(100, 0.10620256383204747)	(105, 0.016360997703480283)	(110, 0.05252274732177551)	(115, 0.025332543908936522)	(120, 0.04530644827909737)	(125, 0.024711336756375556)	(130, 0.10530964909839506)	(135, 0.062129341856472016)	(140, 0.10599863591065906)	(145, 0.07119476426560913)	(150, 0.00020765949780082564)
qc_bundle_trimmed | SRR30333748_1	(1, 0.0027106098774379323)	(2, 0.07432697146723065)	(3, 0.2852423849367511)	(4, 0.09199409371408498)	(5, 0.0033634189116545127)	(6, 0.001842236267519858)	(7, 0.0818197515063301)	(8, 0.040503207830210455)	(9, 0.0)	(10, 0.11942827871502842)	(15, 4.036102693985415e-05)	(20, 0.05598410778448937)	(25, 0.008891350775636506)	(30, 0.010566944924351663)	(35, 0.09924715371439014)	(40, 0.11200613047307373)	(45, 0.00689745489173659)	(50, 0.02181574659170238)	(55, 0.045036484992409524)	(60, 0.03554797447727655)	(65, 0.029122621294594003)	(70, 0.03386534772538247)	(75, 0.021709340247951854)	(80, 0.0070167033804225225)	(85, 0.025058693953248536)	(90, 0.024448386303461044)	(95, 0.045473117920213406)	(100, 0.11553680303424416)	(105, 0.013228020814181594)	(110, 0.0260866770787924)	(115, 0.04620817783508772)	(120, 0.09199225912195137)	(125, 0.014731778977156992)	(130, 0.0737494186073995)	(135, 0.08208717601095024)	(140, 0.0346770789375514)	(145, 0.002100948962588784)	(150, 0.0022093012615949383)
qc_bundle_trimmed | SRR30333748_2	(1, 0.07158272740067617)	(2, 0.04426106405059536)	(3, 0.0001788727330288991)	(4, 0.002131184528566541)	(5, 0.048925514550348964)	(6, 9.784491379358582e-05)	(7, 0.0731513036749296)	(8, 0.08596134324799921)	(9, 6.726837823309025e-05)	(10, 0.08075507653811363)	(15, 0.04140490986388947)	(20, 0.0841099340198112)	(25, 0.02459790556235187)	(30, 0.02762681717497456)	(35, 0.02369039398691636)	(40, 0.037262095060797924)	(45, 0.03833533145897132)	(50, 0.12675380510461196)	(55, 0.023739622209168757)	(60, 0.013406587781854886)	(65, 0.012918892039664981)	(70, 0.016725976533444528)	(75, 0.060520137760136955)	(80, 0.08054838063545894)	(85, 0.05637029408236084)	(90, 0.00952489868936648)	(95, 0.00461430687203393)	(100, 0.07341799392131837)	(105, 0.00918153461908819)	(110, 0.02887836572458737)	(115, 0.014298849869974305)	(120, 0.030453775814137045)	(125, 0.010379933545614955)	(130, 0.07239496970909891)	(135, 0.04130824904150224)	(140, 0.06879682267754267)	(145, 0.04781471975303902)	(150, 0.00024387569038906062)
qc_bundle_trimmed | SRR30333749_1	(1, 0.009190389410035412)	(2, 0.0663471603793532)	(3, 0.21982610188163534)	(4, 0.07834203203347766)	(5, 0.002035028170443775)	(6, 0.001112057712275623)	(7, 0.06344345413063353)	(8, 0.03126492221380961)	(9, 0.0)	(10, 0.09558267087581135)	(15, 0.0008548241606482315)	(20, 0.04286102569838067)	(25, 0.006838967715392006)	(30, 0.014578814506789113)	(35, 0.07685741626607939)	(40, 0.08548578593667853)	(45, 0.005271228442227684)	(50, 0.017661498394050124)	(55, 0.042607910879020966)	(60, 0.027706711964733764)	(65, 0.022563913083216702)	(70, 0.024871152013534004)	(75, 0.016986026302149376)	(80, 0.005368954726033724)	(85, 0.01988336723736445)	(90, 0.029528314917670096)	(95, 0.03444945111714435)	(100, 0.08875456163639779)	(105, 0.010230931029551124)	(110, 0.01983207081892228)	(115, 0.035093098218311976)	(120, 0.07057935266334724)	(125, 0.01263215848680393)	(130, 0.05734176419733432)	(135, 0.06306133393727341)	(140, 0.02748470539985286)	(145, 0.0013679773412919951)	(150, 0.0018705068643220203)
qc_bundle_trimmed | SRR30333749_2	(1, 0.1577586787586156)	(2, 0.046717656821760774)	(3, 0.004191746157887408)	(4, 0.05895965241194647)	(5, 0.03861685931163178)	(6, 0.0014265790854444862)	(7, 0.05744321007702516)	(8, 0.06757341930450562)	(9, 0.013035787627230917)	(10, 0.06685825761075262)	(15, 0.06278333367718507)	(20, 0.06508907488667776)	(25, 0.02526954575288123)	(30, 0.031851654346852)	(35, 0.020975954657460404)	(40, 0.03685329373059855)	(45, 0.031541626726663864)	(50, 0.10151364724177013)	(55, 0.020604894630376815)	(60, 0.012523192909459985)	(65, 0.01192373013818553)	(70, 0.013974110037791093)	(75, 0.04799596334268236)	(80, 0.06440911204397488)	(85, 0.04574376556834052)	(90, 0.010703462794872283)	(95, 0.00666223830448615)	(100, 0.05978081299651604)	(105, 0.009645329622437542)	(110, 0.025696421492484238)	(115, 0.014368035155522551)	(120, 0.02586535069585484)	(125, 0.025356224930754526)	(130, 0.059789524383915396)	(135, 0.039948425706918665)	(140, 0.058254899107612904)	(145, 0.04539521977883886)	(150, 0.0014270695402479239)
qc_bundle_trimmed | SRR30333750_1	(1, 0.002446094222189448)	(2, 0.07481837230959384)	(3, 0.28904522652551373)	(4, 0.09224891862802183)	(5, 0.003190311306006161)	(6, 0.0016962105108309841)	(7, 0.08246643061511129)	(8, 0.04176493385855667)	(9, 0.0)	(10, 0.12072863310252654)	(15, 3.3244214911609486e-05)	(20, 0.0567622303105565)	(25, 0.009150092379251061)	(30, 0.010701615000182655)	(35, 0.1007666153736134)	(40, 0.11310021910582053)	(45, 0.006883441362550414)	(50, 0.021884515566244746)	(55, 0.04552908564695755)	(60, 0.03566613152295413)	(65, 0.029679528412678267)	(70, 0.03298543892053617)	(75, 0.02206698097308915)	(80, 0.00704361803439726)	(85, 0.025387624712555595)	(90, 0.024714051585426052)	(95, 0.04578521721184472)	(100, 0.1173543452889982)	(105, 0.013671305607229954)	(110, 0.026442372985660295)	(115, 0.0464312127516044)	(120, 0.09419030771461909)	(125, 0.01474004058244686)	(130, 0.07400476781180239)	(135, 0.08389018139832616)	(140, 0.035001764378202314)	(145, 0.001995555318729166)	(150, 0.0021819435465836564)
qc_bundle_trimmed | SRR30333750_2	(1, 0.07020573749060803)	(2, 0.04349514413463816)	(3, 0.00019077646057230447)	(4, 0.0020437636667250832)	(5, 0.05005143220044478)	(6, 0.00012655468176578613)	(7, 0.07396271155078936)	(8, 0.08655962457610321)	(9, 6.611065465376887e-05)	(10, 0.08172448018231128)	(15, 0.04120960435946501)	(20, 0.08358615621736142)	(25, 0.024845139569225242)	(30, 0.02785487434423425)	(35, 0.022902997423082237)	(40, 0.037579562756218925)	(45, 0.03883944294633504)	(50, 0.1282561811289894)	(55, 0.024054833914735615)	(60, 0.013350952263536262)	(65, 0.013060065383059677)	(70, 0.016721084550200674)	(75, 0.06002658554977488)	(80, 0.08102975348235426)	(85, 0.05695300956813507)	(90, 0.009572068292192851)	(95, 0.00470179062932372)	(100, 0.07396462641269594)	(105, 0.009121765168621681)	(110, 0.029211111259367)	(115, 0.014365297153345577)	(120, 0.030876024490262263)	(125, 0.010512795724796405)	(130, 0.07329049814845366)	(135, 0.041732818907765375)	(140, 0.06934364444151866)	(145, 0.04846855574436121)	(150, 0.00019686999588809702)
qc_bundle_trimmed | SRR30333751_1	(1, 0.0026559282436623526)	(2, 0.07908039923869908)	(3, 0.3007770844121344)	(4, 0.09728265047372382)	(5, 0.003441662979687888)	(6, 0.0018792457511394149)	(7, 0.08618278949083774)	(8, 0.04347249419687826)	(9, 0.0)	(10, 0.1255495481246775)	(15, 3.584688427028942e-05)	(20, 0.05978174027063963)	(25, 0.009505579857208462)	(30, 0.011178796546228739)	(35, 0.1050411473349308)	(40, 0.11689451706697317)	(45, 0.007323989173082262)	(50, 0.022816360793169163)	(55, 0.047287109608873196)	(60, 0.03701896875900585)	(65, 0.03175020095075352)	(70, 0.034295691823684166)	(75, 0.024181801203101098)	(80, 0.007432254005373339)	(85, 0.0261888646324972)	(90, 0.025563897741077812)	(95, 0.04739899533856531)	(100, 0.12171537986671695)	(105, 0.014260542324253316)	(110, 0.027422504377031302)	(115, 0.04772523819439896)	(120, 0.09585204050491085)	(125, 0.015226611313813955)	(130, 0.07663947780987737)	(135, 0.08558066984784565)	(140, 0.035955449449027004)	(145, 0.0020567314368388754)	(150, 0.0020071157800252803)
qc_bundle_trimmed | SRR30333751_2	(1, 0.07213370757480511)	(2, 0.0451978518084735)	(3, 0.00019914935705716343)	(4, 0.0022467668373449077)	(5, 0.05057307400031639)	(6, 0.00010862692203118004)	(7, 0.07581616023166211)	(8, 0.09121402642958189)	(9, 7.603884542182604e-05)	(10, 0.08407615138291305)	(15, 0.042047308979829175)	(20, 0.08690914150948623)	(25, 0.025630884342997037)	(30, 0.029014975054008397)	(35, 0.023795813540150302)	(40, 0.038728756511776624)	(45, 0.04042297440572293)	(50, 0.13277903187559262)	(55, 0.024838269901909526)	(60, 0.01389229705856762)	(65, 0.013969422173209754)	(70, 0.0165695885968961)	(75, 0.062129892235213646)	(80, 0.08422424730648499)	(85, 0.05857888112352802)	(90, 0.009950227751407522)	(95, 0.004877350565238583)	(100, 0.07688113018440522)	(105, 0.00951319676245561)	(110, 0.030046620183944293)	(115, 0.015112216845943983)	(120, 0.03165294241957291)	(125, 0.010881629853503107)	(130, 0.07568936300967781)	(135, 0.04297691444259167)	(140, 0.07232870781391691)	(145, 0.049681335916198784)	(150, 0.00023459857613972835)
qc_bundle_trimmed | SRR30333752_1	(1, 0.002583459823997797)	(2, 0.07494392813633792)	(3, 0.29276852014601523)	(4, 0.09373594411637669)	(5, 0.0032002545373593064)	(6, 0.0015975994214937454)	(7, 0.08389587763736617)	(8, 0.04154095542175192)	(9, 0.0)	(10, 0.12293190502102916)	(15, 3.336758285398329e-05)	(20, 0.0586123500839161)	(25, 0.009175074145971041)	(30, 0.010860305603242925)	(35, 0.10279979298616777)	(40, 0.11575854880000566)	(45, 0.007129877249425883)	(50, 0.022164838218622716)	(55, 0.04631622727907753)	(60, 0.03638043965329396)	(65, 0.031090498108917522)	(70, 0.03375215267253273)	(75, 0.023330344294471953)	(80, 0.0070924651110744474)	(85, 0.025852461693425054)	(90, 0.025201962350918105)	(95, 0.04686628682673107)	(100, 0.11783475395536464)	(105, 0.013645993202113346)	(110, 0.026812032485195664)	(115, 0.047080985473072226)	(120, 0.09577541994176965)	(125, 0.01517215092932854)	(130, 0.07534581158850628)	(135, 0.08507194595949635)	(140, 0.035610605480010146)	(145, 0.002041265524485914)	(150, 0.002127570969028292)
qc_bundle_trimmed | SRR30333752_2	(1, 0.06789460495056963)	(2, 0.04358345594796545)	(3, 0.00017863453447081962)	(4, 0.002135188256363476)	(5, 0.049774996321982345)	(6, 8.931726723540981e-05)	(7, 0.07525906641884778)	(8, 0.08811232674346041)	(9, 5.392740663270027e-05)	(10, 0.08284597843948578)	(15, 0.041250758564809704)	(20, 0.08540112637500141)	(25, 0.025583835799135913)	(30, 0.028245490362751126)	(35, 0.023430109996742447)	(40, 0.038321489245779716)	(45, 0.03921533601071672)	(50, 0.13056903693909389)	(55, 0.024475627592833928)	(60, 0.013666553025892066)	(65, 0.013136042163142876)	(70, 0.01655874725286207)	(75, 0.06167508973436202)	(80, 0.08279913040033061)	(85, 0.058030275637118905)	(90, 0.00956267902490698)	(95, 0.004747635357566391)	(100, 0.07517013357587739)	(105, 0.009155197579379647)	(110, 0.02965134762162885)	(115, 0.014657836996965695)	(120, 0.031197134911214494)	(125, 0.01083479346831355)	(130, 0.07416204263234996)	(135, 0.04247026421657054)	(140, 0.07095376392453619)	(145, 0.049280864143575874)	(150, 0.0002176134119498053)
qc_bundle_trimmed | SRR30333753_1	(1, 0.0017240625701253147)	(2, 0.10326514628658504)	(3, 0.408689652414598)	(4, 0.13206071220603058)	(5, 0.0017042172455771097)	(6, 0.0015628193081711488)	(7, 0.11728834874546044)	(8, 0.059379691713798075)	(9, 2.480665568525633e-06)	(10, 0.17167942200095346)	(15, 0.006283029751961723)	(20, 0.08142437435505796)	(25, 0.01261120761727061)	(30, 0.014539677030242438)	(35, 0.14722005949529074)	(40, 0.16092672902762228)	(45, 0.009518809919546558)	(50, 0.03978541052112781)	(55, 0.07443882011408978)	(60, 0.05253355087778103)	(65, 0.05305052158226177)	(70, 0.0493751674759342)	(75, 0.03156001962901051)	(80, 0.011336641648162142)	(85, 0.045312829540916616)	(90, 0.039963026175834235)	(95, 0.06424229236122202)	(100, 0.17340199617173765)	(105, 0.019268321736966)	(110, 0.04299539176679997)	(115, 0.07442889745181568)	(120, 0.13503950212047303)	(125, 0.022791382087161423)	(130, 0.10691018052943263)	(135, 0.11695576789425731)	(140, 0.059034840746539995)	(145, 0.005338390807047507)	(150, 0.0010944439429177886)
qc_bundle_trimmed | SRR30333753_2	(1, 0.05108186538707983)	(2, 0.06151306410273012)	(3, 0.03033853990306849)	(4, 0.009319860540950803)	(5, 0.06964468583635713)	(6, 0.000419232481080832)	(7, 0.10449307574300525)	(8, 0.12356691329939883)	(9, 8.434262932987151e-05)	(10, 0.12539169089160626)	(15, 0.04743479086823345)	(20, 0.1320344171510042)	(25, 0.03835505875431592)	(30, 0.04296314311440914)	(35, 0.03514755817421228)	(40, 0.06021766054284604)	(45, 0.05842215480434718)	(50, 0.19127419932673745)	(55, 0.03912356894744516)	(60, 0.023696309776784254)	(65, 0.025164367660237722)	(70, 0.016350562895266152)	(75, 0.08709815264338978)	(80, 0.12374700961967379)	(85, 0.08556460561344159)	(90, 0.015032338852920667)	(95, 0.011578260082956841)	(100, 0.10686066060375582)	(105, 0.01625332878815642)	(110, 0.052677468944660924)	(115, 0.025568751794174883)	(120, 0.04477711530008459)	(125, 0.024231763879810568)	(130, 0.10607898869882297)	(135, 0.062441411094219974)	(140, 0.10639974716710866)	(145, 0.07185094180139322)	(150, 0.00018171721715978708)
qc_bundle_trimmed | SRR30333754_1	(1, 0.0020120633768647552)	(2, 0.09232004412447156)	(3, 0.35005988237258284)	(4, 0.11289476223497964)	(5, 0.00280671097512068)	(6, 0.001624525878207925)	(7, 0.10098679182170614)	(8, 0.050567771794433676)	(9, 0.0)	(10, 0.14565851330829216)	(15, 3.444777765838491e-05)	(20, 0.06936882080755377)	(25, 0.010871405467371203)	(30, 0.012696354779227911)	(35, 0.12214790505644445)	(40, 0.135487806954654)	(45, 0.008262769213786235)	(50, 0.025969709834233773)	(55, 0.05477862116115238)	(60, 0.0425899796503668)	(65, 0.036597632145883206)	(70, 0.04103278351940026)	(75, 0.02768661838888918)	(80, 0.008668313505309949)	(85, 0.030068995375581574)	(90, 0.029660710919925944)	(95, 0.05474456483551284)	(100, 0.13919564047715652)	(105, 0.016143481257179473)	(110, 0.03076147399691888)	(115, 0.05469915682956869)	(120, 0.1104728602704864)	(125, 0.017873707786415394)	(130, 0.08832084575437178)	(135, 0.09857703401376842)	(140, 0.04142206285702784)	(145, 0.001600833132805743)	(150, 0.001468357562904083)
qc_bundle_trimmed | SRR30333754_2	(1, 0.0651963337386819)	(2, 0.04501698216720755)	(3, 0.00027205915309747177)	(4, 0.0017478332641441888)	(5, 0.0583870258708682)	(6, 0.00012135012584203775)	(7, 0.08813737930310972)	(8, 0.10482693612657837)	(9, 4.697424226143397e-05)	(10, 0.0973971768088949)	(15, 0.043695831603604726)	(20, 0.10178183087198091)	(25, 0.029744481651958834)	(30, 0.03330004033913054)	(35, 0.028792861794145953)	(40, 0.04489641494540321)	(45, 0.046333043854565395)	(50, 0.1539177594539088)	(55, 0.028565036719178)	(60, 0.01602369693941282)	(65, 0.01647856418531104)	(70, 0.016358388415525536)	(75, 0.07329939167650706)	(80, 0.09841769530408898)	(85, 0.0679384612474621)	(90, 0.01141396127182422)	(95, 0.005540223350504973)	(100, 0.08867298250918834)	(105, 0.010989249603046484)	(110, 0.034281483418564164)	(115, 0.017554726738277397)	(120, 0.0366757695641485)	(125, 0.012292937133544481)	(130, 0.08738727593957606)	(135, 0.050340055925852424)	(140, 0.08389298394721438)	(145, 0.05767243693811698)	(150, 0.00016817826161862797)
qc_bundle_trimmed | SRR30333755_1	(1, 0.0024366604686296032)	(2, 0.09187555362084383)	(3, 0.3611713819161076)	(4, 0.11583853970190675)	(5, 0.0018985023283187707)	(6, 0.002052973646370954)	(7, 0.10528216914405025)	(8, 0.05272205744035894)	(9, 0.0)	(10, 0.15120848517926186)	(15, 0.009317111951418471)	(20, 0.07230204444533472)	(25, 0.011194685907614042)	(30, 0.01290732435969583)	(35, 0.13244669786538826)	(40, 0.14276886997329466)	(45, 0.008651888694645359)	(50, 0.04050387447700559)	(55, 0.07139415173084737)	(60, 0.04776851107662747)	(65, 0.05367380007739013)	(70, 0.04620386611313115)	(75, 0.027941868257342538)	(80, 0.011215614279737243)	(85, 0.045666206267394684)	(90, 0.037958585791165095)	(95, 0.057411009385104246)	(100, 0.15966753466924383)	(105, 0.017537976276194724)	(110, 0.042922099115776255)	(115, 0.07252378806060047)	(120, 0.12205577448656058)	(125, 0.021278689325619722)	(130, 0.09559712041019051)	(135, 0.10408263174899672)	(140, 0.05751965441980851)	(145, 0.007731080289720349)	(150, 0.0017200232672734735)
qc_bundle_trimmed | SRR30333755_2	(1, 0.056389505507662384)	(2, 0.0701872822717429)	(3, 0.04304268533337938)	(4, 0.01368566048484909)	(5, 0.06093644349871456)	(6, 0.0005431410860544515)	(7, 0.09406057532942066)	(8, 0.10870046992417279)	(9, 0.00012706511646227994)	(10, 0.11678181133117377)	(15, 0.046234760376741596)	(20, 0.12451683800899327)	(25, 0.03611290268772868)	(30, 0.04048842734520037)	(35, 0.03364783942836045)	(40, 0.05863083450314213)	(45, 0.05418804007813159)	(50, 0.17419381730542674)	(55, 0.037320270441407524)	(60, 0.023747722824938578)	(65, 0.026938801279152068)	(70, 0.01704167444317637)	(75, 0.07989406058031237)	(80, 0.11455044822718126)	(85, 0.07880977394272988)	(90, 0.014324974565172517)	(95, 0.013119601966952676)	(100, 0.09582509992357552)	(105, 0.016598209144421318)	(110, 0.0532368734616752)	(115, 0.02565077128411577)	(120, 0.04089419705324392)	(125, 0.02744129579562723)	(130, 0.09537017464707769)	(135, 0.05779751054138405)	(140, 0.09871139557977285)	(145, 0.06565092031765483)	(150, 0.00023765031400042842)
qc_bundle_trimmed | SRR30333756_1	(1, 0.00146654118431357)	(2, 0.10024913923072803)	(3, 0.3814734785268035)	(4, 0.12032468177161229)	(5, 0.0023444569343752555)	(6, 0.0012676540921943325)	(7, 0.10787314442863213)	(8, 0.054716048898581365)	(9, 0.0)	(10, 0.1587167210164151)	(15, 2.20985657910264e-05)	(20, 0.07369791332886247)	(25, 0.012157023729801559)	(30, 0.013598653803587062)	(35, 0.13145552846449965)	(40, 0.14784623560775656)	(45, 0.008928222371679957)	(50, 0.027872318344063656)	(55, 0.059491348069969516)	(60, 0.04663761682959269)	(65, 0.03786328083423934)	(70, 0.04227134202139117)	(75, 0.028171653462505743)	(80, 0.00909697505590234)	(85, 0.03286177270757213)	(90, 0.03195211538119243)	(95, 0.0592639337383746)	(100, 0.15035823985003832)	(105, 0.017324471995954115)	(110, 0.032749270918090545)	(115, 0.059414606494028466)	(120, 0.1212817578759243)	(125, 0.019159061445939478)	(130, 0.0959366705070639)	(135, 0.10692090843427203)	(140, 0.045542542678863915)	(145, 0.0013402524103226703)	(150, 0.0011846523648701881)
qc_bundle_trimmed | SRR30333756_2	(1, 0.058617450240960746)	(2, 0.04367480184517399)	(3, 0.0002290215000160918)	(4, 0.0015368548027395632)	(5, 0.0626233175307159)	(6, 7.232257895245003e-05)	(7, 0.09514637949352739)	(8, 0.11354443999482011)	(9, 2.8125447370397234e-05)	(10, 0.1054117659916171)	(15, 0.04412280004257389)	(20, 0.10913195909451007)	(25, 0.0321309128680471)	(30, 0.03586677586304643)	(35, 0.02897403229677265)	(40, 0.04842157377708646)	(45, 0.05014968162194473)	(50, 0.1670780147275289)	(55, 0.031772916102232464)	(60, 0.017196702106471454)	(65, 0.016924688851189182)	(70, 0.015667079561627134)	(75, 0.07700707310804233)	(80, 0.10579628103638095)	(85, 0.07382930231369583)	(90, 0.012262697270667923)	(95, 0.006295280198047876)	(100, 0.09546585484903743)	(105, 0.011685331864529882)	(110, 0.037502926959225684)	(115, 0.018422613491873373)	(120, 0.03947222453588495)	(125, 0.013142348980984191)	(130, 0.0945451545809179)	(135, 0.05409454892288108)	(140, 0.09022468193184909)	(145, 0.06355340875241168)	(150, 0.00014316988251919963)
qc_bundle_trimmed | SRR30333757_1	(1, 0.0011677646529582597)	(2, 0.0052903277459775706)	(3, 0.0024151496231636736)	(4, 0.00012385382682890633)	(5, 1.1058377395438064e-05)	(6, 0.00022780257434602418)	(7, 1.3270052874525677e-05)	(8, 1.3270052874525677e-05)	(9, 0.0022249455319621387)	(10, 0.00012075748115818367)	(15, 8.404366820532929e-05)	(20, 0.0002618623767239734)	(25, 0.00016499099073993595)	(30, 0.00015525961863195042)	(35, 0.0016260238122252132)	(40, 0.000588305677437305)	(45, 0.0003812928525947045)	(50, 0.0011359165260593981)	(55, 0.001015601415935924)	(60, 0.0006780997858735156)	(65, 0.00023355297191512246)	(70, 3.3175139376833134e-05)	(75, 0.00016676037021810713)	(80, 1.4597063262845013e-05)	(85, 9.46597707996777e-05)	(90, 2.875180768144087e-05)	(95, 5.1310935119321897e-05)	(100, 0.00013579708945876996)	(105, 0.000448971023878995)	(110, 0.00010262201685924918)	(115, 7.608195686402525e-05)	(120, 2.4328579099909547e-05)	(125, 0.0003702380060645958)	(130, 6.192796091935173e-05)	(135, 7.033363098466986e-05)	(140, 0.00010926847643782573)	(145, 0.0002719987855564321)	(150, 0.0)
qc_bundle_trimmed | SRR30333757_2	(1, 0.0020590766565045005)	(2, 0.004454329093662797)	(3, 1.3270096604755105e-05)	(4, 0.0009620820038447451)	(5, 2.4328510442051028e-05)	(6, 0.0006988917545171021)	(7, 4.423365534918369e-05)	(8, 0.0)	(9, 0.0)	(10, 2.786720286998572e-05)	(15, 0.00022514930572734495)	(20, 3.405991461887144e-05)	(25, 6.458113680980818e-05)	(30, 2.9636556818459185e-05)	(35, 1.9905163661317232e-05)	(40, 0.0011098242978279014)	(45, 3.229065210525165e-05)	(50, 5.352291781893915e-05)	(55, 3.096370187156999e-05)	(60, 0.000408279019137922)	(65, 0.00028575149280826305)	(70, 0.00022603607649904813)	(75, 0.00019949604291636728)	(80, 2.56558753115613e-05)	(85, 0.0004087258293412011)	(90, 8.846909399437818e-06)	(95, 4.2465344695714836e-05)	(100, 8.227704718364828e-05)	(105, 6.944944979359048e-05)	(110, 0.00013536142136499378)	(115, 5.618010506502443e-05)	(120, 3.3177844260279394e-05)	(125, 5.4413088855295614e-05)	(130, 0.0008914378180624698)	(135, 1.6370066936186104e-05)	(140, 1.637313471275371e-05)	(145, 8.420823622498625e-06)	(150, 2.8027495627185165e-05)
qc_bundle_trimmed | SRR30333758_1	(1, 0.0018713763713641344)	(2, 0.005628961687709556)	(3, 2.4720956028588303e-05)	(4, 0.0004696981645431777)	(5, 1.977676482287064e-05)	(6, 0.0002126002218458594)	(7, 7.416286808576491e-06)	(8, 1.2360478014294151e-05)	(9, 0.0021210580272528765)	(10, 0.00013448200079552037)	(15, 6.773541951833194e-05)	(20, 0.0001804629790086946)	(25, 6.526332391547311e-05)	(30, 0.0006160462242324205)	(35, 0.0033595779242851505)	(40, 0.0004983744858566339)	(45, 0.00018392391739947204)	(50, 0.001036302517707844)	(55, 0.0009473070912195125)	(60, 0.0006318676860759115)	(65, 0.0002971459340688745)	(70, 4.845308651278326e-05)	(75, 4.94419284353499e-07)	(80, 5.438612692569039e-06)	(85, 6.427452031295105e-05)	(90, 4.449775033218065e-05)	(95, 4.944195556936238e-05)	(100, 2.3732145830812513e-05)	(105, 0.0004632714924562072)	(110, 7.910726502136211e-06)	(115, 3.5598309740833724e-05)	(120, 4.944218290955598e-06)	(125, 0.0009522597479804528)	(130, 2.4721352044364346e-05)	(135, 4.252142581717738e-05)	(140, 9.04885340964777e-05)	(145, 0.0003194234079643923)	(150, 0.0)
qc_bundle_trimmed | SRR30333758_2	(1, 0.006311297207168169)	(2, 0.003564782833034274)	(3, 0.0)	(4, 7.416330443205841e-06)	(5, 0.0)	(6, 0.00035351175112614504)	(7, 0.0)	(8, 0.0)	(9, 0.0)	(10, 2.9170899743276306e-05)	(15, 0.0006897187312181432)	(20, 8.899596531847008e-06)	(25, 4.94422029547056e-06)	(30, 2.620438946168031e-05)	(35, 2.0765783865894688e-05)	(40, 0.001742845960955227)	(45, 2.4721267217695145e-05)	(50, 3.263213758666416e-05)	(55, 2.224923994124223e-05)	(60, 0.0004741571967074999)	(65, 0.00046822526215509685)	(70, 6.328724981592186e-05)	(75, 0.00015871312510672345)	(80, 1.7799686246908268e-05)	(85, 0.0009656383358399551)	(90, 7.416623798581111e-06)	(95, 9.888916857492684e-07)	(100, 3.95560830447132e-05)	(105, 0.0)	(110, 0.0001305392210800826)	(115, 5.38982105789143e-05)	(120, 1.977983764897166e-06)	(125, 1.0879445732197181e-05)	(130, 0.001490600583796142)	(135, 1.0881715695976162e-05)	(140, 1.583253022411466e-05)	(145, 4.956137710429616e-06)	(150, 3.910904179666729e-06)
qc_bundle_trimmed | SRR30333759_1	(1, 0.0011456502046552116)	(2, 0.004921619756733103)	(3, 0.0020317755670313854)	(4, 0.0003109621984064146)	(5, 2.1042554779381437e-05)	(6, 0.00012391726703413515)	(7, 2.5718678063688422e-05)	(8, 1.1690308210767467e-05)	(9, 0.0020130710738941577)	(10, 0.000136542799901764)	(15, 8.417021911752575e-05)	(20, 0.00022632436696045814)	(25, 0.00012532010401942724)	(30, 0.00032873146688678116)	(35, 0.002117816245365804)	(40, 0.0005153087979788672)	(45, 0.0003226525156697597)	(50, 0.0009885325085274958)	(55, 0.0008561982454230032)	(60, 0.0005812422003422436)	(65, 0.00024783458969571484)	(70, 3.974706222799595e-05)	(75, 0.00012952867433312443)	(80, 8.884639516483328e-06)	(85, 6.219248650326014e-05)	(90, 3.507095529957509e-05)	(95, 4.7696516381116034e-05)	(100, 8.463796719766267e-05)	(105, 0.0003684793504850028)	(110, 6.733638877808779e-05)	(115, 5.190521772431506e-05)	(120, 2.1510323718541287e-05)	(125, 0.0005461773266350982)	(130, 5.003543958747678e-05)	(135, 5.33097376328996e-05)	(140, 7.57612656826697e-05)	(145, 0.00023696044598166315)	(150, 0.0)
qc_bundle_trimmed | SRR30333759_2	(1, 0.0033200517236001764)	(2, 0.0038507923864573874)	(3, 4.676129188169262e-06)	(4, 0.000722461959572151)	(5, 7.014193782253892e-06)	(6, 0.0005564593733921422)	(7, 3.0394839723100205e-05)	(8, 0.0)	(9, 0.0)	(10, 2.618632345374787e-05)	(15, 0.0003712846575406394)	(20, 2.571871053493094e-05)	(25, 3.92794851806218e-05)	(30, 2.8056780245703605e-05)	(35, 2.2445432698141616e-05)	(40, 0.0012008311715683468)	(45, 1.7301703400396356e-05)	(50, 4.115001459469438e-05)	(55, 1.589887485112282e-05)	(60, 0.00034089079178171127)	(65, 0.0002983380871107093)	(70, 0.0001650680774185743)	(75, 0.0001575864128602035)	(80, 1.9639875388918633e-05)	(85, 0.0005695571746275578)	(90, 8.884733369198351e-06)	(95, 2.665425769126843e-05)	(100, 8.323632054443587e-05)	(105, 4.7229757290953495e-05)	(110, 0.00012532310564609676)	(115, 3.366912234904528e-05)	(120, 1.4964206226626787e-05)	(125, 3.9281612446966255e-05)	(130, 0.0009577462912864879)	(135, 1.2627156459349631e-05)	(140, 1.6838497452601945e-05)	(145, 6.088388127811752e-06)	(150, 7.3890797529239515e-06)
qc_bundle_trimmed | SRR30333760_1	(1, 0.0003548237952374033)	(2, 0.0051021214694481785)	(3, 0.001930730858222836)	(4, 9.054124430195808e-05)	(5, 0.0)	(6, 6.851769839067099e-05)	(7, 0.0)	(8, 0.0)	(9, 0.001859766099175355)	(10, 0.00021240486501108004)	(15, 0.00028092256340175105)	(20, 0.00021289427714244198)	(25, 0.00015612246990445746)	(30, 0.00017569895515893487)	(35, 0.001455511692917298)	(40, 0.0006230216737151805)	(45, 0.0002936472931886161)	(50, 0.001047831424528045)	(55, 0.0009029654265549945)	(60, 0.0005300333642054521)	(65, 0.00024225902399447897)	(70, 3.4258852548675106e-05)	(75, 0.00022170372263307967)	(80, 4.894122008239734e-06)	(85, 1.8108252316726977e-05)	(90, 3.3769446815007954e-05)	(95, 4.6494175689293774e-05)	(100, 0.00021436265201994856)	(105, 2.6428284713144535e-05)	(110, 0.00015905919257667907)	(115, 5.08989772467183e-05)	(120, 4.9920200845999605e-05)	(125, 0.0003763599698994246)	(130, 6.851837878996749e-05)	(135, 5.922022198499547e-05)	(140, 0.00012040499305997367)	(145, 1.4700138490004715e-05)	(150, 0.0)
qc_bundle_trimmed | SRR30333760_2	(1, 0.0021950171153828977)	(2, 0.0037440091265728355)	(3, 7.34119436582909e-06)	(4, 0.0007463547605259575)	(5, 0.0)	(6, 0.0006827310760221054)	(7, 1.957651830887757e-05)	(8, 0.0)	(9, 0.0)	(10, 1.272473690077042e-05)	(15, 0.0002735818433665641)	(20, 2.104475718204339e-05)	(25, 0.00011109674140288023)	(30, 1.2724739267278289e-05)	(35, 5.872960034061602e-06)	(40, 0.0004130651225796445)	(45, 1.664007411528164e-05)	(50, 8.271099711175646e-05)	(55, 1.0277703147514287e-05)	(60, 1.761892726965553e-05)	(65, 0.00014829272059029157)	(70, 0.00012137499506547021)	(75, 0.00014339882264574567)	(80, 5.28569631504598e-05)	(85, 0.0003841924153075962)	(90, 2.398147870267522e-05)	(95, 4.551596687148248e-05)	(100, 0.00014242130430076514)	(105, 6.851909743238485e-05)	(110, 4.209052518883498e-05)	(115, 3.1812832012174156e-05)	(120, 4.1601844874433934e-05)	(125, 1.2725466698782482e-05)	(130, 0.00039694633637448883)	(135, 1.2236929450533429e-05)	(140, 1.958187248689002e-05)	(145, 9.314426263795572e-06)	(150, 3.880651494638744e-06)
qc_bundle_trimmed | SRR30333761_1	(1, 0.0004922997978631369)	(2, 0.005608871968858166)	(3, 0.002583379036359471)	(4, 0.00024853970377556423)	(5, 0.0)	(6, 8.125336469585754e-05)	(7, 0.0)	(8, 0.0)	(9, 0.0020289443125524427)	(10, 0.0001271376177005771)	(15, 8.698889632144748e-05)	(20, 0.00021842816274121704)	(25, 0.00011996820316858966)	(30, 0.00028438677643550137)	(35, 0.0019462570649501877)	(40, 0.0006180035326573165)	(45, 0.0002604887279955433)	(50, 0.001218800470437863)	(55, 0.0010405210290757758)	(60, 0.0006744029269756176)	(65, 0.00021603836099495834)	(70, 3.680299793971082e-05)	(75, 0.0001940521802297765)	(80, 1.57727149858692e-05)	(85, 3.4413198635549175e-05)	(90, 4.206058073387951e-05)	(95, 6.261292252526462e-05)	(100, 0.00013717491737230616)	(105, 8.07755110560238e-05)	(110, 0.00010467367029750632)	(115, 7.886382069315247e-05)	(120, 3.297947283048744e-05)	(125, 0.0005587407442373181)	(130, 4.731880513459318e-05)	(135, 6.88285517198434e-05)	(140, 0.00012189389906646912)	(145, 3.591192253371197e-05)	(150, 0.0)
qc_bundle_trimmed | SRR30333761_2	(1, 0.00318084894731465)	(2, 0.004571723543360575)	(3, 0.0)	(4, 0.0010395712186941194)	(5, 4.779637787099399e-06)	(6, 0.0007480133136810559)	(7, 4.7796377870994e-05)	(8, 0.0)	(9, 0.0)	(10, 2.4854116492916875e-05)	(15, 0.00036707618204923385)	(20, 3.2979500730985854e-05)	(25, 6.595900146197171e-05)	(30, 1.5772814724077405e-05)	(35, 9.559298464880863e-07)	(40, 0.0006065387370839691)	(45, 5.735603724270888e-06)	(50, 3.106792626873704e-05)	(55, 2.389846387748141e-06)	(60, 4.779702119308927e-07)	(65, 0.00019596819808962552)	(70, 0.00020027049517702046)	(75, 0.00010372040107732707)	(80, 6.213688459330764e-06)	(85, 0.0005941266768508487)	(90, 2.8678812972459546e-06)	(95, 4.779830469068519e-05)	(100, 0.00010945889416298593)	(105, 6.787468533929215e-05)	(110, 5.64035831628555e-05)	(115, 1.9120164411234545e-06)	(120, 2.1510679741781975e-05)	(125, 5.114917814600024e-05)	(130, 0.000500521010342246)	(135, 6.215213064029809e-06)	(140, 6.694677516188566e-06)	(145, 7.184105058359982e-06)	(150, 1.8911890987624083e-05)
qc_bundle_trimmed | SRR30333762_1	(1, 0.0002748334694873197)	(2, 0.00560066043225511)	(3, 0.00187183876515688)	(4, 0.00011141897411648096)	(5, 0.0)	(6, 7.18033388750655e-05)	(7, 0.0)	(8, 0.0)	(9, 0.002191239824290792)	(10, 0.00019758298076655957)	(15, 0.0002624535834743774)	(20, 0.0002659199515580012)	(25, 0.00019362141724241802)	(30, 0.00013419796438029485)	(35, 0.0015573896604281448)	(40, 0.0006853504896764873)	(45, 0.00036347345693979477)	(50, 0.0012454165822399672)	(55, 0.0010072275758904383)	(60, 0.0006378117842382565)	(65, 0.00028671818987586784)	(70, 3.3178099607874974e-05)	(75, 0.00021937162468838769)	(80, 8.913520489400605e-06)	(85, 1.5351064433399096e-05)	(90, 2.7730958950525026e-05)	(95, 5.2490752045601744e-05)	(100, 0.00019857356142974887)	(105, 3.070215334454923e-05)	(110, 0.0001535108374194452)	(115, 5.9423605290348886e-05)	(120, 4.902454233955575e-05)	(125, 0.00037486551575822464)	(130, 6.289060076994139e-05)	(135, 6.635836044179653e-05)	(140, 0.00013966705948439875)	(145, 2.3820523550691606e-05)	(150, 0.0)
qc_bundle_trimmed | SRR30333762_2	(1, 0.0021417272269958257)	(2, 0.004194318985584889)	(3, 2.4759852335211855e-06)	(4, 0.0007229876881881861)	(5, 0.0)	(6, 0.0007031798063200167)	(7, 2.228386710169067e-05)	(8, 0.0)	(9, 2.4759852335211855e-06)	(10, 2.0798275961577957e-05)	(15, 0.0002604736465664287)	(20, 2.2779064148394906e-05)	(25, 0.00010844815322822793)	(30, 1.4855918904866424e-05)	(35, 8.913560877097758e-06)	(40, 0.00040012021829846027)	(45, 1.634155562666278e-05)	(50, 6.14046730976639e-05)	(55, 8.418387688006985e-06)	(60, 1.4855989160832612e-05)	(65, 0.0001545024395266681)	(70, 0.00011191535332761534)	(75, 0.00011835313621474888)	(80, 4.8034604247748586e-05)	(85, 0.0003768495675257526)	(90, 2.6741037254825727e-05)	(95, 3.565480885939796e-05)	(100, 0.00014460060881016053)	(105, 7.923356344047702e-05)	(110, 5.546382922167999e-05)	(115, 2.7732122533016612e-05)	(120, 4.5560403386067006e-05)	(125, 1.6342593451220715e-05)	(130, 0.00040560481472229587)	(135, 9.410111276497394e-06)	(140, 2.080429895278292e-05)	(145, 1.2896184489720226e-05)	(150, 7.808607795377411e-06)
qc_bundle_trimmed | SRR30333763_1	(1, 0.0)	(2, 0.004850126085772962)	(3, 0.0027611641768380242)	(4, 0.0)	(5, 0.0)	(6, 5.835089131103179e-05)	(7, 1.6338249567088903e-05)	(8, 0.0)	(9, 0.0017131821688918935)	(10, 0.00024320651498438049)	(15, 0.00036224233325888536)	(20, 0.0002053951374148319)	(25, 0.00017551948106358362)	(30, 1.0269756918681554e-05)	(35, 0.0008453877330458797)	(40, 0.0006488619325812099)	(45, 0.00033983560685921764)	(50, 0.0010213740491867693)	(55, 0.0008211137808590162)	(60, 0.000474276095497023)	(65, 0.00021099684957429614)	(70, 1.9605902317680934e-05)	(75, 0.000305758743262291)	(80, 4.201265351102663e-06)	(85, 2.0072713919662005e-05)	(90, 1.633825818539033e-05)	(95, 4.948159394405042e-05)	(100, 0.00028661990993440804)	(105, 3.501059378555238e-05)	(110, 0.00020212796399302722)	(115, 4.854811312670118e-05)	(120, 6.34861218194019e-05)	(125, 4.854837510875886e-05)	(130, 8.122566541500562e-05)	(135, 6.815591066029866e-05)	(140, 0.00012418356831875676)	(145, 1.308869955524038e-05)	(150, 0.0)
qc_bundle_trimmed | SRR30333763_2	(1, 0.0)	(2, 0.0038301607302092897)	(3, 2.3340406643566667e-06)	(4, 0.0010666565836109966)	(5, 0.0)	(6, 0.0007959078665456233)	(7, 2.100636597921e-05)	(8, 0.0)	(9, 2.3340406643566667e-06)	(10, 1.7271900916239334e-05)	(15, 3.407699369960734e-05)	(20, 2.4740831042180665e-05)	(25, 0.00014517732932298468)	(30, 1.4004247058669318e-05)	(35, 1.0269788271509674e-05)	(40, 9.336176908751494e-05)	(45, 1.307065639739426e-05)	(50, 9.056102466083601e-05)	(55, 1.587153208482727e-05)	(60, 2.334050786312301e-05)	(65, 7.84241847637942e-05)	(70, 0.00015264724992091635)	(75, 0.0001671186011116225)	(80, 6.395330829646895e-05)	(85, 4.714814677813746e-05)	(90, 2.800887106300598e-05)	(95, 5.46174734769963e-05)	(100, 0.00018159216302001828)	(105, 9.336408640526892e-05)	(110, 4.108051290831643e-05)	(115, 4.24814527611147e-05)	(120, 5.50867206200636e-05)	(125, 1.2604879836373347e-05)	(130, 0.00015359882490269456)	(135, 1.4940790650486494e-05)	(140, 2.708553089025176e-05)	(145, 1.1692737605127532e-05)	(150, 6.159484754665443e-06)
qc_bundle_trimmed | SRR30333764_1	(1, 0.000318419666901927)	(2, 0.005272437275213302)	(3, 0.0020808354976614295)	(4, 0.0001456338011411914)	(5, 0.0)	(6, 8.886130239123543e-05)	(7, 4.936739021735301e-06)	(8, 0.0)	(9, 0.0021030508232592385)	(10, 0.00020882406061940327)	(15, 0.00031052088446715045)	(20, 0.00020734303891288268)	(25, 0.00015748197479335612)	(30, 0.00014612747504336493)	(35, 0.0014518949462923522)	(40, 0.0006393077033147215)	(45, 0.0003006474064236799)	(50, 0.0010781838023469898)	(55, 0.0009369930802024312)	(60, 0.0005548894879578046)	(65, 0.0002419002252012109)	(70, 3.45571762229428e-05)	(75, 0.0002448622832809583)	(80, 6.911436029347616e-06)	(85, 2.2215333165128705e-05)	(90, 2.715207614721755e-05)	(95, 4.986109513457952e-05)	(100, 0.0002122799581855875)	(105, 3.5544562719360865e-05)	(110, 0.00015452018921545147)	(115, 5.67726425293482e-05)	(120, 5.08486027038473e-05)	(125, 0.00035544741002282017)	(130, 6.960894666315173e-05)	(135, 7.059795754184527e-05)	(140, 0.00012837830154489906)	(145, 1.2864555845395649e-05)	(150, 0.0)
qc_bundle_trimmed | SRR30333764_2	(1, 0.0019549533816435555)	(2, 0.003993831529670799)	(3, 7.405126445619528e-06)	(4, 0.0007750699013081773)	(5, 0.0)	(6, 0.000770133150344431)	(7, 2.4683754818731764e-05)	(8, 0.0)	(9, 2.468375481873176e-06)	(10, 2.270905443323322e-05)	(15, 0.0002581920754039342)	(20, 2.3202729529607855e-05)	(25, 0.0001234187740936588)	(30, 8.886156121617413e-06)	(35, 8.886164983116064e-06)	(40, 0.00039099160090800097)	(45, 1.2835594264021738e-05)	(50, 7.800100293492102e-05)	(55, 9.87355471646577e-06)	(60, 2.073448732175703e-05)	(65, 0.00015155940533559308)	(70, 0.00012835670557546775)	(75, 0.0001490914836451456)	(80, 5.62796861459629e-05)	(85, 0.00035545166888113056)	(90, 2.863369303060799e-05)	(95, 4.245702097982096e-05)	(100, 0.0001451445439961031)	(105, 7.652222502617208e-05)	(110, 5.035699555235167e-05)	(115, 3.554654727055392e-05)	(120, 4.2952790257442185e-05)	(125, 1.234305777354818e-05)	(130, 0.00038116902000600656)	(135, 1.2838210813218095e-05)	(140, 2.7162824598717174e-05)	(145, 1.1375197082089836e-05)	(150, 3.900541851572395e-06)
qc_bundle_trimmed | SRR30333765_1	(1, 0.00041620756866031326)	(2, 0.005730286347091099)	(3, 0.002378328963773219)	(4, 0.00022049091434980884)	(5, 0.0)	(6, 0.00010405189216507832)	(7, 0.0)	(8, 0.0)	(9, 0.0023585095557417755)	(10, 0.0001322945486098853)	(15, 9.463767335014267e-05)	(20, 0.0002824265644480698)	(25, 0.00018085209828692185)	(30, 0.00027796720039556766)	(35, 0.00205180426728712)	(40, 0.0006530495108148814)	(45, 0.0003686410076504653)	(50, 0.0012976758051566782)	(55, 0.001129706313767555)	(60, 0.0007353001181192254)	(65, 0.00026756205615078123)	(70, 5.252144325418026e-05)	(75, 0.00016103274371433708)	(80, 1.2882620646113963e-05)	(85, 4.013432711542774e-05)	(90, 3.9143364609327594e-05)	(95, 5.747635733576571e-05)	(100, 0.00011743019739723845)	(105, 7.085455749396448e-05)	(110, 9.562897637856762e-05)	(115, 6.441339462271135e-05)	(120, 2.923383209785378e-05)	(125, 0.0004999498984796979)	(130, 4.508997632929846e-05)	(135, 6.342478037088672e-05)	(140, 0.00012339696685299774)	(145, 3.029703576434447e-05)	(150, 0.0)
qc_bundle_trimmed | SRR30333765_2	(1, 0.0028218072335034093)	(2, 0.004838445590019454)	(3, 9.909770793690637e-06)	(4, 0.0009711575377816824)	(5, 1.2387213492113297e-05)	(6, 0.0007333230387331071)	(7, 5.450373936529851e-05)	(8, 2.477442698422659e-06)	(9, 0.0)	(10, 2.378344990485753e-05)	(15, 0.0003250404820330529)	(20, 3.41887092382327e-05)	(25, 5.945862476214382e-05)	(30, 1.833309204671918e-05)	(35, 1.9819598643812253e-06)	(40, 0.0005425626742388002)	(45, 8.423367112075987e-06)	(50, 3.6171010373107494e-05)	(55, 6.441427168747639e-06)	(60, 9.909911030354807e-07)	(65, 0.00018432481552504892)	(70, 0.00017639742760622317)	(75, 8.42350505553503e-05)	(80, 1.0405553782977728e-05)	(85, 0.0005237484026045349)	(90, 6.441595502933886e-06)	(95, 3.864984860457893e-05)	(100, 9.860747319182412e-05)	(105, 6.540863497148881e-05)	(110, 5.8967714363721565e-05)	(115, 2.9732166106634886e-06)	(120, 2.576855240255898e-05)	(125, 4.856556210638913e-05)	(130, 0.00046338098556714927)	(135, 8.92153337427425e-06)	(140, 6.4448117876995715e-06)	(145, 7.448388292664993e-06)	(150, 1.701520704025395e-05)
qc_bundle_trimmed | SRR30333766_1	(1, 0.0010774253639126347)	(2, 0.004845081894213313)	(3, 0.0017905254501311006)	(4, 0.0001177392665718962)	(5, 3.110093833974616e-05)	(6, 0.00018216263884708467)	(7, 2.44364515526577e-05)	(8, 2.2214955956961544e-06)	(9, 0.001568375890561485)	(10, 0.00021326357718683082)	(15, 0.00028968302567877855)	(20, 0.00013906562429057926)	(25, 9.641290885321309e-05)	(30, 0.0001381770260523008)	(35, 0.0012853573516697948)	(40, 0.000544710720064697)	(45, 0.00024258732120564672)	(50, 0.0009059259240499963)	(55, 0.0007619730062509778)	(60, 0.0004745114908644542)	(65, 0.00014928451530636793)	(70, 1.8660565408200803e-05)	(75, 0.00021148641077850622)	(80, 5.775889575299062e-06)	(85, 5.7758897292724516e-05)	(90, 2.5325059130014374e-05)	(95, 3.6432548488711914e-05)	(100, 0.0002048220559072065)	(105, 0.0004185302908965463)	(110, 0.00013906587514517333)	(115, 3.9542729475822773e-05)	(120, 4.22086049758818e-05)	(125, 0.00037276962580318635)	(130, 8.530650765936475e-05)	(135, 5.376156591784017e-05)	(140, 0.0001164152738812171)	(145, 0.00027530136393057305)	(150, 0.0)
qc_bundle_trimmed | SRR30333766_2	(1, 0.0019726914633687413)	(2, 0.003394451076607474)	(3, 2.2214993956855193e-06)	(4, 0.0007641957921158186)	(5, 2.2214993956855193e-06)	(6, 0.0005575963483170653)	(7, 1.3328996374113117e-05)	(8, 0.0)	(9, 0.0)	(10, 1.2440396615838909e-05)	(15, 0.00026124832893261704)	(20, 1.3773296253250218e-05)	(25, 0.00011063066990513886)	(30, 2.7102299731876948e-05)	(35, 3.2878224069753304e-05)	(40, 0.0011178606663365719)	(45, 2.976816980329207e-05)	(50, 7.908563920843486e-05)	(55, 2.576950084316918e-05)	(60, 0.00043230597395894563)	(65, 0.00028879664980602216)	(70, 0.00014306558128467605)	(75, 0.00022659490557070514)	(80, 5.99811142130875e-05)	(85, 0.0003865458444615587)	(90, 1.732795873962435e-05)	(95, 3.954343048527729e-05)	(100, 0.000122185324426429)	(105, 6.664688912826575e-05)	(110, 0.00011907678259776354)	(115, 8.086647629572532e-05)	(120, 3.376897338095357e-05)	(125, 2.2216995402512727e-05)	(130, 0.0009135999140860594)	(135, 1.6442542225003923e-05)	(140, 2.7113593390712248e-05)	(145, 8.458232453515859e-06)	(150, 8.210320062672423e-06)
qc_bundle_trimmed | SRR30333767_1	(1, 0.00034226774150780253)	(2, 0.005502429316601131)	(3, 0.0019323866239294686)	(4, 0.00011408924716926753)	(5, 0.0)	(6, 7.84363574288714e-05)	(7, 1.1884296580132034e-05)	(8, 0.0)	(9, 0.0021154047912635018)	(10, 0.00020488527304147626)	(15, 0.0002776171681118843)	(20, 0.000258602293583673)	(25, 0.00019775469509339703)	(30, 0.0001597249460369745)	(35, 0.0015934465309128817)	(40, 0.0006683728714391913)	(45, 0.00036223337698197987)	(50, 0.00119175731770843)	(55, 0.0009897242803567155)	(60, 0.0006070499385710147)	(65, 0.0002833216641411345)	(70, 3.660363920891892e-05)	(75, 0.0002229494515360302)	(80, 3.32760395990956e-06)	(85, 1.331041666220015e-05)	(90, 3.232530144983635e-05)	(95, 4.9914079329957964e-05)	(100, 0.00019585339943315843)	(105, 2.6145487898453966e-05)	(110, 0.0001454640729623831)	(115, 4.563582664529598e-05)	(120, 4.753739874118116e-05)	(125, 0.0003940862719975844)	(130, 5.799634962418627e-05)	(135, 6.512975963648276e-05)	(140, 0.00012173426900321395)	(145, 1.9556338512912265e-05)	(150, 0.0)
qc_bundle_trimmed | SRR30333767_2	(1, 0.002160573334874178)	(2, 0.004092967307649433)	(3, 4.753736710394231e-06)	(4, 0.0007059299014935432)	(5, 0.0)	(6, 0.0007106836382039374)	(7, 9.507473420788461e-06)	(8, 0.0)	(9, 0.0)	(10, 1.8064199499498076e-05)	(15, 0.00027191373983455)	(20, 2.0441067854695193e-05)	(25, 0.00010030384458931826)	(30, 1.8064210233560492e-05)	(35, 7.605993560956002e-06)	(40, 0.00040929798768382896)	(45, 1.1409018977819213e-05)	(50, 7.701097511453564e-05)	(55, 1.0458294093932738e-05)	(60, 1.7588975914440756e-05)	(65, 0.0001540226304309984)	(70, 0.00011409107979320477)	(75, 0.00013786036342463778)	(80, 5.1816637103294444e-05)	(85, 0.0003831589837150063)	(90, 2.804772658201419e-05)	(95, 3.898178401199399e-05)	(100, 0.0001373878304426902)	(105, 6.322743190114405e-05)	(110, 4.5162944957931815e-05)	(115, 3.280303877462756e-05)	(120, 3.375455146847417e-05)	(125, 7.131455202482861e-06)	(130, 0.0003993805569525422)	(135, 1.188733495850003e-05)	(140, 2.09262152114751e-05)	(145, 9.527509282509382e-06)	(150, 3.771992887429625e-06)
qc_bundle_trimmed | SRR30333768_1	(1, 0.0005398203024969822)	(2, 0.009384197580014504)	(3, 1.6869384453030694e-05)	(4, 0.00010844604291234018)	(5, 0.0)	(6, 0.00015905419627143227)	(7, 0.0)	(8, 0.0)	(9, 0.004159508223704425)	(10, 9.977035947935296e-05)	(15, 6.65135729862353e-05)	(20, 0.0004887301667249464)	(25, 0.00025882455575078524)	(30, 0.0001807434048539003)	(35, 0.0026340339121286673)	(40, 0.000940347737508643)	(45, 0.0004911401142977997)	(50, 0.002162655243232804)	(55, 0.001832979248944585)	(60, 0.0012044741428320481)	(65, 0.00042800044045486767)	(70, 6.795953856803584e-05)	(75, 1.4459477336453805e-06)	(80, 5.301808586683872e-06)	(85, 6.2657745090613844e-06)	(90, 4.4824394002027594e-05)	(95, 9.832450370453715e-05)	(100, 2.0725273624340564e-05)	(105, 3.132892116729594e-05)	(110, 5.783806294774734e-06)	(115, 5.3500288937709106e-05)	(120, 1.4459573930435076e-06)	(125, 0.0006916524566227632)	(130, 6.747889177121761e-06)	(135, 7.615641210214655e-05)	(140, 0.00016100539403741878)	(145, 3.1886544659374086e-05)	(150, 0.0)
qc_bundle_trimmed | SRR30333768_2	(1, 0.0036944360612048283)	(2, 0.006875555174571021)	(3, 0.0)	(4, 2.4099387222471156e-06)	(5, 0.0)	(6, 0.0007687704523968299)	(7, 0.0)	(8, 0.0)	(9, 0.0)	(10, 4.145094602265039e-05)	(15, 0.0004506585410602106)	(20, 1.1567705866786155e-05)	(25, 3.3739142111459616e-06)	(30, 1.5423630124383625e-05)	(35, 0.0)	(40, 0.0006314090032166337)	(45, 0.0)	(50, 2.217174871825964e-05)	(55, 0.0)	(60, 0.0)	(65, 0.00017930372920474993)	(70, 2.1208055881954765e-05)	(75, 3.1330238699449204e-05)	(80, 2.410030965331059e-06)	(85, 0.0006295038779198214)	(90, 3.374090726532882e-06)	(95, 1.928070468006377e-06)	(100, 2.8439381150582548e-05)	(105, 0.0)	(110, 9.158745641142057e-05)	(115, 0.0)	(120, 0.0)	(125, 2.89252638866287e-06)	(130, 0.0005014053064909602)	(135, 2.4108690269122657e-06)	(140, 6.752245559338684e-06)	(145, 4.832702378932542e-06)	(150, 0.0)
