Sample	0	1	2	3	4	5	6	7	8	9	10	11	12	13	14	15	16	17	18	19	20	21	22	23	24	25	26	27	28	29	30	31	32	33	34	35	36	37	38	39	40	41	42	43	44	45	46	47	48	49	50	51	52	53	54	55	56	57	58	59	60	61	62	63	64	65	66	67	68	69	70	71	72	73	74	75	76	77	78	79	80	81	82	83	84	85	86	87	88	89	90	91	92	93	94	95	96	97	98	99	100
fastp | SRR30333743_1	(0.0, 0.00012943479898457188)	(1.0, 8.393037746655833e-05)	(2.0, 3.539232784734387e-05)	(3.0, 2.5280234176674192e-05)	(4.0, 1.820176860720542e-05)	(5.0, 2.8313862277875097e-05)	(6.0, 3.235869974614297e-05)	(7.0, 2.5280234176674192e-05)	(8.0, 1.719055924013845e-05)	(9.0, 9.10088430360271e-06)	(10.0, 2.4269024809607223e-05)	(11.0, 4.0448374682678705e-05)	(12.0, 4.8538049619214447e-05)	(13.0, 7.685191189708955e-05)	(14.0, 0.0001375244739211076)	(15.0, 0.00023460057315953653)	(16.0, 0.0004509993777118676)	(17.0, 0.0008959314992213334)	(18.0, 0.0015370382379417912)	(19.0, 0.002545213976907558)	(20.0, 0.004181350732821911)	(21.0, 0.00699655761073635)	(22.0, 0.010947352607866993)	(23.0, 0.016413950446231017)	(24.0, 0.0240738614017633)	(25.0, 0.033934163940033304)	(26.0, 0.04608991174154532)	(27.0, 0.06228038491765454)	(28.0, 0.08154088973217907)	(29.0, 0.10449938720206751)	(30.0, 0.1348518475639496)	(31.0, 0.1706324798082472)	(32.0, 0.21296574875113872)	(33.0, 0.2650238181771133)	(34.0, 0.33796639466112194)	(35.0, 0.42330336435727045)	(36.0, 0.5240339742482794)	(37.0, 0.6416467245224713)	(38.0, 0.767862844091669)	(39.0, 0.9199295199205667)	(40.0, 1.0968729573886788)	(41.0, 1.2972713961259092)	(42.0, 1.5499089107658193)	(43.0, 1.8669715853909328)	(44.0, 2.2200434255773014)	(45.0, 2.603777156191874)	(46.0, 2.966638514260818)	(47.0, 3.3003042354838037)	(48.0, 3.6481552017080054)	(49.0, 3.9676154537424346)	(50.0, 4.238012838496142)	(51.0, 4.528873056001816)	(52.0, 4.8249116766762405)	(53.0, 5.023391851244146)	(54.0, 5.123291247035425)	(55.0, 5.172321755616402)	(56.0, 5.110375069789878)	(57.0, 4.9193586315602955)	(58.0, 4.663548953135897)	(59.0, 4.324218437038601)	(60.0, 3.8916968880911478)	(61.0, 3.408673520933637)	(62.0, 2.9243153574115968)	(63.0, 2.463101753882986)	(64.0, 2.008114166427406)	(65.0, 1.5800500283699843)	(66.0, 1.236154913189749)	(67.0, 0.9920267253737073)	(68.0, 0.8018526245468911)	(69.0, 0.6440564364441919)	(70.0, 0.5255356201583737)	(71.0, 0.43146887999633615)	(72.0, 0.3696940997622151)	(73.0, 0.31740951943801754)	(74.0, 0.25939947167748684)	(75.0, 0.21675980629637398)	(76.0, 0.18819718651420042)	(77.0, 0.14906338400870878)	(78.0, 0.10298257315146706)	(79.0, 0.07256842901819387)	(80.0, 0.05632537295499716)	(81.0, 0.044763205051953456)	(82.0, 0.03278441888967816)	(83.0, 0.019018825775795528)	(84.0, 0.009497278375492961)	(85.0, 0.005526259191020978)	(86.0, 0.0029850900515816887)	(87.0, 0.0014773768852848397)	(88.0, 0.0008433486121338512)	(89.0, 0.000530884917710158)	(90.0, 0.0003468448129039699)	(91.0, 0.0002467350855643401)	(92.0, 0.00020729792024872838)	(93.0, 0.00017898405797085328)	(94.0, 0.0001506701956929782)	(95.0, 0.0001415693113893755)	(96.0, 0.00012943479898457188)	(97.0, 0.00012033391468096916)	(98.0, 9.808730860549586e-05)	(99.0, 5.359409645454929e-05)	(100.0, 2.0224187341339353e-05)
fastp | SRR30333743_2	(0.0, 0.0010800443085143734)	(1.0, 0.0006047439105726549)	(2.0, 9.303752470348536e-05)	(3.0, 5.966536910332214e-05)	(4.0, 4.4496207466884305e-05)	(5.0, 3.5394710485021605e-05)	(6.0, 4.2473652582025925e-05)	(7.0, 3.0338323272875662e-05)	(8.0, 2.629321350315891e-05)	(9.0, 3.640598792745079e-05)	(10.0, 3.741726536987998e-05)	(11.0, 3.842854281230917e-05)	(12.0, 5.1575149563888625e-05)	(13.0, 8.393602772162266e-05)	(14.0, 0.00012944351263093615)	(15.0, 0.0001870863268493999)	(16.0, 0.00036608243415936633)	(17.0, 0.0005915973038210754)	(18.0, 0.000958691015422871)	(19.0, 0.0017161378198023334)	(20.0, 0.003064170650560442)	(21.0, 0.005008857172351772)	(22.0, 0.008059881216160634)	(23.0, 0.0117692468749909)	(24.0, 0.01602975873994507)	(25.0, 0.021536164413972003)	(26.0, 0.029773019182557744)	(27.0, 0.04122371366318345)	(28.0, 0.05336005424977614)	(29.0, 0.06911070041561077)	(30.0, 0.09192107440704354)	(31.0, 0.12231400666181037)	(32.0, 0.16071524498317397)	(33.0, 0.2047927835888926)	(34.0, 0.2568735718739958)	(35.0, 0.3253613253850702)	(36.0, 0.4175028582745633)	(37.0, 0.5364513336079693)	(38.0, 0.6917026465696984)	(39.0, 0.8919740087134901)	(40.0, 1.1145248241914392)	(41.0, 1.3680884849963642)	(42.0, 1.6772744276897795)	(43.0, 2.0013089570703824)	(44.0, 2.3458542155383344)	(45.0, 2.7374602810671713)	(46.0, 3.08483509381904)	(47.0, 3.3793008820604564)	(48.0, 3.6873653180702175)	(49.0, 3.9771124857652587)	(50.0, 4.235777029989796)	(51.0, 4.508359785654488)	(52.0, 4.763711384977627)	(53.0, 4.966417903202788)	(54.0, 5.081829941320019)	(55.0, 5.090207363653103)	(56.0, 5.0015496815527785)	(57.0, 4.821034635524284)	(58.0, 4.564586811453551)	(59.0, 4.209207737744855)	(60.0, 3.782080552050693)	(61.0, 3.348123198510364)	(62.0, 2.9025715490925847)	(63.0, 2.4259524453659385)	(64.0, 1.9759127466586583)	(65.0, 1.5991289746035067)	(66.0, 1.303606401434752)	(67.0, 1.0674053630388936)	(68.0, 0.8672695120723874)	(69.0, 0.7147810090833748)	(70.0, 0.5940385275670995)	(71.0, 0.49360957603689914)	(72.0, 0.4250662022664912)	(73.0, 0.3635067105134992)	(74.0, 0.30875817233526776)	(75.0, 0.2656231443058931)	(76.0, 0.22378255140282788)	(77.0, 0.18718543203875798)	(78.0, 0.14481998614307198)	(79.0, 0.10040670342646686)	(80.0, 0.06996624113190586)	(81.0, 0.05498517709975985)	(82.0, 0.04208734459901798)	(83.0, 0.024717643247854235)	(84.0, 0.01236488928858169)	(85.0, 0.007160855569841086)	(86.0, 0.005706638607627912)	(87.0, 0.00497346246186675)	(88.0, 0.004828849787599377)	(89.0, 0.005078635315879386)	(90.0, 0.005457864356790331)	(91.0, 0.005961480523120068)	(92.0, 0.006530829723207701)	(93.0, 0.007113325530046913)	(94.0, 0.007644246187322238)	(95.0, 0.008195392393446146)	(96.0, 0.008840587401715968)	(97.0, 0.009979285801891235)	(98.0, 0.011096747375775488)	(99.0, 0.010704371728112963)	(100.0, 0.012412419328375864)
fastp | SRR30333744_1	(0.0, 4.764798485610904e-05)	(1.0, 3.8572178216850175e-05)	(2.0, 2.1555040768239807e-05)	(3.0, 1.815161327851773e-05)	(4.0, 2.0420564938332447e-05)	(5.0, 1.701713744861037e-05)	(6.0, 1.9286089108425087e-05)	(7.0, 1.4748185788795656e-05)	(8.0, 1.0210282469166224e-05)	(9.0, 1.5882661618703015e-05)	(10.0, 1.5882661618703015e-05)	(11.0, 2.7227419917776592e-05)	(12.0, 4.764798485610904e-05)	(13.0, 6.466512230471942e-05)	(14.0, 0.00011458205882064318)	(15.0, 0.00018605403610480673)	(16.0, 0.0003392082731423001)	(17.0, 0.000671609691305156)	(18.0, 0.0011719135322943008)	(19.0, 0.0018548679818985304)	(20.0, 0.002983671432656352)	(21.0, 0.005024593450659689)	(22.0, 0.007859648549598178)	(23.0, 0.012048133313616144)	(24.0, 0.017621813065950995)	(25.0, 0.024839348295821607)	(26.0, 0.03393784445167861)	(27.0, 0.04545504307689811)	(28.0, 0.05940909578475862)	(29.0, 0.07591231568242096)	(30.0, 0.09812989033532665)	(31.0, 0.1256874427196063)	(32.0, 0.15814479621325583)	(33.0, 0.1990471877847357)	(34.0, 0.25534214741639866)	(35.0, 0.32570914524223243)	(36.0, 0.41699474289572797)	(37.0, 0.532534299316813)	(38.0, 0.6768067250819616)	(39.0, 0.86161624120136)	(40.0, 1.075123457914095)	(41.0, 1.32463213061311)	(42.0, 1.6210615891612632)	(43.0, 1.9598172064474304)	(44.0, 2.322902792381791)	(45.0, 2.70400045106759)	(46.0, 3.0623064903305504)	(47.0, 3.395377249233052)	(48.0, 3.738508539795172)	(49.0, 4.058220845800514)	(50.0, 4.341965730094473)	(51.0, 4.635235673456335)	(52.0, 4.9321121154814715)	(53.0, 5.136719369308583)	(54.0, 5.232107231563023)	(55.0, 5.273158239468221)	(56.0, 5.207085232658587)	(57.0, 5.008002876123124)	(58.0, 4.728165126587366)	(59.0, 4.3667336064130104)	(60.0, 3.9108671836813365)	(61.0, 3.4042726742153557)	(62.0, 2.902208126738194)	(63.0, 2.428238873188689)	(64.0, 1.9687092280022442)	(65.0, 1.5326927288664596)	(66.0, 1.1843156220668483)	(67.0, 0.9351495610684651)	(68.0, 0.7425541373284127)	(69.0, 0.5884049649880906)	(70.0, 0.47161067829912806)	(71.0, 0.38021503649013144)	(72.0, 0.3235933478194552)	(73.0, 0.27357090505135007)	(74.0, 0.2151272481978426)	(75.0, 0.17211473158273502)	(76.0, 0.14482491549431353)	(77.0, 0.11354968581542749)	(78.0, 0.07685279614541417)	(79.0, 0.05204975107614959)	(80.0, 0.038459865109689344)	(81.0, 0.030009154652709435)	(82.0, 0.021678698633699707)	(83.0, 0.011712328467963565)	(84.0, 0.0056009071722526275)	(85.0, 0.0032003563161686573)	(86.0, 0.001603014347659097)	(87.0, 0.0008281673558323714)	(88.0, 0.0005127830751181259)	(89.0, 0.0003426117006320221)	(90.0, 0.0002847534333067469)	(91.0, 0.000243912303430082)	(92.0, 0.00025071915840952616)	(93.0, 0.00024958468257961876)	(94.0, 0.000212146980192676)	(95.0, 0.00019399536691415824)	(96.0, 0.0001928608910842509)	(97.0, 0.0001871885119347141)	(98.0, 0.000152019761207586)	(99.0, 7.82788322636077e-05)	(100.0, 2.7227419917776592e-05)
fastp | SRR30333744_2	(0.0, 0.0004606247837417695)	(1.0, 0.00025413781171959696)	(2.0, 3.743994547654777e-05)	(3.0, 2.2690876046392585e-05)	(4.0, 2.1556332244072957e-05)	(5.0, 2.0421788441753325e-05)	(6.0, 2.1556332244072957e-05)	(7.0, 2.7229051255671104e-05)	(8.0, 2.2690876046392585e-05)	(9.0, 1.588361323247481e-05)	(10.0, 2.495996365103184e-05)	(11.0, 3.743994547654777e-05)	(12.0, 4.3112664488145914e-05)	(13.0, 5.445810251134221e-05)	(14.0, 9.530167939484887e-05)	(15.0, 0.00017018157034794437)	(16.0, 0.0002768286877659895)	(17.0, 0.0004402029953000162)	(18.0, 0.0006818608251940973)	(19.0, 0.001114122013877876)	(20.0, 0.002154498680604976)	(21.0, 0.003684998269934156)	(22.0, 0.005926856823317743)	(23.0, 0.008501136710780982)	(24.0, 0.011511081418334958)	(25.0, 0.015879075057265532)	(26.0, 0.021902368103780444)	(27.0, 0.030150501546644146)	(28.0, 0.03958196417532723)	(29.0, 0.05173292829817046)	(30.0, 0.06929226272667136)	(31.0, 0.09197746605405235)	(32.0, 0.12073020963623872)	(33.0, 0.1573861853453836)	(34.0, 0.20574384583165317)	(35.0, 0.27141464474132027)	(36.0, 0.3637222630418476)	(37.0, 0.4908183979529018)	(38.0, 0.6672796682466853)	(39.0, 0.896321371058972)	(40.0, 1.1478508665770362)	(41.0, 1.4283849744014017)	(42.0, 1.7561399298221123)	(43.0, 2.086659768489076)	(44.0, 2.4163513901803464)	(45.0, 2.7816960508595114)	(46.0, 3.120679586291779)	(47.0, 3.4120349729026693)	(48.0, 3.721653111099498)	(49.0, 4.022009968237993)	(50.0, 4.293884103219252)	(51.0, 4.575674151032786)	(52.0, 4.8254677945333)	(53.0, 5.022564147503673)	(54.0, 5.131693646761194)	(55.0, 5.14237424211623)	(56.0, 5.065163998193171)	(57.0, 4.874245236226429)	(58.0, 4.598935702611745)	(59.0, 4.224563476897523)	(60.0, 3.7806357742944914)	(61.0, 3.342590681306487)	(62.0, 2.8938661275072484)	(63.0, 2.408128216701134)	(64.0, 1.9526145527888141)	(65.0, 1.5731470908583747)	(66.0, 1.2719767658136176)	(67.0, 1.0329862483987902)	(68.0, 0.8287524803680243)	(69.0, 0.6723805771819144)	(70.0, 0.5544390762117773)	(71.0, 0.4604251040325612)	(72.0, 0.3927314135233583)	(73.0, 0.33013295923037267)	(74.0, 0.27297237338190516)	(75.0, 0.22789354448433927)	(76.0, 0.18726666546707568)	(77.0, 0.15199596774056304)	(78.0, 0.11446185512842275)	(79.0, 0.07861140551892479)	(80.0, 0.05321577704780221)	(81.0, 0.040006283557394766)	(82.0, 0.030091505268923527)	(83.0, 0.017586563479756574)	(84.0, 0.00914782667810317)	(85.0, 0.005673853555400466)	(86.0, 0.004961360047543739)	(87.0, 0.005088428953403537)	(88.0, 0.005483250196610769)	(89.0, 0.006053925729177542)	(90.0, 0.006778899218859785)	(91.0, 0.007461894587856202)	(92.0, 0.008155100851073495)	(93.0, 0.008912976111023008)	(94.0, 0.009324815511265032)	(95.0, 0.009757076699948812)	(96.0, 0.010760013421199364)	(97.0, 0.0124266582668069)	(98.0, 0.01419995022983248)	(99.0, 0.01422831382489047)	(100.0, 0.015095105289862666)
fastp | SRR30333745_1	(0.0, 0.0001242850888653921)	(1.0, 7.714246895093303e-05)	(2.0, 3.428554175597024e-05)	(3.0, 3.21426953962221e-05)	(4.0, 3.107127221634802e-05)	(5.0, 3.5356964935844306e-05)	(6.0, 2.9999849036473955e-05)	(7.0, 3.107127221634802e-05)	(8.0, 2.9999849036473955e-05)	(9.0, 2.9999849036473955e-05)	(10.0, 3.21426953962221e-05)	(11.0, 3.3214118576096164e-05)	(12.0, 5.357115899370349e-05)	(13.0, 7.714246895093303e-05)	(14.0, 0.00011357085706665141)	(15.0, 0.00018535621011821408)	(16.0, 0.0003417839943798283)	(17.0, 0.0007049964523571379)	(18.0, 0.0012021368078187064)	(19.0, 0.0019821328827670293)	(20.0, 0.0033235547039693644)	(21.0, 0.0054556868319187634)	(22.0, 0.008435314695148553)	(23.0, 0.012951363398317756)	(24.0, 0.01917847491974585)	(25.0, 0.02705450671500014)	(26.0, 0.03646910219655359)	(27.0, 0.04966903577260213)	(28.0, 0.06599538218752321)	(29.0, 0.08482671599698985)	(30.0, 0.10994408960277768)	(31.0, 0.13936751296847938)	(32.0, 0.17530518926781544)	(33.0, 0.22043353360411125)	(34.0, 0.2806260878494365)	(35.0, 0.35464321538467686)	(36.0, 0.4464909674793815)	(37.0, 0.5564521998530372)	(38.0, 0.6820851390787108)	(39.0, 0.8409921965785536)	(40.0, 1.0284869673637964)	(41.0, 1.2468762255407078)	(42.0, 1.5173409359522188)	(43.0, 1.846133924276074)	(44.0, 2.213011720951733)	(45.0, 2.599498704665447)	(46.0, 2.9626618771764823)	(47.0, 3.307904425580944)	(48.0, 3.6670797610164882)	(49.0, 3.9951334673462306)	(50.0, 4.274237062857066)	(51.0, 4.573018416489468)	(52.0, 4.88473720501885)	(53.0, 5.1045514560249945)	(54.0, 5.217377673981633)	(55.0, 5.270783833805636)	(56.0, 5.21391590568746)	(57.0, 5.022686153697176)	(58.0, 4.748684675368901)	(59.0, 4.396041807061049)	(60.0, 3.9512790451708044)	(61.0, 3.453531192766248)	(62.0, 2.9584822553517935)	(63.0, 2.4867035579810244)	(64.0, 2.0198437644290568)	(65.0, 1.5783734859705651)	(66.0, 1.2277191790845596)	(67.0, 0.9777432941417805)	(68.0, 0.7841199827676582)	(69.0, 0.6256489945020242)	(70.0, 0.508170657098372)	(71.0, 0.41777039771967717)	(72.0, 0.3611746110891892)	(73.0, 0.31122486244346004)	(74.0, 0.2515658769417121)	(75.0, 0.2065146750743672)	(76.0, 0.18097730358206876)	(77.0, 0.1458742659398546)	(78.0, 0.09915914387416529)	(79.0, 0.06842751280583734)	(80.0, 0.05354115914466701)	(81.0, 0.043403353016698565)	(82.0, 0.032711621104735224)	(83.0, 0.018986690170548392)	(84.0, 0.009324595934444029)	(85.0, 0.0054781867186961195)	(86.0, 0.0028114144239895595)	(87.0, 0.0012996363171872468)	(88.0, 0.0006867822582992787)	(89.0, 0.00042428357923013165)	(90.0, 0.00032678406986159133)	(91.0, 0.00025821298634965084)	(92.0, 0.00020678467371569549)	(93.0, 0.0001917847491974585)	(94.0, 0.00017999909421884374)	(95.0, 0.00018642763329808815)	(96.0, 0.00019928471145657699)	(97.0, 0.00016821343924022897)	(98.0, 0.00014464212928299943)	(99.0, 8.678527756979965e-05)	(100.0, 3.6428388115718374e-05)
fastp | SRR30333745_2	(0.0, 0.0008336229226502506)	(1.0, 0.0004789581573581774)	(2.0, 8.357659121686317e-05)	(3.0, 3.964530609005048e-05)	(4.0, 3.750231657166937e-05)	(5.0, 3.964530609005048e-05)	(6.0, 4.071680084924103e-05)	(7.0, 2.893035849814494e-05)	(8.0, 2.2501389943001622e-05)	(9.0, 3.1073348016526044e-05)	(10.0, 3.857381133085992e-05)	(11.0, 3.750231657166937e-05)	(12.0, 4.928875892276546e-05)	(13.0, 7.500463314333874e-05)	(14.0, 8.893406501281593e-05)	(15.0, 0.00014786627676829637)	(16.0, 0.00027108817407521)	(17.0, 0.0004371698617497458)	(18.0, 0.0007211159729352425)	(19.0, 0.001295437163861379)	(20.0, 0.0024558659880647483)	(21.0, 0.004130612296679584)	(22.0, 0.006521117104433708)	(23.0, 0.009457012744615825)	(24.0, 0.01291472633252374)	(25.0, 0.017551084155541265)	(26.0, 0.024494370195096052)	(27.0, 0.034047817468039025)	(28.0, 0.04422273170131252)	(29.0, 0.057296039258196464)	(30.0, 0.07634507308708613)	(31.0, 0.10163663538301994)	(32.0, 0.13315572521936928)	(33.0, 0.17160095717912632)	(34.0, 0.22030253697385535)	(35.0, 0.2826485310321169)	(36.0, 0.3684677607799659)	(37.0, 0.48464458004520167)	(38.0, 0.6405642114235742)	(39.0, 0.8442467931876249)	(40.0, 1.0737170393211146)	(41.0, 1.3366532812684029)	(42.0, 1.6526317282799012)	(43.0, 1.982727118743735)	(44.0, 2.326157261485695)	(45.0, 2.709481297101838)	(46.0, 3.0637035350583655)	(47.0, 3.3674090810980952)	(48.0, 3.680094824714601)	(49.0, 3.9817409578271663)	(50.0, 4.254090281233943)	(51.0, 4.537562791735878)	(52.0, 4.802715956339931)	(53.0, 5.023763182171424)	(54.0, 5.146190030367018)	(55.0, 5.1547909187990415)	(56.0, 5.078489776997082)	(57.0, 4.891353217304452)	(58.0, 4.621442615969592)	(59.0, 4.258419120061074)	(60.0, 3.8180851342874376)	(61.0, 3.378636203184894)	(62.0, 2.9283951768677827)	(63.0, 2.4417136852853596)	(64.0, 1.9843236459349287)	(65.0, 1.6043287445355912)	(66.0, 1.3037744645826408)	(67.0, 1.0617784447142136)	(68.0, 0.8564446895262501)	(69.0, 0.7003964787767747)	(70.0, 0.5863830074303447)	(71.0, 0.49185252529027645)	(72.0, 0.4218410577247657)	(73.0, 0.3589164564965413)	(74.0, 0.3036841161445458)	(75.0, 0.26184117430339554)	(76.0, 0.22130759905797612)	(77.0, 0.18605863596488445)	(78.0, 0.1447300116081456)	(79.0, 0.10084372926121893)	(80.0, 0.07048613974383217)	(81.0, 0.05619990011954453)	(82.0, 0.043569119898206284)	(83.0, 0.025990176878926064)	(84.0, 0.013213673370337905)	(85.0, 0.007831555194923755)	(86.0, 0.006498615714490706)	(87.0, 0.005930723492119714)	(88.0, 0.005931794986878904)	(89.0, 0.006346463458685648)	(90.0, 0.007117939685302847)	(91.0, 0.008030853220133199)	(92.0, 0.008689822497035388)	(93.0, 0.009110919937397276)	(94.0, 0.00956737670481245)	(95.0, 0.010096695115852585)	(96.0, 0.010892815721931166)	(97.0, 0.012171108969645496)	(98.0, 0.01365191472684684)	(99.0, 0.013405470932233014)	(100.0, 0.015295587687445149)
fastp | SRR30333746_1	(0.0, 8.172574781222577e-05)	(1.0, 6.129431085916932e-05)	(2.0, 3.0046230813318294e-05)	(3.0, 1.6825889255458246e-05)	(4.0, 1.4422190790392782e-05)	(5.0, 1.0816643092794587e-05)	(6.0, 1.9229587720523712e-05)	(7.0, 2.043143695305644e-05)	(8.0, 1.201849232532732e-05)	(9.0, 1.8027738487990976e-05)	(10.0, 2.2835135418121907e-05)	(11.0, 2.403698465065464e-05)	(12.0, 2.043143695305644e-05)	(13.0, 5.8890612394103865e-05)	(14.0, 0.00010095533553274948)	(15.0, 0.00014542375713646056)	(16.0, 0.0002968567604355848)	(17.0, 0.0006153468070567588)	(18.0, 0.0010708476661866642)	(19.0, 0.0016958092671036846)	(20.0, 0.002752234742499956)	(21.0, 0.004659569474529402)	(22.0, 0.0072171046413590555)	(23.0, 0.011034177803883011)	(24.0, 0.0165158121534648)	(25.0, 0.023148818067812948)	(26.0, 0.031207217171944916)	(27.0, 0.042610362690215474)	(28.0, 0.05638956414120325)	(29.0, 0.07205326518880234)	(30.0, 0.0928488624593162)	(31.0, 0.1182247071550123)	(32.0, 0.14901848819096594)	(33.0, 0.18883334956631032)	(34.0, 0.2431581367260223)	(35.0, 0.3115926338756686)	(36.0, 0.4033934838042163)	(37.0, 0.5220664807229632)	(38.0, 0.6695057390223812)	(39.0, 0.8583607218748771)	(40.0, 1.080107914523329)	(41.0, 1.3397722486089556)	(42.0, 1.650866115053123)	(43.0, 2.0034814687828315)	(44.0, 2.367842495062082)	(45.0, 2.7431956344220776)	(46.0, 3.106280296816378)	(47.0, 3.4460611025918695)	(48.0, 3.7890640661597814)	(49.0, 4.107441138953097)	(50.0, 4.377554350266363)	(51.0, 4.660609074115542)	(52.0, 4.947157573683693)	(53.0, 5.1393104308302595)	(54.0, 5.2302074901359425)	(55.0, 5.266633136675545)	(56.0, 5.188770132296679)	(57.0, 4.97408019834166)	(58.0, 4.689941406484737)	(59.0, 4.3269937549029445)	(60.0, 3.8687610924674916)	(61.0, 3.3617549844773964)	(62.0, 2.855468784177588)	(63.0, 2.386652637400452)	(64.0, 1.9364387130444582)	(65.0, 1.5054988448305917)	(66.0, 1.166035327252489)	(67.0, 0.9283888711068617)	(68.0, 0.7406443969452262)	(69.0, 0.5852669244649296)	(70.0, 0.4721248377142982)	(71.0, 0.3831050669098312)	(72.0, 0.330020588158093)	(73.0, 0.2850834453536942)	(74.0, 0.22344901116171803)	(75.0, 0.17604206818446444)	(76.0, 0.15085010642134583)	(77.0, 0.11963207260630812)	(78.0, 0.07879203383561337)	(79.0, 0.05221193620891947)	(80.0, 0.04079436849985851)	(81.0, 0.03351356584917523)	(82.0, 0.02519436546158366)	(83.0, 0.014246720802443004)	(84.0, 0.006610170778930026)	(85.0, 0.003684869746945356)	(86.0, 0.0019361791136102311)	(87.0, 0.0010323884907456166)	(88.0, 0.0006045301639639641)	(89.0, 0.00037016956362008143)	(90.0, 0.0002872419665753229)	(91.0, 0.00020070882183296623)	(92.0, 0.0001538367017641897)	(93.0, 0.0001550385509967224)	(94.0, 0.00013460711404366597)	(95.0, 0.00010816643092794588)	(96.0, 0.0001322034155786005)	(97.0, 0.0001322034155786005)	(98.0, 9.494608937008582e-05)	(99.0, 6.369800932423478e-05)	(100.0, 3.1248080045851034e-05)
fastp | SRR30333746_2	(0.0, 0.0006153847115384765)	(1.0, 0.0003545673630934582)	(2.0, 6.490385629507369e-05)	(3.0, 3.3653851412260435e-05)	(4.0, 2.1634618765024566e-05)	(5.0, 1.0817309382512283e-05)	(6.0, 1.9230772235577392e-05)	(7.0, 2.403846529447174e-05)	(8.0, 2.2836542029748152e-05)	(9.0, 2.403846529447174e-05)	(10.0, 2.1634618765024566e-05)	(11.0, 2.884615835336609e-05)	(12.0, 4.2067314265325544e-05)	(13.0, 4.927885385366706e-05)	(14.0, 9.134616811899261e-05)	(15.0, 0.00014543271503155404)	(16.0, 0.0002319711900916523)	(17.0, 0.0003774039051232063)	(18.0, 0.0006382212535682247)	(19.0, 0.001076923245192334)	(20.0, 0.001996394542705878)	(21.0, 0.003415865918344434)	(22.0, 0.0055180297083459885)	(23.0, 0.008012020482647432)	(24.0, 0.011134617124399311)	(25.0, 0.015260819692195386)	(26.0, 0.021468753354492713)	(27.0, 0.029884620054087267)	(28.0, 0.03902524648231014)	(29.0, 0.05098197911978039)	(30.0, 0.06780890482591061)	(31.0, 0.08925001394531468)	(32.0, 0.11776083570782289)	(33.0, 0.1546178126205717)	(34.0, 0.20386421454609122)	(35.0, 0.2706586961365751)	(36.0, 0.3645914031212529)	(37.0, 0.4956791639883309)	(38.0, 0.6765770287920838)	(39.0, 0.9086960554452971)	(40.0, 1.1645662877327132)	(41.0, 1.450267053527304)	(42.0, 1.7851733558564138)	(43.0, 2.1246541781310615)	(44.0, 2.4598080766527044)	(45.0, 2.8247732779092862)	(46.0, 3.1643634752010237)	(47.0, 3.459841886754141)	(48.0, 3.7648972228805757)	(49.0, 4.057934528283039)	(50.0, 4.322058367629313)	(51.0, 4.596179804691556)	(52.0, 4.838449073315361)	(53.0, 5.02410174655436)	(54.0, 5.124488781470602)	(55.0, 5.117046472615434)	(56.0, 5.023111361784228)	(57.0, 4.828259167877033)	(58.0, 4.550330037912145)	(59.0, 4.174473008030638)	(60.0, 3.731147217607137)	(61.0, 3.2976050825584866)	(62.0, 2.8496879452637414)	(63.0, 2.365773206190525)	(64.0, 1.920289963506845)	(65.0, 1.5524341367986032)	(66.0, 1.2595458698809652)	(67.0, 1.027948477924642)	(68.0, 0.82806623515458)	(69.0, 0.6775626058691572)	(70.0, 0.5668510501089381)	(71.0, 0.4698462272596269)	(72.0, 0.3986394853643427)	(73.0, 0.3339159175589775)	(74.0, 0.27548561996770504)	(75.0, 0.23212984396259584)	(76.0, 0.19279930897104586)	(77.0, 0.15795915929650325)	(78.0, 0.11851203774827512)	(79.0, 0.08004087789100255)	(80.0, 0.05487621049748481)	(81.0, 0.04387620877873455)	(82.0, 0.03396394761455913)	(83.0, 0.01944110880690402)	(84.0, 0.009286059143254434)	(85.0, 0.005376202763108605)	(86.0, 0.004551683403508224)	(87.0, 0.004123798721266627)	(88.0, 0.004008414087853163)	(89.0, 0.004163462189002505)	(90.0, 0.004534856477802094)	(91.0, 0.004951923850661178)	(92.0, 0.005399039305138353)	(93.0, 0.005926683618352007)	(94.0, 0.006391827921800036)	(95.0, 0.006737981822040429)	(96.0, 0.00753605886981689)	(97.0, 0.009092549497633936)	(98.0, 0.010671876667480729)	(99.0, 0.010810097842923942)	(100.0, 0.013165867441782171)
fastp | SRR30333747_1	(0.0, 2.253928682215427e-05)	(1.0, 2.0034921619692687e-05)	(2.0, 1.3774008613538721e-05)	(3.0, 5.008730404923172e-06)	(4.0, 2.504365202461586e-06)	(5.0, 7.513095607384757e-06)	(6.0, 1.2521826012307928e-05)	(7.0, 1.1269643411077135e-05)	(8.0, 6.260913006153964e-06)	(9.0, 6.260913006153964e-06)	(10.0, 1.6278373816000306e-05)	(11.0, 2.629583462584665e-05)	(12.0, 3.881766063815458e-05)	(13.0, 6.135694746030884e-05)	(14.0, 0.00012020952971815611)	(15.0, 0.00019784485099446527)	(16.0, 0.00033683711973108327)	(17.0, 0.0006874482480757053)	(18.0, 0.0012784784358566394)	(19.0, 0.0021424844307058864)	(20.0, 0.003452267431593296)	(21.0, 0.0056485957141521066)	(22.0, 0.008597485740050623)	(23.0, 0.013047742704824861)	(24.0, 0.019372517023641594)	(25.0, 0.027800958112526062)	(26.0, 0.03756172148912009)	(27.0, 0.05009606932744033)	(28.0, 0.0662955556395631)	(29.0, 0.085582924246321)	(30.0, 0.11119256280669318)	(31.0, 0.14624991909335167)	(32.0, 0.19098539470492298)	(33.0, 0.2516223371695241)	(34.0, 0.33870287180691716)	(35.0, 0.45457609317701103)	(36.0, 0.6171582299382159)	(37.0, 0.8245810256494954)	(38.0, 1.0681793767103327)	(39.0, 1.3458909383765003)	(40.0, 1.640688531636462)	(41.0, 1.9463888788053405)	(42.0, 2.2708256342364357)	(43.0, 2.61147940653607)	(44.0, 2.930426593443369)	(45.0, 3.261687744051171)	(46.0, 3.5877197801162346)	(47.0, 3.873638146550869)	(48.0, 4.156598857681396)	(49.0, 4.407319623378034)	(50.0, 4.598688185958933)	(51.0, 4.772074154203557)	(52.0, 4.9294134024134095)	(53.0, 5.008175688030827)	(54.0, 4.978496456016454)	(55.0, 4.882901079690692)	(56.0, 4.709642834071392)	(57.0, 4.43644413850006)	(58.0, 4.1211420551449445)	(59.0, 3.7496319991857803)	(60.0, 3.3077067068290043)	(61.0, 2.84127494878354)	(62.0, 2.3790718113824325)	(63.0, 1.942478312541697)	(64.0, 1.5427428085681898)	(65.0, 1.1864943541528266)	(66.0, 0.911555124765784)	(67.0, 0.7201064224984056)	(68.0, 0.5649347023712845)	(69.0, 0.4377617852076839)	(70.0, 0.3431230763892618)	(71.0, 0.26917292850837493)	(72.0, 0.22479933366855934)	(73.0, 0.18809786162648476)	(74.0, 0.1455436881062575)	(75.0, 0.11488149274991909)	(76.0, 0.0957168380380818)	(77.0, 0.07465763105058233)	(78.0, 0.05069962134123357)	(79.0, 0.03453018741154035)	(80.0, 0.025877605637035565)	(81.0, 0.01993599919419545)	(82.0, 0.013936792351698724)	(83.0, 0.008084090873545998)	(84.0, 0.004442743869166853)	(85.0, 0.0026383487407932804)	(86.0, 0.0014938538432683359)	(87.0, 0.0007963881343827843)	(88.0, 0.0004996208578910863)	(89.0, 0.00031930656331385216)	(90.0, 0.00020786231180431163)	(91.0, 0.00020410576400061922)	(92.0, 0.0001890795727858497)	(93.0, 0.00017154901636861863)	(94.0, 0.00017906211197600335)	(95.0, 0.0001602793729575415)	(96.0, 0.0001565228251538491)	(97.0, 0.0001590271903563107)	(98.0, 0.0001239660775218485)	(99.0, 6.386131266277043e-05)	(100.0, 1.8782739018461892e-05)
fastp | SRR30333747_2	(0.0, 0.0002629749459010446)	(1.0, 0.00014526235106914842)	(2.0, 2.00361863543653e-05)	(3.0, 1.1270354824330481e-05)	(4.0, 8.765831530034819e-06)	(5.0, 8.765831530034819e-06)	(6.0, 1.7531663060069638e-05)	(7.0, 2.1288448001513132e-05)	(8.0, 2.2540709648660962e-05)	(9.0, 3.0054279531547954e-05)	(10.0, 2.2540709648660962e-05)	(11.0, 2.5045232942956626e-05)	(12.0, 4.00723727087306e-05)	(13.0, 5.760403576880025e-05)	(14.0, 9.892867012467867e-05)	(15.0, 0.00014651461271629628)	(16.0, 0.00025420911437100977)	(17.0, 0.0004558232395618106)	(18.0, 0.0007526092499358467)	(19.0, 0.0012309731991463184)	(20.0, 0.0021927101441558527)	(21.0, 0.00379936183744652)	(22.0, 0.006157370519025886)	(23.0, 0.009241690955950994)	(24.0, 0.012588986338777147)	(25.0, 0.017246147404519935)	(26.0, 0.024255055843606346)	(27.0, 0.03425436509608178)	(28.0, 0.046387528195297116)	(29.0, 0.06180913037992267)	(30.0, 0.08489457384509294)	(31.0, 0.1175385304629426)	(32.0, 0.16470746992605997)	(33.0, 0.2300630052907053)	(34.0, 0.32393253836090674)	(35.0, 0.4547938804878551)	(36.0, 0.634011306119417)	(37.0, 0.8585205310050217)	(38.0, 1.1170925249546944)	(39.0, 1.4154113035848395)	(40.0, 1.7221139739426392)	(41.0, 2.029507892729664)	(42.0, 2.3497487637547794)	(43.0, 2.6539744605745206)	(44.0, 2.9467194226132105)	(45.0, 3.2680472567480496)	(46.0, 3.569992585108335)	(47.0, 3.813370888493163)	(48.0, 4.058270689779276)	(49.0, 4.288129576421496)	(50.0, 4.4808977253368445)	(51.0, 4.6596280211876655)	(52.0, 4.801358994411857)	(53.0, 4.882629523050105)	(54.0, 4.868417605616624)	(55.0, 4.7742011960701625)	(56.0, 4.607210853161352)	(57.0, 4.350756433657006)	(58.0, 4.03925760119063)	(59.0, 3.654904690616488)	(60.0, 3.2263507006829686)	(61.0, 2.8180808449099497)	(62.0, 2.402699395242778)	(63.0, 1.9727002953684503)	(64.0, 1.5822989610385838)	(65.0, 1.256450462357541)	(66.0, 1.0049775396855491)	(67.0, 0.8129832884681378)	(68.0, 0.6499738853356103)	(69.0, 0.524051463145013)	(70.0, 0.42826221296973394)	(71.0, 0.34904038438622076)	(72.0, 0.2904145031133479)	(73.0, 0.24058075086509992)	(74.0, 0.1977872135971171)	(75.0, 0.16509066199008718)	(76.0, 0.13523549206043575)	(77.0, 0.10702078488854797)	(78.0, 0.07883487973454457)	(79.0, 0.05505067427026582)	(80.0, 0.03872869596134098)	(81.0, 0.02937430145714668)	(82.0, 0.021865740620848284)	(83.0, 0.013653408738852806)	(84.0, 0.008218593190231216)	(85.0, 0.005886882003241955)	(86.0, 0.005235705946725082)	(87.0, 0.005264507964609483)	(88.0, 0.0055951050394565105)	(89.0, 0.00611479362302286)	(90.0, 0.006960070234847647)	(91.0, 0.007683877466899093)	(92.0, 0.008288719842471495)	(93.0, 0.008859751153570907)	(94.0, 0.009380691998784404)	(95.0, 0.009988038897651104)	(96.0, 0.010969812029015003)	(97.0, 0.012783086894085062)	(98.0, 0.01472534470881135)	(99.0, 0.014762912558225785)	(100.0, 0.016106589305615406)
fastp | SRR30333748_1	(0.0, 2.517268125012916e-05)	(1.0, 1.6519572070397257e-05)	(2.0, 7.866462890665362e-06)	(3.0, 5.506524023465754e-06)	(4.0, 7.866462890665362e-06)	(5.0, 8.653109179731897e-06)	(6.0, 7.079816601598825e-06)	(7.0, 8.653109179731897e-06)	(8.0, 1.1013048046931508e-05)	(9.0, 1.3372986914131113e-05)	(10.0, 1.258634062506458e-05)	(11.0, 2.4386034961062623e-05)	(12.0, 4.6412131054925635e-05)	(13.0, 6.922487343785518e-05)	(14.0, 0.00011170377304744813)	(15.0, 0.0002021680962900998)	(16.0, 0.0004161358869161977)	(17.0, 0.0008558711625043913)	(18.0, 0.0014757484382888217)	(19.0, 0.0023630854523558746)	(20.0, 0.00369723755861272)	(21.0, 0.006089428923664056)	(22.0, 0.00953572631606455)	(23.0, 0.014219418321166709)	(24.0, 0.02061957252901205)	(25.0, 0.02897611605776586)	(26.0, 0.038647145535549855)	(27.0, 0.051310577496942955)	(28.0, 0.06715206046616487)	(29.0, 0.08591121452153455)	(30.0, 0.11036096783201155)	(31.0, 0.14195661603236898)	(32.0, 0.18110013537631983)	(33.0, 0.23292989942404668)	(34.0, 0.30725224081505303)	(35.0, 0.4041135716803938)	(36.0, 0.5402600182217173)	(37.0, 0.7187288217611096)	(38.0, 0.9359257954038256)	(39.0, 1.1869587858781605)	(40.0, 1.4602326268832735)	(41.0, 1.7562366124109643)	(42.0, 2.074737895159669)	(43.0, 2.4097005381533796)	(44.0, 2.734277090192545)	(45.0, 3.0733822125444803)	(46.0, 3.4027989992002716)	(47.0, 3.698566204194954)	(48.0, 4.011536576885231)	(49.0, 4.297266175231424)	(50.0, 4.5150775196259)	(51.0, 4.72385265809787)	(52.0, 4.929109914365134)	(53.0, 5.054068677383353)	(54.0, 5.071047650886565)	(55.0, 5.030801253445344)	(56.0, 4.8936825120907335)	(57.0, 4.64394591470078)	(58.0, 4.361539896925894)	(59.0, 4.010858487784056)	(60.0, 3.5666204488372455)	(61.0, 3.0811904636097545)	(62.0, 2.590818766394348)	(63.0, 2.1219555520145983)	(64.0, 1.6957639655852632)	(65.0, 1.3136733434135761)	(66.0, 1.0071377373678627)	(67.0, 0.7903938719876491)	(68.0, 0.6141701569572527)	(69.0, 0.46942566647643197)	(70.0, 0.3591236971161004)	(71.0, 0.2717894394576445)	(72.0, 0.2172009068741613)	(73.0, 0.17588467047980869)	(74.0, 0.13250270093036737)	(75.0, 0.10022581704367829)	(76.0, 0.07868350841759121)	(77.0, 0.05852176402881589)	(78.0, 0.03839384543047043)	(79.0, 0.024017097851490418)	(80.0, 0.016449560550670338)	(81.0, 0.0122590957688129)	(82.0, 0.008301478288519156)	(83.0, 0.004469724214476059)	(84.0, 0.0022191291814566984)	(85.0, 0.0012908865603581858)	(86.0, 0.0007150614767614813)	(87.0, 0.00045389490879139136)	(88.0, 0.00030443211386874954)	(89.0, 0.00020531468144636595)	(90.0, 0.00018092864648530332)	(91.0, 0.00017778206132903717)	(92.0, 0.0001738488298837045)	(93.0, 0.0001998081574229002)	(94.0, 0.00019508827968850098)	(95.0, 0.00018328858535250292)	(96.0, 0.0001785687076181037)	(97.0, 0.00016283578183677298)	(98.0, 0.00013766310058664383)	(99.0, 6.843822714878864e-05)	(100.0, 2.5959327539195697e-05)
fastp | SRR30333748_2	(0.0, 0.00022656750908164)	(1.0, 0.0001282309165982893)	(2.0, 2.2027396716270553e-05)	(3.0, 1.1013698358135277e-05)	(4.0, 9.440312878401667e-06)	(5.0, 1.573385479733611e-05)	(6.0, 2.0454011236536943e-05)	(7.0, 1.8880625756803334e-05)	(8.0, 1.966731849667014e-05)	(9.0, 1.730724027706972e-05)	(10.0, 2.0454011236536943e-05)	(11.0, 3.225440233453902e-05)	(12.0, 4.090802247307389e-05)	(13.0, 5.192172083120916e-05)	(14.0, 0.00010541682714215194)	(15.0, 0.0001840861011288325)	(16.0, 0.00028320938635205)	(17.0, 0.00047437572213968374)	(18.0, 0.0008574950864548181)	(19.0, 0.0013735655238074423)	(20.0, 0.002375812074397753)	(21.0, 0.0039649314089287005)	(22.0, 0.006303768924552712)	(23.0, 0.009268027168370836)	(24.0, 0.012978070129582691)	(25.0, 0.01807819916213919)	(26.0, 0.024576281193439006)	(27.0, 0.03393949818333373)	(28.0, 0.045397677939493744)	(29.0, 0.05968795155917427)	(30.0, 0.07983357924168343)	(31.0, 0.1087972458453596)	(32.0, 0.15059737788544245)	(33.0, 0.20517654679192168)	(34.0, 0.28262251356810936)	(35.0, 0.39133558329030327)	(36.0, 0.5444708319545559)	(37.0, 0.7416986353028634)	(38.0, 0.9769354983778357)	(39.0, 1.2530394759034085)	(40.0, 1.5439796918101296)	(41.0, 1.8481158917353766)	(42.0, 2.172843774126637)	(43.0, 2.4800795434469594)	(44.0, 2.775754076262199)	(45.0, 3.103892271680782)	(46.0, 3.412245931384455)	(47.0, 3.669056269464795)	(48.0, 3.9362462315549367)	(49.0, 4.192081857330581)	(50.0, 4.408469562358345)	(51.0, 4.618874469099421)	(52.0, 4.808419431150189)	(53.0, 4.938089995462435)	(54.0, 4.967029274591176)	(55.0, 4.911447072441366)	(56.0, 4.775973862479862)	(57.0, 4.543285883882059)	(58.0, 4.248651358868924)	(59.0, 3.876739219325932)	(60.0, 3.448259151630077)	(61.0, 3.0378313222359465)	(62.0, 2.6128630509308577)	(63.0, 2.153032490858571)	(64.0, 1.7347511078423503)	(65.0, 1.3844140166902057)	(66.0, 1.1087081056910053)	(67.0, 0.8930646119951557)	(68.0, 0.7065216694397193)	(69.0, 0.5625238569490194)	(70.0, 0.4497317853706162)	(71.0, 0.35749127492849336)	(72.0, 0.2900787873565669)	(73.0, 0.23240555590419154)	(74.0, 0.18461082518632366)	(75.0, 0.14939531137892595)	(76.0, 0.11657134350072336)	(77.0, 0.08662588435769343)	(78.0, 0.06015682043213488)	(79.0, 0.03917415167440745)	(80.0, 0.025622582537461854)	(81.0, 0.017933447698003698)	(82.0, 0.012745209078582117)	(83.0, 0.008006958706364347)	(84.0, 0.005155197524347177)	(85.0, 0.004109682873064192)	(86.0, 0.004123843342381795)	(87.0, 0.004391318873936508)	(88.0, 0.004815346260724717)	(89.0, 0.0054100859720640215)	(90.0, 0.006187338399052425)	(91.0, 0.006845800222320941)	(92.0, 0.007491674961751588)	(93.0, 0.008243753221064255)	(94.0, 0.008699248317447134)	(95.0, 0.009279827559468837)	(96.0, 0.010226218925528606)	(97.0, 0.01195615626049571)	(98.0, 0.013838711986996976)	(99.0, 0.014040892021142745)	(100.0, 0.01639939685526343)
fastp | SRR30333749_1	(0.0, 0.0002598236007534384)	(1.0, 0.0001799519012625666)	(2.0, 0.00010104251140411494)	(3.0, 7.98716994908718e-05)	(4.0, 7.217322243151066e-05)	(5.0, 7.024860316667039e-05)	(6.0, 7.217322243151066e-05)	(7.0, 7.50601513287711e-05)	(8.0, 5.870088757762868e-05)	(9.0, 4.907779125342725e-05)	(10.0, 3.945469492922584e-05)	(11.0, 5.388933941552797e-05)	(12.0, 9.141941507991352e-05)	(13.0, 0.0001866880686895076)	(14.0, 0.000358941492892713)	(15.0, 0.0006110666165867903)	(16.0, 0.0011008822194886426)	(17.0, 0.002062229542276365)	(18.0, 0.0033401767341303137)	(19.0, 0.005377386225963754)	(20.0, 0.008743545320169414)	(21.0, 0.014292222660703954)	(22.0, 0.02218123702728428)	(23.0, 0.03339021962571409)	(24.0, 0.04820593872645461)	(25.0, 0.06752045535875928)	(26.0, 0.08971708934016229)	(27.0, 0.12016841534846527)	(28.0, 0.1569469271899307)	(29.0, 0.1971551105613415)	(30.0, 0.2509482190136274)	(31.0, 0.3163429323943706)	(32.0, 0.3881331555921781)	(33.0, 0.473925946251331)	(34.0, 0.5842788033491109)	(35.0, 0.7066027922741972)	(36.0, 0.8537505204771936)	(37.0, 1.0236116429342026)	(38.0, 1.1981611379203625)	(39.0, 1.3953229846491308)	(40.0, 1.607353477508423)	(41.0, 1.8315870188164347)	(42.0, 2.0878385262143295)	(43.0, 2.3866520263445348)	(44.0, 2.698518294328887)	(45.0, 3.018769166140516)	(46.0, 3.3469263738921082)	(47.0, 3.6395368261317333)	(48.0, 3.9192167238405293)	(49.0, 4.17096943370686)	(50.0, 4.343185327834401)	(51.0, 4.497596569142905)	(52.0, 4.65470035280292)	(53.0, 4.744189374760198)	(54.0, 4.742724739499655)	(55.0, 4.687460259619399)	(56.0, 4.546680134254126)	(57.0, 4.311514755521822)	(58.0, 4.0482913148370425)	(59.0, 3.734966185449942)	(60.0, 3.3434062452567157)	(61.0, 2.9056554427073227)	(62.0, 2.458879138115461)	(63.0, 2.034385113062288)	(64.0, 1.6461894073440027)	(65.0, 1.2948838413845434)	(66.0, 1.015671626157104)	(67.0, 0.8228815520884203)	(68.0, 0.6621893158091103)	(69.0, 0.5288892232166399)	(70.0, 0.42894951865127845)	(71.0, 0.3454268164150046)	(72.0, 0.29824862437597466)	(73.0, 0.259394410657379)	(74.0, 0.21179184007045185)	(75.0, 0.17854981612813045)	(76.0, 0.1561270393831087)	(77.0, 0.12587779839761398)	(78.0, 0.08773569380700921)	(79.0, 0.061115322445370816)	(80.0, 0.046869290647023026)	(81.0, 0.0365340851948307)	(82.0, 0.026057420226672613)	(83.0, 0.015106336609731392)	(84.0, 0.008154611825128286)	(85.0, 0.004634483189735405)	(86.0, 0.002079551115659927)	(87.0, 0.0008882117907237912)	(88.0, 0.0005985565913653284)	(89.0, 0.0005186848918744566)	(90.0, 0.0005388933941552796)	(91.0, 0.0006264635707055126)	(92.0, 0.0007659984674064333)	(93.0, 0.0009151564604315554)	(94.0, 0.001042181331911014)	(95.0, 0.0011336007469909275)	(96.0, 0.001196150873098237)	(97.0, 0.0012663994762649072)	(98.0, 0.00128468335928089)	(99.0, 0.0008631917402808676)	(100.0, 0.00036182842178997346)
fastp | SRR30333749_2	(0.0, 0.0035241220379403017)	(1.0, 0.0019160368589675424)	(2.0, 0.0002213402699962505)	(3.0, 0.00011933127599797854)	(4.0, 9.431020199840239e-05)	(5.0, 6.159033599895666e-05)	(6.0, 5.485389299907077e-05)	(7.0, 7.217617499877733e-05)	(8.0, 8.179966499861431e-05)	(9.0, 7.891261799866322e-05)	(10.0, 7.506322199872842e-05)	(11.0, 9.912194699832087e-05)	(12.0, 0.00013472885999771768)	(13.0, 0.00019150745099675589)	(14.0, 0.0002684953709954517)	(15.0, 0.00045326637899232165)	(16.0, 0.0007217617499877734)	(17.0, 0.0011577058469803886)	(18.0, 0.0019862883359663525)	(19.0, 0.0034942892189408067)	(20.0, 0.006043551719897622)	(21.0, 0.00983231973283344)	(22.0, 0.015280177421741153)	(23.0, 0.02192231021962864)	(24.0, 0.030684497864480204)	(25.0, 0.04200557150028843)	(26.0, 0.057221271539030664)	(27.0, 0.07849592088167028)	(28.0, 0.1028096683662584)	(29.0, 0.13110272896577913)	(30.0, 0.16800785076615396)	(31.0, 0.21627831425633623)	(32.0, 0.2774808236082995)	(33.0, 0.346813257312125)	(34.0, 0.4284724193567417)	(35.0, 0.5301898216080186)	(36.0, 0.6692887084146623)	(37.0, 0.8419658765287372)	(38.0, 1.041150947847363)	(39.0, 1.2834608025532581)	(40.0, 1.5565918086816313)	(41.0, 1.858259349706521)	(42.0, 2.198470892878758)	(43.0, 2.541439565935948)	(44.0, 2.8756114067842873)	(45.0, 3.233982475586216)	(46.0, 3.548321265893892)	(47.0, 3.786778837552852)	(48.0, 4.023321334701845)	(49.0, 4.23552795033925)	(50.0, 4.39314339425458)	(51.0, 4.529779629970266)	(52.0, 4.652347285655189)	(53.0, 4.736364202749766)	(54.0, 4.722033863791008)	(55.0, 4.630827237317554)	(56.0, 4.474228996295206)	(57.0, 4.240176096009171)	(58.0, 3.969453849427757)	(59.0, 3.6240812285686084)	(60.0, 3.2163637900945146)	(61.0, 2.8299017539830613)	(62.0, 2.4457252967465695)	(63.0, 2.0326013815905677)	(64.0, 1.6479052558940845)	(65.0, 1.328402500852497)	(66.0, 1.0864689246055952)	(67.0, 0.8957919807958252)	(68.0, 0.7248085469217218)	(69.0, 0.5935335574849455)	(70.0, 0.49625354647259345)	(71.0, 0.4169858216929363)	(72.0, 0.3604603284808938)	(73.0, 0.3106010267917384)	(74.0, 0.2673087946784718)	(75.0, 0.23445516216802834)	(76.0, 0.19902820843162847)	(77.0, 0.16330966294823354)	(78.0, 0.1257674661098695)	(79.0, 0.09032511478946989)	(80.0, 0.06546282837489106)	(81.0, 0.05223341667211517)	(82.0, 0.040165560212319595)	(83.0, 0.024966220106577074)	(84.0, 0.014107073990761025)	(85.0, 0.009257797379843174)	(86.0, 0.007988459048864676)	(87.0, 0.007986534350864709)	(88.0, 0.008649592811853476)	(89.0, 0.009489723488839244)	(90.0, 0.01049056644882229)	(91.0, 0.011743544846801065)	(92.0, 0.01299652324477984)	(93.0, 0.013897281908764582)	(94.0, 0.01439674103975612)	(95.0, 0.014658499967751685)	(96.0, 0.014596909631752728)	(97.0, 0.014533394597753805)	(98.0, 0.014437159697755435)	(99.0, 0.013018657271779465)	(100.0, 0.014871179096748082)
fastp | SRR30333750_1	(0.0, 3.634485772341569e-05)	(1.0, 2.5823977856111147e-05)	(2.0, 1.3390210740205782e-05)	(3.0, 1.0520879867304542e-05)	(4.0, 5.738661745802477e-06)	(5.0, 1.912887248600826e-06)	(6.0, 5.738661745802477e-06)	(7.0, 1.4346654364506194e-05)	(8.0, 1.2433767115905369e-05)	(9.0, 8.607992618703716e-06)	(10.0, 9.564436243004128e-06)	(11.0, 2.1041759734609083e-05)	(12.0, 4.1127075844917756e-05)	(13.0, 6.790749732532931e-05)	(14.0, 0.00010807812954594666)	(15.0, 0.00018268073224137887)	(16.0, 0.00032997305038364247)	(17.0, 0.0006733363115074907)	(18.0, 0.0012567669223307427)	(19.0, 0.002132869282189921)	(20.0, 0.0033389446924327417)	(21.0, 0.005455554433009555)	(22.0, 0.008353578614639806)	(23.0, 0.01257627721592613)	(24.0, 0.018445971738257762)	(25.0, 0.026074566085677858)	(26.0, 0.035314767940044144)	(27.0, 0.04746064552503509)	(28.0, 0.06234769053727102)	(29.0, 0.080157627265369)	(30.0, 0.10438721359977136)	(31.0, 0.13819175705704517)	(32.0, 0.18195574797415917)	(33.0, 0.24056756971491275)	(34.0, 0.32672114206102104)	(35.0, 0.44179183094422797)	(36.0, 0.601632689437313)	(37.0, 0.8067104620289346)	(38.0, 1.0433327017936083)	(39.0, 1.307383831815969)	(40.0, 1.5894639241563928)	(41.0, 1.883687024750934)	(42.0, 2.1884702194013768)	(43.0, 2.5080237729418906)	(44.0, 2.81512825626851)	(45.0, 3.1300038440425704)	(46.0, 3.442494061417626)	(47.0, 3.723152878532339)	(48.0, 4.010048664521115)	(49.0, 4.272186907294874)	(50.0, 4.470651828668084)	(51.0, 4.657385968989248)	(52.0, 4.839068174086856)	(53.0, 4.948040578421524)	(54.0, 4.956378853938175)	(55.0, 4.903867229633209)	(56.0, 4.764973442955928)	(57.0, 4.520018666336349)	(58.0, 4.235935781046641)	(59.0, 3.8905812042969985)	(60.0, 3.4607143124605484)	(61.0, 2.9982652121186804)	(62.0, 2.529824948914194)	(63.0, 2.0801548918366035)	(64.0, 1.6747681745641219)	(65.0, 1.3078352732066387)	(66.0, 1.0137623342611124)	(67.0, 0.8068022806168674)	(68.0, 0.6365113190846762)	(69.0, 0.4949356644848562)	(70.0, 0.38719707242553614)	(71.0, 0.30064179375722166)	(72.0, 0.24826407155965818)	(73.0, 0.20714656015098343)	(74.0, 0.15782754466393262)	(75.0, 0.12055780595581844)	(76.0, 0.09786426808204254)	(77.0, 0.07486658113573913)	(78.0, 0.049439527383712635)	(79.0, 0.031808445613358834)	(80.0, 0.02332574710943847)	(81.0, 0.018612392928886036)	(82.0, 0.01369149048186041)	(83.0, 0.007929874089074723)	(84.0, 0.004074449839519759)	(85.0, 0.00238537039900523)	(86.0, 0.001364845051876689)	(87.0, 0.0007814144410534373)	(88.0, 0.0005040457900063176)	(89.0, 0.00033092949400794283)	(90.0, 0.0002027660483516875)	(91.0, 0.00014251010002076152)	(92.0, 0.00012816344565625532)	(93.0, 0.0001099910167945475)	(94.0, 0.00010520879867304542)	(95.0, 0.00010233946780014419)	(96.0, 9.755724967864212e-05)	(97.0, 8.034126444123468e-05)	(98.0, 6.408172282812766e-05)	(99.0, 4.1127075844917756e-05)	(100.0, 1.7215985237407433e-05)
fastp | SRR30333750_2	(0.0, 0.00016642859566183205)	(1.0, 9.756159056038431e-05)	(2.0, 2.1042696003220145e-05)	(3.0, 1.3390806547503729e-05)	(4.0, 1.2434320365539176e-05)	(5.0, 7.651889455716416e-06)	(6.0, 8.608375637680969e-06)	(7.0, 1.434729272946828e-05)	(8.0, 1.5303778911432832e-05)	(9.0, 1.6260265093397385e-05)	(10.0, 1.817323745732649e-05)	(11.0, 2.4868640731078352e-05)	(12.0, 3.9215933460546635e-05)	(13.0, 5.4519712371979464e-05)	(14.0, 7.938835310305783e-05)	(15.0, 0.0001377340102028955)	(16.0, 0.00027929396513364917)	(17.0, 0.00045433093643316216)	(18.0, 0.0007575370561159252)	(19.0, 0.0013419501132962664)	(20.0, 0.0023242614221738616)	(21.0, 0.003798206628581236)	(22.0, 0.006090904006750267)	(23.0, 0.008875235282449078)	(24.0, 0.012237284212054477)	(25.0, 0.016937457310228287)	(26.0, 0.023359305535938287)	(27.0, 0.032940427620677205)	(28.0, 0.04478268303958032)	(29.0, 0.06015628544229657)	(30.0, 0.0821382508762059)	(31.0, 0.11456791487571405)	(32.0, 0.16389486376580797)	(33.0, 0.22921904404925897)	(34.0, 0.3222478465933133)	(35.0, 0.45214632199355514)	(36.0, 0.6323272759796735)	(37.0, 0.8515510394274031)	(38.0, 1.098872540956523)	(39.0, 1.3846304397078888)	(40.0, 1.676717407525314)	(41.0, 1.969121928755151)	(42.0, 2.2723691773437382)	(43.0, 2.5586005367551765)	(44.0, 2.839487051381797)	(45.0, 3.1506817436563277)	(46.0, 3.4394659646874293)	(47.0, 3.683495240778227)	(48.0, 3.9329430110898547)	(49.0, 4.164315105534716)	(50.0, 4.35939715774966)	(51.0, 4.54613673748551)	(52.0, 4.716815957739992)	(53.0, 4.8293838600092185)	(54.0, 4.844637901639189)	(55.0, 4.780061693550034)	(56.0, 4.638047407682847)	(57.0, 4.409825978721377)	(58.0, 4.121381310284873)	(59.0, 3.7593618117592915)	(60.0, 3.345444329486496)	(61.0, 2.9500664188787185)	(62.0, 2.544641577415586)	(63.0, 2.1061309224321176)	(64.0, 1.706581775584793)	(65.0, 1.3750426222198762)	(66.0, 1.1149415088135277)	(67.0, 0.9104351982476867)	(68.0, 0.7305641457845249)	(69.0, 0.5912490639228419)	(70.0, 0.4822297253887043)	(71.0, 0.39000628420986416)	(72.0, 0.3218078629496096)	(73.0, 0.2608596069486464)	(74.0, 0.20982533022374572)	(75.0, 0.17236837485183193)	(76.0, 0.13794348067674572)	(77.0, 0.10676490060324723)	(78.0, 0.07645863592770039)	(79.0, 0.050315955602245256)	(80.0, 0.03395812891828749)	(81.0, 0.025848082581410053)	(82.0, 0.019061813120371557)	(83.0, 0.011084718362787193)	(84.0, 0.006093773465296161)	(85.0, 0.00392924523551038)	(86.0, 0.003226227891766434)	(87.0, 0.003064581727014425)	(88.0, 0.0030330176830095945)	(89.0, 0.0031870119583058873)	(90.0, 0.0035169996910836576)	(91.0, 0.0037714250154862283)	(92.0, 0.004056457897711665)	(93.0, 0.0044629645250466)	(94.0, 0.004785300368368654)	(95.0, 0.005146852145151254)	(96.0, 0.005698744672144801)	(97.0, 0.006738445151940269)	(98.0, 0.007931183420850066)	(99.0, 0.008086134182328323)	(100.0, 0.010736557392552097)
fastp | SRR30333751_1	(0.0, 4.253637486537815e-05)	(1.0, 2.681641024121666e-05)	(2.0, 9.247038014212642e-06)	(3.0, 1.0171741815633905e-05)	(4.0, 1.4795260822740228e-05)	(5.0, 1.4795260822740228e-05)	(6.0, 1.109644561705517e-05)	(7.0, 1.0171741815633905e-05)	(8.0, 1.2945853219897697e-05)	(9.0, 1.4795260822740228e-05)	(10.0, 1.7569372227004022e-05)	(11.0, 2.404229883695287e-05)	(12.0, 4.253637486537815e-05)	(13.0, 7.49010079151224e-05)	(14.0, 0.00012206090178760688)	(15.0, 0.00019973602110699305)	(16.0, 0.00035601096354718673)	(17.0, 0.0006898290358602631)	(18.0, 0.0012159854988689624)	(19.0, 0.0019992096186727732)	(20.0, 0.003160637593257881)	(21.0, 0.005145976654909335)	(22.0, 0.007814671825811104)	(23.0, 0.011735415943837264)	(24.0, 0.017157879035371557)	(25.0, 0.024212444336414382)	(26.0, 0.03267810763842606)	(27.0, 0.043818014334148024)	(28.0, 0.05760072449433196)	(29.0, 0.07372293527211171)	(30.0, 0.09557923432250472)	(31.0, 0.1245011951195576)	(32.0, 0.15955486682383488)	(33.0, 0.2049642964002289)	(34.0, 0.2686421742775014)	(35.0, 0.35366868881818664)	(36.0, 0.4778369905692326)	(37.0, 0.6449254192632465)	(38.0, 0.8536948718063239)	(39.0, 1.1038041324957404)	(40.0, 1.3853376024688555)	(41.0, 1.6940740088721817)	(42.0, 2.028217576923358)	(43.0, 2.376846630023799)	(44.0, 2.714308960018277)	(45.0, 3.0698751410369796)	(46.0, 3.4199615273284607)	(47.0, 3.7306435105299767)	(48.0, 4.04882484156102)	(49.0, 4.343889502260332)	(50.0, 4.565838758085067)	(51.0, 4.770440570595139)	(52.0, 4.970439207581736)	(53.0, 5.090047794887973)	(54.0, 5.1117256261046915)	(55.0, 5.065963884379956)	(56.0, 4.911846275908478)	(57.0, 4.661405971258152)	(58.0, 4.376990199536008)	(59.0, 4.01795360515057)	(60.0, 3.5693011912579946)	(61.0, 3.083950982302214)	(62.0, 2.595598260103219)	(63.0, 2.1279672253902726)	(64.0, 1.7050234265848108)	(65.0, 1.3263165329355406)	(66.0, 1.0231486928243734)	(67.0, 0.8068946877125923)	(68.0, 0.6323781133817614)	(69.0, 0.49076434971310184)	(70.0, 0.3805276354342687)	(71.0, 0.29448302200821863)	(72.0, 0.24084372859917536)	(73.0, 0.19809929537847742)	(74.0, 0.15474178353743717)	(75.0, 0.12189168099194679)	(76.0, 0.09809720277377482)	(77.0, 0.07473918474987368)	(78.0, 0.05177971406438511)	(79.0, 0.03465235025446046)	(80.0, 0.02369091139241279)	(81.0, 0.0164597276652985)	(82.0, 0.010784820435976204)	(83.0, 0.005926426663308882)	(84.0, 0.002965525091157994)	(85.0, 0.001648746877934114)	(86.0, 0.0009210049862155792)	(87.0, 0.000552972873249916)	(88.0, 0.0003541615559443442)	(89.0, 0.0002579923605965327)	(90.0, 0.00020158542870983562)	(91.0, 0.00016367257285156375)	(92.0, 0.00017107020326293388)	(93.0, 0.0001701454994615126)	(94.0, 0.0001655219804544063)	(95.0, 0.0001673713880572488)	(96.0, 0.00014610320062455974)	(97.0, 0.00012021149418476435)	(98.0, 9.616919534781147e-05)	(99.0, 5.363282048243332e-05)	(100.0, 2.404229883695287e-05)
fastp | SRR30333751_2	(0.0, 0.0002626264752233097)	(1.0, 0.00014980805981047949)	(2.0, 2.5892751078354478e-05)	(3.0, 1.2946375539177239e-05)	(4.0, 1.202163442923601e-05)	(5.0, 1.1096893319294776e-05)	(6.0, 1.2946375539177239e-05)	(7.0, 1.5720598869000934e-05)	(8.0, 1.8494822198824628e-05)	(9.0, 2.5892751078354478e-05)	(10.0, 2.7742233298236943e-05)	(11.0, 2.9591715518119403e-05)	(12.0, 4.253809105729665e-05)	(13.0, 5.2710243266650187e-05)	(14.0, 8.600092322453452e-05)	(15.0, 0.00015073280092042072)	(16.0, 0.00027279862743266327)	(17.0, 0.0004577468494209095)	(18.0, 0.0006870826446863349)	(19.0, 0.001170722245185599)	(20.0, 0.002130603517304597)	(21.0, 0.003534360522195386)	(22.0, 0.005516080720799445)	(23.0, 0.007887116926688763)	(24.0, 0.010766760743045757)	(25.0, 0.014984504945487713)	(26.0, 0.020934289246849598)	(27.0, 0.029360530240634095)	(28.0, 0.039123022138283677)	(29.0, 0.05158945704140142)	(30.0, 0.0689977084360451)	(31.0, 0.09367442495482685)	(32.0, 0.1291031063588953)	(33.0, 0.17598378166847597)	(34.0, 0.24269090637519664)	(35.0, 0.33931525547073604)	(36.0, 0.48067303101857256)	(37.0, 0.6667642330187062)	(38.0, 0.8971505341850249)	(39.0, 1.1769503765610532)	(40.0, 1.4790031890067072)	(41.0, 1.7960386569156293)	(42.0, 2.1342867611454928)	(43.0, 2.457085215651569)	(44.0, 2.7673062663213335)	(45.0, 3.108712361441647)	(46.0, 3.427426234465112)	(47.0, 3.6944378320317632)	(48.0, 3.969560333873709)	(49.0, 4.233860590506013)	(50.0, 4.462051556277331)	(51.0, 4.6671915004011435)	(52.0, 4.8468409558294265)	(53.0, 4.9758876529806155)	(54.0, 5.0059925998147525)	(55.0, 4.947460186519912)	(56.0, 4.794327682419194)	(57.0, 4.556708981032025)	(58.0, 4.2630121292558)	(59.0, 3.8871631267546154)	(60.0, 3.4565324609005126)	(61.0, 3.036018462789167)	(62.0, 2.608108385280511)	(63.0, 2.152885154348631)	(64.0, 1.7349474849695818)	(65.0, 1.385524809167188)	(66.0, 1.113998625501804)	(67.0, 0.8995733558930707)	(68.0, 0.7160880743407516)	(69.0, 0.5742161427357877)	(70.0, 0.46286251724110444)	(71.0, 0.37609868260086843)	(72.0, 0.31235072944595965)	(73.0, 0.25698000600600857)	(74.0, 0.21065140113906278)	(75.0, 0.1748565222554576)	(76.0, 0.14115803146808922)	(77.0, 0.1085340898504725)	(78.0, 0.07861409123832397)	(79.0, 0.05376167390865337)	(80.0, 0.03554427404281111)	(81.0, 0.024243012938219323)	(82.0, 0.016570435949036923)	(83.0, 0.009938192708538414)	(84.0, 0.005945160595812176)	(85.0, 0.004338885287844258)	(86.0, 0.004038344427113358)	(87.0, 0.004062387695971829)	(88.0, 0.004395294495550673)	(89.0, 0.004957537090394942)	(90.0, 0.005591909491814626)	(91.0, 0.006207787071035486)	(92.0, 0.0068171914624867574)	(93.0, 0.007320250626294787)	(94.0, 0.007716964562459575)	(95.0, 0.008271809228424314)	(96.0, 0.009018075304146889)	(97.0, 0.01019896970154184)	(98.0, 0.011508403113218626)	(99.0, 0.011434423824423326)	(100.0, 0.013110979456746778)
fastp | SRR30333752_1	(0.0, 5.162116616481716e-05)	(1.0, 3.0112346929476675e-05)	(2.0, 1.0324233232963433e-05)	(3.0, 1.1184586002377052e-05)	(4.0, 8.603527694136194e-06)	(5.0, 9.463880463549812e-06)	(6.0, 1.4625997080031527e-05)	(7.0, 1.290529154120429e-05)	(8.0, 8.603527694136194e-06)	(9.0, 1.290529154120429e-05)	(10.0, 2.0648466465926865e-05)	(11.0, 3.09726996988903e-05)	(12.0, 4.043658016244011e-05)	(13.0, 5.506257724247164e-05)	(14.0, 0.00010066127402139346)	(15.0, 0.00018067408157686007)	(16.0, 0.00038027592408081974)	(17.0, 0.000775177845241671)	(18.0, 0.0012991326818145652)	(19.0, 0.0021577647456893574)	(20.0, 0.0035825089318383112)	(21.0, 0.005817705426774894)	(22.0, 0.008887444108042687)	(23.0, 0.01334751286468289)	(24.0, 0.019581629031853977)	(25.0, 0.027784232335443425)	(26.0, 0.037778090104952027)	(27.0, 0.050735863165090545)	(28.0, 0.06651387260336691)	(29.0, 0.08520159510780015)	(30.0, 0.11048908370640523)	(31.0, 0.14529207393472496)	(32.0, 0.18814624537921734)	(33.0, 0.24517644940533792)	(34.0, 0.32680155805068567)	(35.0, 0.4349642478685965)	(36.0, 0.5870797796175409)	(37.0, 0.7791285851588183)	(38.0, 1.003154122080892)	(39.0, 1.2576189399848192)	(40.0, 1.5288503126590791)	(41.0, 1.8125404537872178)	(42.0, 2.111707480884338)	(43.0, 2.42457562583437)	(44.0, 2.7288041082739505)	(45.0, 3.0501355434167046)	(46.0, 3.3661715072637177)	(47.0, 3.6453817915215194)	(48.0, 3.9393032477835246)	(49.0, 4.213949360599587)	(50.0, 4.422683847750872)	(51.0, 4.628518085716465)	(52.0, 4.827999478832706)	(53.0, 4.951500537823724)	(54.0, 4.979680532433097)	(55.0, 4.94277484003633)	(56.0, 4.818807469844291)	(57.0, 4.590182487016933)	(58.0, 4.309519066931592)	(59.0, 3.9644737284054896)	(60.0, 3.5402139896939375)	(61.0, 3.0746220435869853)	(62.0, 2.597630423285303)	(63.0, 2.1392688818525034)	(64.0, 1.7218885238851824)	(65.0, 1.345478164797338)	(66.0, 1.0429695275438153)	(67.0, 0.8314397542447052)	(68.0, 0.6597451745222151)	(69.0, 0.5144703076428785)	(70.0, 0.402568524689096)	(71.0, 0.31335682532305903)	(72.0, 0.26159714236236625)	(73.0, 0.22009458511862268)	(74.0, 0.16923913291858364)	(75.0, 0.13104549242600486)	(76.0, 0.10854210538922221)	(77.0, 0.08470689226538732)	(78.0, 0.05657421705833137)	(79.0, 0.03673620290119213)	(80.0, 0.02723532726855753)	(81.0, 0.02232787507182225)	(82.0, 0.016804410292186815)	(83.0, 0.009640252781279605)	(84.0, 0.004902290080118803)	(85.0, 0.0028116328504437078)	(86.0, 0.0014987345243185248)	(87.0, 0.0007433447927733671)	(88.0, 0.0004138296820879509)	(89.0, 0.00030370452760300763)	(90.0, 0.00025552477251584494)	(91.0, 0.00017034984834389663)	(92.0, 0.0001247511515649748)	(93.0, 0.0001238907987955612)	(94.0, 0.00013679609033676548)	(95.0, 0.00013593573756735187)	(96.0, 0.00010840444894611603)	(97.0, 8.43145714025347e-05)	(98.0, 6.796786878367594e-05)	(99.0, 4.731940231774906e-05)	(100.0, 2.322952477416772e-05)
fastp | SRR30333752_2	(0.0, 0.0002495198635535903)	(1.0, 0.00013508489164797819)	(2.0, 1.634785312937316e-05)	(3.0, 1.4627026484175983e-05)	(4.0, 1.548743980677457e-05)	(5.0, 1.0324959871183047e-05)	(6.0, 9.46454654858446e-06)	(7.0, 1.0324959871183047e-05)	(8.0, 6.883306580788698e-06)	(9.0, 1.634785312937316e-05)	(10.0, 2.4091573032760444e-05)	(11.0, 2.495198635535903e-05)	(12.0, 3.097487961354914e-05)	(13.0, 4.73227327429223e-05)	(14.0, 8.346009229206297e-05)	(15.0, 0.00016433894461633015)	(16.0, 0.000271030196618555)	(17.0, 0.00046290236755803995)	(18.0, 0.0007683490970805384)	(19.0, 0.0013147115569306412)	(20.0, 0.0022585849718212915)	(21.0, 0.0037849582061111856)	(22.0, 0.006191534269419434)	(23.0, 0.00922104957828906)	(24.0, 0.012642052948941043)	(25.0, 0.01731581811729657)	(26.0, 0.02433076793644285)	(27.0, 0.03439846422416892)	(28.0, 0.04642187999416158)	(29.0, 0.061446417433378114)	(30.0, 0.08348590469174093)	(31.0, 0.11591144116719129)	(32.0, 0.1630259538860447)	(33.0, 0.22585333470219354)	(34.0, 0.3139002904170296)	(35.0, 0.43512392343794454)	(36.0, 0.6040024087443049)	(37.0, 0.8125700397954929)	(38.0, 1.0500466980726706)	(39.0, 1.3232589028773356)	(40.0, 1.6074172859721)	(41.0, 1.894887399945546)	(42.0, 2.1957498472852395)	(43.0, 2.4831743593525877)	(44.0, 2.762110893992501)	(45.0, 3.078614795123714)	(46.0, 3.3773959026360414)	(47.0, 3.6247982890027166)	(48.0, 3.883687193226083)	(49.0, 4.130130218738061)	(50.0, 4.336094239075066)	(51.0, 4.539584571109599)	(52.0, 4.720345364401045)	(53.0, 4.8442207912822095)	(54.0, 4.876167077536973)	(55.0, 4.825298581491621)	(56.0, 4.698809218936403)	(57.0, 4.476830325425872)	(58.0, 4.1904572384387375)	(59.0, 3.82601712986559)	(60.0, 3.409633869007165)	(61.0, 3.009777427249214)	(62.0, 2.5973124886619035)	(63.0, 2.1510771875759205)	(64.0, 1.7420091607862291)	(65.0, 1.4036963631671098)	(66.0, 1.138614203847679)	(67.0, 0.9290622599554382)	(68.0, 0.7439581002115137)	(69.0, 0.6015072101087691)	(70.0, 0.4924773546957212)	(71.0, 0.40135270052595007)	(72.0, 0.33433596724206865)	(73.0, 0.2750887662612525)	(74.0, 0.22477265556900974)	(75.0, 0.18574172601597003)	(76.0, 0.14980570318431743)	(77.0, 0.11878264042470277)	(78.0, 0.08644486610815746)	(79.0, 0.05728029612535575)	(80.0, 0.03908771683233122)	(81.0, 0.030505093939410317)	(82.0, 0.023102097711772067)	(83.0, 0.013677130176027143)	(84.0, 0.007440854413832582)	(85.0, 0.004844987419552645)	(86.0, 0.00398973657688965)	(87.0, 0.0036911731539479397)	(88.0, 0.0038245372189507207)	(89.0, 0.004099869482182269)	(90.0, 0.004461243077673675)	(91.0, 0.004931889165135103)	(92.0, 0.005407697732532121)	(93.0, 0.005978151765414985)	(94.0, 0.006593347291072975)	(95.0, 0.007218867776602147)	(96.0, 0.008367519562271261)	(97.0, 0.01012276274037238)	(98.0, 0.011825520705794984)	(99.0, 0.012011369983476279)	(100.0, 0.015429792114160465)
fastp | SRR30333753_1	(0.0, 0.00012916176949395535)	(1.0, 9.750447304935844e-05)	(2.0, 5.445054988470666e-05)	(3.0, 4.685279873800341e-05)	(4.0, 4.811909059578728e-05)	(5.0, 3.67224638757324e-05)	(6.0, 2.5325837155677515e-05)	(7.0, 1.8994377866758138e-05)	(8.0, 2.9124712729029144e-05)	(9.0, 3.039100458681302e-05)	(10.0, 2.7858420871245268e-05)	(11.0, 3.5456172017948524e-05)	(12.0, 4.3053923164651774e-05)	(13.0, 9.750447304935844e-05)	(14.0, 0.0001418246880717941)	(15.0, 0.00021147074024990725)	(16.0, 0.0003887516003396499)	(17.0, 0.0006977268136389155)	(18.0, 0.0012586941066371725)	(19.0, 0.0022008152488283764)	(20.0, 0.0036671812201421045)	(21.0, 0.005960435774588703)	(22.0, 0.009189480011937586)	(23.0, 0.01412675196543692)	(24.0, 0.02118126390515089)	(25.0, 0.02981230920780579)	(26.0, 0.03935255206434951)	(27.0, 0.053174127692060515)	(28.0, 0.07133655180825464)	(29.0, 0.09237219214976039)	(30.0, 0.12043701859382444)	(31.0, 0.15371010344895356)	(32.0, 0.19158362662341147)	(33.0, 0.24080439113547072)	(34.0, 0.30997051869948383)	(35.0, 0.39175397833445547)	(36.0, 0.4925356147117585)	(37.0, 0.6095599767488554)	(38.0, 0.7399791740575901)	(39.0, 0.9005893018396081)	(40.0, 1.0869102195020697)	(41.0, 1.3002310121561993)	(42.0, 1.5669310717833502)	(43.0, 1.8956199167245953)	(44.0, 2.2708652481091227)	(45.0, 2.669940925965284)	(46.0, 3.0282318756659428)	(47.0, 3.3622328149505916)	(48.0, 3.7069174586393623)	(49.0, 4.016565072915111)	(50.0, 4.283442413402351)	(51.0, 4.563572764473159)	(52.0, 4.847452605734864)	(53.0, 5.047202548549123)	(54.0, 5.149586044126523)	(55.0, 5.201956076488891)	(56.0, 5.141243713367443)	(57.0, 4.946870445781334)	(58.0, 4.682299022767117)	(59.0, 4.334491703357051)	(60.0, 3.8993127783436132)	(61.0, 3.4097896719615224)	(62.0, 2.90648551129117)	(63.0, 2.4319401050029468)	(64.0, 1.9766549978716166)	(65.0, 1.5500716619888157)	(66.0, 1.2104927070706293)	(67.0, 0.9662743930865734)	(68.0, 0.7778387680216124)	(69.0, 0.6214580550445927)	(70.0, 0.5005221174588015)	(71.0, 0.408220837653077)	(72.0, 0.35432239101836405)	(73.0, 0.30684404410261545)	(74.0, 0.24624438095651027)	(75.0, 0.20173168957169146)	(76.0, 0.17460518539424527)	(77.0, 0.13884383703857084)	(78.0, 0.09536064093413034)	(79.0, 0.06627771583640805)	(80.0, 0.05110120792086831)	(81.0, 0.04025921703452276)	(82.0, 0.02906139813613995)	(83.0, 0.016991104147744046)	(84.0, 0.00863231159451268)	(85.0, 0.0048233056862987825)	(86.0, 0.002504725294696506)	(87.0, 0.0012321019776237111)	(88.0, 0.0007065908566434027)	(89.0, 0.00044826731765549205)	(90.0, 0.0003077089214414818)	(91.0, 0.00023553028554780092)	(92.0, 0.00019374265424093302)	(93.0, 0.0001519550229340651)	(94.0, 0.0001519550229340651)	(95.0, 0.00016335164965412)	(96.0, 0.00014435727178736184)	(97.0, 0.0001202977264894682)	(98.0, 0.00010890109976941332)	(99.0, 6.584717660476154e-05)	(100.0, 2.5325837155677515e-05)
fastp | SRR30333753_2	(0.0, 0.000949802109996785)	(1.0, 0.0005369547928515159)	(2.0, 8.864819693303326e-05)	(3.0, 4.812330690650378e-05)	(4.0, 4.938970971983282e-05)	(5.0, 4.685690409317473e-05)	(6.0, 3.9258487213200444e-05)	(7.0, 3.292647314655521e-05)	(8.0, 1.89960421999357e-05)	(9.0, 2.9127264706568074e-05)	(10.0, 5.0656112533161864e-05)	(11.0, 4.812330690650378e-05)	(12.0, 5.0656112533161864e-05)	(13.0, 6.458654347978138e-05)	(14.0, 0.00012537387851957563)	(15.0, 0.00020515725575930555)	(16.0, 0.0002672109936124288)	(17.0, 0.00046097062405177304)	(18.0, 0.0008472234821171322)	(19.0, 0.0013930430946619513)	(20.0, 0.002596125767324546)	(21.0, 0.004509660418264735)	(22.0, 0.007215963230348908)	(23.0, 0.010319916525818401)	(24.0, 0.01404187439419247)	(25.0, 0.019012505436508977)	(26.0, 0.025963790478872116)	(27.0, 0.036107677013637776)	(28.0, 0.04754582722362573)	(29.0, 0.062319682443922386)	(30.0, 0.08350153589966401)	(31.0, 0.11191454941951451)	(32.0, 0.14762330954695363)	(33.0, 0.19075825577175431)	(34.0, 0.24415866320140023)	(35.0, 0.3107676519740681)	(36.0, 0.4027730827652366)	(37.0, 0.5237512771197471)	(38.0, 0.6865878836632225)	(39.0, 0.8985596529610517)	(40.0, 1.1339054189844953)	(41.0, 1.4007402909613653)	(42.0, 1.7175664139943994)	(43.0, 2.051880293476694)	(44.0, 2.4038262993289696)	(45.0, 2.794688863634847)	(46.0, 3.1340708871760845)	(47.0, 3.420865533893834)	(48.0, 3.7178420592307484)	(49.0, 3.9984060041069194)	(50.0, 4.253557043728015)	(51.0, 4.5175956982930545)	(52.0, 4.770511536948625)	(53.0, 4.975283806252679)	(54.0, 5.093886228929384)	(55.0, 5.10489760139128)	(56.0, 5.010249187928694)	(57.0, 4.816276801816711)	(58.0, 4.550834972934503)	(59.0, 4.192032662250863)	(60.0, 3.768950277568269)	(61.0, 3.33449179641354)	(62.0, 2.8812322990921273)	(63.0, 2.3997142893940904)	(64.0, 1.9470031444908493)	(65.0, 1.5758356767378658)	(66.0, 1.2829027755839109)	(67.0, 1.0460474574069794)	(68.0, 0.8448958337462333)	(69.0, 0.6900641593858109)	(70.0, 0.5761334966874765)	(71.0, 0.4823082450535541)	(72.0, 0.41276120175396286)	(73.0, 0.3511342416489314)	(74.0, 0.2967371752051956)	(75.0, 0.25541065219782877)	(76.0, 0.2172146769450114)	(77.0, 0.18076760397740144)	(78.0, 0.1389408518587697)	(79.0, 0.09726733448055076)	(80.0, 0.06815020099648932)	(81.0, 0.05313952845010012)	(82.0, 0.0403159335623302)	(83.0, 0.023851430586239265)	(84.0, 0.012091614061665737)	(85.0, 0.007061462087122764)	(86.0, 0.005598766837727715)	(87.0, 0.0049237741382233335)	(88.0, 0.004908577304463385)	(89.0, 0.005306227787848706)	(90.0, 0.005735538341567253)	(91.0, 0.0061357216305792306)	(92.0, 0.006714467716270605)	(93.0, 0.00730587783009527)	(94.0, 0.007664269826267391)	(95.0, 0.008127773255945821)	(96.0, 0.009143428312235717)	(97.0, 0.01084040808209664)	(98.0, 0.012462670085971149)	(99.0, 0.012495596559117703)	(100.0, 0.013913967710046235)
fastp | SRR30333754_1	(0.0, 0.00016138065833242482)	(1.0, 0.00010288016968692081)	(2.0, 4.437968104141682e-05)	(3.0, 3.9336535468528544e-05)	(4.0, 3.7319277239373236e-05)	(5.0, 3.3284760781062614e-05)	(6.0, 2.6224356979019033e-05)	(7.0, 2.6224356979019033e-05)	(8.0, 2.5215727864441375e-05)	(9.0, 3.025887343732965e-05)	(10.0, 4.0345164583106205e-05)	(11.0, 4.437968104141682e-05)	(12.0, 6.152637598923696e-05)	(13.0, 9.985428234318785e-05)	(14.0, 0.00014322533427002702)	(15.0, 0.00023702784192574893)	(16.0, 0.00045287447244536714)	(17.0, 0.0008502743435889633)	(18.0, 0.001491762460460352)	(19.0, 0.002447942861079969)	(20.0, 0.004078896139352037)	(21.0, 0.006776979020847264)	(22.0, 0.010532105214419874)	(23.0, 0.016234894228241935)	(24.0, 0.023913587677521626)	(25.0, 0.0336781261357479)	(26.0, 0.045540613152295704)	(27.0, 0.061741213990642)	(28.0, 0.08133080865396922)	(29.0, 0.10420651697259044)	(30.0, 0.1355294941257995)	(31.0, 0.17116436074382804)	(32.0, 0.21230634232745063)	(33.0, 0.26701942864771555)	(34.0, 0.3407199580499048)	(35.0, 0.4247448150689109)	(36.0, 0.526733356618545)	(37.0, 0.6459119641679262)	(38.0, 0.7761522072168805)	(39.0, 0.9301406227685657)	(40.0, 1.1081656787497511)	(41.0, 1.3115396016385017)	(42.0, 1.5629736932077636)	(43.0, 1.876644235662925)	(44.0, 2.2355719664891853)	(45.0, 2.618913565033798)	(46.0, 2.965865842382678)	(47.0, 3.2950521265073878)	(48.0, 3.6440942833816723)	(49.0, 3.9613232693530636)	(50.0, 4.232410499219871)	(51.0, 4.510511735949451)	(52.0, 4.795985042877479)	(53.0, 4.9986206492543594)	(54.0, 5.098451733127912)	(55.0, 5.151935300557507)	(56.0, 5.094345604002466)	(57.0, 4.91296685621531)	(58.0, 4.66531613245483)	(59.0, 4.33591601895783)	(60.0, 3.9110693323483465)	(61.0, 3.4202633447910573)	(62.0, 2.9329603261486965)	(63.0, 2.4725342475224865)	(64.0, 2.0184776617548343)	(65.0, 1.5901552392165168)	(66.0, 1.244420377208932)	(67.0, 0.9946121957723695)	(68.0, 0.802497599689649)	(69.0, 0.642991982881224)	(70.0, 0.5230911968858052)	(71.0, 0.4295287429593527)	(72.0, 0.3665459065286656)	(73.0, 0.3148405522280713)	(74.0, 0.25869521256510614)	(75.0, 0.21486926890759242)	(76.0, 0.1830107096945426)	(77.0, 0.1458891237616266)	(78.0, 0.10298809300218062)	(79.0, 0.07175690109839811)	(80.0, 0.05315878885470074)	(81.0, 0.04066490001242732)	(82.0, 0.028559333379266305)	(83.0, 0.01575478676970297)	(84.0, 0.007783590877195765)	(85.0, 0.004385519390183644)	(86.0, 0.002195785582435555)	(87.0, 0.0010903280728584452)	(88.0, 0.0006646865865066747)	(89.0, 0.00042866737369550345)	(90.0, 0.00032679583312316025)	(91.0, 0.00029048518499836466)	(92.0, 0.00028443341031089876)	(93.0, 0.00028745929765463174)	(94.0, 0.00029351107234209763)	(95.0, 0.00029956284702956353)	(96.0, 0.00028745929765463174)	(97.0, 0.00024307961661321486)	(98.0, 0.00019869993557179803)	(99.0, 0.00010893194437438675)	(100.0, 3.9336535468528544e-05)
fastp | SRR30333754_2	(0.0, 0.0012830701496211099)	(1.0, 0.0007111355782098134)	(2.0, 0.00010893991836405651)	(3.0, 5.951347392110494e-05)	(4.0, 3.631330612135217e-05)	(5.0, 2.7234979591014127e-05)	(6.0, 2.4208870747568114e-05)	(7.0, 3.328719727790616e-05)	(8.0, 3.631330612135217e-05)	(9.0, 3.126979138227548e-05)	(10.0, 3.530460317353683e-05)	(11.0, 4.640033559950555e-05)	(12.0, 6.455698866018163e-05)	(13.0, 8.170493877304238e-05)	(14.0, 0.00012709657142473258)	(15.0, 0.0002037579954586983)	(16.0, 0.00031673272561401615)	(17.0, 0.0005295690476030525)	(18.0, 0.0009582678004245711)	(19.0, 0.0015705504897484813)	(20.0, 0.002933308172247003)	(21.0, 0.005050575659711398)	(22.0, 0.007974805505428064)	(23.0, 0.011592014276293866)	(24.0, 0.015575382217216636)	(25.0, 0.021116187509566287)	(26.0, 0.02945412607620787)	(27.0, 0.040572049967028526)	(28.0, 0.05275314676484655)	(29.0, 0.0684021642972537)	(30.0, 0.09141269594281719)	(31.0, 0.1223939982820175)	(32.0, 0.16057643096567148)	(33.0, 0.20470214141785342)	(34.0, 0.2586052095432095)	(35.0, 0.32862432466581115)	(36.0, 0.4222591932026656)	(37.0, 0.5444474160833287)	(38.0, 0.7045144520603535)	(39.0, 0.9060371617866929)	(40.0, 1.1301396869998788)	(41.0, 1.3909721126518644)	(42.0, 1.7039040455585124)	(43.0, 2.027925658673442)	(44.0, 2.3743677122094633)	(45.0, 2.762979601181853)	(46.0, 3.09596454869107)	(47.0, 3.3790822485691394)	(48.0, 3.681307808387676)	(49.0, 3.967073353503761)	(50.0, 4.2338369524889)	(51.0, 4.503796122412719)	(52.0, 4.736661250133578)	(53.0, 4.9254611895791225)	(54.0, 5.039056272047347)	(55.0, 5.054937291257751)	(56.0, 4.9819142587565555)	(57.0, 4.808565631065647)	(58.0, 4.54920187690568)	(59.0, 4.1963938990659955)	(60.0, 3.775767795935843)	(61.0, 3.3463367247742104)	(62.0, 2.8991938385518883)	(63.0, 2.4232333178134295)	(64.0, 1.9795432217814795)	(65.0, 1.6020220217203198)	(66.0, 1.302740865806457)	(67.0, 1.0663856258861582)	(68.0, 0.8675369876744771)	(69.0, 0.7094984533255091)	(70.0, 0.5885095782497983)	(71.0, 0.4946003425111382)	(72.0, 0.42613261252227647)	(73.0, 0.36312196548109577)	(74.0, 0.308648980190224)	(75.0, 0.26685034743865205)	(76.0, 0.22485300020636043)	(77.0, 0.18663122810774166)	(78.0, 0.14460765459880687)	(79.0, 0.10107102666814906)	(80.0, 0.06949559829268553)	(81.0, 0.0522306386378782)	(82.0, 0.038955099141680535)	(83.0, 0.023447300021967533)	(84.0, 0.012385863496224534)	(85.0, 0.007788195460082225)	(86.0, 0.006717961632450151)	(87.0, 0.0064990730927742225)	(88.0, 0.006837997283240177)	(89.0, 0.0074886106845810695)	(90.0, 0.008472096058701025)	(91.0, 0.009450537918081902)	(92.0, 0.010298857097194601)	(93.0, 0.0111865156912721)	(94.0, 0.011719110847718596)	(95.0, 0.012319289101668724)	(96.0, 0.013266461169667327)	(97.0, 0.014774472076651255)	(98.0, 0.016557858888388774)	(99.0, 0.01628147428068737)	(100.0, 0.01771786727837641)
fastp | SRR30333755_1	(0.0, 0.00021114617239942517)	(1.0, 0.00013610024365505116)	(2.0, 5.59664553347874e-05)	(3.0, 4.579073618300787e-05)	(4.0, 4.706270107698031e-05)	(5.0, 4.324680639506299e-05)	(6.0, 2.5439297879448814e-05)	(7.0, 2.1623403197531494e-05)	(8.0, 3.4343052137255904e-05)	(9.0, 3.4343052137255904e-05)	(10.0, 3.052715745533858e-05)	(11.0, 4.07028766071181e-05)	(12.0, 4.833466597095275e-05)	(13.0, 8.14057532142362e-05)	(14.0, 0.00016408347132244487)	(15.0, 0.00027474441709804723)	(16.0, 0.0004884345192854172)	(17.0, 0.0009043670396144054)	(18.0, 0.001521270013191039)	(19.0, 0.002491779227292011)	(20.0, 0.003999057626649353)	(21.0, 0.006763037341251467)	(22.0, 0.010795166055144105)	(23.0, 0.016554623095051315)	(24.0, 0.024378479157875797)	(25.0, 0.0341446256137962)	(26.0, 0.04577165670959828)	(27.0, 0.062426765031273417)	(28.0, 0.08329462108178529)	(29.0, 0.10729659863104524)	(30.0, 0.14001535159869832)	(31.0, 0.17750651684853602)	(32.0, 0.22169330530024464)	(33.0, 0.2781774503468788)	(34.0, 0.35615271424207134)	(35.0, 0.44747343380482274)	(36.0, 0.5532602101067227)	(37.0, 0.6772538919009441)	(38.0, 0.8143996906988407)	(39.0, 0.9767532897654829)	(40.0, 1.1616918974895)	(41.0, 1.368507029424949)	(42.0, 1.6229839579024394)	(43.0, 1.9398482204994898)	(44.0, 2.3104682634456037)	(45.0, 2.7043512723375795)	(46.0, 3.0556399928251006)	(47.0, 3.3844937965127353)	(48.0, 3.723580557772378)	(49.0, 4.029671277717482)	(50.0, 4.284511988154649)	(51.0, 4.549854040756452)	(52.0, 4.821344771655718)	(53.0, 5.006893922528842)	(54.0, 5.08715109144382)	(55.0, 5.113420982399034)	(56.0, 5.03606007754763)	(57.0, 4.839257853257531)	(58.0, 4.572503919623419)	(59.0, 4.220874312544313)	(60.0, 3.7928543098279053)	(61.0, 3.3147188902889835)	(62.0, 2.830760415465455)	(63.0, 2.3701959189718678)	(64.0, 1.9267253586883761)	(65.0, 1.5188621836467493)	(66.0, 1.191778955091524)	(67.0, 0.9602546331257665)	(68.0, 0.7807409556745419)	(69.0, 0.6272084331475984)	(70.0, 0.5097780902062748)	(71.0, 0.4210229238346659)	(72.0, 0.368906706233933)	(73.0, 0.3214522399696092)	(74.0, 0.26298255772348406)	(75.0, 0.22003975093808048)	(76.0, 0.19588768153133176)	(77.0, 0.15670225904272278)	(78.0, 0.10296174227238716)	(79.0, 0.07012342460470065)	(80.0, 0.05543604597400088)	(81.0, 0.04523361555944794)	(82.0, 0.03411282649144689)	(83.0, 0.019957129186427593)	(84.0, 0.009893342945317645)	(85.0, 0.00563353251540394)	(86.0, 0.00289244816889333)	(87.0, 0.0014958307153115902)	(88.0, 0.0008763838119470117)	(89.0, 0.0005202336416347283)	(90.0, 0.0003688698192520078)	(91.0, 0.0003027276447654409)	(92.0, 0.00028237620646188186)	(93.0, 0.00023022564580901176)	(94.0, 0.00017934705005011415)	(95.0, 0.00018952276920189366)	(96.0, 0.00017044329579230706)	(97.0, 0.0001246525596092992)	(98.0, 0.0001119329106695748)	(99.0, 7.631789363834644e-05)	(100.0, 3.4343052137255904e-05)
fastp | SRR30333755_2	(0.0, 0.001149942489518891)	(1.0, 0.000646206620216368)	(2.0, 9.28604001492025e-05)	(3.0, 4.070592883252712e-05)	(4.0, 4.070592883252712e-05)	(5.0, 4.325004938456006e-05)	(6.0, 3.0529446624395337e-05)	(7.0, 3.180150690041181e-05)	(8.0, 4.961035076464243e-05)	(9.0, 3.307356717642828e-05)	(10.0, 1.653678358821414e-05)	(11.0, 2.6713265796345925e-05)	(12.0, 5.9786832972774205e-05)	(13.0, 0.00010176482208131781)	(14.0, 0.0001386545700857955)	(15.0, 0.00022133848802686625)	(16.0, 0.00040705928832527124)	(17.0, 0.0006283977763521375)	(18.0, 0.0009769422919806508)	(19.0, 0.0015404649942559483)	(20.0, 0.002944819538978134)	(21.0, 0.0052892266276764925)	(22.0, 0.008432487569713197)	(23.0, 0.01203750639194388)	(24.0, 0.016387952535920215)	(25.0, 0.022060069306677664)	(26.0, 0.030730432148005943)	(27.0, 0.042699247285044935)	(28.0, 0.05545928391376617)	(29.0, 0.07225556779828766)	(30.0, 0.0966676765553198)	(31.0, 0.12927694173100207)	(32.0, 0.169041545959277)	(33.0, 0.21655808550959632)	(34.0, 0.2737003051685323)	(35.0, 0.34422459893116153)	(36.0, 0.4414100040188201)	(37.0, 0.5696209592385203)	(38.0, 0.7378318498375586)	(39.0, 0.9500267686004183)	(40.0, 1.1855690816692845)	(41.0, 1.4533657550968244)	(42.0, 1.7661132224979583)	(43.0, 2.090304144142136)	(44.0, 2.438390718071284)	(45.0, 2.8336580076378826)	(46.0, 3.178130658322867)	(47.0, 3.461097922602179)	(48.0, 3.7556612883576577)	(49.0, 4.035498012297693)	(50.0, 4.278072274572379)	(51.0, 4.5260960430695185)	(52.0, 4.7642346311617345)	(53.0, 4.952631846280878)	(54.0, 5.044488590872303)	(55.0, 5.033012063062083)	(56.0, 4.937401468596133)	(57.0, 4.745733786507351)	(58.0, 4.473104556091225)	(59.0, 4.107812094868677)	(60.0, 3.681682078885368)	(61.0, 3.2574181753269738)	(62.0, 2.810626084280328)	(63.0, 2.3358054171119353)	(64.0, 1.9007938762814782)	(65.0, 1.5406367223932105)	(66.0, 1.2570677736033424)	(67.0, 1.0295229034897917)	(68.0, 0.8355629687836281)	(69.0, 0.6869239975913793)	(70.0, 0.576942938187271)	(71.0, 0.48441963401121296)	(72.0, 0.4195089422466445)	(73.0, 0.35995489630438127)	(74.0, 0.30623324672765356)	(75.0, 0.2650999056423849)	(76.0, 0.22401108666677683)	(77.0, 0.18775355261947932)	(78.0, 0.14405701007803748)	(79.0, 0.09795118537382043)	(80.0, 0.06884390213801149)	(81.0, 0.05582690933353494)	(82.0, 0.043802123544351215)	(83.0, 0.026229882891459663)	(84.0, 0.0129966398400603)	(85.0, 0.007394486384483755)	(86.0, 0.006035926009698162)	(87.0, 0.0054482341621785516)	(88.0, 0.005238344216635834)	(89.0, 0.005345197279821218)	(90.0, 0.005880734656024153)	(91.0, 0.006646514942186069)	(92.0, 0.007241839151361779)	(93.0, 0.007856244264677735)	(94.0, 0.008239134407758694)	(95.0, 0.008465561136889625)	(96.0, 0.009115583937934043)	(97.0, 0.010207011654756175)	(98.0, 0.011543947004849488)	(99.0, 0.011236108418053503)	(100.0, 0.011125439174040068)
fastp | SRR30333756_1	(0.0, 0.00023784451034058738)	(1.0, 0.00015856300689372492)	(2.0, 5.9461127585146846e-05)	(3.0, 4.1727107077296034e-05)	(4.0, 5.8417949908214445e-05)	(5.0, 5.528841687741725e-05)	(6.0, 4.485664010809324e-05)	(7.0, 4.1727107077296034e-05)	(8.0, 2.503626424637762e-05)	(9.0, 2.712261960024242e-05)	(10.0, 3.964075172343123e-05)	(11.0, 5.007252849275524e-05)	(12.0, 7.093608203140326e-05)	(13.0, 0.0001387426310320093)	(14.0, 0.000226369555894331)	(15.0, 0.0003348600342953007)	(16.0, 0.0005925249204976037)	(17.0, 0.0011454090892717762)	(18.0, 0.0020550600235568297)	(19.0, 0.003490472507015813)	(20.0, 0.005874133498806349)	(21.0, 0.009934181017427253)	(22.0, 0.015465109060522843)	(23.0, 0.023495490817548464)	(24.0, 0.034646017006278895)	(25.0, 0.04864441825303478)	(26.0, 0.06551781717741637)	(27.0, 0.08818711127483438)	(28.0, 0.11618704330137693)	(29.0, 0.14876965486268356)	(30.0, 0.19016920414942282)	(31.0, 0.23866131846162547)	(32.0, 0.2947206436422958)	(33.0, 0.3671359516195892)	(34.0, 0.4665466115205392)	(35.0, 0.5760531449788411)	(36.0, 0.7047280682507758)	(37.0, 0.8475620421317139)	(38.0, 0.9926513661501801)	(39.0, 1.1563541094581509)	(40.0, 1.3376990736384025)	(41.0, 1.5323069988031728)	(42.0, 1.7626552343573239)	(43.0, 2.050842456208992)	(44.0, 2.376576772186488)	(45.0, 2.726230109118367)	(46.0, 3.0390457127447323)	(47.0, 3.3347177344283905)	(48.0, 3.6438989070283228)	(49.0, 3.9214185939556807)	(50.0, 4.161616513135427)	(51.0, 4.406315743991137)	(52.0, 4.665111434795236)	(53.0, 4.851728618954703)	(54.0, 4.941548303293937)	(55.0, 4.988606048300357)	(56.0, 4.9366057274606305)	(57.0, 4.759680707097542)	(58.0, 4.512809580318459)	(59.0, 4.194612223056799)	(60.0, 3.7814877835496454)	(61.0, 3.298150184141202)	(62.0, 2.8182143871372354)	(63.0, 2.365725637991037)	(64.0, 1.9244051490540772)	(65.0, 1.5094979188970457)	(66.0, 1.176059735775404)	(67.0, 0.9384165587264645)	(68.0, 0.7502366944069517)	(69.0, 0.594017707753294)	(70.0, 0.47645366991836624)	(71.0, 0.3842158997240034)	(72.0, 0.32522002938276834)	(73.0, 0.275102644249905)	(74.0, 0.21734606898886574)	(75.0, 0.17344080692213482)	(76.0, 0.1430144436190475)	(77.0, 0.10767367027993162)	(78.0, 0.0694985831925904)	(79.0, 0.04413371797797908)	(80.0, 0.03061100575190437)	(81.0, 0.022500299313754954)	(82.0, 0.015217875951089864)	(83.0, 0.007450374968651206)	(84.0, 0.002935501982887776)	(85.0, 0.001483398656597874)	(86.0, 0.0006811950230368577)	(87.0, 0.0003139964807566527)	(88.0, 0.00019194469255556177)	(89.0, 0.00015230394083213053)	(90.0, 0.00016064936224758974)	(91.0, 0.00016690842830918414)	(92.0, 0.00017942656043237295)	(93.0, 0.00020237646932488575)	(94.0, 0.00022324002286353378)	(95.0, 0.00021802413447887176)	(96.0, 0.00020341964700181815)	(97.0, 0.00021802413447887176)	(98.0, 0.00020133329164795336)	(99.0, 0.0001126631891086993)	(100.0, 4.068392940036363e-05)
fastp | SRR30333756_2	(0.0, 0.001750601487579352)	(1.0, 0.000975454344986111)	(2.0, 0.00015127366847378192)	(3.0, 7.094213418080807e-05)	(4.0, 4.4860467202569805e-05)	(5.0, 5.3206600635606056e-05)	(6.0, 4.381720052344028e-05)	(7.0, 4.277393384431075e-05)	(8.0, 5.737966735212418e-05)	(9.0, 5.112006727734699e-05)	(10.0, 4.590373388169934e-05)	(11.0, 5.946620071038323e-05)	(12.0, 9.389400112165773e-05)	(13.0, 0.00012519200149554364)	(14.0, 0.00015023040179465238)	(15.0, 0.00027229260325280745)	(16.0, 0.0005091141394152109)	(17.0, 0.0008147912764001633)	(18.0, 0.0013280784825318922)	(19.0, 0.0022117253597546045)	(20.0, 0.004311821184842349)	(21.0, 0.007684702358468121)	(22.0, 0.011895326675434907)	(23.0, 0.016915525935406205)	(24.0, 0.022917439140438395)	(25.0, 0.03070438163346121)	(26.0, 0.04255693437505181)	(27.0, 0.059213730174033884)	(28.0, 0.076684273982737)	(29.0, 0.09887872931453863)	(30.0, 0.13079851662918573)	(31.0, 0.1736538252744686)	(32.0, 0.2256398038954931)	(33.0, 0.28466052973388806)	(34.0, 0.3556923848491012)	(35.0, 0.4428781812239561)	(36.0, 0.5577501887295504)	(37.0, 0.7068256943104064)	(38.0, 0.8954128388299352)	(39.0, 1.1261177024526021)	(40.0, 1.3698999138981578)	(41.0, 1.6324025026340137)	(42.0, 1.9337229579669213)	(43.0, 2.237616108930562)	(44.0, 2.5511792987430546)	(45.0, 2.8989282510972636)	(46.0, 3.1909406811189776)	(47.0, 3.4288054839605104)	(48.0, 3.691168274961363)	(49.0, 3.9341847286644374)	(50.0, 4.160014407095533)	(51.0, 4.40049885256836)	(52.0, 4.612308070098632)	(53.0, 4.782817489602205)	(54.0, 4.87746890233291)	(55.0, 4.889450820142713)	(56.0, 4.8205284502526995)	(57.0, 4.650690894490487)	(58.0, 4.396524006520876)	(59.0, 4.049583585842993)	(60.0, 3.642342351111422)	(61.0, 3.227247404819364)	(62.0, 2.790836433739332)	(63.0, 2.324488925301678)	(64.0, 1.8913183405270224)	(65.0, 1.527418576713209)	(66.0, 1.2469707578296458)	(67.0, 1.022105057810067)	(68.0, 0.8246084158507722)	(69.0, 0.6720807408286765)	(70.0, 0.5533841176773934)	(71.0, 0.460008620095263)	(72.0, 0.39050828046501196)	(73.0, 0.3284954657908735)	(74.0, 0.2748819911504069)	(75.0, 0.22953849147540015)	(76.0, 0.18504525414388392)	(77.0, 0.1465987904846025)	(78.0, 0.1074376891501173)	(79.0, 0.06955980583096144)	(80.0, 0.043694095055302994)	(81.0, 0.030471733164015326)	(82.0, 0.021824095660710648)	(83.0, 0.012898949220757513)	(84.0, 0.007051439484236496)	(85.0, 0.004934651392282679)	(86.0, 0.00497638205944786)	(87.0, 0.005388472397704024)	(88.0, 0.006045730405555629)	(89.0, 0.006893906215687937)	(90.0, 0.00784432216037494)	(91.0, 0.008807257305211496)	(92.0, 0.009628308181686435)	(93.0, 0.010338772790173647)	(94.0, 0.011008549998174804)	(95.0, 0.01199861007666873)	(96.0, 0.013790942231413264)	(97.0, 0.01639910892923709)	(98.0, 0.0191303810951982)	(99.0, 0.0199076147711497)	(100.0, 0.023312837211828488)
fastp | SRR30333757_1	(0.0, 4.42452885349197e-05)	(1.0, 4.203302410817371e-05)	(2.0, 4.203302410817371e-05)	(3.0, 5.8625007308768596e-05)	(4.0, 7.30047260826175e-05)	(5.0, 9.070284149658537e-05)	(6.0, 0.00010176416363031531)	(7.0, 9.623350256345034e-05)	(8.0, 0.00010618869248380728)	(9.0, 0.00011171935355067225)	(10.0, 0.00012167454347102918)	(11.0, 0.0001758750219263058)	(12.0, 0.0002721085244897561)	(13.0, 0.0004103750511613802)	(14.0, 0.0006492996092499466)	(15.0, 0.001032021355077002)	(16.0, 0.0017200355917950032)	(17.0, 0.002940099423145414)	(18.0, 0.004681151526994504)	(19.0, 0.007354673086717027)	(20.0, 0.012406378905191483)	(21.0, 0.020121651093468106)	(22.0, 0.03046177502407884)	(23.0, 0.0459653241267147)	(24.0, 0.06871403922694366)	(25.0, 0.10333929590215846)	(26.0, 0.14855245012377952)	(27.0, 0.20617087711837867)	(28.0, 0.282238483299826)	(29.0, 0.3819098447824396)	(30.0, 0.49957244671556494)	(31.0, 0.6257777077325699)	(32.0, 0.7779748634994134)	(33.0, 0.9623383440311436)	(34.0, 1.1582642245892616)	(35.0, 1.3416653700953571)	(36.0, 1.5630544142053215)	(37.0, 1.8127781410930484)	(38.0, 2.009719451023043)	(39.0, 2.183197484442969)	(40.0, 2.342013735374637)	(41.0, 2.504423809867553)	(42.0, 2.677583277210028)	(43.0, 2.848772723080486)	(44.0, 3.034804250989983)	(45.0, 3.2479703082257325)	(46.0, 3.4382626574211415)	(47.0, 3.594911995346811)	(48.0, 3.7931331002476787)	(49.0, 3.9753075451291435)	(50.0, 4.090826462832752)	(51.0, 4.204260321314153)	(52.0, 4.310974426599311)	(53.0, 4.35945288311481)	(54.0, 4.330581726213562)	(55.0, 4.246958130882563)	(56.0, 4.092788741379275)	(57.0, 3.8399457216498365)	(58.0, 3.5446404985134357)	(59.0, 3.2100720063311465)	(60.0, 2.8229578094847874)	(61.0, 2.403134176956775)	(62.0, 1.9919284205031516)	(63.0, 1.6241228675734312)	(64.0, 1.2840978251825732)	(65.0, 0.9740600270962572)	(66.0, 0.732564817743812)	(67.0, 0.5631905348354992)	(68.0, 0.42862180815318107)	(69.0, 0.32086240792638415)	(70.0, 0.23981056999147812)	(71.0, 0.17566706907019167)	(72.0, 0.1369093024458154)	(73.0, 0.10844741446351493)	(74.0, 0.07598575239765772)	(75.0, 0.052275808404007626)	(76.0, 0.03973226910435789)	(77.0, 0.029650980111676436)	(78.0, 0.018953575476146227)	(79.0, 0.011274805650910913)	(80.0, 0.007552670752910793)	(81.0, 0.005780646947087259)	(82.0, 0.004427847250132088)	(83.0, 0.0026049413624933972)	(84.0, 0.0012632029876719574)	(85.0, 0.0007554883017337539)	(86.0, 0.0005032901570847117)	(87.0, 0.000294231168757216)	(88.0, 0.00017366275749955981)	(89.0, 0.00010397642805706128)	(90.0, 6.858019722912554e-05)	(91.0, 5.309434624190364e-05)	(92.0, 4.3139156321546705e-05)	(93.0, 3.5396230827935756e-05)	(94.0, 2.5441040907578827e-05)	(95.0, 1.6591983200594888e-05)	(96.0, 7.742925493610947e-06)	(97.0, 4.4245288534919696e-06)	(98.0, 4.4245288534919696e-06)	(99.0, 2.2122644267459848e-06)	(100.0, 0.0)
fastp | SRR30333757_2	(0.0, 0.00014157300460288124)	(1.0, 0.0001946628813289617)	(2.0, 0.00032849361224262293)	(3.0, 0.0005087779852916045)	(4.0, 0.000676895928257526)	(5.0, 0.000904739982540288)	(6.0, 0.0011093572157553897)	(7.0, 0.0011900980699429704)	(8.0, 0.0012785811978197712)	(9.0, 0.0013748065993857922)	(10.0, 0.0014323206325057127)	(11.0, 0.001471032000951813)	(12.0, 0.0016004385754716341)	(13.0, 0.0017497538537637354)	(14.0, 0.0018393430207389965)	(15.0, 0.002130231303633979)	(16.0, 0.0027064776739316437)	(17.0, 0.003635550516638052)	(18.0, 0.005076719461931445)	(19.0, 0.007532126260512667)	(20.0, 0.01247612103062891)	(21.0, 0.02032125635600576)	(22.0, 0.03159732496480556)	(23.0, 0.047142704493660995)	(24.0, 0.06959861630969458)	(25.0, 0.10106874677817725)	(26.0, 0.14634556331273618)	(27.0, 0.21041398413013074)	(28.0, 0.287946218893079)	(29.0, 0.3864533791192228)	(30.0, 0.509082146043681)	(31.0, 0.6574771998058636)	(32.0, 0.829097968596608)	(33.0, 1.0077343433888841)	(34.0, 1.182751758250999)	(35.0, 1.3663686271036408)	(36.0, 1.5876361729069595)	(37.0, 1.8145378818778337)	(38.0, 2.001561351153732)	(39.0, 2.1738822426938014)	(40.0, 2.3232683074882043)	(41.0, 2.4713381857554397)	(42.0, 2.6495719623158767)	(43.0, 2.8111344115452255)	(44.0, 2.9874635887781142)	(45.0, 3.2189907532587476)	(46.0, 3.414207760176038)	(47.0, 3.5543628226546935)	(48.0, 3.723884329236561)	(49.0, 3.879803766985567)	(50.0, 4.00254424385897)	(51.0, 4.122949872195523)	(52.0, 4.209032895228666)	(53.0, 4.257293805250869)	(54.0, 4.236730326332301)	(55.0, 4.157769089054143)	(56.0, 4.01697252389838)	(57.0, 3.7898108957393686)	(58.0, 3.5117084248225834)	(59.0, 3.1654816877143515)	(60.0, 2.778564878212874)	(61.0, 2.4148317542542164)	(62.0, 2.0556322845601467)	(63.0, 1.6791774988910022)	(64.0, 1.3373815544112009)	(65.0, 1.0536371780531715)	(66.0, 0.8278204934378867)	(67.0, 0.658019158964109)	(68.0, 0.5158367268179763)	(69.0, 0.4025429298845205)	(70.0, 0.31479974216458956)	(71.0, 0.24335514659956517)	(72.0, 0.1928412349337981)	(73.0, 0.14805660579805383)	(74.0, 0.11035505104884749)	(75.0, 0.08305468798155906)	(76.0, 0.061517894656345745)	(77.0, 0.0455024485106448)	(78.0, 0.0314081922789689)	(79.0, 0.02034890733346726)	(80.0, 0.01261216383973949)	(81.0, 0.008608302303314256)	(82.0, 0.006130774722763834)	(83.0, 0.0036587773377057126)	(84.0, 0.0020837776614986586)	(85.0, 0.001254248337653651)	(86.0, 0.0008107266591711871)	(87.0, 0.0005297927281623446)	(88.0, 0.0003705230979841033)	(89.0, 0.00027650977461500244)	(90.0, 0.00021788970239662193)	(91.0, 0.000225631976085842)	(92.0, 0.0002676614618273224)	(93.0, 0.00028314600920576247)	(94.0, 0.00029088828289498256)	(95.0, 0.00033512984683338297)	(96.0, 0.00037715933257486333)	(97.0, 0.0004136586228240436)	(98.0, 0.0004822330469285642)	(99.0, 0.0005320048063592647)	(100.0, 0.0008593923795034277)
fastp | SRR30333758_1	(0.0, 0.00013641624117200898)	(1.0, 0.0001252549123488446)	(2.0, 0.00011409358352568024)	(3.0, 0.00013641624117200898)	(4.0, 0.00015749875117131946)	(5.0, 0.00014013668411306377)	(6.0, 0.00015129801293622814)	(7.0, 0.0001860221470527395)	(8.0, 0.0001959433282288856)	(9.0, 0.00019222288528783084)	(10.0, 0.0001959433282288856)	(11.0, 0.00024306893881557965)	(12.0, 0.000301355878225438)	(13.0, 0.00042165019998620953)	(14.0, 0.0006659592864488075)	(15.0, 0.0010330429899662135)	(16.0, 0.0017783717258241898)	(17.0, 0.0029577521381385584)	(18.0, 0.0045563024551450995)	(19.0, 0.007169293547412581)	(20.0, 0.011809926042554923)	(21.0, 0.01900774298584892)	(22.0, 0.02844154613671685)	(23.0, 0.04218486236097325)	(24.0, 0.06228145498090421)	(25.0, 0.08864699395651249)	(26.0, 0.12059443749134997)	(27.0, 0.164121139606397)	(28.0, 0.22222205686920263)	(29.0, 0.3041300885118179)	(30.0, 0.4086224489542827)	(31.0, 0.52305831323054)	(32.0, 0.6656008837788192)	(33.0, 0.8447600537529597)	(34.0, 1.0484543047757093)	(35.0, 1.253559843820766)	(36.0, 1.4923155491200162)	(37.0, 1.7531198394356038)	(38.0, 1.9579761088036096)	(39.0, 2.1407193054776332)	(40.0, 2.306290177683394)	(41.0, 2.4695481745274668)	(42.0, 2.6530131371320542)	(43.0, 2.8250799027128974)	(44.0, 3.0140808844137745)	(45.0, 3.2433903850856862)	(46.0, 3.4390956049663446)	(47.0, 3.601123375344575)	(48.0, 3.8030243728697366)	(49.0, 3.9848684624996715)	(50.0, 4.112425088881381)	(51.0, 4.2355630691967665)	(52.0, 4.348554161464247)	(53.0, 4.407880344602307)	(54.0, 4.390006096565833)	(55.0, 4.323103851452139)	(56.0, 4.178833755231563)	(57.0, 3.930582239399094)	(58.0, 3.6382571163392425)	(59.0, 3.306325397876569)	(60.0, 2.9120179732118188)	(61.0, 2.483657334307593)	(62.0, 2.0665336732330006)	(63.0, 1.6904824620800052)	(64.0, 1.3439070802013404)	(65.0, 1.0202198632960446)	(66.0, 0.7679031434766498)	(67.0, 0.5931452575017772)	(68.0, 0.45217023357932906)	(69.0, 0.33613209854312415)	(70.0, 0.25037836904710525)	(71.0, 0.1839436595963369)	(72.0, 0.1455784519881799)	(73.0, 0.1156524491179822)	(74.0, 0.07860303816331157)	(75.0, 0.05284145109180118)	(76.0, 0.04130187723629625)	(77.0, 0.031524553187204256)	(78.0, 0.018599734409979914)	(79.0, 0.00984057157908992)	(80.0, 0.006540538690374321)	(81.0, 0.005395882412176464)	(82.0, 0.004380201489268506)	(83.0, 0.0025311413475642757)	(84.0, 0.0011657387881971676)	(85.0, 0.0007056440111533919)	(86.0, 0.0004414925623385018)	(87.0, 0.0002480295294036527)	(88.0, 0.00015873889881833772)	(89.0, 0.00011409358352568024)	(90.0, 9.425122117338801e-05)	(91.0, 7.688915411513232e-05)	(92.0, 5.580664411582186e-05)	(93.0, 4.340516764563922e-05)	(94.0, 2.9763543528438324e-05)	(95.0, 2.7283248234401794e-05)	(96.0, 1.9842362352292215e-05)	(97.0, 3.7204429410547905e-06)	(98.0, 1.2401476470182634e-06)	(99.0, 1.2401476470182634e-06)	(100.0, 1.2401476470182634e-06)
fastp | SRR30333758_2	(0.0, 0.00030009119424180054)	(1.0, 0.0004439365600767132)	(2.0, 0.0009089539065257844)	(3.0, 0.001550057821496904)	(4.0, 0.0021093186834929864)	(5.0, 0.0026189776952011685)	(6.0, 0.0029327093982721418)	(7.0, 0.003195599204798017)	(8.0, 0.003525451509212558)	(9.0, 0.0036804572913622484)	(10.0, 0.0037548600667941)	(11.0, 0.0038639841374274817)	(12.0, 0.004023950104605962)	(13.0, 0.004069831816122271)	(14.0, 0.003973108208060864)	(15.0, 0.004011549642033987)	(16.0, 0.0044232449994235645)	(17.0, 0.005061868821880288)	(18.0, 0.006035305133780344)	(19.0, 0.00809998215201422)	(20.0, 0.012123932256620182)	(21.0, 0.018381205670438886)	(22.0, 0.027184294050284098)	(23.0, 0.03910485872072388)	(24.0, 0.05553671167484826)	(25.0, 0.07720279988060338)	(26.0, 0.1088797815207141)	(27.0, 0.1556344856020895)	(28.0, 0.2145664439291446)	(29.0, 0.2968311126316283)	(30.0, 0.4083918741604034)	(31.0, 0.5493851336037618)	(32.0, 0.7222029401918374)	(33.0, 0.9128278110332695)	(34.0, 1.1030075052683674)	(35.0, 1.303115009838589)	(36.0, 1.5430825613001675)	(37.0, 1.7820580757559883)	(38.0, 1.974984472450779)	(39.0, 2.153474250619276)	(40.0, 2.3051021467643604)	(41.0, 2.4525597673464894)	(42.0, 2.633081981330533)	(43.0, 2.7943028753212977)	(44.0, 2.970999546601887)	(45.0, 3.2125283163012774)	(46.0, 3.412604819715069)	(47.0, 3.553068579406604)	(48.0, 3.7238452698553326)	(49.0, 3.878223588598881)	(50.0, 4.004315212169496)	(51.0, 4.138942074128403)	(52.0, 4.2385512698303085)	(53.0, 4.292483361648343)	(54.0, 4.289054633747192)	(55.0, 4.221701521287509)	(56.0, 4.07825669039367)	(57.0, 3.8557217092157745)	(58.0, 3.580750132006024)	(59.0, 3.2338608320638467)	(60.0, 2.842500993246051)	(61.0, 2.4772590086973496)	(62.0, 2.119818155152678)	(63.0, 1.7419735804920784)	(64.0, 1.3980219501332014)	(65.0, 1.1074902724881366)	(66.0, 0.8760120777033321)	(67.0, 0.6998486263133377)	(68.0, 0.5483794560891746)	(69.0, 0.4293945376185579)	(70.0, 0.33829205924102745)	(71.0, 0.2635333905333604)	(72.0, 0.20815912491820499)	(73.0, 0.1573903911022812)	(74.0, 0.11520525747867867)	(75.0, 0.0855520313303143)	(76.0, 0.06261737580344612)	(77.0, 0.045353451810742205)	(78.0, 0.029851633549515973)	(79.0, 0.018185278361801675)	(80.0, 0.01084792465796393)	(81.0, 0.00743407731189915)	(82.0, 0.0054066016813812)	(83.0, 0.0031261566143949556)	(84.0, 0.0016777825859882487)	(85.0, 0.0009821166357004381)	(86.0, 0.0006522643312858971)	(87.0, 0.00046625739270626863)	(88.0, 0.0003546532295584916)	(89.0, 0.00030505137927059066)	(90.0, 0.00028893077792702283)	(91.0, 0.00031373170307097333)	(92.0, 0.00037945415470244204)	(93.0, 0.0004724576239922562)	(94.0, 0.0005704212783108606)	(95.0, 0.0006287034523991441)	(96.0, 0.0006572245163146872)	(97.0, 0.0007527080781188965)	(98.0, 0.0008382712698655255)	(99.0, 0.0009585557568136852)	(100.0, 0.0015351772664105334)
fastp | SRR30333759_1	(0.0, 8.40706102049227e-05)	(1.0, 6.305295765369202e-05)	(2.0, 4.787354192224765e-05)	(3.0, 4.787354192224765e-05)	(4.0, 4.4370599830375864e-05)	(5.0, 4.904118928620491e-05)	(6.0, 4.904118928620491e-05)	(7.0, 4.787354192224765e-05)	(8.0, 6.305295765369202e-05)	(9.0, 7.356178392930736e-05)	(10.0, 0.00012026767848759775)	(11.0, 0.00019266181505294785)	(12.0, 0.000269726541074127)	(13.0, 0.00039933539847338283)	(14.0, 0.0006352001659927492)	(15.0, 0.0010520502749254911)	(16.0, 0.0018413798929605985)	(17.0, 0.003017200788465559)	(18.0, 0.004721965939843158)	(19.0, 0.007502134313425393)	(20.0, 0.012607088588646533)	(21.0, 0.02104100549850982)	(22.0, 0.03222706724522037)	(23.0, 0.04790156545898262)	(24.0, 0.07137945100607124)	(25.0, 0.10606675124714955)	(26.0, 0.15075378351315785)	(27.0, 0.20878118691237785)	(28.0, 0.28629662481604445)	(29.0, 0.39354737049024663)	(30.0, 0.5242923487746329)	(31.0, 0.662091084784685)	(32.0, 0.8377624630446907)	(33.0, 1.05382042832925)	(34.0, 1.2829116734903006)	(35.0, 1.4965514410841045)	(36.0, 1.7498947219945473)	(37.0, 2.0401216478376716)	(38.0, 2.2460619487135416)	(39.0, 2.408566935297565)	(40.0, 2.5553297001207174)	(41.0, 2.7085588960454645)	(42.0, 2.8705688001471703)	(43.0, 3.0221621221150134)	(44.0, 3.1959909528346944)	(45.0, 3.3909705479050976)	(46.0, 3.548246809593321)	(47.0, 3.6751362162819197)	(48.0, 3.841140642015724)	(49.0, 3.9809617432601496)	(50.0, 4.060028984510516)	(51.0, 4.136303213266296)	(52.0, 4.205162881260947)	(53.0, 4.220622532359741)	(54.0, 4.1656193356331706)	(55.0, 4.056771248365075)	(56.0, 3.884531585707739)	(57.0, 3.6272183037598418)	(58.0, 3.332693267969991)	(59.0, 3.0019524815396412)	(60.0, 2.6242197269468317)	(61.0, 2.225013937330848)	(62.0, 1.836858762367356)	(63.0, 1.4940141433622254)	(64.0, 1.179247940518175)	(65.0, 0.8880285144156869)	(66.0, 0.663101099754508)	(67.0, 0.5089763183016055)	(68.0, 0.38507608886473677)	(69.0, 0.28415632719791084)	(70.0, 0.21016017844921134)	(71.0, 0.15139248662124244)	(72.0, 0.1180398073171673)	(73.0, 0.09428168640272894)	(74.0, 0.06452185803755026)	(75.0, 0.04306400243010769)	(76.0, 0.03236718492889524)	(77.0, 0.023978806266226286)	(78.0, 0.014698345017493985)	(79.0, 0.008213231558075365)	(80.0, 0.005386357289934839)	(81.0, 0.004250236404804425)	(82.0, 0.003274083208536156)	(83.0, 0.001995509345002957)	(84.0, 0.0010508826275615337)	(85.0, 0.0006071766292577751)	(86.0, 0.0003654736249186223)	(87.0, 0.00022769123597166563)	(88.0, 0.00014128533103882843)	(89.0, 0.00010041767330032433)	(90.0, 7.940002074909365e-05)	(91.0, 5.0208836650162166e-05)	(92.0, 3.269412619080327e-05)	(93.0, 2.3352947279145193e-05)	(94.0, 1.5179415731444375e-05)	(95.0, 8.173531547700818e-06)	(96.0, 4.670589455829039e-06)	(97.0, 2.3352947279145194e-06)	(98.0, 1.1676473639572597e-06)	(99.0, 2.3352947279145194e-06)	(100.0, 2.3352947279145194e-06)
fastp | SRR30333759_2	(0.0, 0.000135436177697776)	(1.0, 0.00015761968956206688)	(2.0, 0.00021950001213087833)	(3.0, 0.000353768636572639)	(4.0, 0.0005277340717189203)	(5.0, 0.0006561649298806044)	(6.0, 0.0006993644003531709)	(7.0, 0.0007589096164099517)	(8.0, 0.0008476436638671153)	(9.0, 0.0008523138768911765)	(10.0, 0.0008931782408517123)	(11.0, 0.0009714043090047382)	(12.0, 0.0010157713327333198)	(13.0, 0.0011091755932145448)	(14.0, 0.0013041569869691016)	(15.0, 0.0016264016856293274)	(16.0, 0.0022790639557418854)	(17.0, 0.0033403698654598025)	(18.0, 0.004901388568752272)	(19.0, 0.007437314240817526)	(20.0, 0.012485814519827727)	(21.0, 0.020209179308369005)	(22.0, 0.031165499062816675)	(23.0, 0.046964829723215855)	(24.0, 0.06885178306047887)	(25.0, 0.09908090441197127)	(26.0, 0.14359854251057902)	(27.0, 0.20785833861514968)	(28.0, 0.28668569669502336)	(29.0, 0.3920398647515649)	(30.0, 0.5269798323155344)	(31.0, 0.6972849880042076)	(32.0, 0.9019745870825318)	(33.0, 1.1154616999449312)	(34.0, 1.319524322924775)	(35.0, 1.5305899303341988)	(36.0, 1.7849565853494624)	(37.0, 2.0366834024528755)	(38.0, 2.2281306125014737)	(39.0, 2.3953370818486825)	(40.0, 2.5366542252970072)	(41.0, 2.6696432113701754)	(42.0, 2.8313995421183047)	(43.0, 2.974567257477414)	(44.0, 3.1304426224749937)	(45.0, 3.3525661267721385)	(46.0, 3.523341806422986)	(47.0, 3.6234198013155945)	(48.0, 3.759463106706498)	(49.0, 3.884727560437869)	(50.0, 3.9714931131053905)	(51.0, 4.053941053832168)	(52.0, 4.111131314971566)	(53.0, 4.129359156404477)	(54.0, 4.082477222962438)	(55.0, 3.9800722944305913)	(56.0, 3.819518543536158)	(57.0, 3.58177551178004)	(58.0, 3.3049089379681056)	(59.0, 2.968111855524905)	(60.0, 2.5965929068010656)	(61.0, 2.2504016908599658)	(62.0, 1.9104241933473796)	(63.0, 1.5581943919661687)	(64.0, 1.2395329142486542)	(65.0, 0.9749233145183682)	(66.0, 0.7611022814247483)	(67.0, 0.6022263045592091)	(68.0, 0.47018770683643757)	(69.0, 0.36314992698472204)	(70.0, 0.2822676751742614)	(71.0, 0.2167212353815619)	(72.0, 0.16873246145282061)	(73.0, 0.1264600282655303)	(74.0, 0.09235463010406705)	(75.0, 0.0684209559090092)	(76.0, 0.04970390966182777)	(77.0, 0.03582403655431777)	(78.0, 0.02386011833992888)	(79.0, 0.01497270295514034)	(80.0, 0.008949295707357353)	(81.0, 0.006191534916649191)	(82.0, 0.004491577375890899)	(83.0, 0.0026701942965070146)	(84.0, 0.0015493431707323169)	(85.0, 0.0009492207971404474)	(86.0, 0.0006339814180163134)	(87.0, 0.0004425026840298026)	(88.0, 0.000286050547723751)	(89.0, 0.00020432181980267928)	(90.0, 0.00017396543514628125)	(91.0, 0.00015411702979402096)	(92.0, 0.00017746809491432715)	(93.0, 0.0001938138404985415)	(94.0, 0.0001949813937545568)	(95.0, 0.00019848405352260276)	(96.0, 0.00021599735236283238)	(97.0, 0.00023584575771509264)	(98.0, 0.00025686171632336824)	(99.0, 0.0003070665063320266)	(100.0, 0.0005055505598546294)
fastp | SRR30333760_1	(0.0, 3.671720389973912e-05)	(1.0, 3.1821576713107234e-05)	(2.0, 3.1821576713107234e-05)	(3.0, 3.426939030642318e-05)	(4.0, 5.01801786629768e-05)	(5.0, 6.486706022287245e-05)	(6.0, 6.24192466295565e-05)	(7.0, 7.09865942061623e-05)	(8.0, 7.955394178276809e-05)	(9.0, 0.00010280817091926954)	(10.0, 0.00014931662919227243)	(11.0, 0.0002117358758218289)	(12.0, 0.00030720060596115066)	(13.0, 0.0004969061594431362)	(14.0, 0.0007367918915880984)	(15.0, 0.0011516962956551505)	(16.0, 0.0019888485445692023)	(17.0, 0.003086692941171402)	(18.0, 0.004577411419500811)	(19.0, 0.007261439024571741)	(20.0, 0.012049362413097722)	(21.0, 0.019811379317502573)	(22.0, 0.029206087888649153)	(23.0, 0.04279022942475597)	(24.0, 0.0636076601291114)	(25.0, 0.09355421162973862)	(26.0, 0.1317609101010105)	(27.0, 0.1815004823171904)	(28.0, 0.24954602849098362)	(29.0, 0.3431112552818922)	(30.0, 0.459387296591586)	(31.0, 0.5872598547996142)	(32.0, 0.7420485712797443)	(33.0, 0.9301165374678014)	(34.0, 1.1346925585291812)	(35.0, 1.3330621482247085)	(36.0, 1.5686115785891117)	(37.0, 1.8241106897390396)	(38.0, 2.025205919870724)	(39.0, 2.20269443570847)	(40.0, 2.3574207329419705)	(41.0, 2.520778020905503)	(42.0, 2.6958052601751694)	(43.0, 2.865696986526059)	(44.0, 3.0497713448366213)	(45.0, 3.2613150672913744)	(46.0, 3.453595720673529)	(47.0, 3.614109873148425)	(48.0, 3.8097807483573214)	(49.0, 3.983570617855566)	(50.0, 4.1034559603086045)	(51.0, 4.216180224094397)	(52.0, 4.318918632326257)	(53.0, 4.365550705185722)	(54.0, 4.340843698681588)	(55.0, 4.266098486702889)	(56.0, 4.10606900131947)	(57.0, 3.8514168336728285)	(58.0, 3.56176460336216)	(59.0, 3.2265536664526953)	(60.0, 2.836364836237354)	(61.0, 2.4150716386917472)	(62.0, 2.0039601217875385)	(63.0, 1.6383901767869726)	(64.0, 1.2962298970860835)	(65.0, 0.9791707218778528)	(66.0, 0.7304373674998502)	(67.0, 0.5556928507002118)	(68.0, 0.41853695943953295)	(69.0, 0.31230552121001104)	(70.0, 0.23392041041805134)	(71.0, 0.16990029369846618)	(72.0, 0.1291515408105357)	(73.0, 0.09966273045185856)	(74.0, 0.06888269842270725)	(75.0, 0.04690622798191672)	(76.0, 0.03480546148335937)	(77.0, 0.024558913781738842)	(78.0, 0.015450599401010222)	(79.0, 0.00934208057889029)	(80.0, 0.005902902480281393)	(81.0, 0.004350988662119086)	(82.0, 0.003232337849973701)	(83.0, 0.0018701295852933792)	(84.0, 0.0009448560470199535)	(85.0, 0.0005666688468526404)	(86.0, 0.0003524851574374956)	(87.0, 0.00021051196902517098)	(88.0, 0.00012361458646245504)	(89.0, 9.056910295268984e-05)	(90.0, 7.09865942061623e-05)	(91.0, 4.283673788302897e-05)	(92.0, 3.304548350976521e-05)	(93.0, 2.9373763119791298e-05)	(94.0, 3.1821576713107234e-05)	(95.0, 2.6925949526475358e-05)	(96.0, 1.1015161169921737e-05)	(97.0, 3.6717203899739122e-06)	(98.0, 2.4478135933159413e-06)	(99.0, 2.4478135933159413e-06)	(100.0, 2.4478135933159413e-06)
fastp | SRR30333760_2	(0.0, 0.0001590955092318657)	(1.0, 0.00017010981371714872)	(2.0, 0.0002716861773036476)	(3.0, 0.0004234388168786579)	(4.0, 0.0005580580939210059)	(5.0, 0.0007024678638391609)	(6.0, 0.0008003727925972321)	(7.0, 0.0008615633730710266)	(8.0, 0.0009276491999827247)	(9.0, 0.0009594683018290978)	(10.0, 0.001034120810007127)	(11.0, 0.0011736353334873787)	(12.0, 0.0012960164944349675)	(13.0, 0.0013755642490509005)	(14.0, 0.0014954977867795377)	(15.0, 0.0018614174580128288)	(16.0, 0.002513709045863478)	(17.0, 0.003473177347692576)	(18.0, 0.004987032308614252)	(19.0, 0.007668403544975927)	(20.0, 0.012601588142773238)	(21.0, 0.019523466605968872)	(22.0, 0.029186683074390502)	(23.0, 0.042922744579147895)	(24.0, 0.06144390947695601)	(25.0, 0.08726878206011625)	(26.0, 0.1257625524245709)	(27.0, 0.18231611071006124)	(28.0, 0.25170255753251575)	(29.0, 0.34388739082789666)	(30.0, 0.46601767039554315)	(31.0, 0.6161365214719032)	(32.0, 0.7936650811656948)	(33.0, 0.983516199955299)	(34.0, 1.1713100914293744)	(35.0, 1.3687745422415283)	(36.0, 1.6016438629158196)	(37.0, 1.834986798682978)	(38.0, 2.0264325439997295)	(39.0, 2.2021608768159817)	(40.0, 2.3506398203356444)	(41.0, 2.4963211305160447)	(42.0, 2.6738888521813395)	(43.0, 2.8360292046975815)	(44.0, 3.014059527151258)	(45.0, 3.2468578667521992)	(46.0, 3.4381065783998257)	(47.0, 3.5740671529661587)	(48.0, 3.742988645610507)	(49.0, 3.8996720221600953)	(50.0, 4.019507654959974)	(51.0, 4.137913875799986)	(52.0, 4.226090726074333)	(53.0, 4.271524732076125)	(54.0, 4.250164324244333)	(55.0, 4.168257060845331)	(56.0, 4.018461296033872)	(57.0, 3.7857743232893935)	(58.0, 3.5076570159779497)	(59.0, 3.1683430091346643)	(60.0, 2.78559592827108)	(61.0, 2.4138558090231212)	(62.0, 2.0530382083897356)	(63.0, 1.683664940794503)	(64.0, 1.3424344449707786)	(65.0, 1.057476030762365)	(66.0, 0.8263310606458253)	(67.0, 0.6500703697794508)	(68.0, 0.5061023958523164)	(69.0, 0.3932645178354204)	(70.0, 0.30663211781223165)	(71.0, 0.2348800431486602)	(72.0, 0.18288640692007702)	(73.0, 0.13892342247287462)	(74.0, 0.10220540275376949)	(75.0, 0.0751089899083638)	(76.0, 0.05493690314937271)	(77.0, 0.039290471722223455)	(78.0, 0.02624586377681994)	(79.0, 0.01645414708940334)	(80.0, 0.009848012021452487)	(81.0, 0.006421339514919995)	(82.0, 0.004586845912315636)	(83.0, 0.0027560237445397044)	(84.0, 0.0014612310617142126)	(85.0, 0.0008432061989288883)	(86.0, 0.0005837581377199996)	(87.0, 0.0004320054981449892)	(88.0, 0.0002704623656941717)	(89.0, 0.00016031932084134158)	(90.0, 0.0001346192770423479)	(91.0, 0.00014318595830867915)	(92.0, 0.0001578716976223898)	(93.0, 0.00016888600210767282)	(94.0, 0.00020315272717299774)	(95.0, 0.00022762895936251555)	(96.0, 0.0002545528147709851)	(97.0, 0.00029371478627421364)	(98.0, 0.00033532438099639385)	(99.0, 0.00039284352664176067)	(100.0, 0.0006302629788800834)
fastp | SRR30333761_1	(0.0, 7.641981022143142e-05)	(1.0, 6.567327440904263e-05)	(2.0, 5.8508917200783425e-05)	(3.0, 5.492673859665383e-05)	(4.0, 5.015050045781436e-05)	(5.0, 6.806139347846236e-05)	(6.0, 8.716634603382021e-05)	(7.0, 8.597228649911035e-05)	(8.0, 7.761386975614128e-05)	(9.0, 9.194258417265966e-05)	(10.0, 0.00012537625114453593)	(11.0, 0.000160003977651122)	(12.0, 0.00024358814508081264)	(13.0, 0.00036538221762121893)	(14.0, 0.000569566398056606)	(15.0, 0.0009110674249836277)	(16.0, 0.0015713823476781834)	(17.0, 0.0026329012740352545)	(18.0, 0.004039503405923476)	(19.0, 0.006261648200018537)	(20.0, 0.010271300117574267)	(21.0, 0.0168469859752215)	(22.0, 0.025145699741455065)	(23.0, 0.03755078424755586)	(24.0, 0.05491002176316789)	(25.0, 0.0788986778154891)	(26.0, 0.11048513468716918)	(27.0, 0.15240856495083258)	(28.0, 0.2106404603395633)	(29.0, 0.29311415240197375)	(30.0, 0.39951918565903927)	(31.0, 0.5209442938032203)	(32.0, 0.6787535900295455)	(33.0, 0.8784648234479095)	(34.0, 1.098030878809429)	(35.0, 1.3115382760918308)	(36.0, 1.566449687740297)	(37.0, 1.8435503077222768)	(38.0, 2.0543209205511235)	(39.0, 2.235760654969357)	(40.0, 2.3945813196215813)	(41.0, 2.5522473287037415)	(42.0, 2.7213380994140057)	(43.0, 2.8892813789114133)	(44.0, 3.0717647213629835)	(45.0, 3.2821723400932785)	(46.0, 3.4708564337085965)	(47.0, 3.623969493784908)	(48.0, 3.808455274076187)	(49.0, 3.9728402561601595)	(50.0, 4.0814208658894655)	(51.0, 4.19274900660814)	(52.0, 4.289852316089816)	(53.0, 4.3356540517222175)	(54.0, 4.312385413569326)	(55.0, 4.2320634167884625)	(56.0, 4.078575422018252)	(57.0, 3.8256652541499596)	(58.0, 3.5382013914662327)	(59.0, 3.2121849285853292)	(60.0, 2.8294255625554774)	(61.0, 2.4146833118884223)	(62.0, 2.008583664133597)	(63.0, 1.6486439698715856)	(64.0, 1.3157461418921483)	(65.0, 1.0057611223242588)	(66.0, 0.761281014771018)	(67.0, 0.5908923013465242)	(68.0, 0.4571241997920474)	(69.0, 0.34933405747471835)	(70.0, 0.26896668643153615)	(71.0, 0.2042116438046854)	(72.0, 0.16621666941021745)	(73.0, 0.13780044060319208)	(74.0, 0.0999093493882439)	(75.0, 0.07064653237110921)	(76.0, 0.057252766570268655)	(77.0, 0.04498380485112478)	(78.0, 0.028633547642342584)	(79.0, 0.017137142442155997)	(80.0, 0.011944177525702789)	(81.0, 0.010038458508305842)	(82.0, 0.008117216716957669)	(83.0, 0.004882509437428641)	(84.0, 0.0025230477968419466)	(85.0, 0.001459140751415456)	(86.0, 0.0008561406863869739)	(87.0, 0.0005218040166682114)	(88.0, 0.00031403765762869475)	(89.0, 0.0001994079422965476)	(90.0, 0.00013373466788750498)	(91.0, 8.119604836027088e-05)	(92.0, 6.089703627020316e-05)	(93.0, 5.015050045781436e-05)	(94.0, 5.015050045781436e-05)	(95.0, 4.059802418013544e-05)	(96.0, 2.029901209006772e-05)	(97.0, 9.552476277678928e-06)	(98.0, 1.194059534709866e-06)	(99.0, 1.194059534709866e-06)	(100.0, 1.194059534709866e-06)
fastp | SRR30333761_2	(0.0, 0.00016237617085755582)	(1.0, 0.00018028530734919804)	(2.0, 0.00032475234171511165)	(3.0, 0.0006017469861191775)	(4.0, 0.0008536688394349442)	(5.0, 0.0010482814559774562)	(6.0, 0.001171257526553399)	(7.0, 0.0012667729211754907)	(8.0, 0.0013360215822765073)	(9.0, 0.001365870143095911)	(10.0, 0.0014064641858103)	(11.0, 0.0013933308190497624)	(12.0, 0.001392136876616986)	(13.0, 0.001449446113390241)	(14.0, 0.0015688403566678556)	(15.0, 0.0017276347002270832)	(16.0, 0.0021419327244004056)	(17.0, 0.0030314198368186344)	(18.0, 0.004152531781195435)	(19.0, 0.006166712665288793)	(20.0, 0.01007090442046679)	(21.0, 0.015695567221275214)	(22.0, 0.02375109681521587)	(23.0, 0.034576572853197186)	(24.0, 0.04903163388681798)	(25.0, 0.0690719576209656)	(26.0, 0.09978254487683362)	(27.0, 0.14509385414312112)	(28.0, 0.20160553737128165)	(29.0, 0.2819101053998052)	(30.0, 0.39429471265459104)	(31.0, 0.5443326824118382)	(32.0, 0.7272363055161144)	(33.0, 0.9243514253977249)	(34.0, 1.128141877420987)	(35.0, 1.3481818859543324)	(36.0, 1.6080064442326445)	(37.0, 1.8630767237436416)	(38.0, 2.059730981846201)	(39.0, 2.2318246501641217)	(40.0, 2.3802436339825244)	(41.0, 2.5218702793008636)	(42.0, 2.694532264216786)	(43.0, 2.849243324655919)	(44.0, 3.0143512357996665)	(45.0, 3.247657138703588)	(46.0, 3.437756652850206)	(47.0, 3.5697469887936086)	(48.0, 3.7396879789052337)	(49.0, 3.8922571066199665)	(50.0, 4.004942587367812)	(51.0, 4.11683767822516)	(52.0, 4.207777885444853)	(53.0, 4.257921079736586)	(54.0, 4.231989844039121)	(55.0, 4.147229482851476)	(56.0, 4.0039862394791585)	(57.0, 3.7742251516581495)	(58.0, 3.502430126548824)	(59.0, 3.1664762169294063)	(60.0, 2.781470376401814)	(61.0, 2.417369273929699)	(62.0, 2.0625642072391788)	(63.0, 1.6970196283658372)	(64.0, 1.3615301623527696)	(65.0, 1.0830383141380024)	(66.0, 0.8574667703136052)	(67.0, 0.6867425539660785)	(68.0, 0.5435315470394454)	(69.0, 0.4296891360742399)	(70.0, 0.3448022169887215)	(71.0, 0.27190009204341004)	(72.0, 0.221290066260462)	(73.0, 0.17492569976846592)	(74.0, 0.13389228623881533)	(75.0, 0.10441026574627395)	(76.0, 0.08059111421238985)	(77.0, 0.06261511694451219)	(78.0, 0.04394305123832605)	(79.0, 0.028045707745911665)	(80.0, 0.017672735889952513)	(81.0, 0.013065312041869365)	(82.0, 0.009988522392605236)	(83.0, 0.00605925784633894)	(84.0, 0.003261850726344431)	(85.0, 0.0017956894188953234)	(86.0, 0.0011760332962845038)	(87.0, 0.0007927777753633608)	(88.0, 0.0005277225552870565)	(89.0, 0.00039161311795057587)	(90.0, 0.0003128129173873502)	(91.0, 0.00024953396845021447)	(92.0, 0.000269830989807409)	(93.0, 0.0003259462841478878)	(94.0, 0.0003653463844295006)	(95.0, 0.00040474648471111347)	(96.0, 0.0004357889879632932)	(97.0, 0.00042862533336663635)	(98.0, 0.00048115880040878675)	(99.0, 0.0005671226555686693)	(100.0, 0.0009181417308048562)
fastp | SRR30333762_1	(0.0, 4.4557711246623765e-05)	(1.0, 3.589371183755803e-05)	(2.0, 2.8467426629787406e-05)	(3.0, 2.9705140831082508e-05)	(4.0, 3.218056923367272e-05)	(5.0, 3.7131426038853136e-05)	(6.0, 4.2082282844033555e-05)	(7.0, 5.322171065568949e-05)	(8.0, 6.312342426605032e-05)	(9.0, 7.673828048029648e-05)	(10.0, 0.00011015656391526432)	(11.0, 0.0001930834154020363)	(12.0, 0.00029581369410952997)	(13.0, 0.00039978168701831874)	(14.0, 0.0006287588142579131)	(15.0, 0.0010495816426982485)	(16.0, 0.0017922101634753112)	(17.0, 0.002886349517420184)	(18.0, 0.004494140264902525)	(19.0, 0.006993085237317341)	(20.0, 0.011646890634186934)	(21.0, 0.01951380209761862)	(22.0, 0.029250899719207205)	(23.0, 0.043300193618107934)	(24.0, 0.0637645602223212)	(25.0, 0.09373704732088345)	(26.0, 0.13192671900184388)	(27.0, 0.18308268465557187)	(28.0, 0.25334771986309496)	(29.0, 0.35167421144238065)	(30.0, 0.47431807393451125)	(31.0, 0.604143154222556)	(32.0, 0.7692096709640763)	(33.0, 0.9723841702492717)	(34.0, 1.1917962421412573)	(35.0, 1.3987853765948444)	(36.0, 1.649603208630492)	(37.0, 1.9285765633172007)	(38.0, 2.125828600149199)	(39.0, 2.290125258657514)	(40.0, 2.4373798303281964)	(41.0, 2.584270514023698)	(42.0, 2.747913659433729)	(43.0, 2.9068460645936307)	(44.0, 3.0820061406467127)	(45.0, 3.2840407051525156)	(46.0, 3.4515900765818333)	(47.0, 3.5923949195495672)	(48.0, 3.779938326186606)	(49.0, 3.9472389170614646)	(50.0, 4.055448556538091)	(51.0, 4.163581457734238)	(52.0, 4.257920034156951)	(53.0, 4.298069007418562)	(54.0, 4.270073149899468)	(55.0, 4.190499266184005)	(56.0, 4.033854156868096)	(57.0, 3.7771212886644587)	(58.0, 3.488894782608868)	(59.0, 3.1666930217277263)	(60.0, 2.785925100269703)	(61.0, 2.365339912956016)	(62.0, 1.960930412539055)	(63.0, 1.606994897250908)	(64.0, 1.2738789725427462)	(65.0, 0.9665037900789186)	(66.0, 0.7240430043304155)	(67.0, 0.5528535154350882)	(68.0, 0.4203364067592265)	(69.0, 0.3163424218522106)	(70.0, 0.23986529906838738)	(71.0, 0.17678643251358367)	(72.0, 0.13564852560513826)	(73.0, 0.10584065449534827)	(74.0, 0.0751379160180219)	(75.0, 0.053018725526677093)	(76.0, 0.03940510702663224)	(77.0, 0.028316425497229403)	(78.0, 0.018439466170894467)	(79.0, 0.011416675792746045)	(80.0, 0.0074423754923874635)	(81.0, 0.005334548207581901)	(82.0, 0.0038455780234238897)	(83.0, 0.0022662547025713363)	(84.0, 0.0011498364930031522)	(85.0, 0.0007017839521343243)	(86.0, 0.0004331999704532866)	(87.0, 0.00024382969765513558)	(88.0, 0.00013986170474634683)	(89.0, 9.530399349972305e-05)	(90.0, 8.787770829195242e-05)	(91.0, 6.064799586346012e-05)	(92.0, 3.218056923367272e-05)	(93.0, 2.72297124284923e-05)	(94.0, 1.9803427220721673e-05)	(95.0, 9.901713610360836e-06)	(96.0, 7.426285207770627e-06)	(97.0, 3.7131426038853135e-06)	(98.0, 0.0)	(99.0, 0.0)	(100.0, 0.0)
fastp | SRR30333762_2	(0.0, 0.00011881140329571694)	(1.0, 0.00014480139776665502)	(2.0, 0.00021782090604214772)	(3.0, 0.0003415827844751862)	(4.0, 0.0004542060938492512)	(5.0, 0.0005631165468703251)	(6.0, 0.0007017298507153282)	(7.0, 0.0007042050882839889)	(8.0, 0.0007042050882839889)	(9.0, 0.0007735117402064904)	(10.0, 0.0008465312484819832)	(11.0, 0.0008923231435022074)	(12.0, 0.0010173226407195763)	(13.0, 0.0012079159335064557)	(14.0, 0.0013650935191164145)	(15.0, 0.0016905872593953055)	(16.0, 0.0022623671377559433)	(17.0, 0.003242561214945608)	(18.0, 0.004719040424651757)	(19.0, 0.007136109910448999)	(20.0, 0.01177099225776629)	(21.0, 0.018701657450016444)	(22.0, 0.028967705266036987)	(23.0, 0.04276096661739913)	(24.0, 0.06087351752607431)	(25.0, 0.0865627706324201)	(26.0, 0.12519380336650873)	(27.0, 0.18236931596500386)	(28.0, 0.25226878728519964)	(29.0, 0.3478859769437809)	(30.0, 0.47520972223812225)	(31.0, 0.6376323362560732)	(32.0, 0.8329211547107019)	(33.0, 1.0339661381312513)	(34.0, 1.2284480291384967)	(35.0, 1.4360697187789777)	(36.0, 1.6857481699485737)	(37.0, 1.9305801059587322)	(38.0, 2.1171003953263803)	(39.0, 2.277972273007565)	(40.0, 2.415507610891417)	(41.0, 2.5492298453007463)	(42.0, 2.7140707664232786)	(43.0, 2.862191457769508)	(44.0, 3.027794752063188)	(45.0, 3.254003000606743)	(46.0, 3.4263278025181214)	(47.0, 3.543107035769968)	(48.0, 3.7051063841636775)	(49.0, 3.8548681580179287)	(50.0, 3.965470435917182)	(51.0, 4.080154380567158)	(52.0, 4.165484482890385)	(53.0, 4.204497939828831)	(54.0, 4.183001739163797)	(55.0, 4.1008127133152)	(56.0, 3.9489259480082537)	(57.0, 3.718540736067584)	(58.0, 3.448171774061552)	(59.0, 3.118083992855227)	(60.0, 2.742039713330361)	(61.0, 2.376586975361795)	(62.0, 2.0208408815187315)	(63.0, 1.6618051969469183)	(64.0, 1.3331740930497495)	(65.0, 1.0526541817746402)	(66.0, 0.8241154970601914)	(67.0, 0.6512201528892365)	(68.0, 0.5104719566412635)	(69.0, 0.40161224599034717)	(70.0, 0.3158489770926045)	(71.0, 0.24448416513176155)	(72.0, 0.19413535774763283)	(73.0, 0.15026300946190502)	(74.0, 0.11251192368347529)	(75.0, 0.08436847252780233)	(76.0, 0.062415590531349964)	(77.0, 0.04532036226339436)	(78.0, 0.031341458094382664)	(79.0, 0.020414521847529697)	(80.0, 0.012616285887463944)	(81.0, 0.008216551109169424)	(82.0, 0.005501215496348561)	(83.0, 0.0032636007342792244)	(84.0, 0.0018477648450052645)	(85.0, 0.001064352154524131)	(86.0, 0.0006794527125973813)	(87.0, 0.0004826713258888501)	(88.0, 0.00029207803310197085)	(89.0, 0.00019801900549286155)	(90.0, 0.00018935567400254886)	(91.0, 0.00016584091710027156)	(92.0, 0.00014480139776665502)	(93.0, 0.0001633656795316108)	(94.0, 0.0002042070994145135)	(95.0, 0.00022400899996379963)	(96.0, 0.00023019709388545157)	(97.0, 0.0002524742320033985)	(98.0, 0.00031311755243558736)	(99.0, 0.0003527213535341597)	(100.0, 0.0005148494142814402)
fastp | SRR30333763_1	(0.0, 4.2019648247455015e-05)	(1.0, 3.6183585990864044e-05)	(2.0, 4.085243579613682e-05)	(3.0, 6.186225991986433e-05)	(4.0, 6.88655346277735e-05)	(5.0, 7.586880933568266e-05)	(6.0, 8.170487159227364e-05)	(7.0, 7.703602178700086e-05)	(8.0, 8.870814630018282e-05)	(9.0, 0.00012139009493709226)	(10.0, 0.00015407204357400172)	(11.0, 0.00021243266613991144)	(12.0, 0.0003221506365638218)	(13.0, 0.00043653745679300487)	(14.0, 0.0006489701229329164)	(15.0, 0.001107684616300967)	(16.0, 0.0017998415999326564)	(17.0, 0.0028631721430835318)	(18.0, 0.004504272849636914)	(19.0, 0.00715151068922658)	(20.0, 0.011595088491394947)	(21.0, 0.01910259897827358)	(22.0, 0.02865740010476432)	(23.0, 0.0425962511984062)	(24.0, 0.06328042304821593)	(25.0, 0.09390691055835405)	(26.0, 0.13407769428292104)	(27.0, 0.18712633298288167)	(28.0, 0.25980748511401436)	(29.0, 0.359706864397436)	(30.0, 0.4808530119322028)	(31.0, 0.6126943271583982)	(32.0, 0.7763398472581117)	(33.0, 0.9710588972368184)	(34.0, 1.1803587651573917)	(35.0, 1.376713079780395)	(36.0, 1.6148711083473595)	(37.0, 1.8738311972217168)	(38.0, 2.0621282442932705)	(39.0, 2.227240950444291)	(40.0, 2.3752901777694913)	(41.0, 2.5252606367895605)	(42.0, 2.688372740799022)	(43.0, 2.8494550623556405)	(44.0, 3.029126409411953)	(45.0, 3.2379255431909106)	(46.0, 3.4206631573568362)	(47.0, 3.570403675523996)	(48.0, 3.7558854061629705)	(49.0, 3.92387529100649)	(50.0, 4.0337671760856475)	(51.0, 4.144674535997451)	(52.0, 4.252167799489149)	(53.0, 4.298564494429047)	(54.0, 4.273316521894583)	(55.0, 4.201820090401538)	(56.0, 4.057587647792149)	(57.0, 3.822467873235966)	(58.0, 3.5390196671329526)	(59.0, 3.207656222690876)	(60.0, 2.8245292404577405)	(61.0, 2.4157492629695336)	(62.0, 2.0139118651417673)	(63.0, 1.6540147451147666)	(64.0, 1.3203764036050711)	(65.0, 1.00895828553112)	(66.0, 0.7620076455683756)	(67.0, 0.586774040251975)	(68.0, 0.45004443927965904)	(69.0, 0.34004050180517575)	(70.0, 0.2578267255841274)	(71.0, 0.1917449926527478)	(72.0, 0.152044595546062)	(73.0, 0.12251295331526038)	(74.0, 0.0871744291391507)	(75.0, 0.06074290317905018)	(76.0, 0.046941783154663845)	(77.0, 0.03517744885782775)	(78.0, 0.02262524615635189)	(79.0, 0.013896831445394428)	(80.0, 0.00933069633583765)	(81.0, 0.007250723747588626)	(82.0, 0.005613124678389199)	(83.0, 0.003312548936841037)	(84.0, 0.001701795754021928)	(85.0, 0.0010376518692218751)	(86.0, 0.0006197898116499615)	(87.0, 0.00031164572450195804)	(88.0, 0.0001785835050516838)	(89.0, 0.00013072779454763783)	(90.0, 8.9875358751501e-05)	(91.0, 5.3691772760636965e-05)	(92.0, 4.085243579613682e-05)	(93.0, 3.384916108822765e-05)	(94.0, 1.9842611672409315e-05)	(95.0, 9.337699610545559e-06)	(96.0, 8.170487159227364e-06)	(97.0, 7.00327470790917e-06)	(98.0, 5.836062256590975e-06)	(99.0, 4.6688498052727796e-06)	(100.0, 3.501637353954585e-06)
fastp | SRR30333763_2	(0.0, 0.00018440537651848927)	(1.0, 0.0002427615083281378)	(2.0, 0.00046218056393241614)	(3.0, 0.0008391611754227455)	(4.0, 0.0012476540980902852)	(5.0, 0.0015406018797747207)	(6.0, 0.0017810291428304724)	(7.0, 0.0020599714528805923)	(8.0, 0.0022898946122106075)	(9.0, 0.002419445224828027)	(10.0, 0.0024766342340014824)	(11.0, 0.0025606670638073765)	(12.0, 0.002733401213963936)	(13.0, 0.0028361080059489175)	(14.0, 0.0029376476752977056)	(15.0, 0.003124387297088581)	(16.0, 0.0035655596535695243)	(17.0, 0.004531937196337303)	(18.0, 0.0059254816239517095)	(19.0, 0.008245721424703334)	(20.0, 0.012804502441673075)	(21.0, 0.019535298684597933)	(22.0, 0.029559715006859354)	(23.0, 0.04377410159305354)	(24.0, 0.0635533289086158)	(25.0, 0.0912141353863892)	(26.0, 0.13180899491845308)	(27.0, 0.191389438373468)	(28.0, 0.265371008036468)	(29.0, 0.364023215983315)	(30.0, 0.49181147342008336)	(31.0, 0.6548398317340621)	(32.0, 0.8421980285221197)	(33.0, 1.0320573691195387)	(34.0, 1.2185507280341772)	(35.0, 1.4126934087064245)	(36.0, 1.6411098127131145)	(37.0, 1.8700362493118208)	(38.0, 2.0506414745268655)	(39.0, 2.209900026725941)	(40.0, 2.353913623051064)	(41.0, 2.4948051663243707)	(42.0, 2.6616290074512494)	(43.0, 2.81009167526554)	(44.0, 2.9752535337584796)	(45.0, 3.206713793600361)	(46.0, 3.392394835160209)	(47.0, 3.5238478576746233)	(48.0, 3.6874329334860665)	(49.0, 3.8369576828992926)	(50.0, 3.951979952941382)	(51.0, 4.068999169813998)	(52.0, 4.164635532868922)	(53.0, 4.213682694532295)	(54.0, 4.195935427726345)	(55.0, 4.117116134736325)	(56.0, 3.976893352733557)	(57.0, 3.756434390860431)	(58.0, 3.4835867952165103)	(59.0, 3.1475091636342)	(60.0, 2.7748819195768704)	(61.0, 2.4199494218068622)	(62.0, 2.0642781354081445)	(63.0, 1.694796286855355)	(64.0, 1.358221461030026)	(65.0, 1.079707484987389)	(66.0, 0.8557436538377752)	(67.0, 0.6820477946289927)	(68.0, 0.5362018157650467)	(69.0, 0.4194381987497572)	(70.0, 0.33109635217103894)	(71.0, 0.2600500959380643)	(72.0, 0.20809329754266181)	(73.0, 0.1618530658193325)	(74.0, 0.12225492901857743)	(75.0, 0.09287728514296417)	(76.0, 0.06975075010680049)	(77.0, 0.052322107780530855)	(78.0, 0.036260166061243194)	(79.0, 0.023292266450503103)	(80.0, 0.01468823837648853)	(81.0, 0.010248503868410471)	(82.0, 0.007433404069913028)	(83.0, 0.0044712468192552686)	(84.0, 0.0024276150832813776)	(85.0, 0.0013947115502505993)	(86.0, 0.0009126899015029027)	(87.0, 0.0005625531106450116)	(88.0, 0.0003664765077645926)	(89.0, 0.00028361080059489176)	(90.0, 0.00024509575360052375)	(91.0, 0.00022408754614905026)	(92.0, 0.0002182519329680854)	(93.0, 0.00025559985732626046)	(94.0, 0.00034196693240454027)	(95.0, 0.00042483263957424116)	(96.0, 0.0005111997146525209)	(97.0, 0.0005952325444584148)	(98.0, 0.0006465859404509055)	(99.0, 0.0007492927324358868)	(100.0, 0.0011927993341892154)
fastp | SRR30333764_1	(0.0, 5.183411114736619e-05)	(1.0, 4.56633836298226e-05)	(2.0, 3.332192859473541e-05)	(3.0, 5.553654765789234e-05)	(4.0, 9.379505826666263e-05)	(5.0, 8.885847625262776e-05)	(6.0, 7.158043920350569e-05)	(7.0, 8.51560397421016e-05)	(8.0, 0.00010613651330174982)	(9.0, 0.00011847796833683701)	(10.0, 0.00013205356887543293)	(11.0, 0.00017278037049122064)	(12.0, 0.00026657542875788327)	(13.0, 0.0004109704526684034)	(14.0, 0.0006602678443771646)	(15.0, 0.0011206041171859169)	(16.0, 0.001835174363717465)	(17.0, 0.002889134623713911)	(18.0, 0.00450833352431735)	(19.0, 0.0069470050392505785)	(20.0, 0.01150223609270126)	(21.0, 0.01877505554487814)	(22.0, 0.02804225413072511)	(23.0, 0.042139898217305204)	(24.0, 0.06279332321852361)	(25.0, 0.09148226959308729)	(26.0, 0.12845109815069095)	(27.0, 0.17912511252475896)	(28.0, 0.24819406562862442)	(29.0, 0.3435157618831273)	(30.0, 0.45964638547229075)	(31.0, 0.5862684799867818)	(32.0, 0.7460002300694047)	(33.0, 0.9411729365762875)	(34.0, 1.1504815456803592)	(35.0, 1.3483743088769753)	(36.0, 1.5857449184398285)	(37.0, 1.8398110483741472)	(38.0, 2.034931920769883)	(39.0, 2.2082812323382206)	(40.0, 2.358800086237151)	(41.0, 2.5022929497846067)	(42.0, 2.6607350178160627)	(43.0, 2.826303041984778)	(44.0, 3.010667102171932)	(45.0, 3.2231289530374685)	(46.0, 3.4085148857015275)	(47.0, 3.5671963779606646)	(48.0, 3.76051292963027)	(49.0, 3.929922848751408)	(50.0, 4.040874997807849)	(51.0, 4.162003910686223)	(52.0, 4.2721267139643055)	(53.0, 4.321587563308425)	(54.0, 4.301447542836666)	(55.0, 4.233653462037925)	(56.0, 4.097581515403068)	(57.0, 3.8555692846015184)	(58.0, 3.565446359636689)	(59.0, 3.2402428487346238)	(60.0, 2.8600038532490912)	(61.0, 2.447636347870716)	(62.0, 2.039298327561297)	(63.0, 1.6716291040290001)	(64.0, 1.3351331617698303)	(65.0, 1.0198497124249684)	(66.0, 0.769465038527616)	(67.0, 0.596421795044148)	(68.0, 0.45748046011363297)	(69.0, 0.34092899290777307)	(70.0, 0.2583794684690819)	(71.0, 0.19304997624084783)	(72.0, 0.15674635210963536)	(73.0, 0.13038870659119967)	(74.0, 0.09078867982011539)	(75.0, 0.06110254387871667)	(76.0, 0.04981875154013646)	(77.0, 0.03935319767038252)	(78.0, 0.02389922767544634)	(79.0, 0.013180673977473118)	(80.0, 0.008980876829032947)	(81.0, 0.00786027271184703)	(82.0, 0.006676727173982169)	(83.0, 0.0038875583360524642)	(84.0, 0.001866028001305183)	(85.0, 0.0011280089902069692)	(86.0, 0.0006886531909578651)	(87.0, 0.00042207776219998187)	(88.0, 0.0002850876113105141)	(89.0, 0.0001962291350578863)	(90.0, 0.00012588284135788932)	(91.0, 9.873164028069751e-05)	(92.0, 7.034629369999697e-05)	(93.0, 3.455607409824413e-05)	(94.0, 2.3448764566665658e-05)	(95.0, 2.3448764566665658e-05)	(96.0, 2.3448764566665658e-05)	(97.0, 1.2341455035087188e-05)	(98.0, 4.936582014034875e-06)	(99.0, 1.2341455035087188e-06)	(100.0, 0.0)
fastp | SRR30333764_2	(0.0, 0.00018757251621348447)	(1.0, 0.00023816773440264803)	(2.0, 0.0003862512998343463)	(3.0, 0.000599738439998378)	(4.0, 0.0008527145309441959)	(5.0, 0.0010945843544826364)	(6.0, 0.0012574762764575045)	(7.0, 0.0013796452179386555)	(8.0, 0.0014907078920124292)	(9.0, 0.0015844941501191715)	(10.0, 0.00162768519003675)	(11.0, 0.0016745783190901214)	(12.0, 0.0018300660627934046)	(13.0, 0.001953469033986486)	(14.0, 0.0020250427572784738)	(15.0, 0.0022200194517635434)	(16.0, 0.002745716109046072)	(17.0, 0.0036786425712657714)	(18.0, 0.005163180314718546)	(19.0, 0.007449837370926355)	(20.0, 0.011850387323671654)	(21.0, 0.018527722094929314)	(22.0, 0.027744690013340602)	(23.0, 0.04063906647330573)	(24.0, 0.05827828717564485)	(25.0, 0.08339449390257281)	(26.0, 0.12197519881637793)	(27.0, 0.17804087071853084)	(28.0, 0.2475648706590012)	(29.0, 0.34218780091043255)	(30.0, 0.4652810306458198)	(31.0, 0.6237452540142802)	(32.0, 0.807546575428104)	(33.0, 0.9983497814274234)	(34.0, 1.1912496039073133)	(35.0, 1.3862830637591315)	(36.0, 1.610922130429882)	(37.0, 1.8423187438031656)	(38.0, 2.0277440483178903)	(39.0, 2.1909086908590956)	(40.0, 2.3324667071741034)	(41.0, 2.468237124140156)	(42.0, 2.634497947228595)	(43.0, 2.784425153049918)	(44.0, 2.9483820426661826)	(45.0, 3.18309819596456)	(46.0, 3.3768248183514435)	(47.0, 3.514962104304979)	(48.0, 3.6903066201029415)	(49.0, 3.842005892590597)	(50.0, 3.956417723302551)	(51.0, 4.076077882379347)	(52.0, 4.174563325629121)	(53.0, 4.236829996833726)	(54.0, 4.226438232629557)	(55.0, 4.152630915558975)	(56.0, 4.01194412422059)	(57.0, 3.7888957218485184)	(58.0, 3.525093488239931)	(59.0, 3.19786829758666)	(60.0, 2.8243546524388634)	(61.0, 2.4627827128134214)	(62.0, 2.101384771377362)	(63.0, 1.7232904079388784)	(64.0, 1.3816283036857284)	(65.0, 1.100781651695953)	(66.0, 0.87036979403279)	(67.0, 0.6943268174178753)	(68.0, 0.5464740155423081)	(69.0, 0.42779244202707345)	(70.0, 0.340646497800231)	(71.0, 0.2652386441932744)	(72.0, 0.21105116551268024)	(73.0, 0.1633682574436734)	(74.0, 0.1222985146009038)	(75.0, 0.0936801315515162)	(76.0, 0.07122202482408721)	(77.0, 0.05420969121540894)	(78.0, 0.037249186854631765)	(79.0, 0.023097334118209138)	(80.0, 0.014230830637986202)	(81.0, 0.010742228642357778)	(82.0, 0.008276637277920001)	(83.0, 0.004694249024184835)	(84.0, 0.0024841018101167383)	(85.0, 0.0015351329616419386)	(86.0, 0.0010143724232071331)	(87.0, 0.0006873545495454661)	(88.0, 0.00044918681514281806)	(89.0, 0.00031591160625428965)	(90.0, 0.0002468059423861638)	(91.0, 0.00022952952641913232)	(92.0, 0.000245571912674233)	(93.0, 0.0002603802692174028)	(94.0, 0.00029369907143953487)	(95.0, 0.00033318802222132113)	(96.0, 0.0003874853295462771)	(97.0, 0.00044425069629509475)	(98.0, 0.0004751014390933653)	(99.0, 0.0005503772515211453)	(100.0, 0.0008983736302856361)
fastp | SRR30333765_1	(0.0, 8.927037204754207e-05)	(1.0, 7.439197670628506e-05)	(2.0, 6.075344764346613e-05)	(3.0, 7.687170926316124e-05)	(4.0, 0.00011158796505942761)	(5.0, 0.00012150689528693226)	(6.0, 0.0001041487673887991)	(7.0, 9.298997088285633e-05)	(8.0, 9.298997088285633e-05)	(9.0, 0.000102908901110361)	(10.0, 0.00013638529062818928)	(11.0, 0.00018845967432258882)	(12.0, 0.00023433472662479798)	(13.0, 0.0003409632265704732)	(14.0, 0.000601335145042471)	(15.0, 0.0010526464703939336)	(16.0, 0.0018027655688489749)	(17.0, 0.00288020936481167)	(18.0, 0.0044535996721496)	(19.0, 0.00722346093818028)	(20.0, 0.01207133808687319)	(21.0, 0.019970526146802225)	(22.0, 0.030343247432215236)	(23.0, 0.04555020733725834)	(24.0, 0.06831663194193845)	(25.0, 0.10051223959414018)	(26.0, 0.14383936669415906)	(27.0, 0.2012476551183992)	(28.0, 0.27701836312630745)	(29.0, 0.3778132922319315)	(30.0, 0.4969904787816786)	(31.0, 0.6260444401054636)	(32.0, 0.78425385696672)	(33.0, 0.9715059015341101)	(34.0, 1.1715570856938167)	(35.0, 1.3631474223694615)	(36.0, 1.5918742338168839)	(37.0, 1.8391581238536892)	(38.0, 2.0264064488222444)	(39.0, 2.1961776187299358)	(40.0, 2.351346883476462)	(41.0, 2.5046935447936844)	(42.0, 2.6704983824766524)	(43.0, 2.8337800922829994)	(44.0, 3.011620311930766)	(45.0, 3.2180704459534915)	(46.0, 3.4024608791502464)	(47.0, 3.556026996798752)	(48.0, 3.7400677877049877)	(49.0, 3.909717450717392)	(50.0, 4.0243815240136245)	(51.0, 4.134899484474761)	(52.0, 4.241096510955539)	(53.0, 4.29237614036546)	(54.0, 4.2686674173891666)	(55.0, 4.195930662164597)	(56.0, 4.060578180146345)	(57.0, 3.8272576641373104)	(58.0, 3.543674209066673)	(59.0, 3.2152819866932836)	(60.0, 2.8368785181128158)	(61.0, 2.4342220252598206)	(62.0, 2.03025995321563)	(63.0, 1.6658136593315394)	(64.0, 1.3305674561709442)	(65.0, 1.020238845608119)	(66.0, 0.7740819940184139)	(67.0, 0.6007759653508953)	(68.0, 0.4658661155940474)	(69.0, 0.35435874184271826)	(70.0, 0.27091822103639207)	(71.0, 0.2054334436744062)	(72.0, 0.16574532410160311)	(73.0, 0.134508133082634)	(74.0, 0.09653474857291082)	(75.0, 0.06852740920927292)	(76.0, 0.05455907571638946)	(77.0, 0.04235011247260965)	(78.0, 0.027314254113991)	(79.0, 0.016532376956693417)	(80.0, 0.011445205616261956)	(81.0, 0.009176250326720262)	(82.0, 0.007465234862475707)	(83.0, 0.004537910579083389)	(84.0, 0.0022974722139457704)	(85.0, 0.0013477346446621977)	(86.0, 0.0007687170926316124)	(87.0, 0.00044263226140239613)	(88.0, 0.000264091517307312)	(89.0, 0.00015746301736163673)	(90.0, 0.00012398662784380844)	(91.0, 0.00010538863366723717)	(92.0, 8.431090693378974e-05)	(93.0, 7.315211042784698e-05)	(94.0, 5.5793982529713804e-05)	(95.0, 3.347638951782828e-05)	(96.0, 2.7277058125637858e-05)	(97.0, 1.983786045500935e-05)	(98.0, 1.2398662784380844e-05)	(99.0, 6.199331392190422e-06)	(100.0, 2.479732556876169e-06)
fastp | SRR30333765_2	(0.0, 0.0002082770411940374)	(1.0, 0.00021943473982943224)	(2.0, 0.000348368146282884)	(3.0, 0.0006087144477754308)	(4.0, 0.0008950953794172323)	(5.0, 0.0010711390689979066)	(6.0, 0.001250901991457046)	(7.0, 0.0014207469595736123)	(8.0, 0.0014430623568444018)	(9.0, 0.001517447014413701)	(10.0, 0.0016228252793035413)	(11.0, 0.0016587778637953694)	(12.0, 0.0016959701925800188)	(13.0, 0.0017802728044918911)	(14.0, 0.0019439190511443493)	(15.0, 0.002263773078692335)	(16.0, 0.002861329827832371)	(17.0, 0.003860563727846622)	(18.0, 0.005226761938536082)	(19.0, 0.0076740171725660205)	(20.0, 0.012544972499062288)	(21.0, 0.019529691844819473)	(22.0, 0.030223726114699034)	(23.0, 0.04591764911752832)	(24.0, 0.06741605489934857)	(25.0, 0.09745010013724589)	(26.0, 0.14120439546380043)	(27.0, 0.20334161916431442)	(28.0, 0.2812099581964423)	(29.0, 0.38229126936736285)	(30.0, 0.5087675026324421)	(31.0, 0.6645500512355322)	(32.0, 0.8425364201230582)	(33.0, 1.0242978103822262)	(34.0, 1.204516958741124)	(35.0, 1.3931403336610597)	(36.0, 1.6147309888157089)	(37.0, 1.838031251350159)	(38.0, 2.0180569995993767)	(39.0, 2.1839211487916925)	(40.0, 2.3269244132243774)	(41.0, 2.4633049636448088)	(42.0, 2.63457563769812)	(43.0, 2.7908230904110183)	(44.0, 2.9573864553844853)	(45.0, 3.1806916768961067)	(46.0, 3.367248398079909)	(47.0, 3.504124846217469)	(48.0, 3.670647299629273)	(49.0, 3.821831636650288)	(50.0, 3.9405904616925524)	(51.0, 4.06102914025159)	(52.0, 4.153991366048822)	(53.0, 4.199683381705056)	(54.0, 4.177064247082525)	(55.0, 4.107520790976695)	(56.0, 3.9765690808145293)	(57.0, 3.7638686319837045)	(58.0, 3.4993766255759615)	(59.0, 3.1624166062756225)	(60.0, 2.788920082921537)	(61.0, 2.4368773345547297)	(62.0, 2.0839481690185546)	(63.0, 1.7114942706147316)	(64.0, 1.3748094745473989)	(65.0, 1.0970608824165144)	(66.0, 0.8716741302372455)	(67.0, 0.7006514050424987)	(68.0, 0.556466664298755)	(69.0, 0.43969019038071244)	(70.0, 0.3524481447505601)	(71.0, 0.2809384541963144)	(72.0, 0.22812534732211204)	(73.0, 0.17987201995690774)	(74.0, 0.13764756908769513)	(75.0, 0.10638989623278283)	(76.0, 0.08193965928975422)	(77.0, 0.06308934731740101)	(78.0, 0.044888661354486346)	(79.0, 0.029200937073121172)	(80.0, 0.018474669451628248)	(81.0, 0.013081781777854063)	(82.0, 0.009636532388102694)	(83.0, 0.005881346925145914)	(84.0, 0.0033187954718835603)	(85.0, 0.0019414395625587057)	(86.0, 0.0012149494069652181)	(87.0, 0.0008008748131627866)	(88.0, 0.0005182131143994502)	(89.0, 0.0003905194522388201)	(90.0, 0.00036076558921110046)	(91.0, 0.00031613479466952103)	(92.0, 0.0003210937718408077)	(93.0, 0.0003843207307747119)	(94.0, 0.0004425887125373295)	(95.0, 0.000479781041321979)	(96.0, 0.000529370813034845)	(97.0, 0.0005392887673774182)	(98.0, 0.0005727618632836028)	(99.0, 0.0006843388496375514)	(100.0, 0.00105874162606969)
fastp | SRR30333766_1	(0.0, 8.23174296467135e-05)	(1.0, 7.008105496949934e-05)	(2.0, 8.120503194878493e-05)	(3.0, 0.00010567778130321329)	(4.0, 0.00010567778130321329)	(5.0, 0.00011012737209492753)	(6.0, 0.00011457696288664178)	(7.0, 0.00013237532605349874)	(8.0, 0.0001446117007307129)	(9.0, 0.0001512860869182843)	(10.0, 0.0001846580178561411)	(11.0, 0.000228041528075355)	(12.0, 0.00030813416232621134)	(13.0, 0.00048389299859892396)	(14.0, 0.0007586552299872786)	(15.0, 0.0012025019114607744)	(16.0, 0.001884401700290982)	(17.0, 0.003024609340667757)	(18.0, 0.004719903432310883)	(19.0, 0.007255057785890075)	(20.0, 0.012040592682378743)	(21.0, 0.019682764867147956)	(22.0, 0.029223799922281222)	(23.0, 0.04352700952224666)	(24.0, 0.0643388580527921)	(25.0, 0.09402207822431782)	(26.0, 0.1333787087770303)	(27.0, 0.18586496935839358)	(28.0, 0.25916419086800024)	(29.0, 0.3605436674664176)	(30.0, 0.4828529067513607)	(31.0, 0.61422373768363)	(32.0, 0.7817931021041925)	(33.0, 0.9854275122892969)	(34.0, 1.202675445501651)	(35.0, 1.4083700162233193)	(36.0, 1.6550497677274671)	(37.0, 1.921200928536157)	(38.0, 2.107378481647668)	(39.0, 2.2657038211984446)	(40.0, 2.404830288880672)	(41.0, 2.5453350173106326)	(42.0, 2.6971038848298177)	(43.0, 2.8478081877520856)	(44.0, 3.0307319775971555)	(45.0, 3.238337647563865)	(46.0, 3.411417830179966)	(47.0, 3.557689228275988)	(48.0, 3.7445976266750383)	(49.0, 3.9066494985138753)	(50.0, 4.010448440105288)	(51.0, 4.117951666030802)	(52.0, 4.216678074119659)	(53.0, 4.2644855899835346)	(54.0, 4.240611310590593)	(55.0, 4.169512411727489)	(56.0, 4.033601885789972)	(57.0, 3.7954875965598744)	(58.0, 3.5136716513689548)	(59.0, 3.1944246360404374)	(60.0, 2.816971411167808)	(61.0, 2.409119694403884)	(62.0, 2.0097188629511242)	(63.0, 1.652157533712853)	(64.0, 1.3209322199730407)	(65.0, 1.0089747467590489)	(66.0, 0.7613305464507967)	(67.0, 0.5871869116354763)	(68.0, 0.44870897181114155)	(69.0, 0.33892755540026975)	(70.0, 0.2600307486746866)	(71.0, 0.1961290629171804)	(72.0, 0.15646541059983968)	(73.0, 0.12788791374005493)	(74.0, 0.09136344772626856)	(75.0, 0.06354349369877318)	(76.0, 0.05083212520454351)	(77.0, 0.039218693238169344)	(78.0, 0.02460289988508598)	(79.0, 0.01427539965751722)	(80.0, 0.009765739390114835)	(81.0, 0.007956980733282996)	(82.0, 0.006367364422943083)	(83.0, 0.0038210860923846065)	(84.0, 0.001907762051947482)	(85.0, 0.0011335332541892035)	(86.0, 0.0006273923016317083)	(87.0, 0.00034150609326406823)	(88.0, 0.00021469275570021223)	(89.0, 0.0001479488938244986)	(90.0, 0.00010679017900114183)	(91.0, 7.341824806328501e-05)	(92.0, 6.006947568814229e-05)	(93.0, 4.115871482335675e-05)	(94.0, 2.0023158562714097e-05)	(95.0, 2.1135556260642657e-05)	(96.0, 1.4461170073071292e-05)	(97.0, 6.674386187571364e-06)	(98.0, 4.4495907917142435e-06)	(99.0, 2.2247953958571217e-06)	(100.0, 3.337193093785682e-06)
fastp | SRR30333766_2	(0.0, 0.0003870781005815103)	(1.0, 0.0004326821296730101)	(2.0, 0.0006373441138885213)	(3.0, 0.0011445499008573968)	(4.0, 0.0016183868860520044)	(5.0, 0.0020043526932410393)	(6.0, 0.00235583740526333)	(7.0, 0.0026016542450004385)	(8.0, 0.002840797324382694)	(9.0, 0.003062143709485339)	(10.0, 0.0031755976355178506)	(11.0, 0.0031578009412382407)	(12.0, 0.0032456721192438134)	(13.0, 0.003279040921018082)	(14.0, 0.003304623669045021)	(15.0, 0.003530419227717568)	(16.0, 0.003973111997922859)	(17.0, 0.00481289350924194)	(18.0, 0.006127624299148105)	(19.0, 0.00833775126999713)	(20.0, 0.012912613993249292)	(21.0, 0.019536321145441515)	(22.0, 0.029082023039667153)	(23.0, 0.04289448238742921)	(24.0, 0.061508712310508445)	(25.0, 0.08765205620725505)	(26.0, 0.12745102608342465)	(27.0, 0.18557058042705993)	(28.0, 0.25744920403561844)	(29.0, 0.35709511989393794)	(30.0, 0.48773286654680514)	(31.0, 0.6568459539387961)	(32.0, 0.8549376210849539)	(33.0, 1.0515532748992966)	(34.0, 1.2437141936767744)	(35.0, 1.4476276044391496)	(36.0, 1.6861756068564302)	(37.0, 1.9181733134854217)	(38.0, 2.09241629800351)	(39.0, 2.2456102423623903)	(40.0, 2.3804268752907882)	(41.0, 2.507771121208535)	(42.0, 2.663780280143771)	(43.0, 2.806089321363885)	(44.0, 2.965298548389273)	(45.0, 3.191247603549982)	(46.0, 3.374367801633418)	(47.0, 3.5012615687272124)	(48.0, 3.66415471146848)	(49.0, 3.8113956615908307)	(50.0, 3.9220799770760784)	(51.0, 4.035686287303359)	(52.0, 4.127657378753597)	(53.0, 4.181751543309862)	(54.0, 4.163578893863596)	(55.0, 4.082561667742459)	(56.0, 3.947077658778575)	(57.0, 3.7319823625416424)	(58.0, 3.4728024299873317)	(59.0, 3.1528556848152944)	(60.0, 2.7832739592974254)	(61.0, 2.41990772925671)	(62.0, 2.06301838364038)	(63.0, 1.6996521535996643)	(64.0, 1.367699313549245)	(65.0, 1.0885069982775137)	(66.0, 0.8595870074655019)	(67.0, 0.6852639378231553)	(68.0, 0.5408648973185799)	(69.0, 0.4259127120864036)	(70.0, 0.3396343382188559)	(71.0, 0.26789808816453425)	(72.0, 0.21523544520438428)	(73.0, 0.16703977250841637)	(74.0, 0.12586823258593186)	(75.0, 0.09687630531105523)	(76.0, 0.07347810150693843)	(77.0, 0.0557659415251569)	(78.0, 0.03876342472777481)	(79.0, 0.02428247705113492)	(80.0, 0.015220622782636169)	(81.0, 0.011145179792605556)	(82.0, 0.0082343079844969)	(83.0, 0.004860722125118391)	(84.0, 0.0025627239762637927)	(85.0, 0.001433746182901054)	(86.0, 0.0009176420487923737)	(87.0, 0.0006084244856841556)	(88.0, 0.0004349067164579613)	(89.0, 0.0003370248979201081)	(90.0, 0.00026695041419414503)	(91.0, 0.0002491537199145354)	(92.0, 0.00029587004239851075)	(93.0, 0.0003047683895383156)	(94.0, 0.000351484712022291)	(95.0, 0.000452703410737571)	(96.0, 0.0005372377085657169)	(97.0, 0.0006328949403186189)	(98.0, 0.0007207661183241916)	(99.0, 0.0008553536188137397)	(100.0, 0.0012524423599275306)
fastp | SRR30333767_1	(0.0, 8.328252900772127e-05)	(1.0, 6.6626023206177e-05)	(2.0, 5.591826947661285e-05)	(3.0, 7.971327776453322e-05)	(4.0, 8.804153066530534e-05)	(5.0, 8.685178025090932e-05)	(6.0, 0.00010112878522366154)	(7.0, 0.00010707753729564162)	(8.0, 9.755953398047348e-05)	(9.0, 0.00011064678853882969)	(10.0, 0.00013563154724114608)	(11.0, 0.00020225757044732307)	(12.0, 0.0003414583689316572)	(13.0, 0.0004925566715599515)	(14.0, 0.0006841064882777104)	(15.0, 0.001121934640775445)	(16.0, 0.001841733641485036)	(17.0, 0.002839934239163295)	(18.0, 0.004356866017518218)	(19.0, 0.00672565909258069)	(20.0, 0.011245520916871162)	(21.0, 0.01840900816194959)	(22.0, 0.02714296595403076)	(23.0, 0.04056454037883224)	(24.0, 0.060032426409594275)	(25.0, 0.08755135349457417)	(26.0, 0.12363410406237663)	(27.0, 0.17060426067231702)	(28.0, 0.23534690897250513)	(29.0, 0.3248708686541479)	(30.0, 0.4354795851797169)	(31.0, 0.556402248047685)	(32.0, 0.7119276119679468)	(33.0, 0.903162144825891)	(34.0, 1.1113030310724021)	(35.0, 1.3121888192919267)	(36.0, 1.5516641622023861)	(37.0, 1.8170582178904624)	(38.0, 2.0192289365575347)	(39.0, 2.197662944706992)	(40.0, 2.352585105167155)	(41.0, 2.503763121073214)	(42.0, 2.671745171832202)	(43.0, 2.8384648974015163)	(44.0, 3.0174009802258484)	(45.0, 3.227300317584837)	(46.0, 3.418582440459357)	(47.0, 3.5760459078046702)	(48.0, 3.769382729644852)	(49.0, 3.943539585054555)	(50.0, 4.0609596227025415)	(51.0, 4.180481949332766)	(52.0, 4.291252471914692)	(53.0, 4.343797798966492)	(54.0, 4.319767220096522)	(55.0, 4.25054992048779)	(56.0, 4.111589451587164)	(57.0, 3.8677060833913672)	(58.0, 3.585546064863622)	(59.0, 3.2628131777041434)	(60.0, 2.87478083905054)	(61.0, 2.4553200534502513)	(62.0, 2.0519066214393358)	(63.0, 1.694070148303103)	(64.0, 1.351587404264651)	(65.0, 1.0290496361731336)	(66.0, 0.7763359404016897)	(67.0, 0.5939507711260233)	(68.0, 0.4533151336419276)	(69.0, 0.344206692388912)	(70.0, 0.2637284051079221)	(71.0, 0.19889176652499674)	(72.0, 0.15616782914403574)	(73.0, 0.12387800289732781)	(74.0, 0.08911468553909055)	(75.0, 0.06369328843469083)	(76.0, 0.048563232414816665)	(77.0, 0.035968534528020416)	(78.0, 0.023704587256426265)	(79.0, 0.014681520113646863)	(80.0, 0.009620321850806203)	(81.0, 0.006986214433333419)	(82.0, 0.005076665018227809)	(83.0, 0.003018396801322698)	(84.0, 0.0015776090494891198)	(85.0, 0.0008875538091394295)	(86.0, 0.0005187311806766639)	(87.0, 0.0003105248581573607)	(88.0, 0.000197498568789739)	(89.0, 0.0001392007984843341)	(90.0, 0.0001118365389532257)	(91.0, 7.376452569255312e-05)	(92.0, 4.640026616144471e-05)	(93.0, 4.164126450386064e-05)	(94.0, 3.807201326067258e-05)	(95.0, 1.903600663033629e-05)	(96.0, 1.4277004972752218e-05)	(97.0, 1.4277004972752218e-05)	(98.0, 7.138502486376109e-06)	(99.0, 7.138502486376109e-06)	(100.0, 5.948752071980091e-06)
fastp | SRR30333767_2	(0.0, 0.0002498265698004194)	(1.0, 0.00030217118442526917)	(2.0, 0.0005163082442542)	(3.0, 0.0007625658630574705)	(4.0, 0.0010112027825255072)	(5.0, 0.0012824430583088194)	(6.0, 0.0014489941048424324)	(7.0, 0.0015703384387454932)	(8.0, 0.0016619415143389804)	(9.0, 0.0017452170376057868)	(10.0, 0.0018058892045573175)	(11.0, 0.0018772682245002943)	(12.0, 0.002049767522695822)	(13.0, 0.002160405003607436)	(14.0, 0.0021734911572636488)	(15.0, 0.002382869615763048)	(16.0, 0.0029312984189915872)	(17.0, 0.0037795191059806304)	(18.0, 0.005115496429246682)	(19.0, 0.007476952339026837)	(20.0, 0.01172995227729588)	(21.0, 0.018060081695905554)	(22.0, 0.02724775121289907)	(23.0, 0.039750976206243877)	(24.0, 0.05676178630898766)	(25.0, 0.08028117338019858)	(26.0, 0.11584814936745162)	(27.0, 0.16874000314519755)	(28.0, 0.23316551689539616)	(29.0, 0.3213352616296261)	(30.0, 0.43944255697827295)	(31.0, 0.5903378051377263)	(32.0, 0.7695693345642091)	(33.0, 0.958987839786887)	(34.0, 1.1500492521185857)	(35.0, 1.3524361356145704)	(36.0, 1.5932784661048336)	(37.0, 1.8327419918598653)	(38.0, 2.02064131360809)	(39.0, 2.1906447254062784)	(40.0, 2.336212719377321)	(41.0, 2.477779919280559)	(42.0, 2.6498081159444635)	(43.0, 2.8081934025965998)	(44.0, 2.975354739750725)	(45.0, 3.198001368407191)	(46.0, 3.3899002945728873)	(47.0, 3.532561972781919)	(48.0, 3.699638844762445)	(49.0, 3.8560826220721323)	(50.0, 3.9846766851007347)	(51.0, 4.104689800281859)	(52.0, 4.197062579640399)	(53.0, 4.252707284287278)	(54.0, 4.239909026011502)	(55.0, 4.161037588275177)	(56.0, 4.019082562363582)	(57.0, 3.8012920863639033)	(58.0, 3.5372087469802063)	(59.0, 3.2022876785547676)	(60.0, 2.8237004946792115)	(61.0, 2.457494001812765)	(62.0, 2.095868852376326)	(63.0, 1.7242494504975374)	(64.0, 1.3835764227150265)	(65.0, 1.10068709087702)	(66.0, 0.8704267000933031)	(67.0, 0.6919042022649206)	(68.0, 0.5443506818891309)	(69.0, 0.42774353560961903)	(70.0, 0.3378309531384481)	(71.0, 0.2663627094205424)	(72.0, 0.21428814542114355)	(73.0, 0.16697218275127648)	(74.0, 0.12619929690951565)	(75.0, 0.0959012822443867)	(76.0, 0.0721237410510487)	(77.0, 0.05340102412000583)	(78.0, 0.037073073308049855)	(79.0, 0.02445564188279629)	(80.0, 0.015457126768651661)	(81.0, 0.010219096355169535)	(82.0, 0.006964213045769786)	(83.0, 0.004065035185752538)	(84.0, 0.0022258357718884982)	(85.0, 0.0012681672543202241)	(86.0, 0.0008375138339975965)	(87.0, 0.0005793597118704965)	(88.0, 0.000422325867995947)	(89.0, 0.00033072279240245993)	(90.0, 0.0002700506254509295)	(91.0, 0.0002545851711299512)	(92.0, 0.00031525733808148164)	(93.0, 0.00036403300170918253)	(94.0, 0.0003818777566949268)	(95.0, 0.00047348083228841383)	(96.0, 0.0005900665648619429)	(97.0, 0.0006531180324782392)	(98.0, 0.0007268763530859821)	(99.0, 0.0008565482393157236)	(100.0, 0.001293149911300266)
fastp | SRR30333768_1	(0.0, 0.00013491514921254124)	(1.0, 9.0344965990541e-05)	(2.0, 5.3002380047784054e-05)	(3.0, 6.0229977327027334e-05)	(4.0, 9.51633641767032e-05)	(5.0, 0.00010600476009556811)	(6.0, 8.432196825783827e-05)	(7.0, 8.311736871129772e-05)	(8.0, 8.79357668974599e-05)	(9.0, 8.79357668974599e-05)	(10.0, 0.00011323235737481139)	(11.0, 0.00020357732336535238)	(12.0, 0.0002662164997854608)	(13.0, 0.000348129268950218)	(14.0, 0.000568570985967138)	(15.0, 0.0009154956553708155)	(16.0, 0.0015153862295480078)	(17.0, 0.0024405186812911477)	(18.0, 0.003759555184753046)	(19.0, 0.005872422789385165)	(20.0, 0.009527177813589183)	(21.0, 0.015417669596172457)	(22.0, 0.02284884419878109)	(23.0, 0.03338909023101087)	(24.0, 0.04926209845577566)	(25.0, 0.07124604018014064)	(26.0, 0.09838205416505953)	(27.0, 0.13700151562714946)	(28.0, 0.1907495427942421)	(29.0, 0.2706723135081143)	(30.0, 0.37719625600824136)	(31.0, 0.4946712129859686)	(32.0, 0.6506740818602487)	(33.0, 0.8502653853260983)	(34.0, 1.080199346769758)	(35.0, 1.3074169362359687)	(36.0, 1.5772014598782822)	(37.0, 1.8693722614935058)	(38.0, 2.0795857237607502)	(39.0, 2.252671018804522)	(40.0, 2.4005886155224214)	(41.0, 2.550187833207292)	(42.0, 2.716693605527859)	(43.0, 2.8862024445179517)	(44.0, 3.082396777262557)	(45.0, 3.296087918420664)	(46.0, 3.467727694008587)	(47.0, 3.620694972025585)	(48.0, 3.811805894683789)	(49.0, 3.9794295353835456)	(50.0, 4.0902237832761585)	(51.0, 4.2034151842663885)	(52.0, 4.310200524868114)	(53.0, 4.3491235454159325)	(54.0, 4.310546244937972)	(55.0, 4.231265525782405)	(56.0, 4.080523143127868)	(57.0, 3.831237289969035)	(58.0, 3.5465217549473507)	(59.0, 3.222690463450402)	(60.0, 2.8372932937293127)	(61.0, 2.419087650758645)	(62.0, 2.014921615502907)	(63.0, 1.6597924185877422)	(64.0, 1.3273795599212384)	(65.0, 1.0087509338657985)	(66.0, 0.7600360608920252)	(67.0, 0.5888721021249859)	(68.0, 0.4542556935999867)	(69.0, 0.3452358208394276)	(70.0, 0.2661502468104011)	(71.0, 0.20411096096446985)	(72.0, 0.16844276839140426)	(73.0, 0.13966006682636445)	(74.0, 0.10067922550031234)	(75.0, 0.07246870871987929)	(76.0, 0.05977222949934193)	(77.0, 0.0464144251277538)	(78.0, 0.02866706000857193)	(79.0, 0.016518673581710518)	(80.0, 0.011535245257672275)	(81.0, 0.009553679003613076)	(82.0, 0.0076311381273343635)	(83.0, 0.0046027748673314285)	(84.0, 0.0022526011520308223)	(85.0, 0.0012335099356575198)	(86.0, 0.0007721483093324905)	(87.0, 0.0005083410086401107)	(88.0, 0.0003529476671363802)	(89.0, 0.00022646471474962277)	(90.0, 0.0001578025405968116)	(91.0, 0.00010480016054902755)	(92.0, 9.636796372324374e-05)	(93.0, 9.51633641767032e-05)	(94.0, 6.866217415281116e-05)	(95.0, 4.095638458237858e-05)	(96.0, 2.5296590477351483e-05)	(97.0, 1.80689931981082e-05)	(98.0, 1.084139591886492e-05)	(99.0, 4.818398186162187e-06)	(100.0, 0.0)
fastp | SRR30333768_2	(0.0, 0.00011803980972079031)	(1.0, 0.0002095808866471175)	(2.0, 0.00046854577532028)	(3.0, 0.0007865305688538376)	(4.0, 0.0010659717510499943)	(5.0, 0.0013189142004516878)	(6.0, 0.0015152457207015736)	(7.0, 0.0016332855304223642)	(8.0, 0.0017067592895342845)	(9.0, 0.0017790285607919112)	(10.0, 0.0018079362692949618)	(11.0, 0.0018055272935863745)	(12.0, 0.0018537068077581257)	(13.0, 0.0018031183178777868)	(14.0, 0.0018537068077581257)	(15.0, 0.0021114672085769943)	(16.0, 0.0025667636175000425)	(17.0, 0.00319068832602422)	(18.0, 0.004207276075048169)	(19.0, 0.006046529028554769)	(20.0, 0.009515454048920853)	(21.0, 0.014423742055168)	(22.0, 0.02106287910803531)	(23.0, 0.030662647306756725)	(24.0, 0.04375904374649298)	(25.0, 0.062156391232976164)	(26.0, 0.09017759667526662)	(27.0, 0.13170592891560753)	(28.0, 0.18659564492362934)	(29.0, 0.26818162973421844)	(30.0, 0.3840605882444057)	(31.0, 0.5372545804806143)	(32.0, 0.7278431026412274)	(33.0, 0.9370783012741626)	(34.0, 1.14301802113775)	(35.0, 1.3658735684270393)	(36.0, 1.6385888904448194)	(37.0, 1.8991376806463782)	(38.0, 2.09294338986581)	(39.0, 2.26281472093257)	(40.0, 2.4054056065874305)	(41.0, 2.53608531185118)	(42.0, 2.695956984751593)	(43.0, 2.846890153285292)	(44.0, 3.019051215763065)	(45.0, 3.2511307310405364)	(46.0, 3.4297659157351377)	(47.0, 3.5577535906445403)	(48.0, 3.722270973198965)	(49.0, 3.8698616879369983)	(50.0, 3.9833184213722013)	(51.0, 4.101788233256974)	(52.0, 4.193831581618542)	(53.0, 4.24535114061025)	(54.0, 4.231275495544972)	(55.0, 4.140041563021491)	(56.0, 3.9772056455116602)	(57.0, 3.7492177754752256)	(58.0, 3.4898566102979998)	(59.0, 3.169244828754228)	(60.0, 2.7934771393866344)	(61.0, 2.4247123424039057)	(62.0, 2.066932474652336)	(63.0, 1.700222533949032)	(64.0, 1.3645919933500708)	(65.0, 1.0832091767327925)	(66.0, 0.8585577380527513)	(67.0, 0.6869820566721654)	(68.0, 0.5437383386002778)	(69.0, 0.432601448772445)	(70.0, 0.3493954277978307)	(71.0, 0.27824392126898867)	(72.0, 0.2263497665545955)	(73.0, 0.1769766049192392)	(74.0, 0.13526880398860852)	(75.0, 0.10653815520013904)	(76.0, 0.0819918972174861)	(77.0, 0.062001012299772264)	(78.0, 0.04313873250153169)	(79.0, 0.027528569909884316)	(80.0, 0.01709168265242872)	(81.0, 0.012436337095583266)	(82.0, 0.009414277069160175)	(83.0, 0.005739384625709856)	(84.0, 0.002979902951522809)	(85.0, 0.0016320810425680702)	(86.0, 0.001051517896798469)	(87.0, 0.0007540093967879055)	(88.0, 0.000549246461557963)	(89.0, 0.00041313933402276613)	(90.0, 0.00035411942916237097)	(91.0, 0.00032280274495073274)	(92.0, 0.00034809698989090205)	(93.0, 0.00038784508908259677)	(94.0, 0.0004432515303801106)	(95.0, 0.000495044508114743)	(96.0, 0.0005179297773463249)	(97.0, 0.0005155208016377373)	(98.0, 0.0005311791437435565)	(99.0, 0.0006203112449612961)	(100.0, 0.0009382960384948536)
qc_bundle_trimmed | SRR30333743_1	(0.0, 0.00012775513046388857)	(1.0, 7.78507826264321e-05)	(2.0, 2.894452174572475e-05)	(3.0, 2.0959826091731717e-05)	(4.0, 1.4971304351236943e-05)	(5.0, 2.4952173918728236e-05)	(6.0, 2.7946434788975622e-05)	(7.0, 2.1957913048480846e-05)	(8.0, 1.596939130798607e-05)	(9.0, 9.980869567491293e-06)	(10.0, 2.4952173918728236e-05)	(11.0, 3.9923478269965173e-05)	(12.0, 4.391582609696169e-05)	(13.0, 7.186226088593731e-05)	(14.0, 0.0001327455652476342)	(15.0, 0.00023854278266304191)	(16.0, 0.00044913913053710823)	(17.0, 0.0008773184349824847)	(18.0, 0.0015071113046911853)	(19.0, 0.002505198261440315)	(20.0, 0.004187972870519347)	(21.0, 0.007034516871167864)	(22.0, 0.010994925915548409)	(23.0, 0.016538300873333075)	(24.0, 0.02428046139683607)	(25.0, 0.034208432355619656)	(26.0, 0.046426014793185755)	(27.0, 0.06280262557952547)	(28.0, 0.08223438054047427)	(29.0, 0.10531214715442765)	(30.0, 0.1361729958571107)	(31.0, 0.17249936873495203)	(32.0, 0.2151346492664046)	(33.0, 0.26749928145224766)	(34.0, 0.34091456564288664)	(35.0, 0.4264037077493198)	(36.0, 0.5272104903809818)	(37.0, 0.6447651721468943)	(38.0, 0.769273525740478)	(39.0, 0.9169145407306363)	(40.0, 1.0869226844215425)	(41.0, 1.2766440435952007)	(42.0, 1.5147097406929164)	(43.0, 1.8178507073706756)	(44.0, 2.1618174229273013)	(45.0, 2.5416543856225333)	(46.0, 2.904935081879211)	(47.0, 3.2461370965656418)	(48.0, 3.6112113550835976)	(49.0, 3.9474987895949956)	(50.0, 4.243811843401633)	(51.0, 4.561932099126284)	(52.0, 4.8741087470234925)	(53.0, 5.089220440289892)	(54.0, 5.198764476140936)	(55.0, 5.249781690935168)	(56.0, 5.183871022572325)	(57.0, 4.9828632960917485)	(58.0, 4.711736966638673)	(59.0, 4.353096376643923)	(60.0, 3.9010019106278806)	(61.0, 3.403058324079653)	(62.0, 2.904857231096585)	(63.0, 2.4336783443805423)	(64.0, 1.9786764510594899)	(65.0, 1.554376710614997)	(66.0, 1.2159952896683397)	(67.0, 0.9751389414395535)	(68.0, 0.7891624045276179)	(69.0, 0.6396240262326796)	(70.0, 0.529242595424923)	(71.0, 0.4416424994049655)	(72.0, 0.3832065042612175)	(73.0, 0.33012125329260156)	(74.0, 0.2693197920613581)	(75.0, 0.22299258787689047)	(76.0, 0.19014255186940637)	(77.0, 0.14820892646854847)	(78.0, 0.09981069184882643)	(79.0, 0.06721416992835662)	(80.0, 0.049496130272146076)	(81.0, 0.03788937705211045)	(82.0, 0.026721782093044443)	(83.0, 0.014062047133638485)	(84.0, 0.005976544697013786)	(85.0, 0.0030960657398357997)	(86.0, 0.0013354403481303351)	(87.0, 0.000585877043611739)	(88.0, 0.0004750893914125856)	(89.0, 0.00044714295662360995)	(90.0, 0.0004730932174990873)	(91.0, 0.00047109704358558904)	(92.0, 0.00044913913053710823)	(93.0, 0.0004181984348778852)	(94.0, 0.0004401563479263661)	(95.0, 0.00046411043488834517)	(96.0, 0.0005050320001150594)	(97.0, 0.0007315977392971119)	(98.0, 0.0013534059133518193)	(99.0, 0.0011857273046179658)	(100.0, 0.0003133993044192266)
qc_bundle_trimmed | SRR30333743_2	(0.0, 0.0010719198942842547)	(1.0, 0.0005970693990592671)	(2.0, 8.715610355395341e-05)	(3.0, 5.610048044852174e-05)	(4.0, 4.5080743217562115e-05)	(5.0, 3.506280028032608e-05)	(6.0, 3.406100598660248e-05)	(7.0, 2.1037680168195653e-05)	(8.0, 2.6046651636813663e-05)	(9.0, 3.606459457404969e-05)	(10.0, 3.205741739915528e-05)	(11.0, 4.2075360336391306e-05)	(12.0, 6.110945191713975e-05)	(13.0, 8.615430926022981e-05)	(14.0, 0.00012822966959662112)	(15.0, 0.0001953498872761025)	(16.0, 0.0003826854202024161)	(17.0, 0.0005930622218843726)	(18.0, 0.0009256579274006087)	(19.0, 0.0016589713504062856)	(20.0, 0.0030053828811708073)	(21.0, 0.004946860222407149)	(22.0, 0.007954246692165405)	(23.0, 0.011588756389794633)	(24.0, 0.01579529062914004)	(25.0, 0.021227019289709412)	(26.0, 0.029321517182996124)	(27.0, 0.04064880526212889)	(28.0, 0.052589191449020516)	(29.0, 0.06819013398517818)	(30.0, 0.09083369040621277)	(31.0, 0.12090054254373923)	(32.0, 0.1589126252247876)	(33.0, 0.20253876312786306)	(34.0, 0.25380758969775585)	(35.0, 0.3212203313110045)	(36.0, 0.4121151311691344)	(37.0, 0.5286708918609944)	(38.0, 0.6801522070149404)	(39.0, 0.873587665395737)	(40.0, 1.0861894522040536)	(41.0, 1.3261582555283118)	(42.0, 1.6163710498599833)	(43.0, 1.9204937579600072)	(44.0, 2.2493407492291295)	(45.0, 2.6296088398007904)	(46.0, 2.972514010393736)	(47.0, 3.2724672506432824)	(48.0, 3.5934992446270666)	(49.0, 3.9000863666896506)	(50.0, 4.186949160903111)	(51.0, 4.48426668036587)	(52.0, 4.7513911216100935)	(53.0, 4.967948994084324)	(54.0, 5.090884180838617)	(55.0, 5.102110287694083)	(56.0, 5.012830380237435)	(57.0, 4.824334769518989)	(58.0, 4.559894135187652)	(59.0, 4.196735689358496)	(60.0, 3.761525192541858)	(61.0, 3.3235888134519977)	(62.0, 2.876774533331159)	(63.0, 2.400565605043882)	(64.0, 1.9569540612800775)	(65.0, 1.5891703311968)	(66.0, 1.302917629708218)	(67.0, 1.0712677261990406)	(68.0, 0.8744622318141578)	(69.0, 0.7281892451932808)	(70.0, 0.6124900186225545)	(71.0, 0.5157377275290227)	(72.0, 0.44893307505206426)	(73.0, 0.38720050708422843)	(74.0, 0.33103991897808327)	(75.0, 0.2864370316386273)	(76.0, 0.24289804983910585)	(77.0, 0.20591781528059278)	(78.0, 0.16410993402062565)	(79.0, 0.11968336247686506)	(80.0, 0.0887048775320501)	(81.0, 0.07338043022096015)	(82.0, 0.0599443651535392)	(83.0, 0.04237790221309583)	(84.0, 0.030652901799354787)	(85.0, 0.02554274910707069)	(86.0, 0.02343397211878251)	(87.0, 0.02206552111355607)	(88.0, 0.021196965460897707)	(89.0, 0.02042458206043681)	(90.0, 0.01990765620487543)	(91.0, 0.01908818847260952)	(92.0, 0.017923101709008973)	(93.0, 0.017172757783009994)	(94.0, 0.016514578932033588)	(95.0, 0.016309211101820247)	(96.0, 0.017568466529030817)	(97.0, 0.0247493280264416)	(98.0, 0.04676175404243032)	(99.0, 0.10380191753846478)	(100.0, 0.44441999175883945)
qc_bundle_trimmed | SRR30333744_1	(0.0, 4.417110383809347e-05)	(1.0, 3.754543826237945e-05)	(2.0, 1.987699672714206e-05)	(3.0, 1.2147053555475705e-05)	(4.0, 1.2147053555475705e-05)	(5.0, 8.834220767618695e-06)	(6.0, 1.4355608747380377e-05)	(7.0, 1.325133115142804e-05)	(8.0, 9.93849836357103e-06)	(9.0, 1.5459886343332715e-05)	(10.0, 1.5459886343332715e-05)	(11.0, 2.5398384706903747e-05)	(12.0, 4.417110383809347e-05)	(13.0, 6.515237816118787e-05)	(14.0, 0.00012147053555475704)	(15.0, 0.0001833100809280879)	(16.0, 0.0003268661684018917)	(17.0, 0.0006537323368037834)	(18.0, 0.0011407187566187637)	(19.0, 0.0018275794213011174)	(20.0, 0.0029771323986874996)	(21.0, 0.005000168954472181)	(22.0, 0.007814972546554687)	(23.0, 0.011978099083294997)	(24.0, 0.017572369384389535)	(25.0, 0.02490477262151305)	(26.0, 0.034017271343311735)	(27.0, 0.04554372088986222)	(28.0, 0.05956694208086095)	(29.0, 0.07600080126382362)	(30.0, 0.09828622742773772)	(31.0, 0.1259042101025057)	(32.0, 0.15822420678083868)	(33.0, 0.19904493239281273)	(34.0, 0.2551830925382417)	(35.0, 0.32458031377827035)	(36.0, 0.41396937661542005)	(37.0, 0.5267878972058906)	(38.0, 0.6657336257165933)	(39.0, 0.8428807333816712)	(40.0, 1.047924101675697)	(41.0, 1.2873281716453757)	(42.0, 1.5740229296617134)	(43.0, 1.907333662113583)	(44.0, 2.2706420954594977)	(45.0, 2.6574086977762277)	(46.0, 3.0246284823670058)	(47.0, 3.368069857484142)	(48.0, 3.72375214975241)	(49.0, 4.056508534851112)	(50.0, 4.3554950067879945)	(51.0, 4.6604423691878285)	(52.0, 4.96414631501462)	(53.0, 5.177260848257461)	(54.0, 5.277307294173147)	(55.0, 5.319481864117758)	(56.0, 5.249960963786983)	(57.0, 5.0425621713807915)	(58.0, 4.75465712511929)	(59.0, 4.386284474718337)	(60.0, 3.9238649185805086)	(61.0, 3.413866457943477)	(62.0, 2.908475043436759)	(63.0, 2.43133436266729)	(64.0, 1.9742760742578094)	(65.0, 1.5407797569131643)	(66.0, 1.1940895971087362)	(67.0, 0.943947531796017)	(68.0, 0.7483170257298889)	(69.0, 0.5929871305280413)	(70.0, 0.47574045677780186)	(71.0, 0.38409756336731343)	(72.0, 0.32596397360599866)	(73.0, 0.27430807622254016)	(74.0, 0.21452469573287258)	(75.0, 0.17028623096142603)	(76.0, 0.14172409094211885)	(77.0, 0.10952887763212846)	(78.0, 0.07284919300497565)	(79.0, 0.0481343561299664)	(80.0, 0.03487198220257884)	(81.0, 0.026826215638470114)	(82.0, 0.018788179017533057)	(83.0, 0.009376421067231291)	(84.0, 0.004061532997912695)	(85.0, 0.002321191506691812)	(86.0, 0.0011418230342147163)	(87.0, 0.0006371681728644982)	(88.0, 0.0005664944067235488)	(89.0, 0.0005642858515316441)	(90.0, 0.000554347353168073)	(91.0, 0.0005664944067235488)	(92.0, 0.0005720157947033105)	(93.0, 0.0005433045772085497)	(94.0, 0.0004991334733704561)	(95.0, 0.00046269231270402913)	(96.0, 0.00044723242636069636)	(97.0, 0.0005642858515316441)	(98.0, 0.0008116440330249675)	(99.0, 0.0006890692198742581)	(100.0, 0.00025950523504879915)
qc_bundle_trimmed | SRR30333744_2	(0.0, 0.00045227448338864)	(1.0, 0.00024830755950748865)	(2.0, 3.436399261041137e-05)	(3.0, 2.2170317813168624e-05)	(4.0, 2.2170317813168624e-05)	(5.0, 2.1061801922510195e-05)	(6.0, 1.8844770141193332e-05)	(7.0, 2.2170317813168624e-05)	(8.0, 2.1061801922510195e-05)	(9.0, 1.662773835987647e-05)	(10.0, 2.771289726646078e-05)	(11.0, 3.9906572063703524e-05)	(12.0, 4.434063562633725e-05)	(13.0, 5.542579453292156e-05)	(14.0, 9.422385070596666e-05)	(15.0, 0.00016627738359876467)	(16.0, 0.00027491194088329095)	(17.0, 0.0004323211973567882)	(18.0, 0.0006562414072697914)	(19.0, 0.0010907796364078963)	(20.0, 0.002125024962392213)	(21.0, 0.003619304382999778)	(22.0, 0.0057942125604716205)	(23.0, 0.008266202996639922)	(24.0, 0.011189359400306204)	(25.0, 0.015479315897154334)	(26.0, 0.02134890753819073)	(27.0, 0.029437747992325302)	(28.0, 0.038627344725883694)	(29.0, 0.05046075185866245)	(30.0, 0.06773364646690214)	(31.0, 0.08986184067622574)	(32.0, 0.11778203041423964)	(33.0, 0.15356048930113117)	(34.0, 0.20048950953215583)	(35.0, 0.26380239462711214)	(36.0, 0.3525801067622739)	(37.0, 0.47417432332448795)	(38.0, 0.642462554748907)	(39.0, 0.8592915885093682)	(40.0, 1.0968554120045952)	(41.0, 1.3615800918527352)	(42.0, 1.6714490813479397)	(43.0, 1.98881939787523)	(44.0, 2.3112157254507655)	(45.0, 2.6728512985238284)	(46.0, 3.0125072185169155)	(47.0, 3.3085907043958915)	(48.0, 3.624429051962292)	(49.0, 3.9333247645054983)	(50.0, 4.217538262227304)	(51.0, 4.508612364796395)	(52.0, 4.765842368707793)	(53.0, 4.971570724339201)	(54.0, 5.0899757406839905)	(55.0, 5.110011056891752)	(56.0, 5.037051866516285)	(57.0, 4.849530884388942)	(58.0, 4.579454289820704)	(59.0, 4.208940612979357)	(60.0, 3.7679907279296843)	(61.0, 3.334034469634175)	(62.0, 2.888720357522979)	(63.0, 2.407332921297977)	(64.0, 1.9602086027373358)	(65.0, 1.5891861171021777)	(66.0, 1.2955014596105863)	(67.0, 1.0613396713837897)	(68.0, 0.860171750126551)	(69.0, 0.7068529172895833)	(70.0, 0.5916237989715301)	(71.0, 0.4997145294452582)	(72.0, 0.43194097640629237)	(73.0, 0.3688985691886567)	(74.0, 0.31093094771845536)	(75.0, 0.26414714306910697)	(76.0, 0.2216566204642786)	(77.0, 0.18501795324623613)	(78.0, 0.14668436523137693)	(79.0, 0.11010444935553934)	(80.0, 0.08358764073509901)	(81.0, 0.0688410538416699)	(82.0, 0.05755857910654838)	(83.0, 0.044465897921981655)	(84.0, 0.03551352358902416)	(85.0, 0.030981910628012498)	(86.0, 0.02899101608838995)	(87.0, 0.027675207726178395)	(88.0, 0.026640962400194076)	(89.0, 0.025661034352852025)	(90.0, 0.0248030430534824)	(91.0, 0.02375660405270084)	(92.0, 0.02237206770526846)	(93.0, 0.02145975912725657)	(94.0, 0.020483156627586492)	(95.0, 0.02005305246201102)	(96.0, 0.021760166933625008)	(97.0, 0.030450931516387107)	(98.0, 0.057157296354130034)	(99.0, 0.12396533205233237)	(100.0, 0.46976464711144866)
qc_bundle_trimmed | SRR30333745_1	(0.0, 0.00011712198448144163)	(1.0, 7.320124030090101e-05)	(2.0, 3.450915614185334e-05)	(3.0, 2.9280496120360408e-05)	(4.0, 2.5097568103166066e-05)	(5.0, 2.7189032111763237e-05)	(6.0, 1.8823176077374546e-05)	(7.0, 2.091464008597172e-05)	(8.0, 2.5097568103166066e-05)	(9.0, 3.0326228124658992e-05)	(10.0, 3.450915614185334e-05)	(11.0, 3.5554888146151925e-05)	(12.0, 5.22866002149293e-05)	(13.0, 7.738416831809536e-05)	(14.0, 0.00011816771648574021)	(15.0, 0.00019346042079523842)	(16.0, 0.0003545031494572206)	(17.0, 0.0007100520309187399)	(18.0, 0.001190043020891791)	(19.0, 0.0019513359200211615)	(20.0, 0.003304513133583531)	(21.0, 0.005490093022567576)	(22.0, 0.008486115214883025)	(23.0, 0.012982762833366943)	(24.0, 0.0192289200950424)	(25.0, 0.027128379655513915)	(26.0, 0.03661630613051499)	(27.0, 0.05000167578553689)	(28.0, 0.06643326276908057)	(29.0, 0.08530767971466575)	(30.0, 0.11064576617882049)	(31.0, 0.14034141790488744)	(32.0, 0.17639407448508548)	(33.0, 0.22163871538306812)	(34.0, 0.28215418073982296)	(35.0, 0.3558678297228303)	(36.0, 0.44662795610790884)	(37.0, 0.555178075350115)	(38.0, 0.6775768235252473)	(39.0, 0.8299274277674996)	(40.0, 1.0098079727549165)	(41.0, 1.2174683884365256)	(42.0, 1.473584888001318)	(43.0, 1.7918387832615326)	(44.0, 2.1554073834640177)	(45.0, 2.545510387543575)	(46.0, 2.9150752150587085)	(47.0, 3.269923456077348)	(48.0, 3.643737092725946)	(49.0, 3.9878603063084985)	(50.0, 4.287784610997368)	(51.0, 4.6033164658503924)	(52.0, 4.924976310248608)	(53.0, 5.156191839327042)	(54.0, 5.274610531493814)	(55.0, 5.329080620133719)	(56.0, 5.26967363070152)	(57.0, 5.067896503276096)	(58.0, 4.780783461371888)	(59.0, 4.416187952341182)	(60.0, 3.961439887219895)	(61.0, 3.4571879147471165)	(62.0, 2.952705881233393)	(63.0, 2.474005324553646)	(64.0, 2.0107178118852564)	(65.0, 1.5756849322410105)	(66.0, 1.2300558645722677)	(67.0, 0.9813943884661197)	(68.0, 0.7874518852168997)	(69.0, 0.6299855600096186)	(70.0, 0.514194792369649)	(71.0, 0.4240756997032056)	(72.0, 0.3657144422753058)	(73.0, 0.3134184304723378)	(74.0, 0.2515152787458787)	(75.0, 0.2047229544815342)	(76.0, 0.17740738879725082)	(77.0, 0.1411623175282618)	(78.0, 0.09413365783094581)	(79.0, 0.0634539722888339)	(80.0, 0.04889319986098038)	(81.0, 0.039186715397080914)	(82.0, 0.028876843566701154)	(83.0, 0.01577382155283987)	(84.0, 0.00703986785293808)	(85.0, 0.0039246322121325936)	(86.0, 0.0017390523231485483)	(87.0, 0.00071737215494883)	(88.0, 0.0005218202701449944)	(89.0, 0.0004904483100160368)	(90.0, 0.0005040428260719185)	(91.0, 0.0005082257540891128)	(92.0, 0.0004925397740246341)	(93.0, 0.0004778995259644538)	(94.0, 0.0004350245137882118)	(95.0, 0.0004130641416979414)	(96.0, 0.00042561292574952453)	(97.0, 0.0004569848858784821)	(98.0, 0.0006619483587210049)	(99.0, 0.0006232562745619572)	(100.0, 0.00024260982499727193)
qc_bundle_trimmed | SRR30333745_2	(0.0, 0.000816634847647952)	(1.0, 0.00046919765668204953)	(2.0, 8.082375741502867e-05)	(3.0, 3.463875317786943e-05)	(4.0, 3.044011642903677e-05)	(5.0, 2.8340798054620445e-05)	(6.0, 3.044011642903677e-05)	(7.0, 2.4142161305787785e-05)	(8.0, 2.099318374416329e-05)	(9.0, 3.2539434803453104e-05)	(10.0, 3.8837389926702086e-05)	(11.0, 3.6738071552285763e-05)	(12.0, 5.038364098599189e-05)	(13.0, 7.977409822782052e-05)	(14.0, 9.446932684873481e-05)	(15.0, 0.00015010126377076755)	(16.0, 0.000273961047861331)	(17.0, 0.00043980719944022097)	(18.0, 0.0007190165432375927)	(19.0, 0.0012732365940835036)	(20.0, 0.002392173287647407)	(21.0, 0.004036989234002601)	(22.0, 0.006372480925540767)	(23.0, 0.009237000847431847)	(24.0, 0.012606406838370056)	(25.0, 0.017098948159621)	(26.0, 0.02391648458053803)	(27.0, 0.03333927510410572)	(28.0, 0.04328899453965192)	(29.0, 0.055986721727309084)	(30.0, 0.07458773218382497)	(31.0, 0.09936703661624811)	(32.0, 0.13028369831627737)	(33.0, 0.16799165495754348)	(34.0, 0.2155874011423105)	(35.0, 0.2760960546481124)	(36.0, 0.35935502137746395)	(37.0, 0.4717945135112026)	(38.0, 0.6215745815706843)	(39.0, 0.8150645575038886)	(40.0, 1.03174570351927)	(41.0, 1.2791115365543078)	(42.0, 1.5752571313372832)	(43.0, 1.8871822526815591)	(44.0, 2.218307739878247)	(45.0, 2.594526585757397)	(46.0, 2.9477222070243236)	(47.0, 3.256752368330279)	(48.0, 3.578681791387836)	(49.0, 3.892625407349113)	(50.0, 4.183311724699419)	(51.0, 4.4820909143831)	(52.0, 4.755432663323978)	(53.0, 4.9869234508116795)	(54.0, 5.1169751744475835)	(55.0, 5.129099787719025)	(56.0, 5.057325142156918)	(57.0, 4.871817824342433)	(58.0, 4.600598486278089)	(59.0, 4.236664851526023)	(60.0, 3.7975840162433503)	(61.0, 3.362290351308124)	(62.0, 2.913648170489172)	(63.0, 2.431085203376401)	(64.0, 1.9835399164080816)	(65.0, 1.613524556325331)	(66.0, 1.323294840721461)	(67.0, 1.0868759033498172)	(68.0, 0.8842108564612264)	(69.0, 0.7321834680819319)	(70.0, 0.6223649749386521)	(71.0, 0.5304641641210157)	(72.0, 0.46118665776527684)	(73.0, 0.3980654025425139)	(74.0, 0.34148562337443217)	(75.0, 0.2981630397407896)	(76.0, 0.2555090890093986)	(77.0, 0.2186754984710769)	(78.0, 0.17689171520588154)	(79.0, 0.13212585018982773)	(80.0, 0.10081556629459537)	(81.0, 0.08530475248522032)	(82.0, 0.07137892404852961)	(83.0, 0.053042427707190185)	(84.0, 0.03992168786708812)	(85.0, 0.03360273956009497)	(86.0, 0.030617508831674953)	(87.0, 0.028889769809530313)	(88.0, 0.027492673431356248)	(89.0, 0.02594652544859862)	(90.0, 0.025143536170384374)	(91.0, 0.0244654563354479)	(92.0, 0.02304736677352967)	(93.0, 0.021498069813210417)	(94.0, 0.02053553233854053)	(95.0, 0.020151357076022343)	(96.0, 0.02124090331234442)	(97.0, 0.029238256659683423)	(98.0, 0.054070044051466974)	(99.0, 0.11681447162602222)	(100.0, 0.4567581456544456)
qc_bundle_trimmed | SRR30333746_1	(0.0, 7.816935518714786e-05)	(1.0, 5.9219208475112014e-05)	(2.0, 3.197837257656049e-05)	(3.0, 1.6581378373031365e-05)	(4.0, 1.0659457525520161e-05)	(5.0, 1.0659457525520161e-05)	(6.0, 1.4212610034026883e-05)	(7.0, 1.3028225864524644e-05)	(8.0, 8.290689186515683e-06)	(9.0, 1.3028225864524644e-05)	(10.0, 1.8950146712035844e-05)	(11.0, 2.2503299220542567e-05)	(12.0, 2.2503299220542567e-05)	(13.0, 6.0403592644614255e-05)	(14.0, 9.830388606868595e-05)	(15.0, 0.00014094171617076658)	(16.0, 0.0002901741215280489)	(17.0, 0.0006052203106156448)	(18.0, 0.001064761368382514)	(19.0, 0.0016901162098796971)	(20.0, 0.002760799499109722)	(21.0, 0.004685423774550863)	(22.0, 0.007302912789150814)	(23.0, 0.011143870650846578)	(24.0, 0.01664770388652349)	(25.0, 0.023359608975092684)	(26.0, 0.03153541289716665)	(27.0, 0.04304644264055892)	(28.0, 0.056883602892853595)	(29.0, 0.07260393397465682)	(30.0, 0.09349291757216785)	(31.0, 0.11903534657165317)	(32.0, 0.14996198600569566)	(33.0, 0.1897549253326319)	(34.0, 0.24365151135000088)	(35.0, 0.31122891890929016)	(36.0, 0.4013048881524441)	(37.0, 0.5167219410862679)	(38.0, 0.6585614204575172)	(39.0, 0.8390331426695905)	(40.0, 1.0523087532243676)	(41.0, 1.3010993074858386)	(42.0, 1.5997500665150148)	(43.0, 1.947346685733041)	(44.0, 2.315309975129827)	(45.0, 2.6982213771299017)	(46.0, 3.070851140154527)	(47.0, 3.4215449239758016)	(48.0, 3.778446065229437)	(49.0, 4.110803213338478)	(50.0, 4.396405611972248)	(51.0, 4.693819873928464)	(52.0, 4.988989727883474)	(53.0, 5.18753633690632)	(54.0, 5.282226666873855)	(55.0, 5.3206255860332865)	(56.0, 5.240378821012833)	(57.0, 5.018324554993705)	(58.0, 4.7238700690770745)	(59.0, 4.349925639624302)	(60.0, 3.8822372031554266)	(61.0, 3.368358968460134)	(62.0, 2.8549059276816924)	(63.0, 2.3784210699859236)	(64.0, 1.927276111596656)	(65.0, 1.49956419400099)	(66.0, 1.163317528279304)	(67.0, 0.9270624960678446)	(68.0, 0.7399819101899487)	(69.0, 0.5865852100926965)	(70.0, 0.4751074189066372)	(71.0, 0.38746772790014944)	(72.0, 0.3339051382185801)	(73.0, 0.28697154673371483)	(74.0, 0.2231699559067986)	(75.0, 0.17423949271215258)	(76.0, 0.14730304354516313)	(77.0, 0.11486749867917478)	(78.0, 0.0741199457116197)	(79.0, 0.0476335625290411)	(80.0, 0.03635704085121027)	(81.0, 0.029570519559962434)	(82.0, 0.02167186153355199)	(83.0, 0.011353506648848474)	(84.0, 0.004552772747566612)	(85.0, 0.002311917898868373)	(86.0, 0.0010458112216704782)	(87.0, 0.0005033632720384521)	(88.0, 0.00042164076434279753)	(89.0, 0.0004003218492917572)	(90.0, 0.0003979530809527527)	(91.0, 0.0003932155442747438)	(92.0, 0.0003659747083761922)	(93.0, 0.00038374047091872587)	(94.0, 0.00036479032420669)	(95.0, 0.0003138618049180937)	(96.0, 0.00034584017749465416)	(97.0, 0.0004086125384782729)	(98.0, 0.0006099578472936537)	(99.0, 0.0006537800615652367)	(100.0, 0.0003067554999010802)
qc_bundle_trimmed | SRR30333746_2	(0.0, 0.0006056883902112538)	(1.0, 0.00034797391829783795)	(2.0, 6.175646331565725e-05)	(3.0, 3.2065855952360496e-05)	(4.0, 2.2564861596105533e-05)	(5.0, 1.3063867239850573e-05)	(6.0, 1.5439115828914313e-05)	(7.0, 1.900198871250992e-05)	(8.0, 2.2564861596105533e-05)	(9.0, 2.1377237301573664e-05)	(10.0, 1.900198871250992e-05)	(11.0, 2.8502983068764884e-05)	(12.0, 3.5628728835956104e-05)	(13.0, 4.275447460314733e-05)	(14.0, 9.025944638442213e-05)	(15.0, 0.00014607778822742004)	(16.0, 0.0002434629803790334)	(17.0, 0.00038835314431192154)	(18.0, 0.0006330037489854868)	(19.0, 0.0010641113679005557)	(20.0, 0.0019702687046283724)	(21.0, 0.0033633520021142563)	(22.0, 0.005436944020366902)	(23.0, 0.007896513934342405)	(24.0, 0.010967710360001822)	(25.0, 0.015042449314540667)	(26.0, 0.02117296592291418)	(27.0, 0.029455457752979444)	(28.0, 0.03846358802700368)	(29.0, 0.050272136387534055)	(30.0, 0.0669012517595693)	(31.0, 0.0880635290638327)	(32.0, 0.11605702131024342)	(33.0, 0.15229025091211623)	(34.0, 0.20045435417685625)	(35.0, 0.2652594490565768)	(36.0, 0.35605926449501096)	(37.0, 0.48221465518165885)	(38.0, 0.6553405867170422)	(39.0, 0.8764441645029242)	(40.0, 1.120095977144788)	(41.0, 1.3908481885635748)	(42.0, 1.708399922932684)	(43.0, 2.0371283895376333)	(44.0, 2.3698009564247227)	(45.0, 2.735943151180309)	(46.0, 3.0810109528294274)	(47.0, 3.385471504599912)	(48.0, 3.7023985485900983)	(49.0, 4.008400636694885)	(50.0, 4.287532725135889)	(51.0, 4.573727615256473)	(52.0, 4.823051521529022)	(53.0, 5.015412216138643)	(54.0, 5.120511028083241)	(55.0, 5.117566907457097)	(56.0, 5.025265934910374)	(57.0, 4.828716489413939)	(58.0, 4.547816028398377)	(59.0, 4.169435365287639)	(60.0, 3.724256773730957)	(61.0, 3.290610014074179)	(62.0, 2.843315076024641)	(63.0, 2.3595410701442616)	(64.0, 1.9189621474803014)	(65.0, 1.5582984635953903)	(66.0, 1.2714907593388272)	(67.0, 1.0426818751300226)	(68.0, 0.8447892265564716)	(69.0, 0.696883684539767)	(70.0, 0.5886008518615292)	(71.0, 0.493922255477154)	(72.0, 0.4225899774746863)	(73.0, 0.357292018512735)	(74.0, 0.29800937660258764)	(75.0, 0.25294853561945946)	(76.0, 0.21196243359087008)	(77.0, 0.1761757507237412)	(78.0, 0.13653997751803457)	(79.0, 0.09750276695677201)	(80.0, 0.07188452329942503)	(81.0, 0.060528459795111296)	(82.0, 0.04982558965279008)	(83.0, 0.034977910722552644)	(84.0, 0.024875978473264556)	(85.0, 0.020731169685348327)	(86.0, 0.01905186893288026)	(87.0, 0.01801626054804847)	(88.0, 0.017290622104089496)	(89.0, 0.016426031617670298)	(90.0, 0.015690892179355067)	(91.0, 0.01517071273835011)	(92.0, 0.01461727981709826)	(93.0, 0.013981900819523706)	(94.0, 0.013573358062204742)	(95.0, 0.013479535742936727)	(96.0, 0.014769295726798339)	(97.0, 0.021345171445621303)	(98.0, 0.039958807013819306)	(99.0, 0.08732601437692841)	(100.0, 0.33459295537134737)
qc_bundle_trimmed | SRR30333747_1	(0.0, 2.187819011359594e-05)	(1.0, 2.0662735107285054e-05)	(2.0, 1.2154550063108854e-05)	(3.0, 2.430910012621771e-06)	(4.0, 1.2154550063108855e-06)	(5.0, 7.292730037865313e-06)	(6.0, 1.337000506941974e-05)	(7.0, 1.093909505679797e-05)	(8.0, 6.077275031554427e-06)	(9.0, 7.292730037865313e-06)	(10.0, 1.4585460075730626e-05)	(11.0, 2.430910012621771e-05)	(12.0, 4.375638022719188e-05)	(13.0, 6.320366032816605e-05)	(14.0, 0.00012033004562477766)	(15.0, 0.00020419644106022878)	(16.0, 0.0003464046767986024)	(17.0, 0.0007001020836350701)	(18.0, 0.0012689350265885646)	(19.0, 0.002111245345962008)	(20.0, 0.0034409531228661167)	(21.0, 0.005645788504314063)	(22.0, 0.008602990534668448)	(23.0, 0.013085588597942994)	(24.0, 0.01936827552556396)	(25.0, 0.027780439624241596)	(26.0, 0.03760010062022724)	(27.0, 0.05013994992033665)	(28.0, 0.06635290424951755)	(29.0, 0.08554250788915381)	(30.0, 0.11107070938670134)	(31.0, 0.14571725434159313)	(32.0, 0.1894857891188481)	(33.0, 0.24885955072212856)	(34.0, 0.33338229186098756)	(35.0, 0.44439709031739855)	(36.0, 0.6010036060605308)	(37.0, 0.8027679216531316)	(38.0, 1.0394036413767915)	(39.0, 1.3093768610135466)	(40.0, 1.6015187645104056)	(41.0, 1.906456978313706)	(42.0, 2.2306735239721034)	(43.0, 2.5743264106364174)	(44.0, 2.901207233668648)	(45.0, 3.243831845397624)	(46.0, 3.57963289272117)	(47.0, 3.875158622955598)	(48.0, 4.166480094323198)	(49.0, 4.423523303602818)	(50.0, 4.623017149243629)	(51.0, 4.8036787350166605)	(52.0, 4.965568833672227)	(53.0, 5.0471343727807305)	(54.0, 5.01779207347338)	(55.0, 4.922073776271391)	(56.0, 4.744757122675728)	(57.0, 4.465863678747657)	(58.0, 4.144443895058782)	(59.0, 3.7657931969427514)	(60.0, 3.31727206778894)	(61.0, 2.844833215020943)	(62.0, 2.3763069119182605)	(63.0, 1.9355671257148517)	(64.0, 1.5365393244180194)	(65.0, 1.1818318744713074)	(66.0, 0.9090655392300501)	(67.0, 0.7187094843266834)	(68.0, 0.5640246029485285)	(69.0, 0.4385641217421126)	(70.0, 0.3459525275362547)	(71.0, 0.2728319698115982)	(72.0, 0.22866233488226057)	(73.0, 0.19185349547114172)	(74.0, 0.14791601244800953)	(75.0, 0.11616711222816288)	(76.0, 0.09557001169121862)	(77.0, 0.0726003429819555)	(78.0, 0.04802384275434939)	(79.0, 0.031949450295887936)	(80.0, 0.02337563068137095)	(81.0, 0.017823432212542824)	(82.0, 0.012147257333070989)	(83.0, 0.006610859779324906)	(84.0, 0.0033510094523991115)	(85.0, 0.00192163436497751)	(86.0, 0.001115787695793393)	(87.0, 0.0007462893738748837)	(88.0, 0.0006514838833826346)	(89.0, 0.000583418403029225)	(90.0, 0.0005894956780607794)	(91.0, 0.000605296593142821)	(92.0, 0.0005907111330670904)	(93.0, 0.0005639711229282508)	(94.0, 0.0005153529226758155)	(95.0, 0.0004715965424486236)	(96.0, 0.0005189992876947481)	(97.0, 0.0006150202331933081)	(98.0, 0.0008629730544807287)	(99.0, 0.0008216475842661587)	(100.0, 0.00031966466665976287)
qc_bundle_trimmed | SRR30333747_2	(0.0, 0.0002513282085803548)	(1.0, 0.00013908454261242937)	(2.0, 2.196071725459411e-05)	(3.0, 1.3420438322251957e-05)	(4.0, 8.540278932342153e-06)	(5.0, 7.320239084864703e-06)	(6.0, 1.3420438322251957e-05)	(7.0, 1.4640478169729405e-05)	(8.0, 1.9520637559639207e-05)	(9.0, 3.172103603441372e-05)	(10.0, 2.6840876644503914e-05)	(11.0, 2.6840876644503914e-05)	(12.0, 3.9041275119278414e-05)	(13.0, 5.856191267891762e-05)	(14.0, 9.638314795071859e-05)	(15.0, 0.0001403045824599068)	(16.0, 0.0002562083679702646)	(17.0, 0.00045019470371917924)	(18.0, 0.0007198235100116958)	(19.0, 0.00117245829342583)	(20.0, 0.0021057887767460797)	(21.0, 0.0036552393830424413)	(22.0, 0.005872051785908969)	(23.0, 0.008835528575431698)	(24.0, 0.012113775645603607)	(25.0, 0.016698685392423866)	(26.0, 0.023530908538297587)	(27.0, 0.033200944369403865)	(28.0, 0.045038991009477565)	(29.0, 0.05994909798549948)	(30.0, 0.08219408452455584)	(31.0, 0.11359425007908298)	(32.0, 0.15872352403727388)	(33.0, 0.22144821267578457)	(34.0, 0.31087225333649177)	(35.0, 0.4340303957799505)	(36.0, 0.6032340621070557)	(37.0, 0.816844738802645)	(38.0, 1.062291135278311)	(39.0, 1.3458003349155785)	(40.0, 1.642272457932294)	(41.0, 1.9413469259436786)	(42.0, 2.2536319854235494)	(43.0, 2.5540680179047195)	(44.0, 2.8484855938182827)	(45.0, 3.1743435966013402)	(46.0, 3.4810628342970182)	(47.0, 3.731016057969266)	(48.0, 3.982490671331318)	(49.0, 4.2170482121682475)	(50.0, 4.418187641542922)	(51.0, 4.605097746176468)	(52.0, 4.750975470659652)	(53.0, 4.837517777200617)	(54.0, 4.829254447313653)	(55.0, 4.741143169528832)	(56.0, 4.57792501869345)	(57.0, 4.324824092214711)	(58.0, 4.017843765991672)	(59.0, 3.639320303112556)	(60.0, 3.216441071538549)	(61.0, 2.813292324377948)	(62.0, 2.4029233813999755)	(63.0, 1.9790559175495117)	(64.0, 1.5982607404743925)	(65.0, 1.2810577003693402)	(66.0, 1.034726775004253)	(67.0, 0.8456816006376221)	(68.0, 0.6854903686638328)	(69.0, 0.5626091752657515)	(70.0, 0.46868196752800506)	(71.0, 0.38981615170736766)	(72.0, 0.3311871368368388)	(73.0, 0.28073848914364624)	(74.0, 0.2363412390939418)	(75.0, 0.202514414282782)	(76.0, 0.17111058860871242)	(77.0, 0.1413281958919404)	(78.0, 0.11222170525067084)	(79.0, 0.08734265268091068)	(80.0, 0.06959473301965621)	(81.0, 0.05892182443392347)	(82.0, 0.05022904052064663)	(83.0, 0.040751770985441804)	(84.0, 0.03423675819991222)	(85.0, 0.030726703558719592)	(86.0, 0.028495250677683333)	(87.0, 0.027136126287593453)	(88.0, 0.026354080745360407)	(89.0, 0.025267025241258)	(90.0, 0.024297093562513427)	(91.0, 0.02332838192361633)	(92.0, 0.0221937448654623)	(93.0, 0.02097858517737476)	(94.0, 0.020139197762310275)	(95.0, 0.019829307641051)	(96.0, 0.021606905698825646)	(97.0, 0.03118909866091354)	(98.0, 0.05873759841695437)	(99.0, 0.12784553553746708)	(100.0, 0.46592223739301103)
qc_bundle_trimmed | SRR30333748_1	(0.0, 2.4461233870959913e-05)	(1.0, 1.6052684727817443e-05)	(2.0, 7.644135584674972e-06)	(3.0, 5.350894909272481e-06)	(4.0, 6.879722026207475e-06)	(5.0, 6.115308467739978e-06)	(6.0, 4.586481350804984e-06)	(7.0, 6.879722026207475e-06)	(8.0, 8.40854914314247e-06)	(9.0, 1.0701789818544962e-05)	(10.0, 1.0701789818544962e-05)	(11.0, 2.75188881048299e-05)	(12.0, 4.8922467741919825e-05)	(13.0, 6.650397958667227e-05)	(14.0, 0.0001123687930947221)	(15.0, 0.00020409842011082175)	(16.0, 0.0004081968402216435)	(17.0, 0.000837797260080377)	(18.0, 0.0014294533543342198)	(19.0, 0.0023092933601303093)	(20.0, 0.0036668918399685845)	(21.0, 0.006043453593244034)	(22.0, 0.009445093928424396)	(23.0, 0.014095786018140651)	(24.0, 0.020492398675396668)	(25.0, 0.028839030320303268)	(26.0, 0.03854708251284048)	(27.0, 0.0511950692512437)	(28.0, 0.06692517145738786)	(29.0, 0.0855623384263839)	(30.0, 0.10990967467713215)	(31.0, 0.14121546755061004)	(32.0, 0.1797847180566461)	(33.0, 0.23079938570809144)	(34.0, 0.3033903904608404)	(35.0, 0.3969309131969496)	(36.0, 0.528575158581988)	(37.0, 0.7025266367739688)	(38.0, 0.9142470244762699)	(39.0, 1.1585451892133387)	(40.0, 1.4275392627838173)	(41.0, 1.7202102819142682)	(42.0, 2.0365345497843785)	(43.0, 2.375256899331145)	(44.0, 2.706299950269547)	(45.0, 3.052310218682743)	(46.0, 3.3897254210445302)	(47.0, 3.693070711105421)	(48.0, 4.013270555716962)	(49.0, 4.307008696175033)	(50.0, 4.532988454396987)	(51.0, 4.747982825370204)	(52.0, 4.95823936110804)	(53.0, 5.086501840910419)	(54.0, 5.104686475052802)	(55.0, 5.064441630026605)	(56.0, 4.9255667967920225)	(57.0, 4.672110193210955)	(58.0, 4.38470369025767)	(59.0, 4.029494469081875)	(60.0, 3.581011505501878)	(61.0, 3.0914741829372665)	(62.0, 2.5964330827516893)	(63.0, 2.124130228276286)	(64.0, 1.6969782250453238)	(65.0, 1.3143342012561317)	(66.0, 1.00830581960502)	(67.0, 0.7911366920579626)	(68.0, 0.6132935844398238)	(69.0, 0.4688347101606362)	(70.0, 0.35934775618133663)	(71.0, 0.27191184012314884)	(72.0, 0.21711026770305553)	(73.0, 0.175176833126204)	(74.0, 0.1312964372159358)	(75.0, 0.09887765820132924)	(76.0, 0.07658659442285855)	(77.0, 0.05599711522553651)	(78.0, 0.036064267274938056)	(79.0, 0.021947077677160313)	(80.0, 0.014548318844753407)	(81.0, 0.010603180469502654)	(82.0, 0.006971451653223576)	(83.0, 0.00349107672152106)	(84.0, 0.0016213211575095618)	(85.0, 0.0009845646633061364)	(86.0, 0.0006405785619957627)	(87.0, 0.0005205656333163657)	(88.0, 0.0004907535045361333)	(89.0, 0.0004662922706651733)	(90.0, 0.00046094137575590087)	(91.0, 0.00046094137575590087)	(92.0, 0.0004510039994958234)	(93.0, 0.0004433598639111484)	(94.0, 0.00041125449445551354)	(95.0, 0.0003806779521168136)	(96.0, 0.00037150498941520367)	(97.0, 0.0004494751723788884)	(98.0, 0.0007399523245965374)	(99.0, 0.0007246640534271873)	(100.0, 0.00028894832510071395)
qc_bundle_trimmed | SRR30333748_2	(0.0, 0.00022392902664593607)	(1.0, 0.00012653523765951866)	(2.0, 2.070576616246669e-05)	(3.0, 9.96944296711359e-06)	(4.0, 8.435682510634577e-06)	(5.0, 1.303696388007162e-05)	(6.0, 1.6871365021269153e-05)	(7.0, 1.8405125477748167e-05)	(8.0, 2.377328707542472e-05)	(9.0, 2.1472646390706196e-05)	(10.0, 2.377328707542472e-05)	(11.0, 3.450961027077782e-05)	(12.0, 4.5245933466130915e-05)	(13.0, 5.291473574852599e-05)	(14.0, 0.00010352883081233346)	(15.0, 0.00018328437454924218)	(16.0, 0.0002730093612532645)	(17.0, 0.0004447905323789141)	(18.0, 0.0007998560780538058)	(19.0, 0.0012837575020729348)	(20.0, 0.002249259709426474)	(21.0, 0.0038021921716114757)	(22.0, 0.006039948677614357)	(23.0, 0.008862834797763983)	(24.0, 0.012498613959847487)	(25.0, 0.017495605527056115)	(26.0, 0.023819299889119086)	(27.0, 0.032951309646995136)	(28.0, 0.0441178526503906)	(29.0, 0.05801295550586223)	(30.0, 0.07763051862445705)	(31.0, 0.10573361146852203)	(32.0, 0.14597105016402073)	(33.0, 0.19859130390490273)	(34.0, 0.2727846653463903)	(35.0, 0.3758556686624648)	(36.0, 0.5214064684614103)	(37.0, 0.7100083905132653)	(38.0, 0.9348016911764272)	(39.0, 1.198417536513986)	(40.0, 1.47840550784423)	(41.0, 1.7728767791650053)	(42.0, 2.0884127165950632)	(43.0, 2.3919891568657268)	(44.0, 2.6880417352171317)	(45.0, 3.016551752348546)	(46.0, 3.3269158495193567)	(47.0, 3.588010959546692)	(48.0, 3.8597994474765995)	(49.0, 4.1200333510076215)	(50.0, 4.3433772480394115)	(51.0, 4.559132865212771)	(52.0, 4.752869817272917)	(53.0, 4.888366050399415)	(54.0, 4.923023668554243)	(55.0, 4.8733106577586165)	(56.0, 4.7438244649808325)	(57.0, 4.516928378731837)	(58.0, 4.228168064470761)	(59.0, 3.8634743375303233)	(60.0, 3.440638819205678)	(61.0, 3.0346393894118027)	(62.0, 2.6147594274867925)	(63.0, 2.161433518167573)	(64.0, 1.7509792811278544)	(65.0, 1.4074299758404354)	(66.0, 1.1379551655591267)	(67.0, 0.9259005123672512)	(68.0, 0.7409918854945977)	(69.0, 0.5992478791486332)	(70.0, 0.48830331652922365)	(71.0, 0.3969065309276393)	(72.0, 0.32894407134059767)	(73.0, 0.2704257417643256)	(74.0, 0.22151948896880752)	(75.0, 0.1848748841426109)	(76.0, 0.15073721078252927)	(77.0, 0.11964175128787373)	(78.0, 0.09219434103895353)	(79.0, 0.07025619834970596)	(80.0, 0.055365684957979444)	(81.0, 0.04633797091114397)	(82.0, 0.0401270079426322)	(83.0, 0.03429948508824019)	(84.0, 0.030175970100996364)	(85.0, 0.027823948440985794)	(86.0, 0.026590805033976667)	(87.0, 0.025626836587079604)	(88.0, 0.02478633585692911)	(89.0, 0.023828502451857962)	(90.0, 0.02297343099737091)	(91.0, 0.022024800155038642)	(92.0, 0.021167428059866874)	(93.0, 0.02047263457308188)	(94.0, 0.019496396042532987)	(95.0, 0.019265565093832895)	(96.0, 0.020883682375418256)	(97.0, 0.029233474300490007)	(98.0, 0.05424680670497801)	(99.0, 0.11624063747563151)	(100.0, 0.40296181720981844)
qc_bundle_trimmed | SRR30333749_1	(0.0, 0.00026397336699686457)	(1.0, 0.0001834708508205158)	(2.0, 0.00010203225887467461)	(3.0, 7.76942888678715e-05)	(4.0, 6.833353117294722e-05)	(5.0, 6.271707655599265e-05)	(6.0, 5.897277347802294e-05)	(7.0, 6.45892280949775e-05)	(8.0, 5.335631886106837e-05)	(9.0, 4.586771270512895e-05)	(10.0, 4.212340962715924e-05)	(11.0, 5.4292394630560795e-05)	(12.0, 8.705504656279577e-05)	(13.0, 0.0001834708508205158)	(14.0, 0.00036413347433255435)	(15.0, 0.000621554310942972)	(16.0, 0.0011092497868485267)	(17.0, 0.0020584306171138483)	(18.0, 0.003329621512084565)	(19.0, 0.005378691371503489)	(20.0, 0.008733586929364351)	(21.0, 0.014268602954373074)	(22.0, 0.022098876766177233)	(23.0, 0.03325783601429646)	(24.0, 0.04808153189997855)	(25.0, 0.06734222693305474)	(26.0, 0.08965172074736777)	(27.0, 0.1201668547570514)	(28.0, 0.15677677810190027)	(29.0, 0.19671819511037264)	(30.0, 0.25049013161309563)	(31.0, 0.31607160002373513)	(32.0, 0.38764769766220414)	(33.0, 0.47352890521005636)	(34.0, 0.5838660283116679)	(35.0, 0.7053930011617917)	(36.0, 0.851600547750353)	(37.0, 1.0212118607277638)	(38.0, 1.195330378535281)	(39.0, 1.3913474528943037)	(40.0, 1.601962628878561)	(41.0, 1.8240316279783275)	(42.0, 2.076423865555032)	(43.0, 2.3713467057186244)	(44.0, 2.681890778323507)	(45.0, 3.0012255384796926)	(46.0, 3.3288211673016486)	(47.0, 3.6204106416500794)	(48.0, 3.9020112514622554)	(49.0, 4.156325252593728)	(50.0, 4.335242094795663)	(51.0, 4.4983982292666544)	(52.0, 4.660119359583013)	(53.0, 4.754965364775295)	(54.0, 4.757612587051419)	(55.0, 4.705487207827233)	(56.0, 4.564902668386013)	(57.0, 4.328336663844117)	(58.0, 4.061395936657962)	(59.0, 3.7450378974487624)	(60.0, 3.3501122106787546)	(61.0, 2.9076479159550734)	(62.0, 2.457557411937338)	(63.0, 2.030546792092208)	(64.0, 1.641552081397704)	(65.0, 1.2916787853375975)	(66.0, 1.0153342409711208)	(67.0, 0.8233675664666918)	(68.0, 0.6641991147737385)	(69.0, 0.5336006316414634)	(70.0, 0.4361420389765288)	(71.0, 0.3544694280883145)	(72.0, 0.3076600231590762)	(73.0, 0.26848806043312656)	(74.0, 0.21933004139823173)	(75.0, 0.1840184551456689)	(76.0, 0.15959155794076396)	(77.0, 0.12720614454363446)	(78.0, 0.08809596281847135)	(79.0, 0.061038692701292724)	(80.0, 0.045837758280505195)	(81.0, 0.03513560400789827)	(82.0, 0.02490242369580705)	(83.0, 0.014175931453193326)	(84.0, 0.00766178017329552)	(85.0, 0.004585835194743403)	(86.0, 0.0023195957568022357)	(87.0, 0.0013741592296148838)	(88.0, 0.0012580858341978227)	(89.0, 0.0012009852122587847)	(90.0, 0.0011635421814790874)	(91.0, 0.001215026348801171)	(92.0, 0.001359182017303005)	(93.0, 0.0014715111096420962)	(94.0, 0.001514570595038748)	(95.0, 0.0015641826108218466)	(96.0, 0.0016184750054524075)	(97.0, 0.0017701192801101806)	(98.0, 0.0021511021182935987)	(99.0, 0.001696169294320279)	(100.0, 0.0006458922809497751)
qc_bundle_trimmed | SRR30333749_2	(0.0, 0.0034646143956005068)	(1.0, 0.0018862900598269425)	(2.0, 0.00022252401402637401)	(3.0, 0.00012299850564327004)	(4.0, 9.9525508383104e-05)	(5.0, 6.384655254765162e-05)	(6.0, 5.0701674081958635e-05)	(7.0, 6.57243923284649e-05)	(8.0, 8.825846969822429e-05)	(9.0, 9.576982882147742e-05)	(10.0, 0.00010046442827351063)	(11.0, 0.0001248763454240833)	(12.0, 0.00015773854158831574)	(13.0, 0.0002290964532592205)	(14.0, 0.0003135992433958182)	(15.0, 0.0004919940225730802)	(16.0, 0.0007614640311197862)	(17.0, 0.0012112066586245675)	(18.0, 0.0020308837229495655)	(19.0, 0.0035068657906688057)	(20.0, 0.005995942420136812)	(21.0, 0.009648340793818648)	(22.0, 0.014936337616588852)	(23.0, 0.02144774705655891)	(24.0, 0.030079237609067166)	(25.0, 0.04123548374687888)	(26.0, 0.05609952453190642)	(27.0, 0.07694072933926263)	(28.0, 0.10080807295339946)	(29.0, 0.1285371940767788)	(30.0, 0.16471659421381793)	(31.0, 0.21202688965162778)	(32.0, 0.2720360766071875)	(33.0, 0.34012560813958664)	(34.0, 0.42032251165877954)	(35.0, 0.5202273436776078)	(36.0, 0.6565876182812547)	(37.0, 0.8257894328115452)	(38.0, 1.0208791465601277)	(39.0, 1.257846565260627)	(40.0, 1.5251072953052063)	(41.0, 1.8196295643677423)	(42.0, 2.150986599650821)	(43.0, 2.4855397182408447)	(44.0, 2.8119439511020285)	(45.0, 3.1629262899343877)	(46.0, 3.472250631069184)	(47.0, 3.7078904170446485)	(48.0, 3.9448221567893125)	(49.0, 4.158899647481588)	(50.0, 4.323526105385927)	(51.0, 4.469626734932652)	(52.0, 4.598264393437705)	(53.0, 4.686656189760367)	(54.0, 4.677211594582766)	(55.0, 4.592907855462935)	(56.0, 4.441190607131797)	(57.0, 4.212505400784575)	(58.0, 3.946515968271606)	(59.0, 3.6055810111864885)	(60.0, 3.203564620630967)	(61.0, 2.821301226729821)	(62.0, 2.4407870405845027)	(63.0, 2.0335211489217175)	(64.0, 1.6557044796215372)	(65.0, 1.3419841155598566)	(66.0, 1.1058927091171065)	(67.0, 0.9185265503870091)	(68.0, 0.7492252103483356)	(69.0, 0.6202861585584628)	(70.0, 0.524695663436053)	(71.0, 0.44659724587191896)	(72.0, 0.3906357425639023)	(73.0, 0.3409565522425966)	(74.0, 0.2969803613356207)	(75.0, 0.2623135611420267)	(76.0, 0.22595388838602945)	(77.0, 0.18990875379331854)	(78.0, 0.15185245279535653)	(79.0, 0.11602045301776787)	(80.0, 0.09054098395180284)	(81.0, 0.0765801841013465)	(82.0, 0.06353483114403662)	(83.0, 0.04769619151276698)	(84.0, 0.03642070254887362)	(85.0, 0.03054212511503764)	(86.0, 0.028242710303431777)	(87.0, 0.027177036227820233)	(88.0, 0.026580822097412016)	(89.0, 0.026193987102564483)	(90.0, 0.025735794196046043)	(91.0, 0.025566788615772846)	(92.0, 0.025312341325472644)	(93.0, 0.024596884368982785)	(94.0, 0.023777207304657787)	(95.0, 0.023263618124605354)	(96.0, 0.023959357763396676)	(97.0, 0.029892392550876244)	(98.0, 0.048970305804048785)	(99.0, 0.09960907225335018)	(100.0, 0.37374175697581563)
qc_bundle_trimmed | SRR30333750_1	(0.0, 3.399977070932409e-05)	(1.0, 2.361095188147506e-05)	(2.0, 1.2277694978367032e-05)	(3.0, 9.444380752590025e-06)	(4.0, 3.77775230103601e-06)	(5.0, 9.444380752590025e-07)	(6.0, 4.722190376295012e-06)	(7.0, 1.133325690310803e-05)	(8.0, 1.133325690310803e-05)	(9.0, 8.499942677331022e-06)	(10.0, 8.499942677331022e-06)	(11.0, 2.4555389956734063e-05)	(12.0, 4.438858953717312e-05)	(13.0, 6.705510334338917e-05)	(14.0, 0.00010483262635374926)	(15.0, 0.00018133211044972847)	(16.0, 0.00034188658324375886)	(17.0, 0.0006837731664875177)	(18.0, 0.0012192695551593723)	(19.0, 0.002060763880215143)	(20.0, 0.0032696446165466665)	(21.0, 0.005403130228556753)	(22.0, 0.008298777367300855)	(23.0, 0.012487360231074532)	(24.0, 0.018379709382615447)	(25.0, 0.02607687969597632)	(26.0, 0.03528231761552581)	(27.0, 0.04740890250185141)	(28.0, 0.0623735238043303)	(29.0, 0.08014029287610265)	(30.0, 0.10420929722407832)	(31.0, 0.1375139615100118)	(32.0, 0.18013267409414954)	(33.0, 0.23734389937911413)	(34.0, 0.32047333876341155)	(35.0, 0.43029354259260355)	(36.0, 0.5840499501209198)	(37.0, 0.782271446670505)	(38.0, 1.0117708433965178)	(39.0, 1.2679279492347912)	(40.0, 1.545738186824528)	(41.0, 1.83888420988032)	(42.0, 2.1432067131187273)	(43.0, 2.4671433063041137)	(44.0, 2.782087904574959)	(45.0, 3.107379766398342)	(46.0, 3.4294813164035003)	(47.0, 3.719121585323931)	(48.0, 4.014618314749043)	(49.0, 4.284419717460583)	(50.0, 4.493489029742594)	(51.0, 4.691073030591379)	(52.0, 4.880100422478318)	(53.0, 4.9932573260274)	(54.0, 5.004912636314171)	(55.0, 4.953957368839721)	(56.0, 4.812233102390206)	(57.0, 4.5616236258060034)	(58.0, 4.2702880905404825)	(59.0, 3.917270360141721)	(60.0, 3.4794062019378416)	(61.0, 3.0097513136826683)	(62.0, 2.5331123058609553)	(63.0, 2.077182936153521)	(64.0, 1.6713390064532225)	(65.0, 1.3052285310171454)	(66.0, 1.0133310550968455)	(67.0, 0.8060278420155699)	(68.0, 0.634218500678678)	(69.0, 0.49302217511323126)	(70.0, 0.3859814525395265)	(71.0, 0.29956914640562876)	(72.0, 0.24708766700156126)	(73.0, 0.20526606015294213)	(74.0, 0.15477167845921955)	(75.0, 0.11704043291454715)	(76.0, 0.09343420322344838)	(77.0, 0.07007824962229324)	(78.0, 0.04504591843755339)	(79.0, 0.027855256591689016)	(80.0, 0.019791644305127656)	(81.0, 0.015478395615419792)	(82.0, 0.01099137031986427)	(83.0, 0.005796960905939757)	(84.0, 0.002614204592316919)	(85.0, 0.0014166571128885037)	(86.0, 0.0007281617560246909)	(87.0, 0.00037871966817886)	(88.0, 0.0003069423744591758)	(89.0, 0.00030883125060969383)	(90.0, 0.0002918313652550318)	(91.0, 0.0002965535556313268)	(92.0, 0.00028805361295399575)	(93.0, 0.0002719981656745927)	(94.0, 0.0002512205280188947)	(95.0, 0.00024083170919104565)	(96.0, 0.00024933165186837665)	(97.0, 0.0002691648514488157)	(98.0, 0.00039949730583455805)	(99.0, 0.0004259415719418101)	(100.0, 0.0002039986242559445)
qc_bundle_trimmed | SRR30333750_2	(0.0, 0.00016657404928689508)	(1.0, 9.653723310945055e-05)	(2.0, 1.9875312699004526e-05)	(3.0, 1.2303765004145659e-05)	(4.0, 1.0410878080430942e-05)	(5.0, 6.6251042330015085e-06)	(6.0, 6.6251042330015085e-06)	(7.0, 1.13573215422883e-05)	(8.0, 1.4196651927860377e-05)	(9.0, 1.4196651927860377e-05)	(10.0, 1.5143095389717733e-05)	(11.0, 2.4607530008291317e-05)	(12.0, 3.975062539800905e-05)	(13.0, 5.3947277325869426e-05)	(14.0, 7.760836387230339e-05)	(15.0, 0.00012587698042702865)	(16.0, 0.00026311128239634563)	(17.0, 0.00041738156667909507)	(18.0, 0.0006729213013805819)	(19.0, 0.001212394074639276)	(20.0, 0.0021768199622719244)	(21.0, 0.0036324500066085416)	(22.0, 0.005860377915820763)	(23.0, 0.008583295755584383)	(24.0, 0.011889222767852136)	(25.0, 0.01653152794826248)	(26.0, 0.022834841404232486)	(27.0, 0.032264257614717344)	(28.0, 0.04394620926442272)	(29.0, 0.05898330298641243)	(30.0, 0.08039753275439702)	(31.0, 0.11175225820226944)	(32.0, 0.15943029403679573)	(33.0, 0.2226252704284734)	(34.0, 0.31138273828145646)	(35.0, 0.43468917826608056)	(36.0, 0.6069201201244971)	(37.0, 0.8163567009119882)	(38.0, 1.053423752124943)	(39.0, 1.3277977117173914)	(40.0, 1.6115215862695282)	(41.0, 1.8990037878087007)	(42.0, 2.1979341694625)	(43.0, 2.48512959863273)	(44.0, 2.771089919085236)	(45.0, 3.0900489372788607)	(46.0, 3.3873429181871084)	(47.0, 3.639326864802397)	(48.0, 3.8961291550820016)	(49.0, 4.13444645810807)	(50.0, 4.338763726210375)	(51.0, 4.535414802271634)	(52.0, 4.712333478596631)	(53.0, 4.82886527628128)	(54.0, 4.849058593983468)	(55.0, 4.7887483772635315)	(56.0, 4.648087949962291)	(57.0, 4.4186539652692165)	(58.0, 4.128526454254152)	(59.0, 3.765441402538352)	(60.0, 3.3503805152277315)	(61.0, 2.95367400597291)	(62.0, 2.5464137056749174)	(63.0, 2.1077996263725143)	(64.0, 1.7110893313438462)	(65.0, 1.3835706784811834)	(66.0, 1.127990246710837)	(67.0, 0.9252365032075206)	(68.0, 0.7460794880952318)	(69.0, 0.6080028514448619)	(70.0, 0.5002890674943378)	(71.0, 0.4091105972659236)	(72.0, 0.34066853832170874)	(73.0, 0.27939389571413964)	(74.0, 0.22748525760511096)	(75.0, 0.18876625558052643)	(76.0, 0.15321026760546916)	(77.0, 0.12115422755236045)	(78.0, 0.09061817569899464)	(79.0, 0.06428149348588993)	(80.0, 0.04766573206952214)	(81.0, 0.039265099902076224)	(82.0, 0.032001146332321005)	(83.0, 0.02373585557992069)	(84.0, 0.0184953981316165)	(85.0, 0.016081967303880236)	(86.0, 0.014949074480036977)	(87.0, 0.014271420961347106)	(88.0, 0.013594713886119096)	(89.0, 0.013005079609381963)	(90.0, 0.01274102188352376)	(91.0, 0.012429641984572687)	(92.0, 0.011980081340190442)	(93.0, 0.011523895591575196)	(94.0, 0.011311892256119147)	(95.0, 0.011359214429212016)	(96.0, 0.012416391776106685)	(97.0, 0.01779124419599462)	(98.0, 0.03377383493637983)	(99.0, 0.07300391643036734)	(100.0, 0.26278192007161927)
qc_bundle_trimmed | SRR30333751_1	(0.0, 3.982988006462724e-05)	(1.0, 2.715673640770039e-05)	(2.0, 1.0862694563080156e-05)	(3.0, 8.147020922310117e-06)	(4.0, 1.0862694563080156e-05)	(5.0, 1.267314365692685e-05)	(6.0, 9.052245469233463e-06)	(7.0, 6.336571828463425e-06)	(8.0, 8.147020922310117e-06)	(9.0, 9.95747001615681e-06)	(10.0, 1.4483592750773541e-05)	(11.0, 2.3535838220007006e-05)	(12.0, 4.5261227346167316e-05)	(13.0, 7.42284128477144e-05)	(14.0, 0.00012220531383465175)	(15.0, 0.00019914940032313619)	(16.0, 0.0003439853278308716)	(17.0, 0.0006762027365517397)	(18.0, 0.0012012329737672806)	(19.0, 0.0019815365332152054)	(20.0, 0.003132982156901702)	(21.0, 0.005129907507414604)	(22.0, 0.007819329636323865)	(23.0, 0.011742572822689649)	(24.0, 0.01722913880159205)	(25.0, 0.024344203740409555)	(26.0, 0.03278904353865745)	(27.0, 0.04389886440304768)	(28.0, 0.057843848548401834)	(29.0, 0.07410892320752052)	(30.0, 0.09598367438392318)	(31.0, 0.12473994256603713)	(32.0, 0.1594417255723436)	(33.0, 0.20430012799513003)	(34.0, 0.2665334103715632)	(35.0, 0.34858024763105455)	(36.0, 0.4682047662824278)	(37.0, 0.6294207319667412)	(38.0, 0.8316089710938991)	(39.0, 1.0734333722326426)	(40.0, 1.348395328360609)	(41.0, 1.6527888501826942)	(42.0, 1.9829921342866579)	(43.0, 2.3336154737201182)	(44.0, 2.6790699809906466)	(45.0, 3.0460190451278697)	(46.0, 3.4070533720754956)	(47.0, 3.7280794897227505)	(48.0, 4.057136759550309)	(49.0, 4.361470536552297)	(50.0, 4.593816331460206)	(51.0, 4.806981323443357)	(52.0, 5.01112756326551)	(53.0, 5.132605981788982)	(54.0, 5.154106875227506)	(55.0, 5.107311292274304)	(56.0, 4.949584061993832)	(57.0, 4.692822550606307)	(58.0, 4.400137203074128)	(59.0, 4.033311249475287)	(60.0, 3.5796072752100243)	(61.0, 3.0902030552631983)	(62.0, 2.596623939705962)	(63.0, 2.1247168050266176)	(64.0, 1.700629967487593)	(65.0, 1.3222723583854952)	(66.0, 1.020758355847173)	(67.0, 0.804672204251101)	(68.0, 0.6290486846779557)	(69.0, 0.48730771989615124)	(70.0, 0.37768864816192166)	(71.0, 0.29217751656135466)	(72.0, 0.23903540430967266)	(73.0, 0.19611508764184912)	(74.0, 0.15222346503517684)	(75.0, 0.11923165119800856)	(76.0, 0.09469463462910434)	(77.0, 0.07111081950811039)	(78.0, 0.04836886321575516)	(79.0, 0.031380514143644726)	(80.0, 0.020753177962764636)	(81.0, 0.013961278187198771)	(82.0, 0.008820507985221087)	(83.0, 0.004524312285522886)	(84.0, 0.002020461188732909)	(85.0, 0.001066354516275702)	(86.0, 0.0006562877965194261)	(87.0, 0.0004987787253547638)	(88.0, 0.0004689063153062934)	(89.0, 0.0004571383961962899)	(90.0, 0.0004145928424908927)	(91.0, 0.0003992040251931957)	(92.0, 0.0004372234561639763)	(93.0, 0.00040825627066242917)	(94.0, 0.00039829880064627237)	(95.0, 0.00040101447428704247)	(96.0, 0.0003774786360670354)	(97.0, 0.0004969682762609171)	(98.0, 0.0009034140978294997)	(99.0, 0.0008445745022794822)	(100.0, 0.0002887666304685475)
qc_bundle_trimmed | SRR30333751_2	(0.0, 0.0002596962262415409)	(1.0, 0.0001480086883824167)	(2.0, 2.4516776603222394e-05)	(3.0, 1.1804373920070041e-05)	(4.0, 1.1804373920070041e-05)	(5.0, 9.08028763082311e-06)	(6.0, 9.98831639390542e-06)	(7.0, 1.3620431446234664e-05)	(8.0, 1.3620431446234664e-05)	(9.0, 1.7252546498563908e-05)	(10.0, 1.997663278781084e-05)	(11.0, 2.6332834129387016e-05)	(12.0, 4.5401438154115543e-05)	(13.0, 6.083792712651483e-05)	(14.0, 9.534302012364265e-05)	(15.0, 0.00015527291848707516)	(16.0, 0.00026151228376770555)	(17.0, 0.0004285895761748508)	(18.0, 0.0006474245080776876)	(19.0, 0.0011186914361174072)	(20.0, 0.002026720199199718)	(21.0, 0.0033878553150601017)	(22.0, 0.005301979947637613)	(23.0, 0.007600200746998942)	(24.0, 0.010457767264418974)	(25.0, 0.014593838280258899)	(26.0, 0.02043246322687816)	(27.0, 0.028705513287321096)	(28.0, 0.03829974519804879)	(29.0, 0.050490939371191895)	(30.0, 0.06752555896661605)	(31.0, 0.09154019566385392)	(32.0, 0.12601441568303695)	(33.0, 0.17152118517367004)	(34.0, 0.23532019409659627)	(35.0, 0.32731622019951756)	(36.0, 0.46202137917401526)	(37.0, 0.6389326230853418)	(38.0, 0.8581807080753812)	(39.0, 1.124747987967166)	(40.0, 1.4147687427806037)	(41.0, 1.721272943730275)	(42.0, 2.049400941643988)	(43.0, 2.3673063517429203)	(44.0, 2.6791824508549866)	(45.0, 3.0247527732787476)	(46.0, 3.3493285626712823)	(47.0, 3.6242923845352895)	(48.0, 3.9076999658671987)	(49.0, 4.1781372643472405)	(50.0, 4.4155813377206865)	(51.0, 4.631029322337226)	(52.0, 4.815091292757826)	(53.0, 4.948090265686492)	(54.0, 4.983136543826417)	(55.0, 4.929192371069223)	(56.0, 4.7792314208461795)	(57.0, 4.54287062578709)	(58.0, 4.250482639988298)	(59.0, 3.876265826146815)	(60.0, 3.4476571813679397)	(61.0, 3.030207302058583)	(62.0, 2.604757689346471)	(63.0, 2.1531286993659324)	(64.0, 1.7413013341575814)	(65.0, 1.398575865848557)	(66.0, 1.1333788013602635)	(67.0, 0.9224873050768705)	(68.0, 0.74102048086116)	(69.0, 0.6014264950262271)	(70.0, 0.49236134423488453)	(71.0, 0.40700573247638416)	(72.0, 0.3436253248132389)	(73.0, 0.28844441688072686)	(74.0, 0.2409127432484202)	(75.0, 0.20361182968976196)	(76.0, 0.16867542303017008)	(77.0, 0.13538890463309872)	(78.0, 0.10484463310053593)	(79.0, 0.07884050538338473)	(80.0, 0.059787337847628595)	(81.0, 0.04775323265049873)	(82.0, 0.03923229073773433)	(83.0, 0.03185455703769055)	(84.0, 0.027214530058339938)	(85.0, 0.024696566298312694)	(86.0, 0.023327258923584566)	(87.0, 0.022342955744403342)	(88.0, 0.021310527040778755)	(89.0, 0.020572299656392838)	(90.0, 0.020021126197201873)	(91.0, 0.01920934848300629)	(92.0, 0.01845659263841105)	(93.0, 0.017511334696042366)	(94.0, 0.01669592486679445)	(95.0, 0.016575157041304505)	(96.0, 0.017731985685471366)	(97.0, 0.02430248181513497)	(98.0, 0.04474947350222244)	(99.0, 0.0969729317533754)	(100.0, 0.37711978179705613)
qc_bundle_trimmed | SRR30333752_1	(0.0, 4.88717130844861e-05)	(1.0, 2.8648935256422886e-05)	(2.0, 9.26877317119564e-06)	(3.0, 8.426157428359672e-06)	(4.0, 5.898310199851771e-06)	(5.0, 5.055694457015803e-06)	(6.0, 9.26877317119564e-06)	(7.0, 1.0954004656867574e-05)	(8.0, 8.426157428359672e-06)	(9.0, 1.2639236142539508e-05)	(10.0, 2.106539357089918e-05)	(11.0, 2.7806319513586915e-05)	(12.0, 3.707509268478256e-05)	(13.0, 5.8983101998517706e-05)	(14.0, 0.00010869743082583977)	(15.0, 0.0001853754634239128)	(16.0, 0.00038591801021887296)	(17.0, 0.0007819474093517776)	(18.0, 0.0012908873180247017)	(19.0, 0.002130132597889325)	(20.0, 0.0035297173467398668)	(21.0, 0.0057466393661412965)	(22.0, 0.008824714674721084)	(23.0, 0.01327204056540932)	(24.0, 0.019511610141109657)	(25.0, 0.02772458578653183)	(26.0, 0.03766239585753923)	(27.0, 0.05063867829721312)	(28.0, 0.06647395595232945)	(29.0, 0.0851303111144606)	(30.0, 0.11023351932502974)	(31.0, 0.1447200964478202)	(32.0, 0.18678094648296317)	(33.0, 0.24235313995448088)	(34.0, 0.3219171314717671)	(35.0, 0.42627509122200163)	(36.0, 0.5730334751517421)	(37.0, 0.7598152642504481)	(38.0, 0.9786130811139495)	(39.0, 1.227276570366529)	(40.0, 1.4944085114705872)	(41.0, 1.7758775594389993)	(42.0, 2.0745587191863217)	(43.0, 2.3904098599254127)	(44.0, 2.6996810143286973)	(45.0, 3.027755139033367)	(46.0, 3.3499831957142407)	(47.0, 3.6356661650125757)	(48.0, 3.9366139611081263)	(49.0, 4.217880781298258)	(50.0, 4.436196621956857)	(51.0, 4.649313523482159)	(52.0, 4.853974776028101)	(53.0, 4.983193270654969)	(54.0, 5.015159584090936)	(55.0, 4.980301413425555)	(56.0, 4.856748667053517)	(57.0, 4.626338762637993)	(58.0, 4.340345710746295)	(59.0, 3.9899709177917284)	(60.0, 3.559365624267293)	(61.0, 3.0870533793197055)	(62.0, 2.6027911579072183)	(63.0, 2.1394064267549777)	(64.0, 1.7216316431467051)	(65.0, 1.3443327493613015)	(66.0, 1.0424066763883177)	(67.0, 0.8316465710957286)	(68.0, 0.6602096572898084)	(69.0, 0.5160465298480027)	(70.0, 0.40574475864780335)	(71.0, 0.3175565950025909)	(72.0, 0.26549052563701375)	(73.0, 0.2226586821971758)	(74.0, 0.17018562942780882)	(75.0, 0.13065094138968805)	(76.0, 0.10684788927031483)	(77.0, 0.08199915101408214)	(78.0, 0.05348334904502734)	(79.0, 0.03369873140323884)	(80.0, 0.02433137219013139)	(81.0, 0.019659910511848785)	(82.0, 0.014450017373894003)	(83.0, 0.007727628977548655)	(84.0, 0.0035448844301109138)	(85.0, 0.0018798757222670429)	(86.0, 0.0008527271317499988)	(87.0, 0.0004457437279602267)	(88.0, 0.00037412138981916945)	(89.0, 0.0003876032417045449)	(90.0, 0.0003715935425906615)	(91.0, 0.0003218792137633395)	(92.0, 0.0003151382878206517)	(93.0, 0.00033199060267737106)	(94.0, 0.0003142956720778158)	(95.0, 0.0002848041210785569)	(96.0, 0.0002797484266215411)	(97.0, 0.0003581116907052861)	(98.0, 0.000588145788499505)	(99.0, 0.0006176373394987639)	(100.0, 0.0002696370377075095)
qc_bundle_trimmed | SRR30333752_2	(0.0, 0.00024337328967836215)	(1.0, 0.00013182719857577951)	(2.0, 1.5210830604897634e-05)	(3.0, 1.267569217074803e-05)	(4.0, 1.267569217074803e-05)	(5.0, 9.295507591881889e-06)	(6.0, 9.295507591881889e-06)	(7.0, 8.450461447165354e-06)	(8.0, 5.070276868299212e-06)	(9.0, 1.5210830604897634e-05)	(10.0, 2.0281107473196847e-05)	(11.0, 2.1126153617913384e-05)	(12.0, 3.3801845788661415e-05)	(13.0, 5.49279994065748e-05)	(14.0, 8.957489133995275e-05)	(15.0, 0.00015379839833840942)	(16.0, 0.0002526687972702441)	(17.0, 0.00043012848766071644)	(18.0, 0.0007132189461407559)	(19.0, 0.001227852048273126)	(20.0, 0.002125291053962086)	(21.0, 0.003588065930466409)	(22.0, 0.005898422090121417)	(23.0, 0.00883918267373496)	(24.0, 0.012208381652719787)	(25.0, 0.01679275698780699)	(26.0, 0.02368326325182562)	(27.0, 0.03356269772970664)	(28.0, 0.04532404997187137)	(29.0, 0.05999067085957156)	(30.0, 0.08141005548970158)	(31.0, 0.11283309638098594)	(32.0, 0.15829657896673555)	(33.0, 0.21894723086533074)	(34.0, 0.30358536262784946)	(35.0, 0.4190930300568632)	(36.0, 0.5802281190237016)	(37.0, 0.7799623807427573)	(38.0, 1.0079887873869224)	(39.0, 1.2709595422074056)	(40.0, 1.5465147242150077)	(41.0, 1.827035397368964)	(42.0, 2.1223680393475117)	(43.0, 2.4079319478931365)	(44.0, 2.6886343059682067)	(45.0, 3.0084707510051)	(46.0, 3.3100770155620234)	(47.0, 3.5613447263243274)	(48.0, 3.8254546033478887)	(49.0, 4.077399196072111)	(50.0, 4.291913314862258)	(51.0, 4.501901366501304)	(52.0, 4.687114355269551)	(53.0, 4.817003863035495)	(54.0, 4.854163077157116)	(55.0, 4.808526360111699)	(56.0, 4.686208465802415)	(57.0, 4.466984904847761)	(58.0, 4.183427135849694)	(59.0, 3.821646825419796)	(60.0, 3.406615932180585)	(61.0, 3.008566241219453)	(62.0, 2.5977081858428526)	(63.0, 2.1548727393040332)	(64.0, 1.7509820893906205)	(65.0, 1.4174204048712415)	(66.0, 1.157314356481347)	(67.0, 0.9499882001981583)	(68.0, 0.7662388313525607)	(69.0, 0.6256763907788464)	(70.0, 0.5181146922486021)	(71.0, 0.4280775606674894)	(72.0, 0.3606285125346497)	(73.0, 0.30099783133272745)	(74.0, 0.2500897164365692)	(75.0, 0.20958073939729263)	(76.0, 0.1722263196162429)	(77.0, 0.1400849895019495)	(78.0, 0.10738423883985372)	(79.0, 0.07791832481973286)	(80.0, 0.05883887296432292)	(81.0, 0.04953068968027029)	(82.0, 0.04137092410688742)	(83.0, 0.031139950432804327)	(84.0, 0.02462633474932927)	(85.0, 0.0215512118287058)	(86.0, 0.019878020462167058)	(87.0, 0.018834388473442137)	(88.0, 0.018182012849720975)	(89.0, 0.017767095192665155)	(90.0, 0.01710964929207569)	(91.0, 0.016540088190536744)	(92.0, 0.016100664195284147)	(93.0, 0.01561983293894044)	(94.0, 0.015378994787696226)	(95.0, 0.015510821986272006)	(96.0, 0.01759470577914298)	(97.0, 0.025800948890485256)	(98.0, 0.04864001104373906)	(99.0, 0.10528345412408842)	(100.0, 0.36131722514259373)
qc_bundle_trimmed | SRR30333753_1	(0.0, 0.000128994574364169)	(1.0, 9.054426854408017e-05)	(2.0, 4.217130315751679e-05)	(3.0, 3.59696409284702e-05)	(4.0, 3.720997337427952e-05)	(5.0, 2.8527646253614296e-05)	(6.0, 1.9845319132949078e-05)	(7.0, 1.364365690390249e-05)	(8.0, 2.1085651578758395e-05)	(9.0, 2.356631647037703e-05)	(10.0, 2.4806648916186342e-05)	(11.0, 3.224864359104225e-05)	(12.0, 4.3411635603326103e-05)	(13.0, 9.798626321893606e-05)	(14.0, 0.00014511889615969012)	(15.0, 0.00020589518600434668)	(16.0, 0.0003807820608634604)	(17.0, 0.0006859038425325525)	(18.0, 0.0012279291213512242)	(19.0, 0.0021681011152746865)	(20.0, 0.003654019385354249)	(21.0, 0.0059672393967886254)	(22.0, 0.009218150737254847)	(23.0, 0.014195604842287636)	(24.0, 0.021317593746124738)	(25.0, 0.030045813167284902)	(26.0, 0.03976753887753833)	(27.0, 0.053737403214688666)	(28.0, 0.07194424318672364)	(29.0, 0.09315392801006296)	(30.0, 0.12143598843940703)	(31.0, 0.1549572131198496)	(32.0, 0.1932512370517665)	(33.0, 0.2427479436342331)	(34.0, 0.312042836716708)	(35.0, 0.39387128916408615)	(36.0, 0.49417821438913145)	(37.0, 0.6099012315831407)	(38.0, 0.7373354677304816)	(39.0, 0.89201484638247)	(40.0, 1.0710134232994415)	(41.0, 1.2737048305962628)	(42.0, 1.5250358747554964)	(43.0, 1.840809631469199)	(44.0, 2.2100032662914626)	(45.0, 2.6073822156122977)	(46.0, 2.970903810159876)	(47.0, 3.317297653963273)	(48.0, 3.6778002793377507)	(49.0, 4.003096068237932)	(50.0, 4.29104048586501)	(51.0, 4.5933566355416815)	(52.0, 4.890308347390228)	(53.0, 5.10015895356426)	(54.0, 5.2096790681967775)	(55.0, 5.265729691422901)	(56.0, 5.202904372377767)	(57.0, 4.999870633325902)	(58.0, 4.721851355930189)	(59.0, 4.36018033739176)	(60.0, 3.912905294440907)	(61.0, 3.4135536534203053)	(62.0, 2.8975827979583038)	(63.0, 2.4142525311402205)	(64.0, 1.9623113575282336)	(65.0, 1.5422070371352805)	(66.0, 1.2082500067660136)	(67.0, 0.9659671877989588)	(68.0, 0.7796531301166039)	(69.0, 0.6267412251998938)	(70.0, 0.5083874628883229)	(71.0, 0.4165557292654927)	(72.0, 0.36168342186288854)	(73.0, 0.3120143090704544)	(74.0, 0.24821036772557734)	(75.0, 0.20125634265701983)	(76.0, 0.17130355442317063)	(77.0, 0.13394102015805653)	(78.0, 0.0903358926931842)	(79.0, 0.06117815755709876)	(80.0, 0.04626440022868753)	(81.0, 0.03599816857472382)	(82.0, 0.0251465000063381)	(83.0, 0.013546910973129364)	(84.0, 0.006175615247684591)	(85.0, 0.00314300241768081)	(86.0, 0.0013656060228360585)	(87.0, 0.0006424922069292263)	(88.0, 0.0005618705979516207)	(89.0, 0.0005407849463728623)	(90.0, 0.0005296219543605785)	(91.0, 0.0005358236165896251)	(92.0, 0.000512257300119248)	(93.0, 0.00044776001293716356)	(94.0, 0.0004229533640209772)	(95.0, 0.00041551136934612126)	(96.0, 0.0004254340289125958)	(97.0, 0.0005928789090968536)	(98.0, 0.0009662189752854581)	(99.0, 0.0008570697200542383)	(100.0, 0.0003001604518858548)
qc_bundle_trimmed | SRR30333753_2	(0.0, 0.0009434154474422196)	(1.0, 0.0005326936827246306)	(2.0, 8.712279857645828e-05)	(3.0, 4.356139928822914e-05)	(4.0, 4.356139928822914e-05)	(5.0, 3.982756506352379e-05)	(6.0, 2.73814509811726e-05)	(7.0, 2.240300534823213e-05)	(8.0, 1.4935336898821418e-05)	(9.0, 2.6136839572937484e-05)	(10.0, 4.10721764717589e-05)	(11.0, 3.733834224705355e-05)	(12.0, 4.8539844921169614e-05)	(13.0, 6.720901604469637e-05)	(14.0, 0.0001294395864564523)	(15.0, 0.00020411627095055936)	(16.0, 0.0002551453386881992)	(17.0, 0.00043685860429052646)	(18.0, 0.0008201989180269429)	(19.0, 0.0013566264349762788)	(20.0, 0.002540251884207876)	(21.0, 0.0043972121052946725)	(22.0, 0.006987248445831954)	(23.0, 0.010027834116150347)	(24.0, 0.01372184077579218)	(25.0, 0.018606940553115018)	(26.0, 0.025439857184325815)	(27.0, 0.03535443166232677)	(28.0, 0.046493703766031076)	(29.0, 0.060933685324374924)	(30.0, 0.08166019910571434)	(31.0, 0.1095506961528551)	(32.0, 0.14481302657097248)	(33.0, 0.18733019688769234)	(34.0, 0.2394794148927438)	(35.0, 0.30444066273416753)	(36.0, 0.39415723148538784)	(37.0, 0.5117518511696665)	(38.0, 0.6686114715609467)	(39.0, 0.8712030935364181)	(40.0, 1.095782020649771)	(41.0, 1.3475718869813684)	(42.0, 1.644030856754524)	(43.0, 1.9594801073945314)	(44.0, 2.2973423202740366)	(45.0, 2.6796657864899247)	(46.0, 3.019122346583379)	(47.0, 3.31499261516044)	(48.0, 3.627789598889498)	(49.0, 3.922656710671521)	(50.0, 4.1985186062497935)	(51.0, 4.482242712093887)	(52.0, 4.74452963104254)	(53.0, 4.958040228902458)	(54.0, 5.082488923611888)	(55.0, 5.0981585812415675)	(56.0, 5.005100230859236)	(57.0, 4.808196483019399)	(58.0, 4.54045567687986)	(59.0, 4.180557619017552)	(60.0, 3.755206691807568)	(61.0, 3.320279724422623)	(62.0, 2.8660575463758082)	(63.0, 2.3869767446723134)	(64.0, 1.943539124477856)	(65.0, 1.5819160352037342)	(66.0, 1.297058088366738)	(67.0, 1.0640830126934309)	(68.0, 0.865872422874947)	(69.0, 0.715461134189733)	(70.0, 0.6053254706750074)	(71.0, 0.5131806650663204)	(72.0, 0.44378486677735496)	(73.0, 0.3822873724850495)	(74.0, 0.3271672670485408)	(75.0, 0.28394066822912695)	(76.0, 0.24291329776806447)	(77.0, 0.20561229386325802)	(78.0, 0.16405845277651213)	(79.0, 0.12204659469153568)	(80.0, 0.09183987581366938)	(81.0, 0.07575327336223048)	(82.0, 0.061948043622086536)	(83.0, 0.04470270794958074)	(84.0, 0.03262873267829186)	(85.0, 0.027062830460664412)	(86.0, 0.024716737956141214)	(87.0, 0.022786345661968545)	(88.0, 0.021688598399905168)	(89.0, 0.02105135735888879)	(90.0, 0.020050689786667755)	(91.0, 0.018982813198402025)	(92.0, 0.018074246870390387)	(93.0, 0.017333703082490493)	(94.0, 0.016387798412231803)	(95.0, 0.016203595923813006)	(96.0, 0.01820119723403037)	(97.0, 0.026556273617512716)	(98.0, 0.050832419135138696)	(99.0, 0.11289496700678286)	(100.0, 0.4241349418641389)
qc_bundle_trimmed | SRR30333754_1	(0.0, 0.00015462351566685096)	(1.0, 9.884161444526549e-05)	(2.0, 3.8166563993716374e-05)	(3.0, 2.8380265533789102e-05)	(4.0, 2.642300584180364e-05)	(5.0, 2.5444375995810918e-05)	(6.0, 2.5444375995810918e-05)	(7.0, 2.7401635687796372e-05)	(8.0, 2.5444375995810918e-05)	(9.0, 2.642300584180364e-05)	(10.0, 3.2294784917760006e-05)	(11.0, 4.1102453531694554e-05)	(12.0, 6.654682952750548e-05)	(13.0, 9.98202442912582e-05)	(14.0, 0.00013798680828497459)	(15.0, 0.0002348711630382546)	(16.0, 0.0004648491768465456)	(17.0, 0.0008582583749356221)	(18.0, 0.0014718592883730622)	(19.0, 0.0024416814657518553)	(20.0, 0.004099480424863536)	(21.0, 0.006793648390881514)	(22.0, 0.010539843441341677)	(23.0, 0.0162961441954709)	(24.0, 0.024026341348967455)	(25.0, 0.033776430504592996)	(26.0, 0.045821406649071486)	(27.0, 0.06237297323434649)	(28.0, 0.08221175747231106)	(29.0, 0.1052056443337562)	(30.0, 0.13663727772735063)	(31.0, 0.17254320677682378)	(32.0, 0.21404494128568338)	(33.0, 0.269000878917251)	(34.0, 0.34310077359612834)	(35.0, 0.427244346384429)	(36.0, 0.5294299390134516)	(37.0, 0.648351080638796)	(38.0, 0.7770565634643756)	(39.0, 0.9267947589400307)	(40.0, 1.0980226872038403)	(41.0, 1.2911327788240472)	(42.0, 1.529902803168737)	(43.0, 1.8312415267169715)	(44.0, 2.1815136998245346)	(45.0, 2.5620891461132627)	(46.0, 2.911743803788004)	(47.0, 3.2505601359183762)	(48.0, 3.6155978761422776)	(49.0, 3.9486911809332845)	(50.0, 4.242735197609489)	(51.0, 4.5433262479553855)	(52.0, 4.8392394476374365)	(53.0, 5.048714187542334)	(54.0, 5.152037926682246)	(55.0, 5.205310620978706)	(56.0, 5.142345576687534)	(57.0, 4.949950863484748)	(58.0, 4.68959422199715)	(59.0, 4.350826821359078)	(60.0, 3.921293459764872)	(61.0, 3.4355750014525315)	(62.0, 2.951301979422722)	(63.0, 2.4851433958422384)	(64.0, 2.0239445083212457)	(65.0, 1.5870244486494864)	(66.0, 1.2369607236991198)	(67.0, 0.9848304446969375)	(68.0, 0.7921245272031255)	(69.0, 0.6354351239313839)	(70.0, 0.5180700037611681)	(71.0, 0.42694586428140124)	(72.0, 0.36547812365459803)	(73.0, 0.31330736656472574)	(74.0, 0.25649007496607995)	(75.0, 0.2125721033674643)	(76.0, 0.17929183819478964)	(77.0, 0.14085810825311726)	(78.0, 0.09735311844951054)	(79.0, 0.0661788647054122)	(80.0, 0.04814565253330422)	(81.0, 0.03616526595866124)	(82.0, 0.02476814277222994)	(83.0, 0.012942379713253821)	(84.0, 0.005927560977177951)	(85.0, 0.0031952264471662556)	(86.0, 0.001537427488054575)	(87.0, 0.0008288994795558403)	(88.0, 0.000707549378652742)	(89.0, 0.0007202715666506474)	(90.0, 0.000707549378652742)	(91.0, 0.0006811263728109384)	(92.0, 0.0006909126712708656)	(93.0, 0.0006879767817328874)	(94.0, 0.0006527461072771492)	(95.0, 0.0006889554115788801)	(96.0, 0.0007731175783342548)	(97.0, 0.0009169761656951858)	(98.0, 0.0013094067339382695)	(99.0, 0.0011303174721216003)	(100.0, 0.00039340919808907645)
qc_bundle_trimmed | SRR30333754_2	(0.0, 0.001256707998527508)	(1.0, 0.0007021044686609082)	(2.0, 0.0001101340342997503)	(3.0, 5.605035674183721e-05)	(4.0, 3.343354612670991e-05)	(5.0, 2.2616810615127294e-05)	(6.0, 1.868345224727907e-05)	(7.0, 2.2616810615127294e-05)	(8.0, 2.3600150207089352e-05)	(9.0, 2.5566829391013465e-05)	(10.0, 3.638356490259608e-05)	(11.0, 4.818364000614076e-05)	(12.0, 6.29337338855716e-05)	(13.0, 8.260052572481272e-05)	(14.0, 0.00013078416573095348)	(15.0, 0.00021043467267988004)	(16.0, 0.00031860202779570624)	(17.0, 0.000524120002515776)	(18.0, 0.0009449893478755361)	(19.0, 0.0015497431969322007)	(20.0, 0.002870368268937242)	(21.0, 0.004934398072465598)	(22.0, 0.007772316134868093)	(23.0, 0.011273988421844976)	(24.0, 0.015112946188864843)	(25.0, 0.020481980360977668)	(26.0, 0.02870269934978046)	(27.0, 0.039611868783007514)	(28.0, 0.05142669398043162)	(29.0, 0.06659470718644633)	(30.0, 0.08900698316644552)	(31.0, 0.11927122578826173)	(32.0, 0.15648079594810593)	(33.0, 0.19947731960664686)	(34.0, 0.2520063372696679)	(35.0, 0.32028943853551317)	(36.0, 0.4115335192736724)	(37.0, 0.5300446235573474)	(38.0, 0.6848429254636063)	(39.0, 0.8776453359200147)	(40.0, 1.090375123207534)	(41.0, 1.3355895339155202)	(42.0, 1.6284260977226368)	(43.0, 1.9326340005712022)	(44.0, 2.260276852575408)	(45.0, 2.634388400337372)	(46.0, 2.9608768116606137)	(47.0, 3.2434630435611176)	(48.0, 3.552028124141667)	(49.0, 3.8480035079263266)	(50.0, 4.133573192148844)	(51.0, 4.423611171477236)	(52.0, 4.668614164172951)	(53.0, 4.868753271324987)	(54.0, 4.994093669074839)	(55.0, 5.018537524651832)	(56.0, 4.95141869746287)	(57.0, 4.780644077206003)	(58.0, 4.521363976974592)	(59.0, 4.169638155023644)	(60.0, 3.7501563018281425)	(61.0, 3.3246210101045226)	(62.0, 2.880298032136875)	(63.0, 2.4100217723185735)	(64.0, 1.9777565044275653)	(65.0, 1.6112904219931057)	(66.0, 1.3231119378331138)	(67.0, 1.0939259624741091)	(68.0, 0.8991322893439777)	(69.0, 0.7469890043360162)	(70.0, 0.6305684800248526)	(71.0, 0.5395407339969249)	(72.0, 0.4720502044422012)	(73.0, 0.4085490836120675)	(74.0, 0.35352140004587085)	(75.0, 0.3105012762371228)	(76.0, 0.26599237628614425)	(77.0, 0.226270373468837)	(78.0, 0.18337415044867622)	(79.0, 0.13842569770009064)	(80.0, 0.10545530452119485)	(81.0, 0.08702063719068218)	(82.0, 0.07295986436521673)	(83.0, 0.056801628190096216)	(84.0, 0.04462296734364615)	(85.0, 0.03863049587022938)	(86.0, 0.035896811804574866)	(87.0, 0.03404321667372639)	(88.0, 0.03271964158294546)	(89.0, 0.031158098310909717)	(90.0, 0.029865006747479612)	(91.0, 0.028605348730176217)	(92.0, 0.0272866903373551)	(93.0, 0.02605456582862664)	(94.0, 0.024641506834977168)	(95.0, 0.023863685217735183)	(96.0, 0.02529149430526409)	(97.0, 0.03447490275459773)	(98.0, 0.06348440405707036)	(99.0, 0.13980138978924556)	(100.0, 0.5793551707358767)
qc_bundle_trimmed | SRR30333755_1	(0.0, 0.00020430066859636125)	(1.0, 0.0001320479931171603)	(2.0, 5.232090293321446e-05)	(3.0, 3.8617809307848764e-05)	(4.0, 3.612633773960046e-05)	(5.0, 3.3634866171352155e-05)	(6.0, 1.993177254598646e-05)	(7.0, 1.7440300977738154e-05)	(8.0, 3.3634866171352155e-05)	(9.0, 3.8617809307848764e-05)	(10.0, 3.488060195547631e-05)	(11.0, 4.484648822846954e-05)	(12.0, 5.356663871733861e-05)	(13.0, 8.34642975363183e-05)	(14.0, 0.00016568285928851245)	(15.0, 0.00026907892937081724)	(16.0, 0.00047337959796717844)	(17.0, 0.000874506520455156)	(18.0, 0.0014811798473236188)	(19.0, 0.002486488625111811)	(20.0, 0.004016252168016272)	(21.0, 0.006761853836225907)	(22.0, 0.010793054833651668)	(23.0, 0.01660441226659085)	(24.0, 0.024559680984007695)	(25.0, 0.0344832122403407)	(26.0, 0.046179425517482386)	(27.0, 0.06287975943945079)	(28.0, 0.08378320589705408)	(29.0, 0.10799408086150702)	(30.0, 0.14104843415745733)	(31.0, 0.17878675400171443)	(32.0, 0.22320844632779763)	(33.0, 0.2801173941539413)	(34.0, 0.35839818509251903)	(35.0, 0.44982398002517476)	(36.0, 0.5554038249370492)	(37.0, 0.6788811558594353)	(38.0, 0.8144421238878258)	(39.0, 0.9721634857800008)	(40.0, 1.150084453411749)	(41.0, 1.3467923624038733)	(42.0, 1.586987661883988)	(43.0, 1.8899929595996425)	(44.0, 2.2515453476975638)	(45.0, 2.641820665770036)	(46.0, 2.992667200539194)	(47.0, 3.3266290324903336)	(48.0, 3.6790015935950446)	(49.0, 3.998828061603727)	(50.0, 4.277470504589266)	(51.0, 4.568593974395943)	(52.0, 4.8544853539093005)	(53.0, 5.053955059134829)	(54.0, 5.1467449347511005)	(55.0, 5.180758504600826)	(56.0, 5.103291179129282)	(57.0, 4.897996413377189)	(58.0, 4.618177995811438)	(59.0, 4.250348345097315)	(60.0, 3.804317630534798)	(61.0, 3.312928430336536)	(62.0, 2.8163295630890683)	(63.0, 2.347742310683415)	(64.0, 1.909772752379966)	(65.0, 1.5113378649214806)	(66.0, 1.194585872828016)	(67.0, 0.9709040469022512)	(68.0, 0.7956863259220525)	(69.0, 0.6457956591688819)	(70.0, 0.5293679470488544)	(71.0, 0.43913556699738965)	(72.0, 0.38314846365149774)	(73.0, 0.3298795557865648)	(74.0, 0.26564692728555517)	(75.0, 0.21863285879270963)	(76.0, 0.19109337781307695)	(77.0, 0.14985827762278334)	(78.0, 0.09562267878937004)	(79.0, 0.06295574932228236)	(80.0, 0.04878176757051774)	(81.0, 0.03937023372145976)	(82.0, 0.028752827633369595)	(83.0, 0.015252788940816138)	(84.0, 0.006495266378423337)	(85.0, 0.003444459443103285)	(86.0, 0.0014699682252665015)	(87.0, 0.0006427996646080633)	(88.0, 0.0005680555175606141)	(89.0, 0.0005481237450146277)	(90.0, 0.0005319291798210138)	(91.0, 0.0005630725744241175)	(92.0, 0.0005917244974589731)	(93.0, 0.0005306834440368895)	(94.0, 0.00046715091904655766)	(95.0, 0.0005194718219797722)	(96.0, 0.0005854958185383523)	(97.0, 0.0006751887949952913)	(98.0, 0.0010738242459150207)	(99.0, 0.0009766568547533365)	(100.0, 0.0003425773406341423)
qc_bundle_trimmed | SRR30333755_2	(0.0, 0.001143060170925014)	(1.0, 0.0006428150195355112)	(2.0, 9.379596588553179e-05)	(3.0, 4.0019612111160225e-05)	(4.0, 3.626777347573895e-05)	(5.0, 4.0019612111160225e-05)	(6.0, 2.876409620489641e-05)	(7.0, 2.876409620489641e-05)	(8.0, 4.627267650352901e-05)	(9.0, 3.251593484031768e-05)	(10.0, 2.0009806055580112e-05)	(11.0, 2.876409620489641e-05)	(12.0, 5.627757953131906e-05)	(13.0, 9.629719164247929e-05)	(14.0, 0.00013881802951058703)	(15.0, 0.00022010786661138122)	(16.0, 0.0003989455082331285)	(17.0, 0.0006090484718167196)	(18.0, 0.0009417114974907391)	(19.0, 0.0015207452602240886)	(20.0, 0.0029014218780591162)	(21.0, 0.0051862916070306705)	(22.0, 0.008217777224451057)	(23.0, 0.01173074880008384)	(24.0, 0.016005343618707143)	(25.0, 0.021588079508213995)	(26.0, 0.03018854427347802)	(27.0, 0.0419317992023466)	(28.0, 0.05439790837497301)	(29.0, 0.0708447183397814)	(30.0, 0.0948389770261789)	(31.0, 0.1268971875529752)	(32.0, 0.16598634368255094)	(33.0, 0.21258167830872618)	(34.0, 0.2686929263272082)	(35.0, 0.3381682235650608)	(36.0, 0.4332848366502609)	(37.0, 0.5582798420150775)	(38.0, 0.7218037289399136)	(39.0, 0.925724913065209)	(40.0, 1.1511954076994857)	(41.0, 1.405118595931919)	(42.0, 1.697838296880365)	(43.0, 2.0032116989332085)	(44.0, 2.3357133955459046)	(45.0, 2.7205182239621304)	(46.0, 3.0626396348360467)	(47.0, 3.350685795457636)	(48.0, 3.6577500261221765)	(49.0, 3.950987480802311)	(50.0, 4.218667410697955)	(51.0, 4.492210213767884)	(52.0, 4.739107458849053)	(53.0, 4.934598261560557)	(54.0, 5.033295379316827)	(55.0, 5.025602859501334)	(56.0, 4.931262877013666)	(57.0, 4.735779577979433)	(58.0, 4.457446927584949)	(59.0, 4.087056663206012)	(60.0, 3.6569221203966267)	(61.0, 3.232667959341825)	(62.0, 2.7852774600352586)	(63.0, 2.3140990531672427)	(64.0, 1.8893346420580235)	(65.0, 1.5387765967059233)	(66.0, 1.2649223910292537)	(67.0, 1.0439541027574826)	(68.0, 0.8542598907377047)	(69.0, 0.7110884777971505)	(70.0, 0.6057818709781462)	(71.0, 0.5165493914861652)	(72.0, 0.45265432891206253)	(73.0, 0.3925598788756415)	(74.0, 0.33726778229255977)	(75.0, 0.29418792046777426)	(76.0, 0.25134442447702027)	(77.0, 0.21408116315001618)	(78.0, 0.1703247197579764)	(79.0, 0.12402953222263484)	(80.0, 0.09427495061798723)	(81.0, 0.08018304470334493)	(82.0, 0.06700283557711001)	(83.0, 0.048945236224827424)	(84.0, 0.0355124032971408)	(85.0, 0.02930185974264013)	(86.0, 0.027073267593199894)	(87.0, 0.025726357523083658)	(88.0, 0.02437944745296742)	(89.0, 0.023166352960847875)	(90.0, 0.022353454589839932)	(91.0, 0.021249163418147605)	(92.0, 0.019843474542743104)	(93.0, 0.018815470756637673)	(94.0, 0.01797255767654636)	(95.0, 0.01744229781607349)	(96.0, 0.018675402114248615)	(97.0, 0.025871428616986613)	(98.0, 0.04815109704699659)	(99.0, 0.10901967645519281)	(100.0, 0.46885601875269)
qc_bundle_trimmed | SRR30333756_1	(0.0, 0.00022701242319459055)	(1.0, 0.0001506719622972946)	(2.0, 5.524638617567468e-05)	(3.0, 3.6161270951350706e-05)	(4.0, 4.92195076837829e-05)	(5.0, 4.620606843783701e-05)	(6.0, 4.0179189945945226e-05)	(7.0, 4.0179189945945226e-05)	(8.0, 2.3103034218918506e-05)	(9.0, 2.712095321351303e-05)	(10.0, 4.0179189945945226e-05)	(11.0, 4.92195076837829e-05)	(12.0, 7.53359811486473e-05)	(13.0, 0.0001436406040567542)	(14.0, 0.00021998106495405012)	(15.0, 0.0003254514385621563)	(16.0, 0.0006006788896918811)	(17.0, 0.0011471158729567364)	(18.0, 0.0020250311732756395)	(19.0, 0.003460432734094533)	(20.0, 0.005845067657386382)	(21.0, 0.009864995611478201)	(22.0, 0.015424791020248374)	(23.0, 0.023515875395613093)	(24.0, 0.034688703639831814)	(25.0, 0.04878456795261805)	(26.0, 0.06568493972363126)	(27.0, 0.08830883710244437)	(28.0, 0.11634185792773034)	(29.0, 0.14904370062473515)	(30.0, 0.1905387590414101)	(31.0, 0.23924899549262815)	(32.0, 0.2952507504392866)	(33.0, 0.367650637282634)	(34.0, 0.46736232849173764)	(35.0, 0.5764327575190006)	(36.0, 0.7042035860268551)	(37.0, 0.8465674963230767)	(38.0, 0.9906721700237067)	(39.0, 1.1514783285051173)	(40.0, 1.3301059666870518)	(41.0, 1.52075019610207)	(42.0, 1.7448496280255794)	(43.0, 2.02737964692798)	(44.0, 2.350313859240023)	(45.0, 2.6993233613472354)	(46.0, 3.012767248994046)	(47.0, 3.311355885638092)	(48.0, 3.6269252524330433)	(49.0, 3.912483777777619)	(50.0, 4.161174882907544)	(51.0, 4.412849292890956)	(52.0, 4.674952211624838)	(53.0, 4.865726018927432)	(54.0, 4.959380697252184)	(55.0, 5.008217498151732)	(56.0, 4.954957972918884)	(57.0, 4.775635234750885)	(58.0, 4.526492113734068)	(59.0, 4.206158499491276)	(60.0, 3.7907086888894486)	(61.0, 3.3065012350128735)	(62.0, 2.8249496255917252)	(63.0, 2.368683784883309)	(64.0, 1.9273465221993087)	(65.0, 1.5132658174948892)	(66.0, 1.179921177067852)	(67.0, 0.9414385996234426)	(68.0, 0.7523241928656164)	(69.0, 0.5962842907915434)	(70.0, 0.47977970714453194)	(71.0, 0.38821736013621466)	(72.0, 0.3284558374903644)	(73.0, 0.27775271321782746)	(74.0, 0.2199539440008366)	(75.0, 0.17567145428166173)	(76.0, 0.1437028818011704)	(77.0, 0.10701024106278459)	(78.0, 0.06852962637180418)	(79.0, 0.04311729321074247)	(80.0, 0.029699452728294065)	(81.0, 0.021702789449302314)	(82.0, 0.01450267861098893)	(83.0, 0.006994192489840416)	(84.0, 0.0027512700315485993)	(85.0, 0.0015157599407107838)	(86.0, 0.0008939869762972813)	(87.0, 0.0006237819239107997)	(88.0, 0.0006016833694405298)	(89.0, 0.0006237819239107997)	(90.0, 0.0006097192074297188)	(91.0, 0.0006077102479324216)	(92.0, 0.0005946520111999894)	(93.0, 0.0005484459427621524)	(94.0, 0.0005414145845216119)	(95.0, 0.0005414145845216119)	(96.0, 0.0005604996997459359)	(97.0, 0.0008829376990621464)	(98.0, 0.0019496951921269923)	(99.0, 0.0017267006879269963)	(100.0, 0.00042188149443242483)
qc_bundle_trimmed | SRR30333756_2	(0.0, 0.00170706727567267)	(1.0, 0.0009524063287440902)	(2.0, 0.00015032684638015828)	(3.0, 7.365006567618494e-05)	(4.0, 4.540072541682633e-05)	(5.0, 4.540072541682633e-05)	(6.0, 3.934729536124949e-05)	(7.0, 4.6409630426089135e-05)	(8.0, 5.54897755094544e-05)	(9.0, 4.439182040756352e-05)	(10.0, 4.7418535435351946e-05)	(11.0, 6.759663562060809e-05)	(12.0, 0.00010290831094480636)	(13.0, 0.0001382199862690046)	(14.0, 0.00015537137142647233)	(15.0, 0.0002754310675287464)	(16.0, 0.0005105059346869804)	(17.0, 0.0008061151024009831)	(18.0, 0.0013085497970138612)	(19.0, 0.002177217009989138)	(20.0, 0.004220249653746323)	(21.0, 0.007494146408804132)	(22.0, 0.011589291841401868)	(23.0, 0.01644212493595597)	(24.0, 0.022233239689124485)	(25.0, 0.02981516083373448)	(26.0, 0.041319704654358275)	(27.0, 0.05742586422222973)	(28.0, 0.07440573552812277)	(29.0, 0.0960517925018563)	(30.0, 0.12704636329141902)	(31.0, 0.1686041695279633)	(32.0, 0.21916746187718741)	(33.0, 0.2765852548593431)	(34.0, 0.3455640903426412)	(35.0, 0.43034439608101344)	(36.0, 0.5419948689310821)	(37.0, 0.6864529148723585)	(38.0, 0.8689375995177596)	(39.0, 1.0919681586754142)	(40.0, 1.3272387534054453)	(41.0, 1.5791542629782944)	(42.0, 1.8674518960901691)	(43.0, 2.158978025231685)	(44.0, 2.4628138043912164)	(45.0, 2.8020187664604745)	(46.0, 3.087842564489637)	(47.0, 3.323394643717252)	(48.0, 3.58706793226805)	(49.0, 3.8340660388257524)	(50.0, 4.065873062658984)	(51.0, 4.31070303235178)	(52.0, 4.525312261397118)	(53.0, 4.701516512359858)	(54.0, 4.802171938418981)	(55.0, 4.8204129409864525)	(56.0, 4.758292641756123)	(57.0, 4.595314126559809)	(58.0, 4.349626587609139)	(59.0, 4.012217476456369)	(60.0, 3.614270029127794)	(61.0, 3.2093671906653602)	(62.0, 2.782342092064822)	(63.0, 2.3262191640921346)	(64.0, 1.9051970502967093)	(65.0, 1.5511531133512142)	(66.0, 1.2786044874339317)	(67.0, 1.0587923352558255)	(68.0, 0.8643965180710678)	(69.0, 0.7147809497224396)	(70.0, 0.5986206714809663)	(71.0, 0.5063522727638455)	(72.0, 0.4363181226408585)	(73.0, 0.37314049096082147)	(74.0, 0.31834080647770285)	(75.0, 0.2721188323833366)	(76.0, 0.2258655822336832)	(77.0, 0.1856536552794955)	(78.0, 0.1456445182321696)	(79.0, 0.1069540200319502)	(80.0, 0.07982557323788257)	(81.0, 0.06513995192305316)	(82.0, 0.054773452952877805)	(83.0, 0.04406796189959016)	(84.0, 0.03648704965998943)	(85.0, 0.03293368621736582)	(86.0, 0.03160596722517597)	(87.0, 0.030107743286420695)	(88.0, 0.02888293260517565)	(89.0, 0.02807479969275614)	(90.0, 0.027106250883863845)	(91.0, 0.026218414475712572)	(92.0, 0.025288204057172265)	(93.0, 0.024363038163678272)	(94.0, 0.023613421741796006)	(95.0, 0.0235619675863236)	(96.0, 0.026400017377379882)	(97.0, 0.03821328613083809)	(98.0, 0.07256549279122743)	(99.0, 0.15808330809137075)	(100.0, 0.5506764965357884)
qc_bundle_trimmed | SRR30333757_1	(0.0, 4.202180900924142e-05)	(1.0, 4.4233483167622544e-05)	(2.0, 5.086850564276592e-05)	(3.0, 7.077357306819607e-05)	(4.0, 8.404361801848283e-05)	(5.0, 9.73136629687696e-05)	(6.0, 0.00010947787083986579)	(7.0, 0.00010726619668148466)	(8.0, 0.0001249595899485337)	(9.0, 0.00013380628658205817)	(10.0, 0.00015813470232425058)	(11.0, 0.00022780243831325606)	(12.0, 0.00033838614623231243)	(13.0, 0.0004998383597941348)	(14.0, 0.0007917793487004436)	(15.0, 0.001244066714089384)	(16.0, 0.00198166004590949)	(17.0, 0.0032688544060873056)	(18.0, 0.005041511244029779)	(19.0, 0.0077508120880466595)	(20.0, 0.012931658804054448)	(21.0, 0.02064597826848782)	(22.0, 0.030923628082484916)	(23.0, 0.04646727406758748)	(24.0, 0.06904293803926283)	(25.0, 0.10330508826382406)	(26.0, 0.14806052653282456)	(27.0, 0.20471145426267795)	(28.0, 0.2788290786583463)	(29.0, 0.3765010328407736)	(30.0, 0.49210634693643435)	(31.0, 0.616114916996864)	(32.0, 0.7664401978678709)	(33.0, 0.9496541793110843)	(34.0, 1.144429687417235)	(35.0, 1.3258997637865648)	(36.0, 1.547614568978877)	(37.0, 1.7994778104611613)	(38.0, 1.998365926664822)	(39.0, 2.1730240466263377)	(40.0, 2.3346399240758804)	(41.0, 2.501056240286189)	(42.0, 2.675035376281082)	(43.0, 2.847156705982935)	(44.0, 3.036197342996403)	(45.0, 3.252473641433256)	(46.0, 3.444879340678701)	(47.0, 3.603078181553545)	(48.0, 3.8032921964151547)	(49.0, 3.987180738476674)	(50.0, 4.105335007039869)	(51.0, 4.222309347439568)	(52.0, 4.32936101172769)	(53.0, 4.377150866941989)	(54.0, 4.348982984860847)	(55.0, 4.264510302055639)	(56.0, 4.1077534727320595)	(57.0, 3.8518273858208287)	(58.0, 3.552806827933542)	(59.0, 3.2148552756733513)	(60.0, 2.824166353106563)	(61.0, 2.4016459102152736)	(62.0, 1.9884012287442354)	(63.0, 1.6191246295418138)	(64.0, 1.2797885692584767)	(65.0, 0.9707015764393183)	(66.0, 0.7305779013897209)	(67.0, 0.5611404382790637)	(68.0, 0.42568866612316986)	(69.0, 0.3180586490426315)	(70.0, 0.2375714030708255)	(71.0, 0.17407976716909934)	(72.0, 0.13548162975703187)	(73.0, 0.10679621592282867)	(74.0, 0.07416075204175676)	(75.0, 0.050505791080791416)	(76.0, 0.038070653125293535)	(77.0, 0.02813913031708308)	(78.0, 0.01762040801982244)	(79.0, 0.01014494936449423)	(80.0, 0.006735653649349722)	(81.0, 0.0051786350418494085)	(82.0, 0.003915769097413786)	(83.0, 0.0022691776864990363)	(84.0, 0.0011080487533489446)	(85.0, 0.0006734547812270532)	(86.0, 0.00047550994405194235)	(87.0, 0.0002819884551935937)	(88.0, 0.00018909814054158638)	(89.0, 0.00016255805064101285)	(90.0, 0.00011611289331500917)	(91.0, 8.18319438601017e-05)	(92.0, 6.413855059305268e-05)	(93.0, 5.860936519709987e-05)	(94.0, 4.4233483167622544e-05)	(95.0, 3.206927529652634e-05)	(96.0, 2.43284157421924e-05)	(97.0, 3.3175112375716907e-05)	(98.0, 4.976266856357537e-05)	(99.0, 3.5386786534098034e-05)	(100.0, 9.95253371271507e-06)
qc_bundle_trimmed | SRR30333757_2	(0.0, 0.00014597556804705846)	(1.0, 0.00019905759279144336)	(2.0, 0.00035166841393154987)	(3.0, 0.0005850081477037418)	(4.0, 0.0008216655080224578)	(5.0, 0.0011467929095818152)	(6.0, 0.0014564380539240605)	(7.0, 0.0016411192650138994)	(8.0, 0.0018656119946620273)	(9.0, 0.002075728342608551)	(10.0, 0.002336714964268443)	(11.0, 0.0026507836106727206)	(12.0, 0.002972593385685554)	(13.0, 0.0033485910609582802)	(14.0, 0.003698047723858814)	(15.0, 0.0043018557553261925)	(16.0, 0.00511246250819357)	(17.0, 0.0062747376749924975)	(18.0, 0.007987738848514418)	(19.0, 0.010676122226714413)	(20.0, 0.015872631274086592)	(21.0, 0.02381392335094967)	(22.0, 0.03519448828104269)	(23.0, 0.050946579123938907)	(24.0, 0.07347547512586827)	(25.0, 0.10469765855520616)	(26.0, 0.14931531210389265)	(27.0, 0.21235132236336524)	(28.0, 0.2880927364205094)	(29.0, 0.3844764228501263)	(30.0, 0.5045424334443473)	(31.0, 0.6502404267370133)	(32.0, 0.8200653061515177)	(33.0, 0.9974079273204456)	(34.0, 1.1705515391569896)	(35.0, 1.3519781586046886)	(36.0, 1.5734164600789833)	(37.0, 1.8019544823628393)	(38.0, 1.9900428959159586)	(39.0, 2.16300735591899)	(40.0, 2.315606012428426)	(41.0, 2.4671374990653967)	(42.0, 2.6455550312353986)	(43.0, 2.807656476049595)	(44.0, 2.9864378412641988)	(45.0, 3.220184537226098)	(46.0, 3.416811415634455)	(47.0, 3.558053836475138)	(48.0, 3.7284659357883774)	(49.0, 3.8851496964521006)	(50.0, 4.009536362685411)	(51.0, 4.132411297089023)	(52.0, 4.21828031911719)	(53.0, 4.266206752208276)	(54.0, 4.245916148249735)	(55.0, 4.166580638767189)	(56.0, 4.023920485515624)	(57.0, 3.793599791900769)	(58.0, 3.512778186994725)	(59.0, 3.164251565402733)	(60.0, 2.7750077132052517)	(61.0, 2.409547925719801)	(62.0, 2.049069001556199)	(63.0, 1.6716757113829017)	(64.0, 1.3309720531876137)	(65.0, 1.0486962219786764)	(66.0, 0.8246956069349498)	(67.0, 0.6560119910524497)	(68.0, 0.5140706568859644)	(69.0, 0.4014991646603412)	(70.0, 0.31482617113240025)	(71.0, 0.24431665413912454)	(72.0, 0.19406456483892465)	(73.0, 0.14929540634461352)	(74.0, 0.1114634049590842)	(75.0, 0.0840730801909816)	(76.0, 0.0625306251488854)	(77.0, 0.046625923484849084)	(78.0, 0.03261337482784698)	(79.0, 0.02165525434467802)	(80.0, 0.014198335743607451)	(81.0, 0.010227136767418156)	(82.0, 0.007751081488195702)	(83.0, 0.0053712373788224466)	(84.0, 0.0038053176488630916)	(85.0, 0.002982546265325126)	(86.0, 0.0025202902998427744)	(87.0, 0.0021553513797251283)	(88.0, 0.001902105886673792)	(89.0, 0.0017450715634716532)	(90.0, 0.001592460742331547)	(91.0, 0.0014663909335636326)	(92.0, 0.001365756261652403)	(93.0, 0.001245215830462029)	(94.0, 0.001129098901333687)	(95.0, 0.001067169872465238)	(96.0, 0.0010881815072598903)	(97.0, 0.0011987690588106921)	(98.0, 0.0014077795312417076)	(99.0, 0.001893258882549728)	(100.0, 0.005544859834757205)
qc_bundle_trimmed | SRR30333758_1	(0.0, 0.00012360467930728873)	(1.0, 0.0001161883985488514)	(2.0, 0.00011248025816963273)	(3.0, 0.00013720119403109047)	(4.0, 0.00017181050423713132)	(5.0, 0.00015945003630640246)	(6.0, 0.0001742825978232771)	(7.0, 0.00022619656313233835)	(8.0, 0.0002435012182353588)	(9.0, 0.00024968145220072323)	(10.0, 0.0002620419201314521)	(11.0, 0.00031890007261280493)	(12.0, 0.000405423348127907)	(13.0, 0.0005685815248135281)	(14.0, 0.0008368036789103446)	(15.0, 0.0012644758693135636)	(16.0, 0.002092627220672398)	(17.0, 0.0033558670431928887)	(18.0, 0.00504307091573738)	(19.0, 0.00767585058498263)	(20.0, 0.012406201662072569)	(21.0, 0.01964572772910047)	(22.0, 0.029073056619867383)	(23.0, 0.043025552820074135)	(24.0, 0.0631545748452661)	(25.0, 0.08939955640258271)	(26.0, 0.12114000200190139)	(27.0, 0.16409880829514958)	(28.0, 0.2210335956776729)	(29.0, 0.3012035906763804)	(30.0, 0.40332577672006237)	(31.0, 0.5148480986250635)	(32.0, 0.6548748956251187)	(33.0, 0.8323254813790416)	(34.0, 1.0332770248096594)	(35.0, 1.235075260293532)	(36.0, 1.4740488391258648)	(37.0, 1.7372600595235637)	(38.0, 1.9442546357255148)	(39.0, 2.1278199449647692)	(40.0, 2.2960965914205054)	(41.0, 2.4629554922045864)	(42.0, 2.648177104146559)	(43.0, 2.823039407915787)	(44.0, 3.0145426096601557)	(45.0, 3.246054174002708)	(46.0, 3.4443111354244262)	(47.0, 3.6082084680923048)	(48.0, 3.812729714661317)	(49.0, 3.99775850330357)	(50.0, 4.1269080885245835)	(51.0, 4.251222258691096)	(52.0, 4.3658668347953995)	(53.0, 4.425764426340919)	(54.0, 4.406407933561398)	(55.0, 4.338961804250582)	(56.0, 4.193905532849513)	(57.0, 3.9424985593256605)	(58.0, 3.6475666700773317)	(59.0, 3.312694400804439)	(60.0, 2.9150297183966503)	(61.0, 2.484540577352018)	(62.0, 2.065015171361943)	(63.0, 1.6869875643557033)	(64.0, 1.3406138796732672)	(65.0, 1.0184209784037164)	(66.0, 0.7671400816527567)	(67.0, 0.592015735963397)	(68.0, 0.45081222241633645)	(69.0, 0.33484507624344517)	(70.0, 0.24909432997401362)	(71.0, 0.1827161450924134)	(72.0, 0.1441304723530571)	(73.0, 0.11408217481345519)	(74.0, 0.07701560358278546)	(75.0, 0.05119211398190669)	(76.0, 0.039548553191160095)	(77.0, 0.03002728474411965)	(78.0, 0.017446800484223805)	(79.0, 0.008927965986365465)	(80.0, 0.005752561774961217)	(81.0, 0.004720462702745357)	(82.0, 0.0038861311174211576)	(83.0, 0.0021939830577043747)	(84.0, 0.000986365340872164)	(85.0, 0.0006378001452256099)	(86.0, 0.00042767219040321894)	(87.0, 0.00026327796692452495)	(88.0, 0.0001730465510302042)	(89.0, 0.00014214538120338203)	(90.0, 0.00014338142799645492)	(91.0, 0.00013225700685879895)	(92.0, 0.0001050639774111954)	(93.0, 7.787094796359189e-05)	(94.0, 5.685815248135281e-05)	(95.0, 5.191396530906126e-05)	(96.0, 3.8317450585259506e-05)	(97.0, 2.9665123033749294e-05)	(98.0, 3.8317450585259506e-05)	(99.0, 3.090116982682218e-05)	(100.0, 1.1124421137655985e-05)
qc_bundle_trimmed | SRR30333758_2	(0.0, 0.0002991383542206277)	(1.0, 0.0004697213826604898)	(2.0, 0.0009963037748009337)	(3.0, 0.0017367330069420742)	(4.0, 0.002452440061048452)	(5.0, 0.0031199388679870425)	(6.0, 0.0037107989230178696)	(7.0, 0.004339978354002578)	(8.0, 0.004885102379669094)	(9.0, 0.0054092125540060616)	(10.0, 0.005982767084412554)	(11.0, 0.006557557723720786)	(12.0, 0.007213931550543732)	(13.0, 0.007782541645343272)	(14.0, 0.008289346295055906)	(15.0, 0.008954372884191021)	(16.0, 0.009982815490437147)	(17.0, 0.011126216224544919)	(18.0, 0.012523019283509006)	(19.0, 0.015155931244211225)	(20.0, 0.019680089824572783)	(21.0, 0.02645396660609774)	(22.0, 0.035692644537688535)	(23.0, 0.0478868588533352)	(24.0, 0.06443094039419835)	(25.0, 0.08612094329299733)	(26.0, 0.11783826160269603)	(27.0, 0.16413053997278904)	(28.0, 0.22182839517921976)	(29.0, 0.3021791821189035)	(30.0, 0.4108516962152113)	(31.0, 0.5483218393953123)	(32.0, 0.7182559106617619)	(33.0, 0.906511588069774)	(34.0, 1.0931356017274918)	(35.0, 1.2888610852287077)	(36.0, 1.5274758392935313)	(37.0, 1.7680090343738524)	(38.0, 1.962436603528243)	(39.0, 2.140566076813216)	(40.0, 2.2946272736724467)	(41.0, 2.4450073382223008)	(42.0, 2.625969973110058)	(43.0, 2.788923737408392)	(44.0, 2.966959266416833)	(45.0, 3.209363930374386)	(46.0, 3.4100981271454445)	(47.0, 3.5509477920628982)	(48.0, 3.723182261995482)	(49.0, 3.8789962612773765)	(50.0, 4.005573812815362)	(51.0, 4.13977073962366)	(52.0, 4.238454257685022)	(53.0, 4.292370855761036)	(54.0, 4.287784891735588)	(55.0, 4.2198001382488926)	(56.0, 4.075483187862063)	(57.0, 3.8501454795108088)	(58.0, 3.5738677233189264)	(59.0, 3.2264172887827653)	(60.0, 2.8338995597981342)	(61.0, 2.4677777003012187)	(62.0, 2.1102529782158923)	(63.0, 1.733140874473623)	(64.0, 1.3906274588910044)	(65.0, 1.1023693352234756)	(66.0, 0.8733220640581052)	(67.0, 0.6982111687111764)	(68.0, 0.5476469239349633)	(69.0, 0.4299433982025568)	(70.0, 0.33974576775162707)	(71.0, 0.2657584694380912)	(72.0, 0.21044259608530985)	(73.0, 0.15968549236213872)	(74.0, 0.11780612277125084)	(75.0, 0.0879837594079167)	(76.0, 0.0647894119757024)	(77.0, 0.04767053979553103)	(78.0, 0.03250719189790937)	(79.0, 0.021042281834288204)	(80.0, 0.013639225621778536)	(81.0, 0.010200370657143057)	(82.0, 0.008131124355633425)	(83.0, 0.005818364600481383)	(84.0, 0.004422797650419033)	(85.0, 0.0037305766654456792)	(86.0, 0.003375813410646836)	(87.0, 0.0031434249371200674)	(88.0, 0.002763939504286461)	(89.0, 0.0025204260506440494)	(90.0, 0.002398051269371974)	(91.0, 0.002252190418966875)	(92.0, 0.002152065597926086)	(93.0, 0.002101385132954823)	(94.0, 0.0020148575098331537)	(95.0, 0.0019097882531854125)	(96.0, 0.0019938436585036057)	(97.0, 0.0021545378157295622)	(98.0, 0.0024759261301814765)	(99.0, 0.0034845909939997914)	(100.0, 0.009294302832169006)
qc_bundle_trimmed | SRR30333759_1	(0.0, 8.183209433697357e-05)	(1.0, 6.078955579318037e-05)	(2.0, 4.909925660218415e-05)	(3.0, 5.0268286521283764e-05)	(4.0, 4.67611967639849e-05)	(5.0, 5.377537627858264e-05)	(6.0, 5.4944406197682255e-05)	(7.0, 5.143731644038339e-05)	(8.0, 7.014179514597735e-05)	(9.0, 9.586045336616905e-05)	(10.0, 0.00015431194932115017)	(11.0, 0.00024315822317272148)	(12.0, 0.0003483709158916875)	(13.0, 0.0004851474164263433)	(14.0, 0.0007540242978192565)	(15.0, 0.0012146220859445076)	(16.0, 0.002046971388343439)	(17.0, 0.0033247210899193264)	(18.0, 0.005120351045656346)	(19.0, 0.007942389270362834)	(20.0, 0.013083782854562975)	(21.0, 0.02155691170819704)	(22.0, 0.032786613111068015)	(23.0, 0.048480839774980446)	(24.0, 0.07177609897287862)	(25.0, 0.10607894388901884)	(26.0, 0.15042141775038662)	(27.0, 0.2075074867598594)	(28.0, 0.28316242700431055)	(29.0, 0.38841369771060685)	(30.0, 0.516990622392698)	(31.0, 0.6521433403697244)	(32.0, 0.8253596725126346)	(33.0, 1.0399877205097299)	(34.0, 1.2672272632740718)	(35.0, 1.4787994670626405)	(36.0, 1.7320113475396186)	(37.0, 2.0241063321557693)	(38.0, 2.233304236178647)	(39.0, 2.3980719890962243)	(40.0, 2.5485296467741025)	(41.0, 2.7048406372569134)	(42.0, 2.867222400109608)	(43.0, 3.0216687878714548)	(44.0, 3.199301715048723)	(45.0, 3.3977796147134574)	(46.0, 3.5569500523783852)	(47.0, 3.6847811359720914)	(48.0, 3.852317151738096)	(49.0, 3.9947272074528932)	(50.0, 4.076464610366419)	(51.0, 4.153569147710554)	(52.0, 4.222723112574892)	(53.0, 4.238487481033951)	(54.0, 4.1830111662230784)	(55.0, 4.072762292612631)	(56.0, 3.8983734234608636)	(57.0, 3.6378714724083805)	(58.0, 3.339980437453334)	(59.0, 3.006025998523983)	(60.0, 2.6247994967560007)	(61.0, 2.223319551639617)	(62.0, 1.8336187519880816)	(63.0, 1.4890121124358948)	(64.0, 1.174468246283274)	(65.0, 0.885492233491281)	(66.0, 0.6626038200858279)	(67.0, 0.508284856585163)	(68.0, 0.38346285600322)	(69.0, 0.2824797135315564)	(70.0, 0.20880978608973638)	(71.0, 0.15006953974473763)	(72.0, 0.1164178444935359)	(73.0, 0.09249364719916213)	(74.0, 0.06264714433462967)	(75.0, 0.0411849240498797)	(76.0, 0.030620400670976412)	(77.0, 0.022556432289027217)	(78.0, 0.013608677288238705)	(79.0, 0.007364888490327622)	(80.0, 0.004694824155104084)	(81.0, 0.0037245293222513973)	(82.0, 0.002867630391551374)	(83.0, 0.0017149668913191464)	(84.0, 0.0008872937085966135)	(85.0, 0.0005073589848892361)	(86.0, 0.0003588921851635841)	(87.0, 0.00027939815066480977)	(88.0, 0.00019873508624693585)	(89.0, 0.00014963582964475167)	(90.0, 0.00011690299190996225)	(91.0, 7.481791482237584e-05)	(92.0, 4.4423136925785656e-05)	(93.0, 3.9747017249387165e-05)	(94.0, 3.2732837734789434e-05)	(95.0, 1.2859329110095848e-05)	(96.0, 1.0521269271896603e-05)	(97.0, 1.5197388948295092e-05)	(98.0, 2.338059838199245e-05)	(99.0, 1.9873508624693582e-05)	(100.0, 4.67611967639849e-06)
qc_bundle_trimmed | SRR30333759_2	(0.0, 0.00012859641652524276)	(1.0, 0.00016249910815462494)	(2.0, 0.0002490094247261519)	(3.0, 0.0004196919412051104)	(4.0, 0.0006371367909659755)	(5.0, 0.0008300314157538396)	(6.0, 0.000949275365622701)	(7.0, 0.0010825480154761345)	(8.0, 0.001246216181962807)	(9.0, 0.0013397408485266201)	(10.0, 0.0014963946650210066)	(11.0, 0.0016834439981486325)	(12.0, 0.00186464803961602)	(13.0, 0.0021230099309985533)	(14.0, 0.0024667130806205655)	(15.0, 0.002900433721810248)	(16.0, 0.0036977315042667535)	(17.0, 0.004933426161241131)	(18.0, 0.0066472656760230035)	(19.0, 0.009388707464674769)	(20.0, 0.014637779375568769)	(21.0, 0.022413186342017763)	(22.0, 0.03336492479664026)	(23.0, 0.04930971138743831)	(24.0, 0.07115239726341682)	(25.0, 0.10101131612224613)	(26.0, 0.14521574977363233)	(27.0, 0.20867574321217552)	(28.0, 0.2855121020860081)	(29.0, 0.3885412128893685)	(30.0, 0.5211872474768243)	(31.0, 0.6888980176757178)	(32.0, 0.89077217951204)	(33.0, 1.10235069456269)	(34.0, 1.3045568689653135)	(35.0, 1.5134640857272346)	(36.0, 1.767055050056681)	(37.0, 2.0199878345451854)	(38.0, 2.214692161631059)	(39.0, 2.3837099390451817)	(40.0, 2.528688369977408)	(41.0, 2.6649467948108914)	(42.0, 2.8271384406241875)	(43.0, 2.972471096231025)	(44.0, 3.131666445539283)	(45.0, 3.3569568457665198)	(46.0, 3.5293251443602918)	(47.0, 3.630121353749441)	(48.0, 3.7669280669406544)	(49.0, 3.894203447550683)	(50.0, 3.982481380320266)	(51.0, 4.065987216978431)	(52.0, 4.12353060619848)	(53.0, 4.141460453837095)	(54.0, 4.094620962705274)	(55.0, 3.9914188312687706)	(56.0, 3.8293569509303316)	(57.0, 3.5883976618786595)	(58.0, 3.308507561311469)	(59.0, 2.9697892764173077)	(60.0, 2.5953176805541327)	(61.0, 2.2471253469370573)	(62.0, 1.9056434081459355)	(63.0, 1.5523633326677884)	(64.0, 1.2343338730758746)	(65.0, 0.9709649048571813)	(66.0, 0.7585002435908395)	(67.0, 0.6000776418400646)	(68.0, 0.46841010907653263)	(69.0, 0.362161411626713)	(70.0, 0.28235564458947937)	(71.0, 0.2175372053690968)	(72.0, 0.1695204724969032)	(73.0, 0.12711755773520247)	(74.0, 0.09292961587280066)	(75.0, 0.06887156445759182)	(76.0, 0.050191181369802246)	(77.0, 0.03660555449307638)	(78.0, 0.024864701664321708)	(79.0, 0.01618678166553192)	(80.0, 0.01026783933037461)	(81.0, 0.007552116825027893)	(82.0, 0.005817234260269163)	(83.0, 0.003855554379093187)	(84.0, 0.002693510397037812)	(85.0, 0.0021253480476626486)	(86.0, 0.0017687852563881118)	(87.0, 0.0015232830066581027)	(88.0, 0.0013713054234919069)	(89.0, 0.0012450471236307595)	(90.0, 0.0010965767154607065)	(91.0, 0.0009516134822867965)	(92.0, 0.0008826390406959844)	(93.0, 0.000832369532417935)	(94.0, 0.0007306614575297884)	(95.0, 0.0007002659408965492)	(96.0, 0.0007061112325567876)	(97.0, 0.0006757157159235483)	(98.0, 0.0007493663908425509)	(99.0, 0.0010509834405108475)	(100.0, 0.0035738113210697013)
qc_bundle_trimmed | SRR30333760_1	(0.0, 3.9152958053698624e-05)	(1.0, 3.4258838296986294e-05)	(2.0, 3.670589817534246e-05)	(3.0, 4.0376487992876706e-05)	(4.0, 5.383531732383561e-05)	(5.0, 7.218826641150684e-05)	(6.0, 7.830591610739725e-05)	(7.0, 0.00010032945501260272)	(8.0, 0.00010522357476931506)	(9.0, 0.00012112946397863012)	(10.0, 0.00018964714057260272)	(11.0, 0.0002997648350986301)	(12.0, 0.0004098825296246575)	(13.0, 0.0006129884995282191)	(14.0, 0.0008687062568164382)	(15.0, 0.0013140711546772601)	(16.0, 0.002237836258756712)	(17.0, 0.0034222132398810954)	(18.0, 0.004969978612941369)	(19.0, 0.007687438607855889)	(20.0, 0.012531393637061917)	(21.0, 0.020306926400538626)	(22.0, 0.029763589300446022)	(23.0, 0.04345488931984876)	(24.0, 0.06424633357630191)	(25.0, 0.09415796999938848)	(26.0, 0.13203600985646355)	(27.0, 0.18099556037267447)	(28.0, 0.24789573038705368)	(29.0, 0.3395919581488158)	(30.0, 0.45350626607611283)	(31.0, 0.5792117320272689)	(32.0, 0.7319205037360854)	(33.0, 0.9183130546704743)	(34.0, 1.121124153858694)	(35.0, 1.3175019326267154)	(36.0, 1.5526350222182026)	(37.0, 1.8099556037267448)	(38.0, 2.013263456070271)	(39.0, 2.19276386285727)	(40.0, 2.3510702840378257)	(41.0, 2.5163190140932783)	(42.0, 2.6915187131440663)	(43.0, 2.864057234577142)	(44.0, 3.051664750741135)	(45.0, 3.2658877136720688)	(46.0, 3.459490526538034)	(47.0, 3.621752620011953)	(48.0, 3.8198996230720255)	(49.0, 3.9953525928202236)	(50.0, 4.118015139812644)	(51.0, 4.232968224658303)	(52.0, 4.336330810390128)	(53.0, 4.383161418812169)	(54.0, 4.357861266729845)	(55.0, 4.2825432107339205)	(56.0, 4.120731376277619)	(57.0, 3.862708488583989)	(58.0, 3.56944671511209)	(59.0, 3.230931463309751)	(60.0, 2.8376363290705306)	(61.0, 2.4136795345555075)	(62.0, 1.999873144415906)	(63.0, 1.6329328450665819)	(64.0, 1.2919179215985017)	(65.0, 0.9763560914551433)	(66.0, 0.7286292081996963)	(67.0, 0.5535836739212449)	(68.0, 0.4158239910093063)	(69.0, 0.30952615695339286)	(70.0, 0.2316937469324575)	(71.0, 0.16819621367893256)	(72.0, 0.1274098431564312)	(73.0, 0.09781387745765259)	(74.0, 0.06696991122091232)	(75.0, 0.04498063115400383)	(76.0, 0.03278326119033753)	(77.0, 0.02283229219500219)	(78.0, 0.014087723719696436)	(79.0, 0.008227015311033424)	(80.0, 0.0050507315889271225)	(81.0, 0.00369995453607452)	(82.0, 0.002718683524853698)	(83.0, 0.001522071244337534)	(84.0, 0.0007439062030202738)	(85.0, 0.0004930825654887671)	(86.0, 0.0003536001524224657)	(87.0, 0.00020188243996438354)	(88.0, 0.00012724711367452054)	(89.0, 0.00010400004483013698)	(90.0, 9.298827537753422e-05)	(91.0, 7.4635326289863e-05)	(92.0, 5.138825744547944e-05)	(93.0, 3.4258838296986294e-05)	(94.0, 3.670589817534246e-05)	(95.0, 3.792942811452055e-05)	(96.0, 1.835294908767123e-05)	(97.0, 2.2023538905205477e-05)	(98.0, 4.4047077810410954e-05)	(99.0, 3.058824847945205e-05)	(100.0, 7.341179635068493e-06)
qc_bundle_trimmed | SRR30333760_2	(0.0, 0.0001492751346290415)	(1.0, 0.0001688522014656371)	(2.0, 0.00029610313590350853)	(3.0, 0.00046862603740100735)	(4.0, 0.0006582788723805273)	(5.0, 0.0008809680076468023)	(6.0, 0.0010437023757260033)	(7.0, 0.0011782947102275982)	(8.0, 0.0013630532784979692)	(9.0, 0.00152578764657717)	(10.0, 0.0017509239151980195)	(11.0, 0.0020103200507829116)	(12.0, 0.002275834019754239)	(13.0, 0.002556030788853014)	(14.0, 0.002877828824979554)	(15.0, 0.003484717896914018)	(16.0, 0.004366909471238108)	(17.0, 0.005579464048429747)	(18.0, 0.007297351663341012)	(19.0, 0.01009442508761961)	(20.0, 0.015184462465134467)	(21.0, 0.022345998227296597)	(22.0, 0.03231194881380105)	(23.0, 0.046283856701743877)	(24.0, 0.06492734216356932)	(25.0, 0.09074459905432979)	(26.0, 0.1290544717201928)	(27.0, 0.18494699753867327)	(28.0, 0.2529662926957474)	(29.0, 0.3432997733465087)	(30.0, 0.4632056370206249)	(31.0, 0.6110283980037265)	(32.0, 0.786451152526396)	(33.0, 0.9745622934925341)	(34.0, 1.1600072826688632)	(35.0, 1.3553558205311553)	(36.0, 1.5876475070807805)	(37.0, 1.8221073537825583)	(38.0, 2.0150870665576224)	(39.0, 2.1926767576657675)	(40.0, 2.344791790552793)	(41.0, 2.491617344693905)	(42.0, 2.6687371861979723)	(43.0, 2.8332090189589207)	(44.0, 3.014696993500903)	(45.0, 3.249616901273342)	(46.0, 3.4409741646343224)	(47.0, 3.577788496221871)	(48.0, 3.7484356700030883)	(49.0, 3.9063393968403597)	(50.0, 4.027740458994121)	(51.0, 4.146387272557308)	(52.0, 4.234654149090131)	(53.0, 4.28072388162335)	(54.0, 4.258461085930109)	(55.0, 4.176168885482479)	(56.0, 4.025323914806479)	(57.0, 3.7891902288901713)	(58.0, 3.508305815318761)	(59.0, 3.166876875421824)	(60.0, 2.7816246714111688)	(61.0, 2.4084392819719196)	(62.0, 2.046122835327013)	(63.0, 1.6762288402496666)	(64.0, 1.3364321383002309)	(65.0, 1.0525720105696583)	(66.0, 0.8230884095444073)	(67.0, 0.6479678759910278)	(68.0, 0.5042954531772845)	(69.0, 0.3923072894718939)	(70.0, 0.3065658545609916)	(71.0, 0.23541422871006215)	(72.0, 0.18364512259403967)	(73.0, 0.13951229611096672)	(74.0, 0.10289094545976009)	(75.0, 0.07597125499276383)	(76.0, 0.05569063731672806)	(77.0, 0.040136657715052856)	(78.0, 0.027220687869608903)	(79.0, 0.0175948888193903)	(80.0, 0.011204200063919124)	(81.0, 0.00786753373495686)	(82.0, 0.006030960152348734)	(83.0, 0.004235987836768374)	(84.0, 0.0029267714920710435)	(85.0, 0.0023578129871324838)	(86.0, 0.00207272195132456)	(87.0, 0.0017925251822257851)	(88.0, 0.0015808481470550955)	(89.0, 0.0014462558125535006)	(90.0, 0.0012688386443468528)	(91.0, 0.0010926450428174923)	(92.0, 0.000982524041861642)	(93.0, 0.0009409227748338764)	(94.0, 0.0009323578080928658)	(95.0, 0.00086873234087393)	(96.0, 0.0008344724739098876)	(97.0, 0.0008675087741966429)	(98.0, 0.0010216781755348332)	(99.0, 0.0013801832119799903)	(100.0, 0.004311848970760182)
qc_bundle_trimmed | SRR30333761_1	(0.0, 7.169410676951648e-05)	(1.0, 6.571959787205678e-05)	(2.0, 5.974508897459708e-05)	(3.0, 5.7355285415613184e-05)	(4.0, 5.616038363612124e-05)	(5.0, 8.125332100545201e-05)	(6.0, 0.00010515135659529085)	(7.0, 9.917684769783113e-05)	(8.0, 9.798194591833918e-05)	(9.0, 0.00012307488328766996)	(10.0, 0.00015892193667242822)	(11.0, 0.0001995485971751542)	(12.0, 0.00031067446266790473)	(13.0, 0.00046362189044287324)	(14.0, 0.0007061869516797374)	(15.0, 0.001096919833573602)	(16.0, 0.0018198354101662266)	(17.0, 0.002969330922037474)	(18.0, 0.004445034619710022)	(19.0, 0.0067213225096421705)	(20.0, 0.010809081497284103)	(21.0, 0.01740613422185911)	(22.0, 0.025745353740933372)	(23.0, 0.038254780470434506)	(24.0, 0.055695566843898876)	(25.0, 0.07973579574549725)	(26.0, 0.11099442629700644)	(27.0, 0.15246349255427427)	(28.0, 0.20951527291789648)	(29.0, 0.2900516528556533)	(30.0, 0.39409653040313464)	(31.0, 0.5122639520824311)	(32.0, 0.6668209125543754)	(33.0, 0.8641457975178951)	(34.0, 1.081016885790344)	(35.0, 1.291118855481971)	(36.0, 1.5449864926510495)	(37.0, 1.8236435621374676)	(38.0, 2.0368713948842454)	(39.0, 2.220530188195716)	(40.0, 2.3830535588315325)	(41.0, 2.5438060850301425)	(42.0, 2.7144141611060024)	(43.0, 2.886206384845338)	(44.0, 3.0725537071606652)	(45.0, 3.287171210676992)	(46.0, 3.4795408379609585)	(47.0, 3.6345829285553766)	(48.0, 3.8220008828651286)	(49.0, 3.989910870722895)	(50.0, 4.102071521156686)	(51.0, 4.215102060085947)	(52.0, 4.312215312410595)	(53.0, 4.359423491914763)	(54.0, 4.335953231161982)	(55.0, 4.254127552204153)	(56.0, 4.09797181315125)	(57.0, 3.8404501663404846)	(58.0, 3.5478641268105284)	(59.0, 3.2169408585873533)	(60.0, 2.829440186007014)	(61.0, 2.41177660780696)	(62.0, 2.003501372888374)	(63.0, 1.641536946237557)	(64.0, 1.3098895675360098)	(65.0, 1.0029013768578379)	(66.0, 0.7613806597762497)	(67.0, 0.5910713091452633)	(68.0, 0.4553997712981892)	(69.0, 0.3466708787750995)	(70.0, 0.26675465286089894)	(71.0, 0.2023649806694167)	(72.0, 0.16391543120892504)	(73.0, 0.13506213793953312)	(74.0, 0.09690653431679645)	(75.0, 0.06762188150500795)	(76.0, 0.05422703255690329)	(77.0, 0.04212028772709093)	(78.0, 0.026237653274084047)	(79.0, 0.015119092215911534)	(80.0, 0.010211630607538132)	(81.0, 0.00862838574971131)	(82.0, 0.0069316252228327525)	(83.0, 0.003931226854528487)	(84.0, 0.001938130686335929)	(85.0, 0.0010730217979837632)	(86.0, 0.00060939990754089)	(87.0, 0.0003943175872323407)	(88.0, 0.00028438662351908204)	(89.0, 0.00020671800785210584)	(90.0, 0.00013980350820055713)	(91.0, 0.00010873606193376667)	(92.0, 7.886351744646813e-05)	(93.0, 5.49654818566293e-05)	(94.0, 4.899097295916959e-05)	(95.0, 4.301646406170989e-05)	(96.0, 3.46521516052663e-05)	(97.0, 3.823685694374213e-05)	(98.0, 5.2575678297645425e-05)	(99.0, 4.4211365841201836e-05)	(100.0, 1.3143919574411356e-05)
qc_bundle_trimmed | SRR30333761_2	(0.0, 0.00015295404387011158)	(1.0, 0.00017565815975708127)	(2.0, 0.000358486040320574)	(3.0, 0.0006990477786251193)	(4.0, 0.0010097356802362834)	(5.0, 0.0012654557223316261)	(6.0, 0.0014865221138626468)	(7.0, 0.0016896642033776385)	(8.0, 0.001908340687973189)	(9.0, 0.0021784001716813545)	(10.0, 0.002383932168131817)	(11.0, 0.002547640793211546)	(12.0, 0.002711349418291275)	(13.0, 0.0029037369265966493)	(14.0, 0.0032849270828041927)	(15.0, 0.0037390094005435867)	(16.0, 0.004355605389894973)	(17.0, 0.005421503883114814)	(18.0, 0.006869787486009933)	(19.0, 0.0091808274926099)	(20.0, 0.013259203677990297)	(21.0, 0.019101331181747918)	(22.0, 0.027299906923879444)	(23.0, 0.03829467378051145)	(24.0, 0.052937633574139165)	(25.0, 0.07297939313499473)	(26.0, 0.10368730734885508)	(27.0, 0.14868328017642582)	(28.0, 0.2038196281311978)	(29.0, 0.2822993920781779)	(30.0, 0.39226259503957844)	(31.0, 0.5389335735763381)	(32.0, 0.7183689812449305)	(33.0, 0.9126947040749718)	(34.0, 1.1129402263841734)	(35.0, 1.3293056709731237)	(36.0, 1.5874777575842591)	(37.0, 1.8429313250562969)	(38.0, 2.0418301348073613)	(39.0, 2.2153971259959055)	(40.0, 2.367408351579974)	(41.0, 2.5126645052109353)	(42.0, 2.686115585913109)	(43.0, 2.8436749804478727)	(44.0, 3.012513540764589)	(45.0, 3.2494023111618917)	(46.0, 3.442844963379277)	(47.0, 3.5755636652267593)	(48.0, 3.746623644039996)	(49.0, 3.901990298961465)	(50.0, 4.01744909292098)	(51.0, 4.130447477690428)	(52.0, 4.220579232901294)	(53.0, 4.271218970956979)	(54.0, 4.245517911772929)	(55.0, 4.160054839760504)	(56.0, 4.014523846831964)	(57.0, 3.7810263543760936)	(58.0, 3.5049466950974772)	(59.0, 3.165398277333572)	(60.0, 2.777199719037761)	(61.0, 2.4108018918073117)	(62.0, 2.054332932940275)	(63.0, 1.6874380050672482)	(64.0, 1.3530685156325069)	(65.0, 1.076098616020428)	(66.0, 0.8521201228885367)	(67.0, 0.6827581729529524)	(68.0, 0.5403543732494753)	(69.0, 0.42774434835704117)	(70.0, 0.3444238279122656)	(71.0, 0.272491214015007)	(72.0, 0.22217172348867575)	(73.0, 0.17563426068772656)	(74.0, 0.1342649716347323)	(75.0, 0.10498861167521877)	(76.0, 0.08120664776035189)	(77.0, 0.06332775397609713)	(78.0, 0.045098738825795945)	(79.0, 0.02950101121144777)	(80.0, 0.01944786768739114)	(81.0, 0.015006225647819227)	(82.0, 0.012033181420093934)	(83.0, 0.008277442671002054)	(84.0, 0.0056903684133552445)	(85.0, 0.004390259040459296)	(86.0, 0.003852529979978435)	(87.0, 0.003415177010787335)	(88.0, 0.002969459367322088)	(89.0, 0.0026970099766784514)	(90.0, 0.0026049985596628376)	(91.0, 0.002374372540389935)	(92.0, 0.0021210424052300627)	(93.0, 0.001923875083053747)	(94.0, 0.00181752422442531)	(95.0, 0.0017338774816838428)	(96.0, 0.0016585954132165225)	(97.0, 0.001730292621280637)	(98.0, 0.0019525539662793932)	(99.0, 0.0026898402558720403)	(100.0, 0.0077970713769724845)
qc_bundle_trimmed | SRR30333762_1	(0.0, 4.456757254260688e-05)	(1.0, 3.961562003787278e-05)	(2.0, 3.2187691280771634e-05)	(3.0, 3.342567940695515e-05)	(4.0, 3.5901655659322205e-05)	(5.0, 4.456757254260688e-05)	(6.0, 5.5709465678258593e-05)	(7.0, 7.180331131864441e-05)	(8.0, 8.418319258047966e-05)	(9.0, 9.656307384231492e-05)	(10.0, 0.00014236863451110528)	(11.0, 0.0002463596371105213)	(12.0, 0.0003652064972241397)	(13.0, 0.0004914812860948592)	(14.0, 0.0007675526382337851)	(15.0, 0.0012565579480762774)	(16.0, 0.002041442420076632)	(17.0, 0.003168011614903639)	(18.0, 0.004844247537756131)	(19.0, 0.007378409232053805)	(20.0, 0.012108761862201053)	(21.0, 0.02004550373916363)	(22.0, 0.029813230054751633)	(23.0, 0.04393619859825328)	(24.0, 0.06431595913148647)	(25.0, 0.09416756681814979)	(26.0, 0.13206981128938455)	(27.0, 0.1821427170291296)	(28.0, 0.2507260212315707)	(29.0, 0.34707863709243436)	(30.0, 0.46707311219902475)	(31.0, 0.5940968838860854)	(32.0, 0.7564738824925687)	(33.0, 0.9582387113217072)	(34.0, 1.1757371312465121)	(35.0, 1.379575590187008)	(36.0, 1.6307188134171025)	(37.0, 1.9128216437067944)	(38.0, 2.111950795815288)	(39.0, 2.2778313008188706)	(40.0, 2.429136971612895)	(41.0, 2.579302455342704)	(42.0, 2.7446865271076875)	(43.0, 2.9064866232473694)	(44.0, 3.0840611640908815)	(45.0, 3.28915741896758)	(46.0, 3.4597113291475057)	(47.0, 3.601173756350245)	(48.0, 3.790886770770986)	(49.0, 3.9616635188136256)	(50.0, 4.072322325460666)	(51.0, 4.181637914990797)	(52.0, 4.276259823451256)	(53.0, 4.317004488660208)	(54.0, 4.289350309897521)	(55.0, 4.209048210092627)	(56.0, 4.050105390548176)	(57.0, 3.789763915540538)	(58.0, 3.4982858011712583)	(59.0, 3.17247456209853)	(60.0, 2.787545676036161)	(61.0, 2.364957191175289)	(62.0, 1.958445220121036)	(63.0, 1.6025347757364083)	(64.0, 1.269251040334037)	(65.0, 0.9624751066895072)	(66.0, 0.7212196946232405)	(67.0, 0.5501198316796679)	(68.0, 0.4174991156741317)	(69.0, 0.31383741791628056)	(70.0, 0.23787694246991184)	(71.0, 0.17530778458447033)	(72.0, 0.13395155324118352)	(73.0, 0.10397738473002802)	(74.0, 0.07332727470197634)	(75.0, 0.05120937883958148)	(76.0, 0.03765836081037663)	(77.0, 0.026812346836882772)	(78.0, 0.017172133298291665)	(79.0, 0.010380530438048851)	(80.0, 0.0066281884275865895)	(81.0, 0.004684547069478457)	(82.0, 0.003290572439395808)	(83.0, 0.0019003117736917099)	(84.0, 0.001007722334713389)	(85.0, 0.0006548957187510844)	(86.0, 0.0004172019985238477)	(87.0, 0.0002599775064985401)	(88.0, 0.0002079820051988321)	(89.0, 0.0001634144326562252)	(90.0, 0.00010770496697796662)	(91.0, 6.808934694009385e-05)	(92.0, 4.7043548794973925e-05)	(93.0, 4.3329584416423354e-05)	(94.0, 4.08536081640563e-05)	(95.0, 3.0949703154588115e-05)	(96.0, 3.342567940695515e-05)	(97.0, 5.199550129970802e-05)	(98.0, 6.808934694009385e-05)	(99.0, 4.456757254260688e-05)	(100.0, 8.66591688328467e-06)
qc_bundle_trimmed | SRR30333762_2	(0.0, 0.00011389865552665185)	(1.0, 0.00014856346373041544)	(2.0, 0.00023893957083308485)	(3.0, 0.00038502697683466005)	(4.0, 0.0005459707292092768)	(5.0, 0.0007155806836348343)	(6.0, 0.0009074751576199543)	(7.0, 0.0009718526585698011)	(8.0, 0.0010919414584185537)	(9.0, 0.0012466950664710697)	(10.0, 0.0014101148765745266)	(11.0, 0.0015673445423558829)	(12.0, 0.0018397108925283113)	(13.0, 0.002217309696176451)	(14.0, 0.002478533786569098)	(15.0, 0.0029539368705064272)	(16.0, 0.0037475133725997298)	(17.0, 0.004965733775189137)	(18.0, 0.006702688271970576)	(19.0, 0.009256741819269302)	(20.0, 0.014047913524575201)	(21.0, 0.021286668294839696)	(22.0, 0.03171087133325718)	(23.0, 0.04562879182706827)	(24.0, 0.0639528570493506)	(25.0, 0.08952558127281277)	(26.0, 0.1278388605400225)	(27.0, 0.18421002882366422)	(28.0, 0.25269035743019924)	(29.0, 0.3462890536669542)	(30.0, 0.47083970954307686)	(31.0, 0.6302631624721857)	(32.0, 0.822733319879261)	(33.0, 1.0220386346467998)	(34.0, 1.2138699691598345)	(35.0, 1.4185582334298719)	(36.0, 1.668740344380756)	(37.0, 1.915297506816618)	(38.0, 2.1036375999319876)	(39.0, 2.266109079925299)	(40.0, 2.4071960873434812)	(41.0, 2.5447311899496423)	(42.0, 2.710591154944871)	(43.0, 2.860880430912288)	(44.0, 3.0287521928122)	(45.0, 3.257455740994259)	(46.0, 3.431625355727476)	(47.0, 3.5485547059142286)	(48.0, 3.7121168893370937)	(49.0, 3.864185212782683)	(50.0, 3.976308534917756)	(51.0, 4.091353605172861)	(52.0, 4.176575798112949)	(53.0, 4.215394193156842)	(54.0, 4.193878489522085)	(55.0, 4.111383674170314)	(56.0, 3.9576068708918255)	(57.0, 3.7234943746011147)	(58.0, 3.4502700704256437)	(59.0, 3.1180970218708075)	(60.0, 2.7387426932929206)	(61.0, 2.3719382633136603)	(62.0, 2.015311668628798)	(63.0, 1.6548422323487757)	(64.0, 1.3265702127457275)	(65.0, 1.0475147926188373)	(66.0, 0.8207140948013917)	(67.0, 0.6487308390427408)	(68.0, 0.5086726336108915)	(69.0, 0.40054443062130196)	(70.0, 0.3158731605258805)	(71.0, 0.24536246458169647)	(72.0, 0.19488183763496572)	(73.0, 0.15096152564079726)	(74.0, 0.11318802695847469)	(75.0, 0.085050106927934)	(76.0, 0.06313080588337562)	(77.0, 0.04612028928624305)	(78.0, 0.032310077303636525)	(79.0, 0.021521893779079516)	(80.0, 0.01374831053938553)	(81.0, 0.009409019369592979)	(82.0, 0.0068227770718193295)	(83.0, 0.004747840695051194)	(84.0, 0.003382294857595792)	(85.0, 0.002653095856452336)	(86.0, 0.002249498446651374)	(87.0, 0.0019684658944280047)	(88.0, 0.0017369544967814404)	(89.0, 0.0015623924268982025)	(90.0, 0.0014286853095408286)	(91.0, 0.0012850739612680936)	(92.0, 0.001202126027351945)	(93.0, 0.0010944175161473938)	(94.0, 0.0010312780440619672)	(95.0, 0.0009743287162986413)	(96.0, 0.0009087131864843746)	(97.0, 0.0010015653513158842)	(98.0, 0.0011290823243511575)	(99.0, 0.0015066811279992967)	(100.0, 0.004949639399951675)
qc_bundle_trimmed | SRR30333763_1	(0.0, 3.7344556492896144e-05)	(1.0, 3.851157388329915e-05)	(2.0, 4.5513678225717175e-05)	(3.0, 6.185192169135924e-05)	(4.0, 7.002104342418028e-05)	(5.0, 8.052419993780731e-05)	(6.0, 9.219437384183736e-05)	(7.0, 9.802946079385237e-05)	(8.0, 0.00011203366947868843)	(9.0, 0.00014004208684836056)	(10.0, 0.00018788979985488372)	(11.0, 0.00027191505196390005)	(12.0, 0.0003932848605658125)	(13.0, 0.000546164138708606)	(14.0, 0.0008064090167684762)	(15.0, 0.0013303998250594252)	(16.0, 0.00208195902447896)	(17.0, 0.003143944849745694)	(18.0, 0.004864128483199723)	(19.0, 0.007594949176742753)	(20.0, 0.012057623677643842)	(21.0, 0.01958021777618161)	(22.0, 0.02912875406445899)	(23.0, 0.04299408767983709)	(24.0, 0.06352892568136835)	(25.0, 0.09387487888401767)	(26.0, 0.13357097541857588)	(27.0, 0.18545073350894142)	(28.0, 0.25605061755876163)	(29.0, 0.3533086798575576)	(30.0, 0.47139566854026643)	(31.0, 0.6000243253104856)	(32.0, 0.7609035076644917)	(33.0, 0.9544871853671517)	(34.0, 1.1619373637025803)	(35.0, 1.3562375900829478)	(36.0, 1.5939998781167037)	(37.0, 1.8553359174366006)	(38.0, 2.047884450713973)	(39.0, 2.215209070115175)	(40.0, 2.3668898213980247)	(41.0, 2.519580042723573)	(42.0, 2.683970780405302)	(43.0, 2.8484222029913315)	(44.0, 3.031146783876292)	(45.0, 3.2439057243206637)	(46.0, 3.4300123216030114)	(47.0, 3.5812624434688023)	(48.0, 3.769398483993061)	(49.0, 3.93978419000929)	(50.0, 4.052785316904623)	(51.0, 4.166834425416537)	(52.0, 4.275093960654662)	(53.0, 4.322597403531017)	(54.0, 4.297190267924552)	(55.0, 4.224159486650523)	(56.0, 4.07776765818098)	(57.0, 3.838294522652893)	(58.0, 3.5498976840843315)	(59.0, 3.214486382925994)	(60.0, 2.8273120254163318)	(61.0, 2.4153852290562217)	(62.0, 2.0106192514036243)	(63.0, 1.6482160050226562)	(64.0, 1.314617081871615)	(65.0, 1.0043631745981954)	(66.0, 0.7587106819879245)	(67.0, 0.5834608474884958)	(68.0, 0.44585315891651583)	(69.0, 0.3360788351056476)	(70.0, 0.25512633978556243)	(71.0, 0.18957263893184484)	(72.0, 0.14970965891045904)	(73.0, 0.12026697716798164)	(74.0, 0.08489584708225696)	(75.0, 0.058366040746225464)	(76.0, 0.044438855209156004)	(77.0, 0.03287254585287183)	(78.0, 0.020638702549277136)	(79.0, 0.01212297665150641)	(80.0, 0.007933384219959625)	(81.0, 0.006206198482163179)	(82.0, 0.0047217523615705565)	(83.0, 0.0026444614066532084)	(84.0, 0.001316395616374589)	(85.0, 0.0007608953385427589)	(86.0, 0.0004084560866410515)	(87.0, 0.00020889611288213777)	(88.0, 0.00015171226075239057)	(89.0, 0.0001283719129443305)	(90.0, 9.802946079385237e-05)	(91.0, 6.535297386256826e-05)	(92.0, 3.7344556492896144e-05)	(93.0, 3.034245215047812e-05)	(94.0, 2.2173330417657085e-05)	(95.0, 1.2837191294433049e-05)	(96.0, 2.4507365198463092e-05)	(97.0, 4.5513678225717175e-05)	(98.0, 6.301893908176225e-05)	(99.0, 4.5513678225717175e-05)	(100.0, 1.050315651362704e-05)
qc_bundle_trimmed | SRR30333763_2	(0.0, 0.0001914006601105327)	(1.0, 0.00025909113746669675)	(2.0, 0.0005123468889544138)	(3.0, 0.0009616716093358473)	(4.0, 0.0014553452631575262)	(5.0, 0.0018673235132734898)	(6.0, 0.0022501248334945555)	(7.0, 0.0027064520170507643)	(8.0, 0.003173282895369137)	(9.0, 0.003538578057653263)	(10.0, 0.0038793645988256754)	(11.0, 0.004336858859577681)	(12.0, 0.004860876520490054)	(13.0, 0.005292695082934547)	(14.0, 0.005729181954162226)	(15.0, 0.00632205716962656)	(16.0, 0.007213704147214651)	(17.0, 0.008519663529310297)	(18.0, 0.010281950094962154)	(19.0, 0.013066596284131246)	(20.0, 0.01798699374160689)	(21.0, 0.024967282449662356)	(22.0, 0.035272574088540426)	(23.0, 0.04960544913011026)	(24.0, 0.06928120357403386)	(25.0, 0.09685340232471273)	(26.0, 0.13701369570924654)	(27.0, 0.19537805919380524)	(28.0, 0.2673283683146244)	(29.0, 0.3631979245632812)	(30.0, 0.4877577395161893)	(31.0, 0.6472213321637663)	(32.0, 0.8314082881270844)	(33.0, 1.0197652109109814)	(34.0, 1.203712916049161)	(35.0, 1.3952349521880567)	(36.0, 1.6223318354092038)	(37.0, 1.8522425417494148)	(38.0, 2.036004681613463)	(39.0, 2.1970811749456303)	(40.0, 2.344799302694717)	(41.0, 2.4879704976889827)	(42.0, 2.655343372492469)	(43.0, 2.8062207782105753)	(44.0, 2.97356914439295)	(45.0, 3.20806879826703)	(46.0, 3.3959145412391685)	(47.0, 3.5281455546000435)	(48.0, 3.692845822625157)	(49.0, 3.8435796778481803)	(50.0, 3.9607705673868328)	(51.0, 4.079212563679379)	(52.0, 4.1751311371702595)	(53.0, 4.224709743524866)	(54.0, 4.206977172611943)	(55.0, 4.1272261195144235)	(56.0, 3.985418070684847)	(57.0, 3.761346251555203)	(58.0, 3.4842867935820325)	(59.0, 3.1456780184569757)	(60.0, 2.7706937812933514)	(61.0, 2.4134397808882593)	(62.0, 2.05583215609284)	(63.0, 1.6857017929865312)	(64.0, 1.3501274185705439)	(65.0, 1.0731975061661065)	(66.0, 0.8513209592417547)	(67.0, 0.6790685346826457)	(68.0, 0.5335421779072637)	(69.0, 0.41747985201694576)	(70.0, 0.33093757671709007)	(71.0, 0.26089894004298464)	(72.0, 0.20883445926133232)	(73.0, 0.1627267404870225)	(74.0, 0.12316632478112781)	(75.0, 0.09372563543997964)	(76.0, 0.07047278939094151)	(77.0, 0.05313469057019716)	(78.0, 0.037209922233561676)	(79.0, 0.024403584164092922)	(80.0, 0.0159772868104463)	(81.0, 0.011667270726371925)	(82.0, 0.008812599905455076)	(83.0, 0.005925250923055942)	(84.0, 0.004075433567719391)	(85.0, 0.003105592418012973)	(86.0, 0.002576906448317416)	(87.0, 0.0021625940438098606)	(88.0, 0.0019420164538044295)	(89.0, 0.0017284413269737738)	(90.0, 0.0015358735896674454)	(91.0, 0.0014833551158566285)	(92.0, 0.0014308366420458115)	(93.0, 0.0013491412383400965)	(94.0, 0.0013526424699274843)	(95.0, 0.001337470466382137)	(96.0, 0.0013316350804031575)	(97.0, 0.0014681831123112814)	(98.0, 0.0017436133305191214)	(99.0, 0.0024193510268849653)	(100.0, 0.007381763263409264)
qc_bundle_trimmed | SRR30333764_1	(0.0, 5.430410913269722e-05)	(1.0, 4.9367371938815654e-05)	(2.0, 4.0728081849522914e-05)	(3.0, 6.047503062504919e-05)	(4.0, 9.503219098222014e-05)	(5.0, 9.379800668374976e-05)	(6.0, 8.515871659445702e-05)	(7.0, 9.873474387763131e-05)	(8.0, 0.00012341842984703915)	(9.0, 0.00013946282572715424)	(10.0, 0.0001592097745026805)	(11.0, 0.00022955827951549282)	(12.0, 0.0003628501837502951)	(13.0, 0.0005245283268499164)	(14.0, 0.0008207325584828104)	(15.0, 0.001330450673751082)	(16.0, 0.002120328624772133)	(17.0, 0.003237265414887837)	(18.0, 0.004898477480628984)	(19.0, 0.007347099128794241)	(20.0, 0.011890131531463751)	(21.0, 0.019255743424735048)	(22.0, 0.02860345530134979)	(23.0, 0.04277806196928224)	(24.0, 0.06343460457278118)	(25.0, 0.09190106541700076)	(26.0, 0.1283181415119666)	(27.0, 0.17826064333386948)	(28.0, 0.24577175864449835)	(29.0, 0.3390748574245615)	(30.0, 0.4526654777028809)	(31.0, 0.5762566933517059)	(32.0, 0.7332399993799459)	(33.0, 0.9272414292565065)	(34.0, 1.13499784313952)	(35.0, 1.330544471757766)	(36.0, 1.568182955875344)	(37.0, 1.8244156606336777)	(38.0, 2.0220357188733535)	(39.0, 2.197188686143675)	(40.0, 2.3514715969268614)	(41.0, 2.4977508225344676)	(42.0, 2.6563718911267777)	(43.0, 2.8236001610166204)	(44.0, 3.0105346516001394)	(45.0, 3.226526777306846)	(46.0, 3.415037321239512)	(47.0, 3.5752529559454462)	(48.0, 3.770704552372709)	(49.0, 3.9432287070872887)	(50.0, 4.057313001084996)	(51.0, 4.1805993732120985)	(52.0, 4.2915081110098425)	(53.0, 4.341376561773837)	(54.0, 4.3215938216536545)	(55.0, 4.25283741438587)	(56.0, 4.113773230187121)	(57.0, 3.8680742884162322)	(58.0, 3.5741742788685826)	(59.0, 3.245055586179782)	(60.0, 2.860628158339329)	(61.0, 2.445699099746479)	(62.0, 2.0356771579243467)	(63.0, 1.666559786306419)	(64.0, 1.330849315279488)	(65.0, 1.0185821750020019)	(66.0, 0.7705469223541088)	(67.0, 0.5966873802285847)	(68.0, 0.45611378863280716)	(69.0, 0.33921308606599015)	(70.0, 0.2574459079237298)	(71.0, 0.19239328773565392)	(72.0, 0.15540601849479474)	(73.0, 0.128405768597158)	(74.0, 0.08851322951769953)	(75.0, 0.058586728648389486)	(76.0, 0.0468854273145917)	(77.0, 0.03654049452481288)	(78.0, 0.021827783502747344)	(79.0, 0.01159886403702474)	(80.0, 0.007670455414993483)	(81.0, 0.006781842720094802)	(82.0, 0.005750064646573554)	(83.0, 0.003200239885933725)	(84.0, 0.0013983308101669534)	(85.0, 0.0007503840534699981)	(86.0, 0.00043073032016616663)	(87.0, 0.00027769146715583804)	(88.0, 0.00019253275056138106)	(89.0, 0.0001592097745026805)	(90.0, 0.00011724750835468719)	(91.0, 8.63929008929274e-05)	(92.0, 6.788013641587153e-05)	(93.0, 4.5664819043404484e-05)	(94.0, 3.949389755105253e-05)	(95.0, 3.332297605870057e-05)	(96.0, 3.208879176023018e-05)	(97.0, 2.8386238864819003e-05)	(98.0, 3.4557160357170964e-05)	(99.0, 2.591787026787822e-05)	(100.0, 3.7025528954111746e-06)
qc_bundle_trimmed | SRR30333764_2	(0.0, 0.00019254101299455594)	(1.0, 0.00026042406244776477)	(2.0, 0.00044062270281446456)	(3.0, 0.0007170918496784423)	(4.0, 0.001047867436104987)	(5.0, 0.0013749403107431752)	(6.0, 0.0016464725085560102)	(7.0, 0.001898256910164276)	(8.0, 0.002205581988597894)	(9.0, 0.002432681644950447)	(10.0, 0.002661015538565786)	(11.0, 0.002923908075539122)	(12.0, 0.0032435755266005963)	(13.0, 0.0036224863662757795)	(14.0, 0.004018676527629962)	(15.0, 0.004529650754423208)	(16.0, 0.005303517518189788)	(17.0, 0.0064883852904639785)	(18.0, 0.008243470678145123)	(19.0, 0.010760080456964992)	(20.0, 0.015389704429673832)	(21.0, 0.022298964626747703)	(22.0, 0.03171249223001359)	(23.0, 0.044832434333424674)	(24.0, 0.06257829769775625)	(25.0, 0.08750125074518618)	(26.0, 0.12559968657285253)	(27.0, 0.18079971391367639)	(28.0, 0.24865437590984113)	(29.0, 0.3412197021442367)	(30.0, 0.4617812322103984)	(31.0, 0.6168285856360528)	(32.0, 0.797612254465313)	(33.0, 0.9868158899012967)	(34.0, 1.177368546665505)	(35.0, 1.3697639196630522)	(36.0, 1.5940939475979146)	(37.0, 1.826867392647493)	(38.0, 2.0140925457512315)	(39.0, 2.178643526100335)	(40.0, 2.323949044810823)	(41.0, 2.4626896555205535)	(42.0, 2.6284304405909826)	(43.0, 2.779156729359625)	(44.0, 2.9457404984805367)	(45.0, 3.1830991349613638)	(46.0, 3.378552947896094)	(47.0, 3.518194551807658)	(48.0, 3.694639876658227)	(49.0, 3.8479580636787194)	(50.0, 3.9645095568780904)	(51.0, 4.085364835412795)	(52.0, 4.184725872016088)	(53.0, 4.247241223613442)	(54.0, 4.236702071626516)	(55.0, 4.162584889758977)	(56.0, 4.019844116080558)	(57.0, 3.7931443526011472)	(58.0, 3.5261652560507275)	(59.0, 3.1965214651941576)	(60.0, 2.8201457488567354)	(61.0, 2.456886271910936)	(62.0, 2.0946746624012413)	(63.0, 1.7155663447640117)	(64.0, 1.3743602192296658)	(65.0, 1.0953250930963567)	(66.0, 0.8672010198156915)	(67.0, 0.69248239289576)	(68.0, 0.5447392555912707)	(69.0, 0.42664866852520583)	(70.0, 0.34110121536700927)	(71.0, 0.2666149965578974)	(72.0, 0.21246036817865296)	(73.0, 0.16473858441304717)	(74.0, 0.12383966423612025)	(75.0, 0.09526830583989605)	(76.0, 0.07241887139394595)	(77.0, 0.055362946659511546)	(78.0, 0.03879084293208909)	(79.0, 0.024942700843634494)	(80.0, 0.01628329220793062)	(81.0, 0.012937274988518817)	(82.0, 0.0104675662256848)	(83.0, 0.006967269348424797)	(84.0, 0.0048320388838056835)	(85.0, 0.003807621955693622)	(86.0, 0.003168287053570674)	(87.0, 0.0028165294336767732)	(88.0, 0.002528952151447725)	(89.0, 0.00214757283724697)	(90.0, 0.0019821850440336977)	(91.0, 0.0018698694531202066)	(92.0, 0.0016390670849792967)	(93.0, 0.0014884901389194518)	(94.0, 0.001413201665889529)	(95.0, 0.001330507769282893)	(96.0, 0.0013342104810712498)	(97.0, 0.0014243098012545997)	(98.0, 0.0015403281039564475)	(99.0, 0.002122888091991258)	(100.0, 0.006650070371888894)
qc_bundle_trimmed | SRR30333765_1	(0.0, 9.166469515313881e-05)	(1.0, 7.556143789650633e-05)	(2.0, 6.069689273653787e-05)	(3.0, 7.680014999317036e-05)	(4.0, 0.00011767764918308362)	(5.0, 0.000130064770149724)	(6.0, 0.00011272280079642746)	(7.0, 0.00010652924031310727)	(8.0, 0.00011767764918308362)	(9.0, 0.00014245189111636438)	(10.0, 0.00018332939030627762)	(11.0, 0.0002502198435261357)	(12.0, 0.0003282587056159701)	(13.0, 0.00045212991528237393)	(14.0, 0.0007432272579984228)	(15.0, 0.001237473384567374)	(16.0, 0.0020599782167522954)	(17.0, 0.003195877209393218)	(18.0, 0.0048309771769897486)	(19.0, 0.007684969847703692)	(20.0, 0.012623714977103212)	(21.0, 0.020607214440102935)	(22.0, 0.031030976733530818)	(23.0, 0.04622378059911524)	(24.0, 0.06880550212130067)	(25.0, 0.10084974534990267)	(26.0, 0.1438491583614014)	(27.0, 0.20013871345800865)	(28.0, 0.2741777741877149)	(29.0, 0.3731397223023015)	(30.0, 0.48998247953223356)	(31.0, 0.6163509327855121)	(32.0, 0.7721103079563382)	(33.0, 0.9583754459317096)	(34.0, 1.1571899761583844)	(35.0, 1.3469259854286084)	(36.0, 1.5757235419550362)	(37.0, 1.8248471252756242)	(38.0, 2.014575702273268)	(39.0, 2.1853371196467926)	(40.0, 2.3437299967351266)	(41.0, 2.5002573734058844)	(42.0, 2.6667142662435013)	(43.0, 2.8326967323480954)	(44.0, 3.0131337299086627)	(45.0, 3.222101983191693)	(46.0, 3.4092552777403724)	(47.0, 3.5644398904983463)	(48.0, 3.750094343410062)	(49.0, 3.92213535037944)	(50.0, 4.039964122438318)	(51.0, 4.1518644184025595)	(52.0, 4.258471697577757)	(53.0, 4.3104406248812)	(54.0, 4.286392268236564)	(55.0, 4.2131435058245295)	(56.0, 4.075890489377864)	(57.0, 3.83902272354167)	(58.0, 3.5518285626422097)	(59.0, 3.2201262373975137)	(60.0, 2.8380442524693943)	(61.0, 2.4326744801239912)	(62.0, 2.0265255578697863)	(63.0, 1.66050595269911)	(64.0, 1.3262023320514191)	(65.0, 1.018075175430433)	(66.0, 0.7736463109562016)	(67.0, 0.6002984627248428)	(68.0, 0.464315126177258)	(69.0, 0.3526006370275151)	(70.0, 0.2699413788171238)	(71.0, 0.2044766832205261)	(72.0, 0.16427304341119808)	(73.0, 0.13295220804704785)	(74.0, 0.09476519153108891)	(75.0, 0.06636028444248585)	(76.0, 0.05227241176712574)	(77.0, 0.04038820791173096)	(78.0, 0.025656204946105557)	(79.0, 0.015101139170431288)	(80.0, 0.010257774872474899)	(81.0, 0.008174261125885988)	(82.0, 0.006659316231665868)	(83.0, 0.0038969882561050635)	(84.0, 0.001882842386929338)	(85.0, 0.0011173183111909623)	(86.0, 0.0006540399870386121)	(87.0, 0.00041125241609246064)	(88.0, 0.00029109734271604893)	(89.0, 0.0002105810564328865)	(90.0, 0.00016846484514630917)	(91.0, 0.00013749704272970824)	(92.0, 0.00011272280079642746)	(93.0, 9.538083144313094e-05)	(94.0, 6.812916531652209e-05)	(95.0, 4.335492338324133e-05)	(96.0, 4.335492338324133e-05)	(97.0, 5.2025908059889595e-05)	(98.0, 4.5832347576569405e-05)	(99.0, 2.725166612660884e-05)	(100.0, 8.670984676648267e-06)
qc_bundle_trimmed | SRR30333765_2	(0.0, 0.00018333831092718259)	(1.0, 0.0002254565715455894)	(2.0, 0.0003939296140192167)	(3.0, 0.0007061002515438789)	(4.0, 0.00108640336948067)	(5.0, 0.0013849475109229065)	(6.0, 0.0016921630589630504)	(7.0, 0.0019783194766939904)	(8.0, 0.0021765230560747287)	(9.0, 0.00242799384741404)	(10.0, 0.002756268525763387)	(11.0, 0.0030833044317416045)	(12.0, 0.0034227280614311183)	(13.0, 0.0037708230977185394)	(14.0, 0.0041783792078201815)	(15.0, 0.0047469757261686734)	(16.0, 0.0057020692243096045)	(17.0, 0.006986676173171012)	(18.0, 0.008620616930690972)	(19.0, 0.011307514203671098)	(20.0, 0.016381525835817992)	(21.0, 0.02378814584280194)	(22.0, 0.034711640611422866)	(23.0, 0.05037467847198568)	(24.0, 0.07179057522407441)	(25.0, 0.10168339131180308)	(26.0, 0.14512961591206083)	(27.0, 0.206614843780708)	(28.0, 0.28259866348105617)	(29.0, 0.3812098993124578)	(30.0, 0.5051899545322228)	(31.0, 0.658141179195596)	(32.0, 0.8334026942630135)	(33.0, 1.0136837149782483)	(34.0, 1.1919232388258614)	(35.0, 1.3780983384829308)	(36.0, 1.59922292304668)	(37.0, 1.823749176541551)	(38.0, 2.0057582847145117)	(39.0, 2.1723384830050527)	(40.0, 2.3180143975327816)	(41.0, 2.457433272813935)	(42.0, 2.6293129393081687)	(43.0, 2.7870012295187414)	(44.0, 2.955551075879379)	(45.0, 3.180352336840641)	(46.0, 3.368582559861414)	(47.0, 3.5069038828217463)	(48.0, 3.674063826581976)	(49.0, 3.826395665059785)	(50.0, 3.94706448173152)	(51.0, 4.067937695844492)	(52.0, 4.160254729258185)	(53.0, 4.206656664735958)	(54.0, 4.184610232846964)	(55.0, 4.114080727896699)	(56.0, 3.9816869307322222)	(57.0, 3.766212386953195)	(58.0, 3.498590481439096)	(59.0, 3.1599286967578264)	(60.0, 2.784127277617721)	(61.0, 2.4304676758391857)	(62.0, 2.0764426362111674)	(63.0, 1.7031361046265163)	(64.0, 1.3674238369609069)	(65.0, 1.091995187963949)	(66.0, 0.8689207756880417)	(67.0, 0.6989971307678218)	(68.0, 0.5552636113180239)	(69.0, 0.43914356679307637)	(70.0, 0.35321612126967084)	(71.0, 0.2824710699268298)	(72.0, 0.22986907873155307)	(73.0, 0.18204379379935215)	(74.0, 0.13980165594383237)	(75.0, 0.10823649715507873)	(76.0, 0.083532898530012)	(77.0, 0.06485716626286198)	(78.0, 0.04693460759735874)	(79.0, 0.03129882272896078)	(80.0, 0.020681304736008876)	(81.0, 0.015578801339326001)	(82.0, 0.012182087497688605)	(83.0, 0.00823659749564079)	(84.0, 0.00568348763874266)	(85.0, 0.004359239974005105)	(86.0, 0.003669243763285911)	(87.0, 0.003126661464731141)	(88.0, 0.0027959092416395344)	(89.0, 0.0025989444346299264)	(90.0, 0.0023462348709194854)	(91.0, 0.002088570217724526)	(92.0, 0.001938678760817843)	(93.0, 0.0018569197843232887)	(94.0, 0.0018259504750450484)	(95.0, 0.0017937423933956785)	(96.0, 0.0017689669459730862)	(97.0, 0.001890366638343788)	(98.0, 0.002187672007414895)	(99.0, 0.0031514369121537337)	(100.0, 0.008803955241618155)
qc_bundle_trimmed | SRR30333766_1	(0.0, 8.44167866912315e-05)	(1.0, 7.219856756486905e-05)	(2.0, 8.219529230462016e-05)	(3.0, 0.00010663173055734506)	(4.0, 0.00010774247775065073)	(5.0, 0.00011662845529709615)	(6.0, 0.0001288466744234586)	(7.0, 0.00015328311267618353)	(8.0, 0.00016772282618915735)	(9.0, 0.0001799410453155198)	(10.0, 0.00022437093304774692)	(11.0, 0.00028546202867955916)	(12.0, 0.00039653674801012694)	(13.0, 0.000603135725964983)	(14.0, 0.0009063697097374331)	(15.0, 0.0013817695084722631)	(16.0, 0.002125970127987067)	(17.0, 0.0033766714676492604)	(18.0, 0.005134984274652148)	(19.0, 0.0076996995439949575)	(20.0, 0.012591430183313162)	(21.0, 0.020281133002568372)	(22.0, 0.029788018230071666)	(23.0, 0.04418108036092664)	(24.0, 0.06491650896555703)	(25.0, 0.094371303037637)	(26.0, 0.13329299543826126)	(27.0, 0.1849305217078489)	(28.0, 0.2566781259122358)	(29.0, 0.3560489020669417)	(30.0, 0.4759051887077841)	(31.0, 0.6044386324227305)	(32.0, 0.7697033750731024)	(33.0, 0.9719515562717801)	(34.0, 1.1873221048121712)	(35.0, 1.3908276518336709)	(36.0, 1.6379477981475112)	(37.0, 1.9060255225046434)	(38.0, 2.0947225879449918)	(39.0, 2.2553755082487585)	(40.0, 2.397956571717442)	(41.0, 2.5418938575091516)	(42.0, 2.6944261050826603)	(43.0, 2.8463341127335315)	(44.0, 3.0314023670933503)	(45.0, 3.2421444320792365)	(46.0, 3.418285611246458)	(47.0, 3.5658550403602765)	(48.0, 3.7547753659864798)	(49.0, 3.919342559399455)	(50.0, 4.025568867231244)	(51.0, 4.135121862906983)	(52.0, 4.234774768848788)	(53.0, 4.283228893662362)	(54.0, 4.259493336888613)	(55.0, 4.187496925312926)	(56.0, 4.04916891284741)	(57.0, 3.807965716832309)	(58.0, 3.52275249552405)	(59.0, 3.1996794561319675)	(60.0, 2.8183699413948675)	(61.0, 2.408011055311245)	(62.0, 2.006304889863473)	(63.0, 1.6471192377226365)	(64.0, 1.3167130453603495)	(65.0, 1.0086561972745662)	(66.0, 0.7633887772791597)	(67.0, 0.5866855600321259)	(68.0, 0.44603053219663463)	(69.0, 0.33580997745771896)	(70.0, 0.2574978573408954)	(71.0, 0.19415972013702576)	(72.0, 0.15432166130192432)	(73.0, 0.12558329916952654)	(74.0, 0.08919633186402584)	(75.0, 0.06140099409874456)	(76.0, 0.04839414446513507)	(77.0, 0.036910129233547674)	(78.0, 0.022761431485219946)	(79.0, 0.012788032436528268)	(80.0, 0.008463893612989264)	(81.0, 0.006898850817621564)	(82.0, 0.005474872915803686)	(83.0, 0.0030934309333563123)	(84.0, 0.0014250886490111846)	(85.0, 0.0008230636702395072)	(86.0, 0.0004087549671364894)	(87.0, 0.00023214616340088665)	(88.0, 0.0001854947812820482)	(89.0, 0.00014106489354982107)	(90.0, 9.441351143098261e-05)	(91.0, 6.220184282511795e-05)	(92.0, 5.9980348438506596e-05)	(93.0, 5.664810685858957e-05)	(94.0, 3.443316299247601e-05)	(95.0, 2.443643825272491e-05)	(96.0, 1.99934494795022e-05)	(97.0, 2.5547185446030586e-05)	(98.0, 3.5543910185781686e-05)	(99.0, 2.5547185446030586e-05)	(100.0, 9.9967247397511e-06)
qc_bundle_trimmed | SRR30333766_2	(0.0, 0.000388783519915358)	(1.0, 0.00044765645293111226)	(2.0, 0.0007131400565304568)	(3.0, 0.0013318612582243266)	(4.0, 0.0019194797783249678)	(5.0, 0.002459333465978865)	(6.0, 0.003002519583803465)	(7.0, 0.003390192293661922)	(8.0, 0.00386561899801556)	(9.0, 0.0044410186074902895)	(10.0, 0.004893118300649007)	(11.0, 0.005151937043906945)	(12.0, 0.005605147547122562)	(13.0, 0.006010593217891436)	(14.0, 0.006490463162472678)	(15.0, 0.00713362218541837)	(16.0, 0.00800338645997187)	(17.0, 0.009377458500358437)	(18.0, 0.011146978921001766)	(19.0, 0.013765158225117476)	(20.0, 0.018576076581555807)	(21.0, 0.02550642052656129)	(22.0, 0.03529932198820071)	(23.0, 0.04939772323038849)	(24.0, 0.06810709701877242)	(25.0, 0.09427667114930362)	(26.0, 0.13386038752697157)	(27.0, 0.1909882379433343)	(28.0, 0.2612658578132913)	(29.0, 0.358650575501804)	(30.0, 0.48631264291126786)	(31.0, 0.6525464787365628)	(32.0, 0.8480557136114844)	(33.0, 1.042193098066133)	(34.0, 1.231736172125439)	(35.0, 1.4333926298552508)	(36.0, 1.6715714114459113)	(37.0, 1.9045304965791938)	(38.0, 2.0803172988938377)	(39.0, 2.2349576101552566)	(40.0, 2.3734945080217815)	(41.0, 2.5039147168025306)	(42.0, 2.659671392171135)	(43.0, 2.802059468504936)	(44.0, 2.962402678598485)	(45.0, 3.1902953590622416)	(46.0, 3.3751063822791494)	(47.0, 3.502799552370207)	(48.0, 3.6663019062655815)	(49.0, 3.8141562788893926)	(50.0, 3.9263092162844044)	(51.0, 4.041045897871768)	(52.0, 4.132932105778621)	(53.0, 4.187067433901692)	(54.0, 4.168675751789581)	(55.0, 4.087160066573957)	(56.0, 3.9500338974796962)	(57.0, 3.732328456047779)	(58.0, 3.4709137496868623)	(59.0, 3.1487766115654523)	(60.0, 2.776760769459015)	(61.0, 2.412138479091311)	(62.0, 2.0544265380875886)	(63.0, 1.6905807039496585)	(64.0, 1.3599336499823291)	(65.0, 1.0825466058132334)	(66.0, 0.8558224975293363)	(67.0, 0.6829149148821799)	(68.0, 0.5388661775133122)	(69.0, 0.42495593860828296)	(70.0, 0.34011226646218284)	(71.0, 0.26915260921728856)	(72.0, 0.21644689363744885)	(73.0, 0.16827661551993597)	(74.0, 0.127379921655011)	(75.0, 0.09827780897426111)	(76.0, 0.07449536565601021)	(77.0, 0.0568968019245273)	(78.0, 0.040169113277654794)	(79.0, 0.025823001392778083)	(80.0, 0.016869872334155836)	(81.0, 0.01288761828016567)	(82.0, 0.009943971629377957)	(83.0, 0.00660154416816278)	(84.0, 0.0043254943615725835)	(85.0, 0.0031691410923386184)	(86.0, 0.0027636954215697453)	(87.0, 0.0024393388849546466)	(88.0, 0.0020927661472015273)	(89.0, 0.0018806014263334319)	(90.0, 0.001742860979277705)	(91.0, 0.001587347571311562)	(92.0, 0.0014829314259628657)	(93.0, 0.0014107287722642991)	(94.0, 0.0013318612582243266)	(95.0, 0.0013185315375415143)	(96.0, 0.0014073963420935963)	(97.0, 0.0015573556997752341)	(98.0, 0.0018083987726348655)	(99.0, 0.002611514443774305)	(100.0, 0.008265537633400512)
qc_bundle_trimmed | SRR30333767_1	(0.0, 6.892888739791215e-05)	(1.0, 6.417517102564235e-05)	(2.0, 6.77404583048447e-05)	(3.0, 9.032061107312628e-05)	(4.0, 9.745118563153099e-05)	(5.0, 9.626275653846354e-05)	(6.0, 0.00011052390565527294)	(7.0, 0.0001188429093067451)	(8.0, 0.0001140891929344753)	(9.0, 0.00014142306207502666)	(10.0, 0.00018182965123932)	(11.0, 0.00027215026231244626)	(12.0, 0.00044684933899336157)	(13.0, 0.0006358095647910863)	(14.0, 0.0008461615142640251)	(15.0, 0.0013108372896533985)	(16.0, 0.0021118384983808604)	(17.0, 0.0032063816930959833)	(18.0, 0.004809572539643974)	(19.0, 0.0072731860495728)	(20.0, 0.011909247941628927)	(21.0, 0.01917649184573639)	(22.0, 0.027979186138087)	(23.0, 0.04145716048256496)	(24.0, 0.0609200637397306)	(25.0, 0.08838584850961247)	(26.0, 0.12417539064733876)	(27.0, 0.17027574359651823)	(28.0, 0.2336724935662014)	(29.0, 0.3215283027003058)	(30.0, 0.4300271251809918)	(31.0, 0.5485503470617018)	(32.0, 0.7014239234484333)	(33.0, 0.8907846498505219)	(34.0, 1.0967679339773446)	(35.0, 1.2948041927588254)	(36.0, 1.5340729989242816)	(37.0, 1.8009704046453696)	(38.0, 2.0047408338009007)	(39.0, 2.184975613197324)	(40.0, 2.3434229220305425)	(41.0, 2.496931119552972)	(42.0, 2.665243578287743)	(43.0, 2.8356369763644746)	(44.0, 3.0180953065940272)	(45.0, 3.230757562223889)	(46.0, 3.4258263135599805)	(47.0, 3.5851150301910906)	(48.0, 3.7788586830884117)	(49.0, 3.954731927713277)	(50.0, 4.075977840646205)	(51.0, 4.198881612163961)	(52.0, 4.3106581220833275)	(53.0, 4.363477853124711)	(54.0, 4.339656980383266)	(55.0, 4.269729812547177)	(56.0, 4.1287749915348195)	(57.0, 3.880796188546272)	(58.0, 3.594629593510188)	(59.0, 3.2680778010334866)	(60.0, 2.875782111128293)	(61.0, 2.453277742106418)	(62.0, 2.047519527434957)	(63.0, 1.6886163181867728)	(64.0, 1.3467539937040829)	(65.0, 1.0257462229465406)	(66.0, 0.7748355653853959)	(67.0, 0.5926790961454823)	(68.0, 0.4515376917655127)	(69.0, 0.34237810270908114)	(70.0, 0.26253111723315836)	(71.0, 0.19824185701458152)	(72.0, 0.15478100508110482)	(73.0, 0.12231074540031593)	(74.0, 0.08757058615176819)	(75.0, 0.061789993835855976)	(76.0, 0.04637606849877114)	(77.0, 0.03378109697044229)	(78.0, 0.02183381929783521)	(79.0, 0.013079850598300365)	(80.0, 0.008286916065959335)	(81.0, 0.005933826461685783)	(82.0, 0.004255764582274542)	(83.0, 0.002430337495322937)	(84.0, 0.0011848638057882486)	(85.0, 0.00066670872121084)	(86.0, 0.000474183208133913)	(87.0, 0.0003220642842212792)	(88.0, 0.00023412053133428783)	(89.0, 0.00018301808033238746)	(90.0, 0.0001259734838651498)	(91.0, 8.675532379392392e-05)	(92.0, 7.962474923551922e-05)	(93.0, 7.605946195631687e-05)	(94.0, 5.704459646723765e-05)	(95.0, 3.565287279202353e-05)	(96.0, 4.040658916429333e-05)	(97.0, 5.3479309188035296e-05)	(98.0, 5.704459646723765e-05)	(99.0, 3.921816007122588e-05)	(100.0, 1.188429093067451e-05)
qc_bundle_trimmed | SRR30333767_2	(0.0, 0.0002448313196591159)	(1.0, 0.00030782190190150975)	(2.0, 0.0005681037417332883)	(3.0, 0.0008866221576004877)	(4.0, 0.001234853112261269)	(5.0, 0.001591403577784253)	(6.0, 0.00189090596882356)	(7.0, 0.002182088849000664)	(8.0, 0.002407904143831887)	(9.0, 0.0026883905100433016)	(10.0, 0.003052071984876745)	(11.0, 0.0034383349891933123)	(12.0, 0.0038471795229930005)	(13.0, 0.004270286075413608)	(14.0, 0.004711220151110366)	(15.0, 0.005230595329222179)	(16.0, 0.006082750941822112)	(17.0, 0.007249859465634014)	(18.0, 0.008868598579108364)	(19.0, 0.011559366092255151)	(20.0, 0.016127966057156322)	(21.0, 0.02265165107467519)	(22.0, 0.032116877432758685)	(23.0, 0.044931301163654735)	(24.0, 0.062049289013413216)	(25.0, 0.08551744065413605)	(26.0, 0.12088011582470563)	(27.0, 0.1732977882627913)	(28.0, 0.23629906701915088)	(29.0, 0.3226841138060595)	(30.0, 0.4385701461103399)	(31.0, 0.5867857976251409)	(32.0, 0.7630203732222899)	(33.0, 0.9502378916590984)	(34.0, 1.1386997712205824)	(35.0, 1.3378486567353416)	(36.0, 1.577543272687823)	(37.0, 1.8172034220953042)	(38.0, 2.006415246135938)	(39.0, 2.1772350086633443)	(40.0, 2.3256729099683215)	(41.0, 2.4695172527758107)	(42.0, 2.6415124433378914)	(43.0, 2.8026280906953143)	(44.0, 2.972501805987533)	(45.0, 3.1969776595699417)	(46.0, 3.3918705210279088)	(47.0, 3.535883631055745)	(48.0, 3.7021027040763537)	(49.0, 3.85916437264078)	(50.0, 3.9900124509799566)	(51.0, 4.111744722417262)	(52.0, 4.204254117700304)	(53.0, 4.259967504941374)	(54.0, 4.2479184762098)	(55.0, 4.168605013655764)	(56.0, 4.025140991344832)	(57.0, 3.8038859769676483)	(58.0, 3.5360951843319555)	(59.0, 3.198913728597731)	(60.0, 2.8181641829797024)	(61.0, 2.4499913607822204)	(62.0, 2.086945734278959)	(63.0, 1.7153916251667674)	(64.0, 1.3753078486431864)	(65.0, 1.0938944512214124)	(66.0, 0.866032556718087)	(67.0, 0.6891383627597206)	(68.0, 0.5423251430759766)	(69.0, 0.4265555839237671)	(70.0, 0.33807996290734194)	(71.0, 0.26773968706896767)	(72.0, 0.21568450760416366)	(73.0, 0.16847603746736878)	(74.0, 0.12800399412585484)	(75.0, 0.09769601605484944)	(76.0, 0.07388201046256931)	(77.0, 0.05521302808778586)	(78.0, 0.03915756062528588)	(79.0, 0.026836365038363282)	(80.0, 0.017939242422013085)	(81.0, 0.012775203179688527)	(82.0, 0.00960309253808571)	(83.0, 0.006760196826315782)	(84.0, 0.004878798869906169)	(85.0, 0.003981480198339991)	(86.0, 0.0035726356645403028)	(87.0, 0.003164979632292357)	(88.0, 0.0029439183436681072)	(89.0, 0.002605195401421272)	(90.0, 0.0023318400445203175)	(91.0, 0.0021559418148623115)	(92.0, 0.0020442226689984435)	(93.0, 0.0019420115355485211)	(94.0, 0.0018683244393404375)	(95.0, 0.0018243498819259364)	(96.0, 0.0018112763648567602)	(97.0, 0.001903979485892736)	(98.0, 0.0021452453008966223)	(99.0, 0.0030817845236703273)	(100.0, 0.009352318710667877)
qc_bundle_trimmed | SRR30333768_1	(0.0, 0.00012531530656582318)	(1.0, 8.916666044106651e-05)	(2.0, 6.265765328291159e-05)	(3.0, 6.988738250786294e-05)	(4.0, 0.00010121620914931873)	(5.0, 0.00011567566759922141)	(6.0, 0.00010242116402014396)	(7.0, 0.00011326575785757096)	(8.0, 0.00012411035169499797)	(9.0, 0.00013013512604912407)	(10.0, 0.00017230854652800688)	(11.0, 0.00027954953003145176)	(12.0, 0.00037112610021416867)	(13.0, 0.0004904166324258657)	(14.0, 0.0007627364332323661)	(15.0, 0.0011639864052171655)	(16.0, 0.001876114733874872)	(17.0, 0.0029304502458469424)	(18.0, 0.004324583031391726)	(19.0, 0.006471812611202272)	(20.0, 0.010242116402014396)	(21.0, 0.01641751011499366)	(22.0, 0.0240533091314131)	(23.0, 0.03466775658851249)	(24.0, 0.05062135907823844)	(25.0, 0.072527438629841)	(26.0, 0.09937503810669779)	(27.0, 0.13741546337865007)	(28.0, 0.18939962641579183)	(29.0, 0.266531197607056)	(30.0, 0.3693909652001804)	(31.0, 0.4822169145299001)	(32.0, 0.6333989873077284)	(33.0, 0.8295800997365245)	(34.0, 1.0547464015830215)	(35.0, 1.2761496293679313)	(36.0, 1.5443834282074633)	(37.0, 1.8394130134644069)	(38.0, 2.0541648903623613)	(39.0, 2.2303774906718417)	(40.0, 2.3847647434060653)	(41.0, 2.5399798001365452)	(42.0, 2.7075926375329464)	(43.0, 2.882209877593455)	(44.0, 3.0850242665861436)	(45.0, 3.3047863458369893)	(46.0, 3.4801699371953423)	(47.0, 3.634654791274102)	(48.0, 3.831078099631934)	(49.0, 4.00299021600744)	(50.0, 4.116966897238798)	(51.0, 4.232941393645984)	(52.0, 4.3408029289079035)	(53.0, 4.380931540970996)	(54.0, 4.341733154068181)	(55.0, 4.260805975033817)	(56.0, 4.1062813574443195)	(57.0, 3.850787546454023)	(58.0, 3.559272814555276)	(59.0, 3.2290814412127826)	(60.0, 2.8382796329129083)	(61.0, 2.416451441644156)	(62.0, 2.008312742662849)	(63.0, 1.6503447496380916)	(64.0, 1.3187050205408657)	(65.0, 1.0042792767282487)	(66.0, 0.7602590460179495)	(67.0, 0.5896940691880267)	(68.0, 0.453282333216774)	(69.0, 0.3428277350728383)	(70.0, 0.26385740274869485)	(71.0, 0.20188175392267033)	(72.0, 0.1659548194941455)	(73.0, 0.13722387555418886)	(74.0, 0.09781221163923748)	(75.0, 0.06923550192274648)	(76.0, 0.05639791272897456)	(77.0, 0.04331692265129594)	(78.0, 0.026093297727720205)	(79.0, 0.014342577827432628)	(80.0, 0.009856530843350324)	(81.0, 0.008256350774894427)	(82.0, 0.006470607656331447)	(83.0, 0.0036642677621795032)	(84.0, 0.0017038061873468654)	(85.0, 0.0009470945284686253)	(86.0, 0.0006229616682166402)	(87.0, 0.00045185807655945867)	(88.0, 0.0003554616868934408)	(89.0, 0.00027111484593567517)	(90.0, 0.00022291665110266625)	(91.0, 0.00017833332088213301)	(92.0, 0.00013134008091994932)	(93.0, 0.0001108558481159205)	(94.0, 9.760134453684306e-05)	(95.0, 6.627251789538727e-05)	(96.0, 5.7837833799610704e-05)	(97.0, 5.663287892878548e-05)	(98.0, 6.145269841208638e-05)	(99.0, 4.819819483300892e-05)	(100.0, 1.0844593837427008e-05)
qc_bundle_trimmed | SRR30333768_2	(0.0, 0.0001084494548842375)	(1.0, 0.000210873940052684)	(2.0, 0.0005193523895011818)	(3.0, 0.0009013354694823295)	(4.0, 0.0012495787190550476)	(5.0, 0.0016399967566383025)	(6.0, 0.0020364397639373484)	(7.0, 0.0022979234496026766)	(8.0, 0.0025268722988027337)	(9.0, 0.00283655574219439)	(10.0, 0.0031112943612344583)	(11.0, 0.0034233877925124306)	(12.0, 0.003806575866436736)	(13.0, 0.0040704695399883814)	(14.0, 0.004441607674481104)	(15.0, 0.00499831487622019)	(16.0, 0.005786380915045649)	(17.0, 0.006835930639536437)	(18.0, 0.008180703880100983)	(19.0, 0.010240038528958335)	(20.0, 0.014164703801824576)	(21.0, 0.01954741174591223)	(22.0, 0.026442387088663418)	(23.0, 0.03629562256186797)	(24.0, 0.049730100034138684)	(25.0, 0.06833882149833068)	(26.0, 0.09635613567070185)	(27.0, 0.1374054593383289)	(28.0, 0.19055774217103685)	(29.0, 0.2692715615199596)	(30.0, 0.38161676182242754)	(31.0, 0.5302407147715593)	(32.0, 0.7158170119815801)	(33.0, 0.9214251285026629)	(34.0, 1.1217047618070999)	(35.0, 1.337772225754796)	(36.0, 1.6074330003183954)	(37.0, 1.869587867610063)	(38.0, 2.0675719874527836)	(39.0, 2.240042770537016)	(40.0, 2.388199185836202)	(41.0, 2.5247623544082636)	(42.0, 2.686072483590965)	(43.0, 2.8396646265677377)	(44.0, 3.01738918324414)	(45.0, 3.255528521248664)	(46.0, 3.4371162885068314)	(47.0, 3.565943395963817)	(48.0, 3.733620713142166)	(49.0, 3.8836713789199973)	(50.0, 3.9990109891712136)	(51.0, 4.119082610637212)	(52.0, 4.21110679308226)	(53.0, 4.263072156880957)	(54.0, 4.24902072250979)	(55.0, 4.156465137735808)	(56.0, 3.9904579421626765)	(57.0, 3.7574856181864145)	(58.0, 3.4923315209702266)	(59.0, 3.167104860705773)	(60.0, 2.7882174101645987)	(61.0, 2.4166261979492476)	(62.0, 2.055776301743208)	(63.0, 1.6877386166662303)	(64.0, 1.353044318990383)	(65.0, 1.074499124083878)	(66.0, 0.8528826630279384)	(67.0, 0.6826844985205024)	(68.0, 0.5403132591424187)	(69.0, 0.4302021176105659)	(70.0, 0.3489493760234089)	(71.0, 0.2789295879743725)	(72.0, 0.22712087338828596)	(73.0, 0.17853069762437493)	(74.0, 0.13695238161570142)	(75.0, 0.10768066874850257)	(76.0, 0.08281802871931954)	(77.0, 0.06314891258514833)	(78.0, 0.04496073400711855)	(79.0, 0.02979588523247267)	(80.0, 0.019655861200796466)	(81.0, 0.015110624047203758)	(82.0, 0.012077654292274581)	(83.0, 0.008636191590614779)	(84.0, 0.0060924493766078315)	(85.0, 0.004728396232952755)	(86.0, 0.004125899261373658)	(87.0, 0.0037246362783019786)	(88.0, 0.003371573052956628)	(89.0, 0.003042609706474441)	(90.0, 0.0027847410026385876)	(91.0, 0.0025148223593711517)	(92.0, 0.0022870785041142526)	(93.0, 0.0021786290492300155)	(94.0, 0.002054514673084721)	(95.0, 0.001983420030438388)	(96.0, 0.0020159548669036595)	(97.0, 0.0020484897033689305)	(98.0, 0.002334073267897423)	(99.0, 0.003135394240097622)	(100.0, 0.00757459192669241)
