Sample	0	1	2	3	4	5	6	7	8	9	10	11	12	13	14	15	16	17	18	19	20	21	22	23	24	25	26	27	28	29	30	31	32	33	34	35	36	37	38	39	40	41	42	43	44	45	46	47	48	49	50	51	52	53	54	55	56	57	58	59	60	61	62	63	64	65	66	67	68	69	70	71	72	73	74	75	76	77	78	79	80	81	82	83	84	85	86	87	88	89	90	91	92	93	94	95	96	97	98	99	100
qc_bundle_trimmed | SRR30333743_1	(0.0, 0.00012775513046388857)	(1.0, 7.78507826264321e-05)	(2.0, 2.894452174572475e-05)	(3.0, 2.0959826091731717e-05)	(4.0, 1.4971304351236943e-05)	(5.0, 2.4952173918728236e-05)	(6.0, 2.7946434788975622e-05)	(7.0, 2.1957913048480846e-05)	(8.0, 1.596939130798607e-05)	(9.0, 9.980869567491293e-06)	(10.0, 2.4952173918728236e-05)	(11.0, 3.9923478269965173e-05)	(12.0, 4.391582609696169e-05)	(13.0, 7.186226088593731e-05)	(14.0, 0.0001327455652476342)	(15.0, 0.00023854278266304191)	(16.0, 0.00044913913053710823)	(17.0, 0.0008773184349824847)	(18.0, 0.0015071113046911853)	(19.0, 0.002505198261440315)	(20.0, 0.004187972870519347)	(21.0, 0.007034516871167864)	(22.0, 0.010994925915548409)	(23.0, 0.016538300873333075)	(24.0, 0.02428046139683607)	(25.0, 0.034208432355619656)	(26.0, 0.046426014793185755)	(27.0, 0.06280262557952547)	(28.0, 0.08223438054047427)	(29.0, 0.10531214715442765)	(30.0, 0.1361729958571107)	(31.0, 0.17249936873495203)	(32.0, 0.2151346492664046)	(33.0, 0.26749928145224766)	(34.0, 0.34091456564288664)	(35.0, 0.4264037077493198)	(36.0, 0.5272104903809818)	(37.0, 0.6447651721468943)	(38.0, 0.769273525740478)	(39.0, 0.9169145407306363)	(40.0, 1.0869226844215425)	(41.0, 1.2766440435952007)	(42.0, 1.5147097406929164)	(43.0, 1.8178507073706756)	(44.0, 2.1618174229273013)	(45.0, 2.5416543856225333)	(46.0, 2.904935081879211)	(47.0, 3.2461370965656418)	(48.0, 3.6112113550835976)	(49.0, 3.9474987895949956)	(50.0, 4.243811843401633)	(51.0, 4.561932099126284)	(52.0, 4.8741087470234925)	(53.0, 5.089220440289892)	(54.0, 5.198764476140936)	(55.0, 5.249781690935168)	(56.0, 5.183871022572325)	(57.0, 4.9828632960917485)	(58.0, 4.711736966638673)	(59.0, 4.353096376643923)	(60.0, 3.9010019106278806)	(61.0, 3.403058324079653)	(62.0, 2.904857231096585)	(63.0, 2.4336783443805423)	(64.0, 1.9786764510594899)	(65.0, 1.554376710614997)	(66.0, 1.2159952896683397)	(67.0, 0.9751389414395535)	(68.0, 0.7891624045276179)	(69.0, 0.6396240262326796)	(70.0, 0.529242595424923)	(71.0, 0.4416424994049655)	(72.0, 0.3832065042612175)	(73.0, 0.33012125329260156)	(74.0, 0.2693197920613581)	(75.0, 0.22299258787689047)	(76.0, 0.19014255186940637)	(77.0, 0.14820892646854847)	(78.0, 0.09981069184882643)	(79.0, 0.06721416992835662)	(80.0, 0.049496130272146076)	(81.0, 0.03788937705211045)	(82.0, 0.026721782093044443)	(83.0, 0.014062047133638485)	(84.0, 0.005976544697013786)	(85.0, 0.0030960657398357997)	(86.0, 0.0013354403481303351)	(87.0, 0.000585877043611739)	(88.0, 0.0004750893914125856)	(89.0, 0.00044714295662360995)	(90.0, 0.0004730932174990873)	(91.0, 0.00047109704358558904)	(92.0, 0.00044913913053710823)	(93.0, 0.0004181984348778852)	(94.0, 0.0004401563479263661)	(95.0, 0.00046411043488834517)	(96.0, 0.0005050320001150594)	(97.0, 0.0007315977392971119)	(98.0, 0.0013534059133518193)	(99.0, 0.0011857273046179658)	(100.0, 0.0003133993044192266)
qc_bundle_trimmed | SRR30333743_2	(0.0, 0.0010719198942842547)	(1.0, 0.0005970693990592671)	(2.0, 8.715610355395341e-05)	(3.0, 5.610048044852174e-05)	(4.0, 4.5080743217562115e-05)	(5.0, 3.506280028032608e-05)	(6.0, 3.406100598660248e-05)	(7.0, 2.1037680168195653e-05)	(8.0, 2.6046651636813663e-05)	(9.0, 3.606459457404969e-05)	(10.0, 3.205741739915528e-05)	(11.0, 4.2075360336391306e-05)	(12.0, 6.110945191713975e-05)	(13.0, 8.615430926022981e-05)	(14.0, 0.00012822966959662112)	(15.0, 0.0001953498872761025)	(16.0, 0.0003826854202024161)	(17.0, 0.0005930622218843726)	(18.0, 0.0009256579274006087)	(19.0, 0.0016589713504062856)	(20.0, 0.0030053828811708073)	(21.0, 0.004946860222407149)	(22.0, 0.007954246692165405)	(23.0, 0.011588756389794633)	(24.0, 0.01579529062914004)	(25.0, 0.021227019289709412)	(26.0, 0.029321517182996124)	(27.0, 0.04064880526212889)	(28.0, 0.052589191449020516)	(29.0, 0.06819013398517818)	(30.0, 0.09083369040621277)	(31.0, 0.12090054254373923)	(32.0, 0.1589126252247876)	(33.0, 0.20253876312786306)	(34.0, 0.25380758969775585)	(35.0, 0.3212203313110045)	(36.0, 0.4121151311691344)	(37.0, 0.5286708918609944)	(38.0, 0.6801522070149404)	(39.0, 0.873587665395737)	(40.0, 1.0861894522040536)	(41.0, 1.3261582555283118)	(42.0, 1.6163710498599833)	(43.0, 1.9204937579600072)	(44.0, 2.2493407492291295)	(45.0, 2.6296088398007904)	(46.0, 2.972514010393736)	(47.0, 3.2724672506432824)	(48.0, 3.5934992446270666)	(49.0, 3.9000863666896506)	(50.0, 4.186949160903111)	(51.0, 4.48426668036587)	(52.0, 4.7513911216100935)	(53.0, 4.967948994084324)	(54.0, 5.090884180838617)	(55.0, 5.102110287694083)	(56.0, 5.012830380237435)	(57.0, 4.824334769518989)	(58.0, 4.559894135187652)	(59.0, 4.196735689358496)	(60.0, 3.761525192541858)	(61.0, 3.3235888134519977)	(62.0, 2.876774533331159)	(63.0, 2.400565605043882)	(64.0, 1.9569540612800775)	(65.0, 1.5891703311968)	(66.0, 1.302917629708218)	(67.0, 1.0712677261990406)	(68.0, 0.8744622318141578)	(69.0, 0.7281892451932808)	(70.0, 0.6124900186225545)	(71.0, 0.5157377275290227)	(72.0, 0.44893307505206426)	(73.0, 0.38720050708422843)	(74.0, 0.33103991897808327)	(75.0, 0.2864370316386273)	(76.0, 0.24289804983910585)	(77.0, 0.20591781528059278)	(78.0, 0.16410993402062565)	(79.0, 0.11968336247686506)	(80.0, 0.0887048775320501)	(81.0, 0.07338043022096015)	(82.0, 0.0599443651535392)	(83.0, 0.04237790221309583)	(84.0, 0.030652901799354787)	(85.0, 0.02554274910707069)	(86.0, 0.02343397211878251)	(87.0, 0.02206552111355607)	(88.0, 0.021196965460897707)	(89.0, 0.02042458206043681)	(90.0, 0.01990765620487543)	(91.0, 0.01908818847260952)	(92.0, 0.017923101709008973)	(93.0, 0.017172757783009994)	(94.0, 0.016514578932033588)	(95.0, 0.016309211101820247)	(96.0, 0.017568466529030817)	(97.0, 0.0247493280264416)	(98.0, 0.04676175404243032)	(99.0, 0.10380191753846478)	(100.0, 0.44441999175883945)
qc_bundle_trimmed | SRR30333744_1	(0.0, 4.417110383809347e-05)	(1.0, 3.754543826237945e-05)	(2.0, 1.987699672714206e-05)	(3.0, 1.2147053555475705e-05)	(4.0, 1.2147053555475705e-05)	(5.0, 8.834220767618695e-06)	(6.0, 1.4355608747380377e-05)	(7.0, 1.325133115142804e-05)	(8.0, 9.93849836357103e-06)	(9.0, 1.5459886343332715e-05)	(10.0, 1.5459886343332715e-05)	(11.0, 2.5398384706903747e-05)	(12.0, 4.417110383809347e-05)	(13.0, 6.515237816118787e-05)	(14.0, 0.00012147053555475704)	(15.0, 0.0001833100809280879)	(16.0, 0.0003268661684018917)	(17.0, 0.0006537323368037834)	(18.0, 0.0011407187566187637)	(19.0, 0.0018275794213011174)	(20.0, 0.0029771323986874996)	(21.0, 0.005000168954472181)	(22.0, 0.007814972546554687)	(23.0, 0.011978099083294997)	(24.0, 0.017572369384389535)	(25.0, 0.02490477262151305)	(26.0, 0.034017271343311735)	(27.0, 0.04554372088986222)	(28.0, 0.05956694208086095)	(29.0, 0.07600080126382362)	(30.0, 0.09828622742773772)	(31.0, 0.1259042101025057)	(32.0, 0.15822420678083868)	(33.0, 0.19904493239281273)	(34.0, 0.2551830925382417)	(35.0, 0.32458031377827035)	(36.0, 0.41396937661542005)	(37.0, 0.5267878972058906)	(38.0, 0.6657336257165933)	(39.0, 0.8428807333816712)	(40.0, 1.047924101675697)	(41.0, 1.2873281716453757)	(42.0, 1.5740229296617134)	(43.0, 1.907333662113583)	(44.0, 2.2706420954594977)	(45.0, 2.6574086977762277)	(46.0, 3.0246284823670058)	(47.0, 3.368069857484142)	(48.0, 3.72375214975241)	(49.0, 4.056508534851112)	(50.0, 4.3554950067879945)	(51.0, 4.6604423691878285)	(52.0, 4.96414631501462)	(53.0, 5.177260848257461)	(54.0, 5.277307294173147)	(55.0, 5.319481864117758)	(56.0, 5.249960963786983)	(57.0, 5.0425621713807915)	(58.0, 4.75465712511929)	(59.0, 4.386284474718337)	(60.0, 3.9238649185805086)	(61.0, 3.413866457943477)	(62.0, 2.908475043436759)	(63.0, 2.43133436266729)	(64.0, 1.9742760742578094)	(65.0, 1.5407797569131643)	(66.0, 1.1940895971087362)	(67.0, 0.943947531796017)	(68.0, 0.7483170257298889)	(69.0, 0.5929871305280413)	(70.0, 0.47574045677780186)	(71.0, 0.38409756336731343)	(72.0, 0.32596397360599866)	(73.0, 0.27430807622254016)	(74.0, 0.21452469573287258)	(75.0, 0.17028623096142603)	(76.0, 0.14172409094211885)	(77.0, 0.10952887763212846)	(78.0, 0.07284919300497565)	(79.0, 0.0481343561299664)	(80.0, 0.03487198220257884)	(81.0, 0.026826215638470114)	(82.0, 0.018788179017533057)	(83.0, 0.009376421067231291)	(84.0, 0.004061532997912695)	(85.0, 0.002321191506691812)	(86.0, 0.0011418230342147163)	(87.0, 0.0006371681728644982)	(88.0, 0.0005664944067235488)	(89.0, 0.0005642858515316441)	(90.0, 0.000554347353168073)	(91.0, 0.0005664944067235488)	(92.0, 0.0005720157947033105)	(93.0, 0.0005433045772085497)	(94.0, 0.0004991334733704561)	(95.0, 0.00046269231270402913)	(96.0, 0.00044723242636069636)	(97.0, 0.0005642858515316441)	(98.0, 0.0008116440330249675)	(99.0, 0.0006890692198742581)	(100.0, 0.00025950523504879915)
qc_bundle_trimmed | SRR30333744_2	(0.0, 0.00045227448338864)	(1.0, 0.00024830755950748865)	(2.0, 3.436399261041137e-05)	(3.0, 2.2170317813168624e-05)	(4.0, 2.2170317813168624e-05)	(5.0, 2.1061801922510195e-05)	(6.0, 1.8844770141193332e-05)	(7.0, 2.2170317813168624e-05)	(8.0, 2.1061801922510195e-05)	(9.0, 1.662773835987647e-05)	(10.0, 2.771289726646078e-05)	(11.0, 3.9906572063703524e-05)	(12.0, 4.434063562633725e-05)	(13.0, 5.542579453292156e-05)	(14.0, 9.422385070596666e-05)	(15.0, 0.00016627738359876467)	(16.0, 0.00027491194088329095)	(17.0, 0.0004323211973567882)	(18.0, 0.0006562414072697914)	(19.0, 0.0010907796364078963)	(20.0, 0.002125024962392213)	(21.0, 0.003619304382999778)	(22.0, 0.0057942125604716205)	(23.0, 0.008266202996639922)	(24.0, 0.011189359400306204)	(25.0, 0.015479315897154334)	(26.0, 0.02134890753819073)	(27.0, 0.029437747992325302)	(28.0, 0.038627344725883694)	(29.0, 0.05046075185866245)	(30.0, 0.06773364646690214)	(31.0, 0.08986184067622574)	(32.0, 0.11778203041423964)	(33.0, 0.15356048930113117)	(34.0, 0.20048950953215583)	(35.0, 0.26380239462711214)	(36.0, 0.3525801067622739)	(37.0, 0.47417432332448795)	(38.0, 0.642462554748907)	(39.0, 0.8592915885093682)	(40.0, 1.0968554120045952)	(41.0, 1.3615800918527352)	(42.0, 1.6714490813479397)	(43.0, 1.98881939787523)	(44.0, 2.3112157254507655)	(45.0, 2.6728512985238284)	(46.0, 3.0125072185169155)	(47.0, 3.3085907043958915)	(48.0, 3.624429051962292)	(49.0, 3.9333247645054983)	(50.0, 4.217538262227304)	(51.0, 4.508612364796395)	(52.0, 4.765842368707793)	(53.0, 4.971570724339201)	(54.0, 5.0899757406839905)	(55.0, 5.110011056891752)	(56.0, 5.037051866516285)	(57.0, 4.849530884388942)	(58.0, 4.579454289820704)	(59.0, 4.208940612979357)	(60.0, 3.7679907279296843)	(61.0, 3.334034469634175)	(62.0, 2.888720357522979)	(63.0, 2.407332921297977)	(64.0, 1.9602086027373358)	(65.0, 1.5891861171021777)	(66.0, 1.2955014596105863)	(67.0, 1.0613396713837897)	(68.0, 0.860171750126551)	(69.0, 0.7068529172895833)	(70.0, 0.5916237989715301)	(71.0, 0.4997145294452582)	(72.0, 0.43194097640629237)	(73.0, 0.3688985691886567)	(74.0, 0.31093094771845536)	(75.0, 0.26414714306910697)	(76.0, 0.2216566204642786)	(77.0, 0.18501795324623613)	(78.0, 0.14668436523137693)	(79.0, 0.11010444935553934)	(80.0, 0.08358764073509901)	(81.0, 0.0688410538416699)	(82.0, 0.05755857910654838)	(83.0, 0.044465897921981655)	(84.0, 0.03551352358902416)	(85.0, 0.030981910628012498)	(86.0, 0.02899101608838995)	(87.0, 0.027675207726178395)	(88.0, 0.026640962400194076)	(89.0, 0.025661034352852025)	(90.0, 0.0248030430534824)	(91.0, 0.02375660405270084)	(92.0, 0.02237206770526846)	(93.0, 0.02145975912725657)	(94.0, 0.020483156627586492)	(95.0, 0.02005305246201102)	(96.0, 0.021760166933625008)	(97.0, 0.030450931516387107)	(98.0, 0.057157296354130034)	(99.0, 0.12396533205233237)	(100.0, 0.46976464711144866)
qc_bundle_trimmed | SRR30333745_1	(0.0, 0.00011712198448144163)	(1.0, 7.320124030090101e-05)	(2.0, 3.450915614185334e-05)	(3.0, 2.9280496120360408e-05)	(4.0, 2.5097568103166066e-05)	(5.0, 2.7189032111763237e-05)	(6.0, 1.8823176077374546e-05)	(7.0, 2.091464008597172e-05)	(8.0, 2.5097568103166066e-05)	(9.0, 3.0326228124658992e-05)	(10.0, 3.450915614185334e-05)	(11.0, 3.5554888146151925e-05)	(12.0, 5.22866002149293e-05)	(13.0, 7.738416831809536e-05)	(14.0, 0.00011816771648574021)	(15.0, 0.00019346042079523842)	(16.0, 0.0003545031494572206)	(17.0, 0.0007100520309187399)	(18.0, 0.001190043020891791)	(19.0, 0.0019513359200211615)	(20.0, 0.003304513133583531)	(21.0, 0.005490093022567576)	(22.0, 0.008486115214883025)	(23.0, 0.012982762833366943)	(24.0, 0.0192289200950424)	(25.0, 0.027128379655513915)	(26.0, 0.03661630613051499)	(27.0, 0.05000167578553689)	(28.0, 0.06643326276908057)	(29.0, 0.08530767971466575)	(30.0, 0.11064576617882049)	(31.0, 0.14034141790488744)	(32.0, 0.17639407448508548)	(33.0, 0.22163871538306812)	(34.0, 0.28215418073982296)	(35.0, 0.3558678297228303)	(36.0, 0.44662795610790884)	(37.0, 0.555178075350115)	(38.0, 0.6775768235252473)	(39.0, 0.8299274277674996)	(40.0, 1.0098079727549165)	(41.0, 1.2174683884365256)	(42.0, 1.473584888001318)	(43.0, 1.7918387832615326)	(44.0, 2.1554073834640177)	(45.0, 2.545510387543575)	(46.0, 2.9150752150587085)	(47.0, 3.269923456077348)	(48.0, 3.643737092725946)	(49.0, 3.9878603063084985)	(50.0, 4.287784610997368)	(51.0, 4.6033164658503924)	(52.0, 4.924976310248608)	(53.0, 5.156191839327042)	(54.0, 5.274610531493814)	(55.0, 5.329080620133719)	(56.0, 5.26967363070152)	(57.0, 5.067896503276096)	(58.0, 4.780783461371888)	(59.0, 4.416187952341182)	(60.0, 3.961439887219895)	(61.0, 3.4571879147471165)	(62.0, 2.952705881233393)	(63.0, 2.474005324553646)	(64.0, 2.0107178118852564)	(65.0, 1.5756849322410105)	(66.0, 1.2300558645722677)	(67.0, 0.9813943884661197)	(68.0, 0.7874518852168997)	(69.0, 0.6299855600096186)	(70.0, 0.514194792369649)	(71.0, 0.4240756997032056)	(72.0, 0.3657144422753058)	(73.0, 0.3134184304723378)	(74.0, 0.2515152787458787)	(75.0, 0.2047229544815342)	(76.0, 0.17740738879725082)	(77.0, 0.1411623175282618)	(78.0, 0.09413365783094581)	(79.0, 0.0634539722888339)	(80.0, 0.04889319986098038)	(81.0, 0.039186715397080914)	(82.0, 0.028876843566701154)	(83.0, 0.01577382155283987)	(84.0, 0.00703986785293808)	(85.0, 0.0039246322121325936)	(86.0, 0.0017390523231485483)	(87.0, 0.00071737215494883)	(88.0, 0.0005218202701449944)	(89.0, 0.0004904483100160368)	(90.0, 0.0005040428260719185)	(91.0, 0.0005082257540891128)	(92.0, 0.0004925397740246341)	(93.0, 0.0004778995259644538)	(94.0, 0.0004350245137882118)	(95.0, 0.0004130641416979414)	(96.0, 0.00042561292574952453)	(97.0, 0.0004569848858784821)	(98.0, 0.0006619483587210049)	(99.0, 0.0006232562745619572)	(100.0, 0.00024260982499727193)
qc_bundle_trimmed | SRR30333745_2	(0.0, 0.000816634847647952)	(1.0, 0.00046919765668204953)	(2.0, 8.082375741502867e-05)	(3.0, 3.463875317786943e-05)	(4.0, 3.044011642903677e-05)	(5.0, 2.8340798054620445e-05)	(6.0, 3.044011642903677e-05)	(7.0, 2.4142161305787785e-05)	(8.0, 2.099318374416329e-05)	(9.0, 3.2539434803453104e-05)	(10.0, 3.8837389926702086e-05)	(11.0, 3.6738071552285763e-05)	(12.0, 5.038364098599189e-05)	(13.0, 7.977409822782052e-05)	(14.0, 9.446932684873481e-05)	(15.0, 0.00015010126377076755)	(16.0, 0.000273961047861331)	(17.0, 0.00043980719944022097)	(18.0, 0.0007190165432375927)	(19.0, 0.0012732365940835036)	(20.0, 0.002392173287647407)	(21.0, 0.004036989234002601)	(22.0, 0.006372480925540767)	(23.0, 0.009237000847431847)	(24.0, 0.012606406838370056)	(25.0, 0.017098948159621)	(26.0, 0.02391648458053803)	(27.0, 0.03333927510410572)	(28.0, 0.04328899453965192)	(29.0, 0.055986721727309084)	(30.0, 0.07458773218382497)	(31.0, 0.09936703661624811)	(32.0, 0.13028369831627737)	(33.0, 0.16799165495754348)	(34.0, 0.2155874011423105)	(35.0, 0.2760960546481124)	(36.0, 0.35935502137746395)	(37.0, 0.4717945135112026)	(38.0, 0.6215745815706843)	(39.0, 0.8150645575038886)	(40.0, 1.03174570351927)	(41.0, 1.2791115365543078)	(42.0, 1.5752571313372832)	(43.0, 1.8871822526815591)	(44.0, 2.218307739878247)	(45.0, 2.594526585757397)	(46.0, 2.9477222070243236)	(47.0, 3.256752368330279)	(48.0, 3.578681791387836)	(49.0, 3.892625407349113)	(50.0, 4.183311724699419)	(51.0, 4.4820909143831)	(52.0, 4.755432663323978)	(53.0, 4.9869234508116795)	(54.0, 5.1169751744475835)	(55.0, 5.129099787719025)	(56.0, 5.057325142156918)	(57.0, 4.871817824342433)	(58.0, 4.600598486278089)	(59.0, 4.236664851526023)	(60.0, 3.7975840162433503)	(61.0, 3.362290351308124)	(62.0, 2.913648170489172)	(63.0, 2.431085203376401)	(64.0, 1.9835399164080816)	(65.0, 1.613524556325331)	(66.0, 1.323294840721461)	(67.0, 1.0868759033498172)	(68.0, 0.8842108564612264)	(69.0, 0.7321834680819319)	(70.0, 0.6223649749386521)	(71.0, 0.5304641641210157)	(72.0, 0.46118665776527684)	(73.0, 0.3980654025425139)	(74.0, 0.34148562337443217)	(75.0, 0.2981630397407896)	(76.0, 0.2555090890093986)	(77.0, 0.2186754984710769)	(78.0, 0.17689171520588154)	(79.0, 0.13212585018982773)	(80.0, 0.10081556629459537)	(81.0, 0.08530475248522032)	(82.0, 0.07137892404852961)	(83.0, 0.053042427707190185)	(84.0, 0.03992168786708812)	(85.0, 0.03360273956009497)	(86.0, 0.030617508831674953)	(87.0, 0.028889769809530313)	(88.0, 0.027492673431356248)	(89.0, 0.02594652544859862)	(90.0, 0.025143536170384374)	(91.0, 0.0244654563354479)	(92.0, 0.02304736677352967)	(93.0, 0.021498069813210417)	(94.0, 0.02053553233854053)	(95.0, 0.020151357076022343)	(96.0, 0.02124090331234442)	(97.0, 0.029238256659683423)	(98.0, 0.054070044051466974)	(99.0, 0.11681447162602222)	(100.0, 0.4567581456544456)
qc_bundle_trimmed | SRR30333746_1	(0.0, 7.816935518714786e-05)	(1.0, 5.9219208475112014e-05)	(2.0, 3.197837257656049e-05)	(3.0, 1.6581378373031365e-05)	(4.0, 1.0659457525520161e-05)	(5.0, 1.0659457525520161e-05)	(6.0, 1.4212610034026883e-05)	(7.0, 1.3028225864524644e-05)	(8.0, 8.290689186515683e-06)	(9.0, 1.3028225864524644e-05)	(10.0, 1.8950146712035844e-05)	(11.0, 2.2503299220542567e-05)	(12.0, 2.2503299220542567e-05)	(13.0, 6.0403592644614255e-05)	(14.0, 9.830388606868595e-05)	(15.0, 0.00014094171617076658)	(16.0, 0.0002901741215280489)	(17.0, 0.0006052203106156448)	(18.0, 0.001064761368382514)	(19.0, 0.0016901162098796971)	(20.0, 0.002760799499109722)	(21.0, 0.004685423774550863)	(22.0, 0.007302912789150814)	(23.0, 0.011143870650846578)	(24.0, 0.01664770388652349)	(25.0, 0.023359608975092684)	(26.0, 0.03153541289716665)	(27.0, 0.04304644264055892)	(28.0, 0.056883602892853595)	(29.0, 0.07260393397465682)	(30.0, 0.09349291757216785)	(31.0, 0.11903534657165317)	(32.0, 0.14996198600569566)	(33.0, 0.1897549253326319)	(34.0, 0.24365151135000088)	(35.0, 0.31122891890929016)	(36.0, 0.4013048881524441)	(37.0, 0.5167219410862679)	(38.0, 0.6585614204575172)	(39.0, 0.8390331426695905)	(40.0, 1.0523087532243676)	(41.0, 1.3010993074858386)	(42.0, 1.5997500665150148)	(43.0, 1.947346685733041)	(44.0, 2.315309975129827)	(45.0, 2.6982213771299017)	(46.0, 3.070851140154527)	(47.0, 3.4215449239758016)	(48.0, 3.778446065229437)	(49.0, 4.110803213338478)	(50.0, 4.396405611972248)	(51.0, 4.693819873928464)	(52.0, 4.988989727883474)	(53.0, 5.18753633690632)	(54.0, 5.282226666873855)	(55.0, 5.3206255860332865)	(56.0, 5.240378821012833)	(57.0, 5.018324554993705)	(58.0, 4.7238700690770745)	(59.0, 4.349925639624302)	(60.0, 3.8822372031554266)	(61.0, 3.368358968460134)	(62.0, 2.8549059276816924)	(63.0, 2.3784210699859236)	(64.0, 1.927276111596656)	(65.0, 1.49956419400099)	(66.0, 1.163317528279304)	(67.0, 0.9270624960678446)	(68.0, 0.7399819101899487)	(69.0, 0.5865852100926965)	(70.0, 0.4751074189066372)	(71.0, 0.38746772790014944)	(72.0, 0.3339051382185801)	(73.0, 0.28697154673371483)	(74.0, 0.2231699559067986)	(75.0, 0.17423949271215258)	(76.0, 0.14730304354516313)	(77.0, 0.11486749867917478)	(78.0, 0.0741199457116197)	(79.0, 0.0476335625290411)	(80.0, 0.03635704085121027)	(81.0, 0.029570519559962434)	(82.0, 0.02167186153355199)	(83.0, 0.011353506648848474)	(84.0, 0.004552772747566612)	(85.0, 0.002311917898868373)	(86.0, 0.0010458112216704782)	(87.0, 0.0005033632720384521)	(88.0, 0.00042164076434279753)	(89.0, 0.0004003218492917572)	(90.0, 0.0003979530809527527)	(91.0, 0.0003932155442747438)	(92.0, 0.0003659747083761922)	(93.0, 0.00038374047091872587)	(94.0, 0.00036479032420669)	(95.0, 0.0003138618049180937)	(96.0, 0.00034584017749465416)	(97.0, 0.0004086125384782729)	(98.0, 0.0006099578472936537)	(99.0, 0.0006537800615652367)	(100.0, 0.0003067554999010802)
qc_bundle_trimmed | SRR30333746_2	(0.0, 0.0006056883902112538)	(1.0, 0.00034797391829783795)	(2.0, 6.175646331565725e-05)	(3.0, 3.2065855952360496e-05)	(4.0, 2.2564861596105533e-05)	(5.0, 1.3063867239850573e-05)	(6.0, 1.5439115828914313e-05)	(7.0, 1.900198871250992e-05)	(8.0, 2.2564861596105533e-05)	(9.0, 2.1377237301573664e-05)	(10.0, 1.900198871250992e-05)	(11.0, 2.8502983068764884e-05)	(12.0, 3.5628728835956104e-05)	(13.0, 4.275447460314733e-05)	(14.0, 9.025944638442213e-05)	(15.0, 0.00014607778822742004)	(16.0, 0.0002434629803790334)	(17.0, 0.00038835314431192154)	(18.0, 0.0006330037489854868)	(19.0, 0.0010641113679005557)	(20.0, 0.0019702687046283724)	(21.0, 0.0033633520021142563)	(22.0, 0.005436944020366902)	(23.0, 0.007896513934342405)	(24.0, 0.010967710360001822)	(25.0, 0.015042449314540667)	(26.0, 0.02117296592291418)	(27.0, 0.029455457752979444)	(28.0, 0.03846358802700368)	(29.0, 0.050272136387534055)	(30.0, 0.0669012517595693)	(31.0, 0.0880635290638327)	(32.0, 0.11605702131024342)	(33.0, 0.15229025091211623)	(34.0, 0.20045435417685625)	(35.0, 0.2652594490565768)	(36.0, 0.35605926449501096)	(37.0, 0.48221465518165885)	(38.0, 0.6553405867170422)	(39.0, 0.8764441645029242)	(40.0, 1.120095977144788)	(41.0, 1.3908481885635748)	(42.0, 1.708399922932684)	(43.0, 2.0371283895376333)	(44.0, 2.3698009564247227)	(45.0, 2.735943151180309)	(46.0, 3.0810109528294274)	(47.0, 3.385471504599912)	(48.0, 3.7023985485900983)	(49.0, 4.008400636694885)	(50.0, 4.287532725135889)	(51.0, 4.573727615256473)	(52.0, 4.823051521529022)	(53.0, 5.015412216138643)	(54.0, 5.120511028083241)	(55.0, 5.117566907457097)	(56.0, 5.025265934910374)	(57.0, 4.828716489413939)	(58.0, 4.547816028398377)	(59.0, 4.169435365287639)	(60.0, 3.724256773730957)	(61.0, 3.290610014074179)	(62.0, 2.843315076024641)	(63.0, 2.3595410701442616)	(64.0, 1.9189621474803014)	(65.0, 1.5582984635953903)	(66.0, 1.2714907593388272)	(67.0, 1.0426818751300226)	(68.0, 0.8447892265564716)	(69.0, 0.696883684539767)	(70.0, 0.5886008518615292)	(71.0, 0.493922255477154)	(72.0, 0.4225899774746863)	(73.0, 0.357292018512735)	(74.0, 0.29800937660258764)	(75.0, 0.25294853561945946)	(76.0, 0.21196243359087008)	(77.0, 0.1761757507237412)	(78.0, 0.13653997751803457)	(79.0, 0.09750276695677201)	(80.0, 0.07188452329942503)	(81.0, 0.060528459795111296)	(82.0, 0.04982558965279008)	(83.0, 0.034977910722552644)	(84.0, 0.024875978473264556)	(85.0, 0.020731169685348327)	(86.0, 0.01905186893288026)	(87.0, 0.01801626054804847)	(88.0, 0.017290622104089496)	(89.0, 0.016426031617670298)	(90.0, 0.015690892179355067)	(91.0, 0.01517071273835011)	(92.0, 0.01461727981709826)	(93.0, 0.013981900819523706)	(94.0, 0.013573358062204742)	(95.0, 0.013479535742936727)	(96.0, 0.014769295726798339)	(97.0, 0.021345171445621303)	(98.0, 0.039958807013819306)	(99.0, 0.08732601437692841)	(100.0, 0.33459295537134737)
qc_bundle_trimmed | SRR30333747_1	(0.0, 2.187819011359594e-05)	(1.0, 2.0662735107285054e-05)	(2.0, 1.2154550063108854e-05)	(3.0, 2.430910012621771e-06)	(4.0, 1.2154550063108855e-06)	(5.0, 7.292730037865313e-06)	(6.0, 1.337000506941974e-05)	(7.0, 1.093909505679797e-05)	(8.0, 6.077275031554427e-06)	(9.0, 7.292730037865313e-06)	(10.0, 1.4585460075730626e-05)	(11.0, 2.430910012621771e-05)	(12.0, 4.375638022719188e-05)	(13.0, 6.320366032816605e-05)	(14.0, 0.00012033004562477766)	(15.0, 0.00020419644106022878)	(16.0, 0.0003464046767986024)	(17.0, 0.0007001020836350701)	(18.0, 0.0012689350265885646)	(19.0, 0.002111245345962008)	(20.0, 0.0034409531228661167)	(21.0, 0.005645788504314063)	(22.0, 0.008602990534668448)	(23.0, 0.013085588597942994)	(24.0, 0.01936827552556396)	(25.0, 0.027780439624241596)	(26.0, 0.03760010062022724)	(27.0, 0.05013994992033665)	(28.0, 0.06635290424951755)	(29.0, 0.08554250788915381)	(30.0, 0.11107070938670134)	(31.0, 0.14571725434159313)	(32.0, 0.1894857891188481)	(33.0, 0.24885955072212856)	(34.0, 0.33338229186098756)	(35.0, 0.44439709031739855)	(36.0, 0.6010036060605308)	(37.0, 0.8027679216531316)	(38.0, 1.0394036413767915)	(39.0, 1.3093768610135466)	(40.0, 1.6015187645104056)	(41.0, 1.906456978313706)	(42.0, 2.2306735239721034)	(43.0, 2.5743264106364174)	(44.0, 2.901207233668648)	(45.0, 3.243831845397624)	(46.0, 3.57963289272117)	(47.0, 3.875158622955598)	(48.0, 4.166480094323198)	(49.0, 4.423523303602818)	(50.0, 4.623017149243629)	(51.0, 4.8036787350166605)	(52.0, 4.965568833672227)	(53.0, 5.0471343727807305)	(54.0, 5.01779207347338)	(55.0, 4.922073776271391)	(56.0, 4.744757122675728)	(57.0, 4.465863678747657)	(58.0, 4.144443895058782)	(59.0, 3.7657931969427514)	(60.0, 3.31727206778894)	(61.0, 2.844833215020943)	(62.0, 2.3763069119182605)	(63.0, 1.9355671257148517)	(64.0, 1.5365393244180194)	(65.0, 1.1818318744713074)	(66.0, 0.9090655392300501)	(67.0, 0.7187094843266834)	(68.0, 0.5640246029485285)	(69.0, 0.4385641217421126)	(70.0, 0.3459525275362547)	(71.0, 0.2728319698115982)	(72.0, 0.22866233488226057)	(73.0, 0.19185349547114172)	(74.0, 0.14791601244800953)	(75.0, 0.11616711222816288)	(76.0, 0.09557001169121862)	(77.0, 0.0726003429819555)	(78.0, 0.04802384275434939)	(79.0, 0.031949450295887936)	(80.0, 0.02337563068137095)	(81.0, 0.017823432212542824)	(82.0, 0.012147257333070989)	(83.0, 0.006610859779324906)	(84.0, 0.0033510094523991115)	(85.0, 0.00192163436497751)	(86.0, 0.001115787695793393)	(87.0, 0.0007462893738748837)	(88.0, 0.0006514838833826346)	(89.0, 0.000583418403029225)	(90.0, 0.0005894956780607794)	(91.0, 0.000605296593142821)	(92.0, 0.0005907111330670904)	(93.0, 0.0005639711229282508)	(94.0, 0.0005153529226758155)	(95.0, 0.0004715965424486236)	(96.0, 0.0005189992876947481)	(97.0, 0.0006150202331933081)	(98.0, 0.0008629730544807287)	(99.0, 0.0008216475842661587)	(100.0, 0.00031966466665976287)
qc_bundle_trimmed | SRR30333747_2	(0.0, 0.0002513282085803548)	(1.0, 0.00013908454261242937)	(2.0, 2.196071725459411e-05)	(3.0, 1.3420438322251957e-05)	(4.0, 8.540278932342153e-06)	(5.0, 7.320239084864703e-06)	(6.0, 1.3420438322251957e-05)	(7.0, 1.4640478169729405e-05)	(8.0, 1.9520637559639207e-05)	(9.0, 3.172103603441372e-05)	(10.0, 2.6840876644503914e-05)	(11.0, 2.6840876644503914e-05)	(12.0, 3.9041275119278414e-05)	(13.0, 5.856191267891762e-05)	(14.0, 9.638314795071859e-05)	(15.0, 0.0001403045824599068)	(16.0, 0.0002562083679702646)	(17.0, 0.00045019470371917924)	(18.0, 0.0007198235100116958)	(19.0, 0.00117245829342583)	(20.0, 0.0021057887767460797)	(21.0, 0.0036552393830424413)	(22.0, 0.005872051785908969)	(23.0, 0.008835528575431698)	(24.0, 0.012113775645603607)	(25.0, 0.016698685392423866)	(26.0, 0.023530908538297587)	(27.0, 0.033200944369403865)	(28.0, 0.045038991009477565)	(29.0, 0.05994909798549948)	(30.0, 0.08219408452455584)	(31.0, 0.11359425007908298)	(32.0, 0.15872352403727388)	(33.0, 0.22144821267578457)	(34.0, 0.31087225333649177)	(35.0, 0.4340303957799505)	(36.0, 0.6032340621070557)	(37.0, 0.816844738802645)	(38.0, 1.062291135278311)	(39.0, 1.3458003349155785)	(40.0, 1.642272457932294)	(41.0, 1.9413469259436786)	(42.0, 2.2536319854235494)	(43.0, 2.5540680179047195)	(44.0, 2.8484855938182827)	(45.0, 3.1743435966013402)	(46.0, 3.4810628342970182)	(47.0, 3.731016057969266)	(48.0, 3.982490671331318)	(49.0, 4.2170482121682475)	(50.0, 4.418187641542922)	(51.0, 4.605097746176468)	(52.0, 4.750975470659652)	(53.0, 4.837517777200617)	(54.0, 4.829254447313653)	(55.0, 4.741143169528832)	(56.0, 4.57792501869345)	(57.0, 4.324824092214711)	(58.0, 4.017843765991672)	(59.0, 3.639320303112556)	(60.0, 3.216441071538549)	(61.0, 2.813292324377948)	(62.0, 2.4029233813999755)	(63.0, 1.9790559175495117)	(64.0, 1.5982607404743925)	(65.0, 1.2810577003693402)	(66.0, 1.034726775004253)	(67.0, 0.8456816006376221)	(68.0, 0.6854903686638328)	(69.0, 0.5626091752657515)	(70.0, 0.46868196752800506)	(71.0, 0.38981615170736766)	(72.0, 0.3311871368368388)	(73.0, 0.28073848914364624)	(74.0, 0.2363412390939418)	(75.0, 0.202514414282782)	(76.0, 0.17111058860871242)	(77.0, 0.1413281958919404)	(78.0, 0.11222170525067084)	(79.0, 0.08734265268091068)	(80.0, 0.06959473301965621)	(81.0, 0.05892182443392347)	(82.0, 0.05022904052064663)	(83.0, 0.040751770985441804)	(84.0, 0.03423675819991222)	(85.0, 0.030726703558719592)	(86.0, 0.028495250677683333)	(87.0, 0.027136126287593453)	(88.0, 0.026354080745360407)	(89.0, 0.025267025241258)	(90.0, 0.024297093562513427)	(91.0, 0.02332838192361633)	(92.0, 0.0221937448654623)	(93.0, 0.02097858517737476)	(94.0, 0.020139197762310275)	(95.0, 0.019829307641051)	(96.0, 0.021606905698825646)	(97.0, 0.03118909866091354)	(98.0, 0.05873759841695437)	(99.0, 0.12784553553746708)	(100.0, 0.46592223739301103)
qc_bundle_trimmed | SRR30333748_1	(0.0, 2.4461233870959913e-05)	(1.0, 1.6052684727817443e-05)	(2.0, 7.644135584674972e-06)	(3.0, 5.350894909272481e-06)	(4.0, 6.879722026207475e-06)	(5.0, 6.115308467739978e-06)	(6.0, 4.586481350804984e-06)	(7.0, 6.879722026207475e-06)	(8.0, 8.40854914314247e-06)	(9.0, 1.0701789818544962e-05)	(10.0, 1.0701789818544962e-05)	(11.0, 2.75188881048299e-05)	(12.0, 4.8922467741919825e-05)	(13.0, 6.650397958667227e-05)	(14.0, 0.0001123687930947221)	(15.0, 0.00020409842011082175)	(16.0, 0.0004081968402216435)	(17.0, 0.000837797260080377)	(18.0, 0.0014294533543342198)	(19.0, 0.0023092933601303093)	(20.0, 0.0036668918399685845)	(21.0, 0.006043453593244034)	(22.0, 0.009445093928424396)	(23.0, 0.014095786018140651)	(24.0, 0.020492398675396668)	(25.0, 0.028839030320303268)	(26.0, 0.03854708251284048)	(27.0, 0.0511950692512437)	(28.0, 0.06692517145738786)	(29.0, 0.0855623384263839)	(30.0, 0.10990967467713215)	(31.0, 0.14121546755061004)	(32.0, 0.1797847180566461)	(33.0, 0.23079938570809144)	(34.0, 0.3033903904608404)	(35.0, 0.3969309131969496)	(36.0, 0.528575158581988)	(37.0, 0.7025266367739688)	(38.0, 0.9142470244762699)	(39.0, 1.1585451892133387)	(40.0, 1.4275392627838173)	(41.0, 1.7202102819142682)	(42.0, 2.0365345497843785)	(43.0, 2.375256899331145)	(44.0, 2.706299950269547)	(45.0, 3.052310218682743)	(46.0, 3.3897254210445302)	(47.0, 3.693070711105421)	(48.0, 4.013270555716962)	(49.0, 4.307008696175033)	(50.0, 4.532988454396987)	(51.0, 4.747982825370204)	(52.0, 4.95823936110804)	(53.0, 5.086501840910419)	(54.0, 5.104686475052802)	(55.0, 5.064441630026605)	(56.0, 4.9255667967920225)	(57.0, 4.672110193210955)	(58.0, 4.38470369025767)	(59.0, 4.029494469081875)	(60.0, 3.581011505501878)	(61.0, 3.0914741829372665)	(62.0, 2.5964330827516893)	(63.0, 2.124130228276286)	(64.0, 1.6969782250453238)	(65.0, 1.3143342012561317)	(66.0, 1.00830581960502)	(67.0, 0.7911366920579626)	(68.0, 0.6132935844398238)	(69.0, 0.4688347101606362)	(70.0, 0.35934775618133663)	(71.0, 0.27191184012314884)	(72.0, 0.21711026770305553)	(73.0, 0.175176833126204)	(74.0, 0.1312964372159358)	(75.0, 0.09887765820132924)	(76.0, 0.07658659442285855)	(77.0, 0.05599711522553651)	(78.0, 0.036064267274938056)	(79.0, 0.021947077677160313)	(80.0, 0.014548318844753407)	(81.0, 0.010603180469502654)	(82.0, 0.006971451653223576)	(83.0, 0.00349107672152106)	(84.0, 0.0016213211575095618)	(85.0, 0.0009845646633061364)	(86.0, 0.0006405785619957627)	(87.0, 0.0005205656333163657)	(88.0, 0.0004907535045361333)	(89.0, 0.0004662922706651733)	(90.0, 0.00046094137575590087)	(91.0, 0.00046094137575590087)	(92.0, 0.0004510039994958234)	(93.0, 0.0004433598639111484)	(94.0, 0.00041125449445551354)	(95.0, 0.0003806779521168136)	(96.0, 0.00037150498941520367)	(97.0, 0.0004494751723788884)	(98.0, 0.0007399523245965374)	(99.0, 0.0007246640534271873)	(100.0, 0.00028894832510071395)
qc_bundle_trimmed | SRR30333748_2	(0.0, 0.00022392902664593607)	(1.0, 0.00012653523765951866)	(2.0, 2.070576616246669e-05)	(3.0, 9.96944296711359e-06)	(4.0, 8.435682510634577e-06)	(5.0, 1.303696388007162e-05)	(6.0, 1.6871365021269153e-05)	(7.0, 1.8405125477748167e-05)	(8.0, 2.377328707542472e-05)	(9.0, 2.1472646390706196e-05)	(10.0, 2.377328707542472e-05)	(11.0, 3.450961027077782e-05)	(12.0, 4.5245933466130915e-05)	(13.0, 5.291473574852599e-05)	(14.0, 0.00010352883081233346)	(15.0, 0.00018328437454924218)	(16.0, 0.0002730093612532645)	(17.0, 0.0004447905323789141)	(18.0, 0.0007998560780538058)	(19.0, 0.0012837575020729348)	(20.0, 0.002249259709426474)	(21.0, 0.0038021921716114757)	(22.0, 0.006039948677614357)	(23.0, 0.008862834797763983)	(24.0, 0.012498613959847487)	(25.0, 0.017495605527056115)	(26.0, 0.023819299889119086)	(27.0, 0.032951309646995136)	(28.0, 0.0441178526503906)	(29.0, 0.05801295550586223)	(30.0, 0.07763051862445705)	(31.0, 0.10573361146852203)	(32.0, 0.14597105016402073)	(33.0, 0.19859130390490273)	(34.0, 0.2727846653463903)	(35.0, 0.3758556686624648)	(36.0, 0.5214064684614103)	(37.0, 0.7100083905132653)	(38.0, 0.9348016911764272)	(39.0, 1.198417536513986)	(40.0, 1.47840550784423)	(41.0, 1.7728767791650053)	(42.0, 2.0884127165950632)	(43.0, 2.3919891568657268)	(44.0, 2.6880417352171317)	(45.0, 3.016551752348546)	(46.0, 3.3269158495193567)	(47.0, 3.588010959546692)	(48.0, 3.8597994474765995)	(49.0, 4.1200333510076215)	(50.0, 4.3433772480394115)	(51.0, 4.559132865212771)	(52.0, 4.752869817272917)	(53.0, 4.888366050399415)	(54.0, 4.923023668554243)	(55.0, 4.8733106577586165)	(56.0, 4.7438244649808325)	(57.0, 4.516928378731837)	(58.0, 4.228168064470761)	(59.0, 3.8634743375303233)	(60.0, 3.440638819205678)	(61.0, 3.0346393894118027)	(62.0, 2.6147594274867925)	(63.0, 2.161433518167573)	(64.0, 1.7509792811278544)	(65.0, 1.4074299758404354)	(66.0, 1.1379551655591267)	(67.0, 0.9259005123672512)	(68.0, 0.7409918854945977)	(69.0, 0.5992478791486332)	(70.0, 0.48830331652922365)	(71.0, 0.3969065309276393)	(72.0, 0.32894407134059767)	(73.0, 0.2704257417643256)	(74.0, 0.22151948896880752)	(75.0, 0.1848748841426109)	(76.0, 0.15073721078252927)	(77.0, 0.11964175128787373)	(78.0, 0.09219434103895353)	(79.0, 0.07025619834970596)	(80.0, 0.055365684957979444)	(81.0, 0.04633797091114397)	(82.0, 0.0401270079426322)	(83.0, 0.03429948508824019)	(84.0, 0.030175970100996364)	(85.0, 0.027823948440985794)	(86.0, 0.026590805033976667)	(87.0, 0.025626836587079604)	(88.0, 0.02478633585692911)	(89.0, 0.023828502451857962)	(90.0, 0.02297343099737091)	(91.0, 0.022024800155038642)	(92.0, 0.021167428059866874)	(93.0, 0.02047263457308188)	(94.0, 0.019496396042532987)	(95.0, 0.019265565093832895)	(96.0, 0.020883682375418256)	(97.0, 0.029233474300490007)	(98.0, 0.05424680670497801)	(99.0, 0.11624063747563151)	(100.0, 0.40296181720981844)
qc_bundle_trimmed | SRR30333749_1	(0.0, 0.00026397336699686457)	(1.0, 0.0001834708508205158)	(2.0, 0.00010203225887467461)	(3.0, 7.76942888678715e-05)	(4.0, 6.833353117294722e-05)	(5.0, 6.271707655599265e-05)	(6.0, 5.897277347802294e-05)	(7.0, 6.45892280949775e-05)	(8.0, 5.335631886106837e-05)	(9.0, 4.586771270512895e-05)	(10.0, 4.212340962715924e-05)	(11.0, 5.4292394630560795e-05)	(12.0, 8.705504656279577e-05)	(13.0, 0.0001834708508205158)	(14.0, 0.00036413347433255435)	(15.0, 0.000621554310942972)	(16.0, 0.0011092497868485267)	(17.0, 0.0020584306171138483)	(18.0, 0.003329621512084565)	(19.0, 0.005378691371503489)	(20.0, 0.008733586929364351)	(21.0, 0.014268602954373074)	(22.0, 0.022098876766177233)	(23.0, 0.03325783601429646)	(24.0, 0.04808153189997855)	(25.0, 0.06734222693305474)	(26.0, 0.08965172074736777)	(27.0, 0.1201668547570514)	(28.0, 0.15677677810190027)	(29.0, 0.19671819511037264)	(30.0, 0.25049013161309563)	(31.0, 0.31607160002373513)	(32.0, 0.38764769766220414)	(33.0, 0.47352890521005636)	(34.0, 0.5838660283116679)	(35.0, 0.7053930011617917)	(36.0, 0.851600547750353)	(37.0, 1.0212118607277638)	(38.0, 1.195330378535281)	(39.0, 1.3913474528943037)	(40.0, 1.601962628878561)	(41.0, 1.8240316279783275)	(42.0, 2.076423865555032)	(43.0, 2.3713467057186244)	(44.0, 2.681890778323507)	(45.0, 3.0012255384796926)	(46.0, 3.3288211673016486)	(47.0, 3.6204106416500794)	(48.0, 3.9020112514622554)	(49.0, 4.156325252593728)	(50.0, 4.335242094795663)	(51.0, 4.4983982292666544)	(52.0, 4.660119359583013)	(53.0, 4.754965364775295)	(54.0, 4.757612587051419)	(55.0, 4.705487207827233)	(56.0, 4.564902668386013)	(57.0, 4.328336663844117)	(58.0, 4.061395936657962)	(59.0, 3.7450378974487624)	(60.0, 3.3501122106787546)	(61.0, 2.9076479159550734)	(62.0, 2.457557411937338)	(63.0, 2.030546792092208)	(64.0, 1.641552081397704)	(65.0, 1.2916787853375975)	(66.0, 1.0153342409711208)	(67.0, 0.8233675664666918)	(68.0, 0.6641991147737385)	(69.0, 0.5336006316414634)	(70.0, 0.4361420389765288)	(71.0, 0.3544694280883145)	(72.0, 0.3076600231590762)	(73.0, 0.26848806043312656)	(74.0, 0.21933004139823173)	(75.0, 0.1840184551456689)	(76.0, 0.15959155794076396)	(77.0, 0.12720614454363446)	(78.0, 0.08809596281847135)	(79.0, 0.061038692701292724)	(80.0, 0.045837758280505195)	(81.0, 0.03513560400789827)	(82.0, 0.02490242369580705)	(83.0, 0.014175931453193326)	(84.0, 0.00766178017329552)	(85.0, 0.004585835194743403)	(86.0, 0.0023195957568022357)	(87.0, 0.0013741592296148838)	(88.0, 0.0012580858341978227)	(89.0, 0.0012009852122587847)	(90.0, 0.0011635421814790874)	(91.0, 0.001215026348801171)	(92.0, 0.001359182017303005)	(93.0, 0.0014715111096420962)	(94.0, 0.001514570595038748)	(95.0, 0.0015641826108218466)	(96.0, 0.0016184750054524075)	(97.0, 0.0017701192801101806)	(98.0, 0.0021511021182935987)	(99.0, 0.001696169294320279)	(100.0, 0.0006458922809497751)
qc_bundle_trimmed | SRR30333749_2	(0.0, 0.0034646143956005068)	(1.0, 0.0018862900598269425)	(2.0, 0.00022252401402637401)	(3.0, 0.00012299850564327004)	(4.0, 9.9525508383104e-05)	(5.0, 6.384655254765162e-05)	(6.0, 5.0701674081958635e-05)	(7.0, 6.57243923284649e-05)	(8.0, 8.825846969822429e-05)	(9.0, 9.576982882147742e-05)	(10.0, 0.00010046442827351063)	(11.0, 0.0001248763454240833)	(12.0, 0.00015773854158831574)	(13.0, 0.0002290964532592205)	(14.0, 0.0003135992433958182)	(15.0, 0.0004919940225730802)	(16.0, 0.0007614640311197862)	(17.0, 0.0012112066586245675)	(18.0, 0.0020308837229495655)	(19.0, 0.0035068657906688057)	(20.0, 0.005995942420136812)	(21.0, 0.009648340793818648)	(22.0, 0.014936337616588852)	(23.0, 0.02144774705655891)	(24.0, 0.030079237609067166)	(25.0, 0.04123548374687888)	(26.0, 0.05609952453190642)	(27.0, 0.07694072933926263)	(28.0, 0.10080807295339946)	(29.0, 0.1285371940767788)	(30.0, 0.16471659421381793)	(31.0, 0.21202688965162778)	(32.0, 0.2720360766071875)	(33.0, 0.34012560813958664)	(34.0, 0.42032251165877954)	(35.0, 0.5202273436776078)	(36.0, 0.6565876182812547)	(37.0, 0.8257894328115452)	(38.0, 1.0208791465601277)	(39.0, 1.257846565260627)	(40.0, 1.5251072953052063)	(41.0, 1.8196295643677423)	(42.0, 2.150986599650821)	(43.0, 2.4855397182408447)	(44.0, 2.8119439511020285)	(45.0, 3.1629262899343877)	(46.0, 3.472250631069184)	(47.0, 3.7078904170446485)	(48.0, 3.9448221567893125)	(49.0, 4.158899647481588)	(50.0, 4.323526105385927)	(51.0, 4.469626734932652)	(52.0, 4.598264393437705)	(53.0, 4.686656189760367)	(54.0, 4.677211594582766)	(55.0, 4.592907855462935)	(56.0, 4.441190607131797)	(57.0, 4.212505400784575)	(58.0, 3.946515968271606)	(59.0, 3.6055810111864885)	(60.0, 3.203564620630967)	(61.0, 2.821301226729821)	(62.0, 2.4407870405845027)	(63.0, 2.0335211489217175)	(64.0, 1.6557044796215372)	(65.0, 1.3419841155598566)	(66.0, 1.1058927091171065)	(67.0, 0.9185265503870091)	(68.0, 0.7492252103483356)	(69.0, 0.6202861585584628)	(70.0, 0.524695663436053)	(71.0, 0.44659724587191896)	(72.0, 0.3906357425639023)	(73.0, 0.3409565522425966)	(74.0, 0.2969803613356207)	(75.0, 0.2623135611420267)	(76.0, 0.22595388838602945)	(77.0, 0.18990875379331854)	(78.0, 0.15185245279535653)	(79.0, 0.11602045301776787)	(80.0, 0.09054098395180284)	(81.0, 0.0765801841013465)	(82.0, 0.06353483114403662)	(83.0, 0.04769619151276698)	(84.0, 0.03642070254887362)	(85.0, 0.03054212511503764)	(86.0, 0.028242710303431777)	(87.0, 0.027177036227820233)	(88.0, 0.026580822097412016)	(89.0, 0.026193987102564483)	(90.0, 0.025735794196046043)	(91.0, 0.025566788615772846)	(92.0, 0.025312341325472644)	(93.0, 0.024596884368982785)	(94.0, 0.023777207304657787)	(95.0, 0.023263618124605354)	(96.0, 0.023959357763396676)	(97.0, 0.029892392550876244)	(98.0, 0.048970305804048785)	(99.0, 0.09960907225335018)	(100.0, 0.37374175697581563)
qc_bundle_trimmed | SRR30333750_1	(0.0, 3.399977070932409e-05)	(1.0, 2.361095188147506e-05)	(2.0, 1.2277694978367032e-05)	(3.0, 9.444380752590025e-06)	(4.0, 3.77775230103601e-06)	(5.0, 9.444380752590025e-07)	(6.0, 4.722190376295012e-06)	(7.0, 1.133325690310803e-05)	(8.0, 1.133325690310803e-05)	(9.0, 8.499942677331022e-06)	(10.0, 8.499942677331022e-06)	(11.0, 2.4555389956734063e-05)	(12.0, 4.438858953717312e-05)	(13.0, 6.705510334338917e-05)	(14.0, 0.00010483262635374926)	(15.0, 0.00018133211044972847)	(16.0, 0.00034188658324375886)	(17.0, 0.0006837731664875177)	(18.0, 0.0012192695551593723)	(19.0, 0.002060763880215143)	(20.0, 0.0032696446165466665)	(21.0, 0.005403130228556753)	(22.0, 0.008298777367300855)	(23.0, 0.012487360231074532)	(24.0, 0.018379709382615447)	(25.0, 0.02607687969597632)	(26.0, 0.03528231761552581)	(27.0, 0.04740890250185141)	(28.0, 0.0623735238043303)	(29.0, 0.08014029287610265)	(30.0, 0.10420929722407832)	(31.0, 0.1375139615100118)	(32.0, 0.18013267409414954)	(33.0, 0.23734389937911413)	(34.0, 0.32047333876341155)	(35.0, 0.43029354259260355)	(36.0, 0.5840499501209198)	(37.0, 0.782271446670505)	(38.0, 1.0117708433965178)	(39.0, 1.2679279492347912)	(40.0, 1.545738186824528)	(41.0, 1.83888420988032)	(42.0, 2.1432067131187273)	(43.0, 2.4671433063041137)	(44.0, 2.782087904574959)	(45.0, 3.107379766398342)	(46.0, 3.4294813164035003)	(47.0, 3.719121585323931)	(48.0, 4.014618314749043)	(49.0, 4.284419717460583)	(50.0, 4.493489029742594)	(51.0, 4.691073030591379)	(52.0, 4.880100422478318)	(53.0, 4.9932573260274)	(54.0, 5.004912636314171)	(55.0, 4.953957368839721)	(56.0, 4.812233102390206)	(57.0, 4.5616236258060034)	(58.0, 4.2702880905404825)	(59.0, 3.917270360141721)	(60.0, 3.4794062019378416)	(61.0, 3.0097513136826683)	(62.0, 2.5331123058609553)	(63.0, 2.077182936153521)	(64.0, 1.6713390064532225)	(65.0, 1.3052285310171454)	(66.0, 1.0133310550968455)	(67.0, 0.8060278420155699)	(68.0, 0.634218500678678)	(69.0, 0.49302217511323126)	(70.0, 0.3859814525395265)	(71.0, 0.29956914640562876)	(72.0, 0.24708766700156126)	(73.0, 0.20526606015294213)	(74.0, 0.15477167845921955)	(75.0, 0.11704043291454715)	(76.0, 0.09343420322344838)	(77.0, 0.07007824962229324)	(78.0, 0.04504591843755339)	(79.0, 0.027855256591689016)	(80.0, 0.019791644305127656)	(81.0, 0.015478395615419792)	(82.0, 0.01099137031986427)	(83.0, 0.005796960905939757)	(84.0, 0.002614204592316919)	(85.0, 0.0014166571128885037)	(86.0, 0.0007281617560246909)	(87.0, 0.00037871966817886)	(88.0, 0.0003069423744591758)	(89.0, 0.00030883125060969383)	(90.0, 0.0002918313652550318)	(91.0, 0.0002965535556313268)	(92.0, 0.00028805361295399575)	(93.0, 0.0002719981656745927)	(94.0, 0.0002512205280188947)	(95.0, 0.00024083170919104565)	(96.0, 0.00024933165186837665)	(97.0, 0.0002691648514488157)	(98.0, 0.00039949730583455805)	(99.0, 0.0004259415719418101)	(100.0, 0.0002039986242559445)
qc_bundle_trimmed | SRR30333750_2	(0.0, 0.00016657404928689508)	(1.0, 9.653723310945055e-05)	(2.0, 1.9875312699004526e-05)	(3.0, 1.2303765004145659e-05)	(4.0, 1.0410878080430942e-05)	(5.0, 6.6251042330015085e-06)	(6.0, 6.6251042330015085e-06)	(7.0, 1.13573215422883e-05)	(8.0, 1.4196651927860377e-05)	(9.0, 1.4196651927860377e-05)	(10.0, 1.5143095389717733e-05)	(11.0, 2.4607530008291317e-05)	(12.0, 3.975062539800905e-05)	(13.0, 5.3947277325869426e-05)	(14.0, 7.760836387230339e-05)	(15.0, 0.00012587698042702865)	(16.0, 0.00026311128239634563)	(17.0, 0.00041738156667909507)	(18.0, 0.0006729213013805819)	(19.0, 0.001212394074639276)	(20.0, 0.0021768199622719244)	(21.0, 0.0036324500066085416)	(22.0, 0.005860377915820763)	(23.0, 0.008583295755584383)	(24.0, 0.011889222767852136)	(25.0, 0.01653152794826248)	(26.0, 0.022834841404232486)	(27.0, 0.032264257614717344)	(28.0, 0.04394620926442272)	(29.0, 0.05898330298641243)	(30.0, 0.08039753275439702)	(31.0, 0.11175225820226944)	(32.0, 0.15943029403679573)	(33.0, 0.2226252704284734)	(34.0, 0.31138273828145646)	(35.0, 0.43468917826608056)	(36.0, 0.6069201201244971)	(37.0, 0.8163567009119882)	(38.0, 1.053423752124943)	(39.0, 1.3277977117173914)	(40.0, 1.6115215862695282)	(41.0, 1.8990037878087007)	(42.0, 2.1979341694625)	(43.0, 2.48512959863273)	(44.0, 2.771089919085236)	(45.0, 3.0900489372788607)	(46.0, 3.3873429181871084)	(47.0, 3.639326864802397)	(48.0, 3.8961291550820016)	(49.0, 4.13444645810807)	(50.0, 4.338763726210375)	(51.0, 4.535414802271634)	(52.0, 4.712333478596631)	(53.0, 4.82886527628128)	(54.0, 4.849058593983468)	(55.0, 4.7887483772635315)	(56.0, 4.648087949962291)	(57.0, 4.4186539652692165)	(58.0, 4.128526454254152)	(59.0, 3.765441402538352)	(60.0, 3.3503805152277315)	(61.0, 2.95367400597291)	(62.0, 2.5464137056749174)	(63.0, 2.1077996263725143)	(64.0, 1.7110893313438462)	(65.0, 1.3835706784811834)	(66.0, 1.127990246710837)	(67.0, 0.9252365032075206)	(68.0, 0.7460794880952318)	(69.0, 0.6080028514448619)	(70.0, 0.5002890674943378)	(71.0, 0.4091105972659236)	(72.0, 0.34066853832170874)	(73.0, 0.27939389571413964)	(74.0, 0.22748525760511096)	(75.0, 0.18876625558052643)	(76.0, 0.15321026760546916)	(77.0, 0.12115422755236045)	(78.0, 0.09061817569899464)	(79.0, 0.06428149348588993)	(80.0, 0.04766573206952214)	(81.0, 0.039265099902076224)	(82.0, 0.032001146332321005)	(83.0, 0.02373585557992069)	(84.0, 0.0184953981316165)	(85.0, 0.016081967303880236)	(86.0, 0.014949074480036977)	(87.0, 0.014271420961347106)	(88.0, 0.013594713886119096)	(89.0, 0.013005079609381963)	(90.0, 0.01274102188352376)	(91.0, 0.012429641984572687)	(92.0, 0.011980081340190442)	(93.0, 0.011523895591575196)	(94.0, 0.011311892256119147)	(95.0, 0.011359214429212016)	(96.0, 0.012416391776106685)	(97.0, 0.01779124419599462)	(98.0, 0.03377383493637983)	(99.0, 0.07300391643036734)	(100.0, 0.26278192007161927)
qc_bundle_trimmed | SRR30333751_1	(0.0, 3.982988006462724e-05)	(1.0, 2.715673640770039e-05)	(2.0, 1.0862694563080156e-05)	(3.0, 8.147020922310117e-06)	(4.0, 1.0862694563080156e-05)	(5.0, 1.267314365692685e-05)	(6.0, 9.052245469233463e-06)	(7.0, 6.336571828463425e-06)	(8.0, 8.147020922310117e-06)	(9.0, 9.95747001615681e-06)	(10.0, 1.4483592750773541e-05)	(11.0, 2.3535838220007006e-05)	(12.0, 4.5261227346167316e-05)	(13.0, 7.42284128477144e-05)	(14.0, 0.00012220531383465175)	(15.0, 0.00019914940032313619)	(16.0, 0.0003439853278308716)	(17.0, 0.0006762027365517397)	(18.0, 0.0012012329737672806)	(19.0, 0.0019815365332152054)	(20.0, 0.003132982156901702)	(21.0, 0.005129907507414604)	(22.0, 0.007819329636323865)	(23.0, 0.011742572822689649)	(24.0, 0.01722913880159205)	(25.0, 0.024344203740409555)	(26.0, 0.03278904353865745)	(27.0, 0.04389886440304768)	(28.0, 0.057843848548401834)	(29.0, 0.07410892320752052)	(30.0, 0.09598367438392318)	(31.0, 0.12473994256603713)	(32.0, 0.1594417255723436)	(33.0, 0.20430012799513003)	(34.0, 0.2665334103715632)	(35.0, 0.34858024763105455)	(36.0, 0.4682047662824278)	(37.0, 0.6294207319667412)	(38.0, 0.8316089710938991)	(39.0, 1.0734333722326426)	(40.0, 1.348395328360609)	(41.0, 1.6527888501826942)	(42.0, 1.9829921342866579)	(43.0, 2.3336154737201182)	(44.0, 2.6790699809906466)	(45.0, 3.0460190451278697)	(46.0, 3.4070533720754956)	(47.0, 3.7280794897227505)	(48.0, 4.057136759550309)	(49.0, 4.361470536552297)	(50.0, 4.593816331460206)	(51.0, 4.806981323443357)	(52.0, 5.01112756326551)	(53.0, 5.132605981788982)	(54.0, 5.154106875227506)	(55.0, 5.107311292274304)	(56.0, 4.949584061993832)	(57.0, 4.692822550606307)	(58.0, 4.400137203074128)	(59.0, 4.033311249475287)	(60.0, 3.5796072752100243)	(61.0, 3.0902030552631983)	(62.0, 2.596623939705962)	(63.0, 2.1247168050266176)	(64.0, 1.700629967487593)	(65.0, 1.3222723583854952)	(66.0, 1.020758355847173)	(67.0, 0.804672204251101)	(68.0, 0.6290486846779557)	(69.0, 0.48730771989615124)	(70.0, 0.37768864816192166)	(71.0, 0.29217751656135466)	(72.0, 0.23903540430967266)	(73.0, 0.19611508764184912)	(74.0, 0.15222346503517684)	(75.0, 0.11923165119800856)	(76.0, 0.09469463462910434)	(77.0, 0.07111081950811039)	(78.0, 0.04836886321575516)	(79.0, 0.031380514143644726)	(80.0, 0.020753177962764636)	(81.0, 0.013961278187198771)	(82.0, 0.008820507985221087)	(83.0, 0.004524312285522886)	(84.0, 0.002020461188732909)	(85.0, 0.001066354516275702)	(86.0, 0.0006562877965194261)	(87.0, 0.0004987787253547638)	(88.0, 0.0004689063153062934)	(89.0, 0.0004571383961962899)	(90.0, 0.0004145928424908927)	(91.0, 0.0003992040251931957)	(92.0, 0.0004372234561639763)	(93.0, 0.00040825627066242917)	(94.0, 0.00039829880064627237)	(95.0, 0.00040101447428704247)	(96.0, 0.0003774786360670354)	(97.0, 0.0004969682762609171)	(98.0, 0.0009034140978294997)	(99.0, 0.0008445745022794822)	(100.0, 0.0002887666304685475)
qc_bundle_trimmed | SRR30333751_2	(0.0, 0.0002596962262415409)	(1.0, 0.0001480086883824167)	(2.0, 2.4516776603222394e-05)	(3.0, 1.1804373920070041e-05)	(4.0, 1.1804373920070041e-05)	(5.0, 9.08028763082311e-06)	(6.0, 9.98831639390542e-06)	(7.0, 1.3620431446234664e-05)	(8.0, 1.3620431446234664e-05)	(9.0, 1.7252546498563908e-05)	(10.0, 1.997663278781084e-05)	(11.0, 2.6332834129387016e-05)	(12.0, 4.5401438154115543e-05)	(13.0, 6.083792712651483e-05)	(14.0, 9.534302012364265e-05)	(15.0, 0.00015527291848707516)	(16.0, 0.00026151228376770555)	(17.0, 0.0004285895761748508)	(18.0, 0.0006474245080776876)	(19.0, 0.0011186914361174072)	(20.0, 0.002026720199199718)	(21.0, 0.0033878553150601017)	(22.0, 0.005301979947637613)	(23.0, 0.007600200746998942)	(24.0, 0.010457767264418974)	(25.0, 0.014593838280258899)	(26.0, 0.02043246322687816)	(27.0, 0.028705513287321096)	(28.0, 0.03829974519804879)	(29.0, 0.050490939371191895)	(30.0, 0.06752555896661605)	(31.0, 0.09154019566385392)	(32.0, 0.12601441568303695)	(33.0, 0.17152118517367004)	(34.0, 0.23532019409659627)	(35.0, 0.32731622019951756)	(36.0, 0.46202137917401526)	(37.0, 0.6389326230853418)	(38.0, 0.8581807080753812)	(39.0, 1.124747987967166)	(40.0, 1.4147687427806037)	(41.0, 1.721272943730275)	(42.0, 2.049400941643988)	(43.0, 2.3673063517429203)	(44.0, 2.6791824508549866)	(45.0, 3.0247527732787476)	(46.0, 3.3493285626712823)	(47.0, 3.6242923845352895)	(48.0, 3.9076999658671987)	(49.0, 4.1781372643472405)	(50.0, 4.4155813377206865)	(51.0, 4.631029322337226)	(52.0, 4.815091292757826)	(53.0, 4.948090265686492)	(54.0, 4.983136543826417)	(55.0, 4.929192371069223)	(56.0, 4.7792314208461795)	(57.0, 4.54287062578709)	(58.0, 4.250482639988298)	(59.0, 3.876265826146815)	(60.0, 3.4476571813679397)	(61.0, 3.030207302058583)	(62.0, 2.604757689346471)	(63.0, 2.1531286993659324)	(64.0, 1.7413013341575814)	(65.0, 1.398575865848557)	(66.0, 1.1333788013602635)	(67.0, 0.9224873050768705)	(68.0, 0.74102048086116)	(69.0, 0.6014264950262271)	(70.0, 0.49236134423488453)	(71.0, 0.40700573247638416)	(72.0, 0.3436253248132389)	(73.0, 0.28844441688072686)	(74.0, 0.2409127432484202)	(75.0, 0.20361182968976196)	(76.0, 0.16867542303017008)	(77.0, 0.13538890463309872)	(78.0, 0.10484463310053593)	(79.0, 0.07884050538338473)	(80.0, 0.059787337847628595)	(81.0, 0.04775323265049873)	(82.0, 0.03923229073773433)	(83.0, 0.03185455703769055)	(84.0, 0.027214530058339938)	(85.0, 0.024696566298312694)	(86.0, 0.023327258923584566)	(87.0, 0.022342955744403342)	(88.0, 0.021310527040778755)	(89.0, 0.020572299656392838)	(90.0, 0.020021126197201873)	(91.0, 0.01920934848300629)	(92.0, 0.01845659263841105)	(93.0, 0.017511334696042366)	(94.0, 0.01669592486679445)	(95.0, 0.016575157041304505)	(96.0, 0.017731985685471366)	(97.0, 0.02430248181513497)	(98.0, 0.04474947350222244)	(99.0, 0.0969729317533754)	(100.0, 0.37711978179705613)
qc_bundle_trimmed | SRR30333752_1	(0.0, 4.88717130844861e-05)	(1.0, 2.8648935256422886e-05)	(2.0, 9.26877317119564e-06)	(3.0, 8.426157428359672e-06)	(4.0, 5.898310199851771e-06)	(5.0, 5.055694457015803e-06)	(6.0, 9.26877317119564e-06)	(7.0, 1.0954004656867574e-05)	(8.0, 8.426157428359672e-06)	(9.0, 1.2639236142539508e-05)	(10.0, 2.106539357089918e-05)	(11.0, 2.7806319513586915e-05)	(12.0, 3.707509268478256e-05)	(13.0, 5.8983101998517706e-05)	(14.0, 0.00010869743082583977)	(15.0, 0.0001853754634239128)	(16.0, 0.00038591801021887296)	(17.0, 0.0007819474093517776)	(18.0, 0.0012908873180247017)	(19.0, 0.002130132597889325)	(20.0, 0.0035297173467398668)	(21.0, 0.0057466393661412965)	(22.0, 0.008824714674721084)	(23.0, 0.01327204056540932)	(24.0, 0.019511610141109657)	(25.0, 0.02772458578653183)	(26.0, 0.03766239585753923)	(27.0, 0.05063867829721312)	(28.0, 0.06647395595232945)	(29.0, 0.0851303111144606)	(30.0, 0.11023351932502974)	(31.0, 0.1447200964478202)	(32.0, 0.18678094648296317)	(33.0, 0.24235313995448088)	(34.0, 0.3219171314717671)	(35.0, 0.42627509122200163)	(36.0, 0.5730334751517421)	(37.0, 0.7598152642504481)	(38.0, 0.9786130811139495)	(39.0, 1.227276570366529)	(40.0, 1.4944085114705872)	(41.0, 1.7758775594389993)	(42.0, 2.0745587191863217)	(43.0, 2.3904098599254127)	(44.0, 2.6996810143286973)	(45.0, 3.027755139033367)	(46.0, 3.3499831957142407)	(47.0, 3.6356661650125757)	(48.0, 3.9366139611081263)	(49.0, 4.217880781298258)	(50.0, 4.436196621956857)	(51.0, 4.649313523482159)	(52.0, 4.853974776028101)	(53.0, 4.983193270654969)	(54.0, 5.015159584090936)	(55.0, 4.980301413425555)	(56.0, 4.856748667053517)	(57.0, 4.626338762637993)	(58.0, 4.340345710746295)	(59.0, 3.9899709177917284)	(60.0, 3.559365624267293)	(61.0, 3.0870533793197055)	(62.0, 2.6027911579072183)	(63.0, 2.1394064267549777)	(64.0, 1.7216316431467051)	(65.0, 1.3443327493613015)	(66.0, 1.0424066763883177)	(67.0, 0.8316465710957286)	(68.0, 0.6602096572898084)	(69.0, 0.5160465298480027)	(70.0, 0.40574475864780335)	(71.0, 0.3175565950025909)	(72.0, 0.26549052563701375)	(73.0, 0.2226586821971758)	(74.0, 0.17018562942780882)	(75.0, 0.13065094138968805)	(76.0, 0.10684788927031483)	(77.0, 0.08199915101408214)	(78.0, 0.05348334904502734)	(79.0, 0.03369873140323884)	(80.0, 0.02433137219013139)	(81.0, 0.019659910511848785)	(82.0, 0.014450017373894003)	(83.0, 0.007727628977548655)	(84.0, 0.0035448844301109138)	(85.0, 0.0018798757222670429)	(86.0, 0.0008527271317499988)	(87.0, 0.0004457437279602267)	(88.0, 0.00037412138981916945)	(89.0, 0.0003876032417045449)	(90.0, 0.0003715935425906615)	(91.0, 0.0003218792137633395)	(92.0, 0.0003151382878206517)	(93.0, 0.00033199060267737106)	(94.0, 0.0003142956720778158)	(95.0, 0.0002848041210785569)	(96.0, 0.0002797484266215411)	(97.0, 0.0003581116907052861)	(98.0, 0.000588145788499505)	(99.0, 0.0006176373394987639)	(100.0, 0.0002696370377075095)
qc_bundle_trimmed | SRR30333752_2	(0.0, 0.00024337328967836215)	(1.0, 0.00013182719857577951)	(2.0, 1.5210830604897634e-05)	(3.0, 1.267569217074803e-05)	(4.0, 1.267569217074803e-05)	(5.0, 9.295507591881889e-06)	(6.0, 9.295507591881889e-06)	(7.0, 8.450461447165354e-06)	(8.0, 5.070276868299212e-06)	(9.0, 1.5210830604897634e-05)	(10.0, 2.0281107473196847e-05)	(11.0, 2.1126153617913384e-05)	(12.0, 3.3801845788661415e-05)	(13.0, 5.49279994065748e-05)	(14.0, 8.957489133995275e-05)	(15.0, 0.00015379839833840942)	(16.0, 0.0002526687972702441)	(17.0, 0.00043012848766071644)	(18.0, 0.0007132189461407559)	(19.0, 0.001227852048273126)	(20.0, 0.002125291053962086)	(21.0, 0.003588065930466409)	(22.0, 0.005898422090121417)	(23.0, 0.00883918267373496)	(24.0, 0.012208381652719787)	(25.0, 0.01679275698780699)	(26.0, 0.02368326325182562)	(27.0, 0.03356269772970664)	(28.0, 0.04532404997187137)	(29.0, 0.05999067085957156)	(30.0, 0.08141005548970158)	(31.0, 0.11283309638098594)	(32.0, 0.15829657896673555)	(33.0, 0.21894723086533074)	(34.0, 0.30358536262784946)	(35.0, 0.4190930300568632)	(36.0, 0.5802281190237016)	(37.0, 0.7799623807427573)	(38.0, 1.0079887873869224)	(39.0, 1.2709595422074056)	(40.0, 1.5465147242150077)	(41.0, 1.827035397368964)	(42.0, 2.1223680393475117)	(43.0, 2.4079319478931365)	(44.0, 2.6886343059682067)	(45.0, 3.0084707510051)	(46.0, 3.3100770155620234)	(47.0, 3.5613447263243274)	(48.0, 3.8254546033478887)	(49.0, 4.077399196072111)	(50.0, 4.291913314862258)	(51.0, 4.501901366501304)	(52.0, 4.687114355269551)	(53.0, 4.817003863035495)	(54.0, 4.854163077157116)	(55.0, 4.808526360111699)	(56.0, 4.686208465802415)	(57.0, 4.466984904847761)	(58.0, 4.183427135849694)	(59.0, 3.821646825419796)	(60.0, 3.406615932180585)	(61.0, 3.008566241219453)	(62.0, 2.5977081858428526)	(63.0, 2.1548727393040332)	(64.0, 1.7509820893906205)	(65.0, 1.4174204048712415)	(66.0, 1.157314356481347)	(67.0, 0.9499882001981583)	(68.0, 0.7662388313525607)	(69.0, 0.6256763907788464)	(70.0, 0.5181146922486021)	(71.0, 0.4280775606674894)	(72.0, 0.3606285125346497)	(73.0, 0.30099783133272745)	(74.0, 0.2500897164365692)	(75.0, 0.20958073939729263)	(76.0, 0.1722263196162429)	(77.0, 0.1400849895019495)	(78.0, 0.10738423883985372)	(79.0, 0.07791832481973286)	(80.0, 0.05883887296432292)	(81.0, 0.04953068968027029)	(82.0, 0.04137092410688742)	(83.0, 0.031139950432804327)	(84.0, 0.02462633474932927)	(85.0, 0.0215512118287058)	(86.0, 0.019878020462167058)	(87.0, 0.018834388473442137)	(88.0, 0.018182012849720975)	(89.0, 0.017767095192665155)	(90.0, 0.01710964929207569)	(91.0, 0.016540088190536744)	(92.0, 0.016100664195284147)	(93.0, 0.01561983293894044)	(94.0, 0.015378994787696226)	(95.0, 0.015510821986272006)	(96.0, 0.01759470577914298)	(97.0, 0.025800948890485256)	(98.0, 0.04864001104373906)	(99.0, 0.10528345412408842)	(100.0, 0.36131722514259373)
qc_bundle_trimmed | SRR30333753_1	(0.0, 0.000128994574364169)	(1.0, 9.054426854408017e-05)	(2.0, 4.217130315751679e-05)	(3.0, 3.59696409284702e-05)	(4.0, 3.720997337427952e-05)	(5.0, 2.8527646253614296e-05)	(6.0, 1.9845319132949078e-05)	(7.0, 1.364365690390249e-05)	(8.0, 2.1085651578758395e-05)	(9.0, 2.356631647037703e-05)	(10.0, 2.4806648916186342e-05)	(11.0, 3.224864359104225e-05)	(12.0, 4.3411635603326103e-05)	(13.0, 9.798626321893606e-05)	(14.0, 0.00014511889615969012)	(15.0, 0.00020589518600434668)	(16.0, 0.0003807820608634604)	(17.0, 0.0006859038425325525)	(18.0, 0.0012279291213512242)	(19.0, 0.0021681011152746865)	(20.0, 0.003654019385354249)	(21.0, 0.0059672393967886254)	(22.0, 0.009218150737254847)	(23.0, 0.014195604842287636)	(24.0, 0.021317593746124738)	(25.0, 0.030045813167284902)	(26.0, 0.03976753887753833)	(27.0, 0.053737403214688666)	(28.0, 0.07194424318672364)	(29.0, 0.09315392801006296)	(30.0, 0.12143598843940703)	(31.0, 0.1549572131198496)	(32.0, 0.1932512370517665)	(33.0, 0.2427479436342331)	(34.0, 0.312042836716708)	(35.0, 0.39387128916408615)	(36.0, 0.49417821438913145)	(37.0, 0.6099012315831407)	(38.0, 0.7373354677304816)	(39.0, 0.89201484638247)	(40.0, 1.0710134232994415)	(41.0, 1.2737048305962628)	(42.0, 1.5250358747554964)	(43.0, 1.840809631469199)	(44.0, 2.2100032662914626)	(45.0, 2.6073822156122977)	(46.0, 2.970903810159876)	(47.0, 3.317297653963273)	(48.0, 3.6778002793377507)	(49.0, 4.003096068237932)	(50.0, 4.29104048586501)	(51.0, 4.5933566355416815)	(52.0, 4.890308347390228)	(53.0, 5.10015895356426)	(54.0, 5.2096790681967775)	(55.0, 5.265729691422901)	(56.0, 5.202904372377767)	(57.0, 4.999870633325902)	(58.0, 4.721851355930189)	(59.0, 4.36018033739176)	(60.0, 3.912905294440907)	(61.0, 3.4135536534203053)	(62.0, 2.8975827979583038)	(63.0, 2.4142525311402205)	(64.0, 1.9623113575282336)	(65.0, 1.5422070371352805)	(66.0, 1.2082500067660136)	(67.0, 0.9659671877989588)	(68.0, 0.7796531301166039)	(69.0, 0.6267412251998938)	(70.0, 0.5083874628883229)	(71.0, 0.4165557292654927)	(72.0, 0.36168342186288854)	(73.0, 0.3120143090704544)	(74.0, 0.24821036772557734)	(75.0, 0.20125634265701983)	(76.0, 0.17130355442317063)	(77.0, 0.13394102015805653)	(78.0, 0.0903358926931842)	(79.0, 0.06117815755709876)	(80.0, 0.04626440022868753)	(81.0, 0.03599816857472382)	(82.0, 0.0251465000063381)	(83.0, 0.013546910973129364)	(84.0, 0.006175615247684591)	(85.0, 0.00314300241768081)	(86.0, 0.0013656060228360585)	(87.0, 0.0006424922069292263)	(88.0, 0.0005618705979516207)	(89.0, 0.0005407849463728623)	(90.0, 0.0005296219543605785)	(91.0, 0.0005358236165896251)	(92.0, 0.000512257300119248)	(93.0, 0.00044776001293716356)	(94.0, 0.0004229533640209772)	(95.0, 0.00041551136934612126)	(96.0, 0.0004254340289125958)	(97.0, 0.0005928789090968536)	(98.0, 0.0009662189752854581)	(99.0, 0.0008570697200542383)	(100.0, 0.0003001604518858548)
qc_bundle_trimmed | SRR30333753_2	(0.0, 0.0009434154474422196)	(1.0, 0.0005326936827246306)	(2.0, 8.712279857645828e-05)	(3.0, 4.356139928822914e-05)	(4.0, 4.356139928822914e-05)	(5.0, 3.982756506352379e-05)	(6.0, 2.73814509811726e-05)	(7.0, 2.240300534823213e-05)	(8.0, 1.4935336898821418e-05)	(9.0, 2.6136839572937484e-05)	(10.0, 4.10721764717589e-05)	(11.0, 3.733834224705355e-05)	(12.0, 4.8539844921169614e-05)	(13.0, 6.720901604469637e-05)	(14.0, 0.0001294395864564523)	(15.0, 0.00020411627095055936)	(16.0, 0.0002551453386881992)	(17.0, 0.00043685860429052646)	(18.0, 0.0008201989180269429)	(19.0, 0.0013566264349762788)	(20.0, 0.002540251884207876)	(21.0, 0.0043972121052946725)	(22.0, 0.006987248445831954)	(23.0, 0.010027834116150347)	(24.0, 0.01372184077579218)	(25.0, 0.018606940553115018)	(26.0, 0.025439857184325815)	(27.0, 0.03535443166232677)	(28.0, 0.046493703766031076)	(29.0, 0.060933685324374924)	(30.0, 0.08166019910571434)	(31.0, 0.1095506961528551)	(32.0, 0.14481302657097248)	(33.0, 0.18733019688769234)	(34.0, 0.2394794148927438)	(35.0, 0.30444066273416753)	(36.0, 0.39415723148538784)	(37.0, 0.5117518511696665)	(38.0, 0.6686114715609467)	(39.0, 0.8712030935364181)	(40.0, 1.095782020649771)	(41.0, 1.3475718869813684)	(42.0, 1.644030856754524)	(43.0, 1.9594801073945314)	(44.0, 2.2973423202740366)	(45.0, 2.6796657864899247)	(46.0, 3.019122346583379)	(47.0, 3.31499261516044)	(48.0, 3.627789598889498)	(49.0, 3.922656710671521)	(50.0, 4.1985186062497935)	(51.0, 4.482242712093887)	(52.0, 4.74452963104254)	(53.0, 4.958040228902458)	(54.0, 5.082488923611888)	(55.0, 5.0981585812415675)	(56.0, 5.005100230859236)	(57.0, 4.808196483019399)	(58.0, 4.54045567687986)	(59.0, 4.180557619017552)	(60.0, 3.755206691807568)	(61.0, 3.320279724422623)	(62.0, 2.8660575463758082)	(63.0, 2.3869767446723134)	(64.0, 1.943539124477856)	(65.0, 1.5819160352037342)	(66.0, 1.297058088366738)	(67.0, 1.0640830126934309)	(68.0, 0.865872422874947)	(69.0, 0.715461134189733)	(70.0, 0.6053254706750074)	(71.0, 0.5131806650663204)	(72.0, 0.44378486677735496)	(73.0, 0.3822873724850495)	(74.0, 0.3271672670485408)	(75.0, 0.28394066822912695)	(76.0, 0.24291329776806447)	(77.0, 0.20561229386325802)	(78.0, 0.16405845277651213)	(79.0, 0.12204659469153568)	(80.0, 0.09183987581366938)	(81.0, 0.07575327336223048)	(82.0, 0.061948043622086536)	(83.0, 0.04470270794958074)	(84.0, 0.03262873267829186)	(85.0, 0.027062830460664412)	(86.0, 0.024716737956141214)	(87.0, 0.022786345661968545)	(88.0, 0.021688598399905168)	(89.0, 0.02105135735888879)	(90.0, 0.020050689786667755)	(91.0, 0.018982813198402025)	(92.0, 0.018074246870390387)	(93.0, 0.017333703082490493)	(94.0, 0.016387798412231803)	(95.0, 0.016203595923813006)	(96.0, 0.01820119723403037)	(97.0, 0.026556273617512716)	(98.0, 0.050832419135138696)	(99.0, 0.11289496700678286)	(100.0, 0.4241349418641389)
qc_bundle_trimmed | SRR30333754_1	(0.0, 0.00015462351566685096)	(1.0, 9.884161444526549e-05)	(2.0, 3.8166563993716374e-05)	(3.0, 2.8380265533789102e-05)	(4.0, 2.642300584180364e-05)	(5.0, 2.5444375995810918e-05)	(6.0, 2.5444375995810918e-05)	(7.0, 2.7401635687796372e-05)	(8.0, 2.5444375995810918e-05)	(9.0, 2.642300584180364e-05)	(10.0, 3.2294784917760006e-05)	(11.0, 4.1102453531694554e-05)	(12.0, 6.654682952750548e-05)	(13.0, 9.98202442912582e-05)	(14.0, 0.00013798680828497459)	(15.0, 0.0002348711630382546)	(16.0, 0.0004648491768465456)	(17.0, 0.0008582583749356221)	(18.0, 0.0014718592883730622)	(19.0, 0.0024416814657518553)	(20.0, 0.004099480424863536)	(21.0, 0.006793648390881514)	(22.0, 0.010539843441341677)	(23.0, 0.0162961441954709)	(24.0, 0.024026341348967455)	(25.0, 0.033776430504592996)	(26.0, 0.045821406649071486)	(27.0, 0.06237297323434649)	(28.0, 0.08221175747231106)	(29.0, 0.1052056443337562)	(30.0, 0.13663727772735063)	(31.0, 0.17254320677682378)	(32.0, 0.21404494128568338)	(33.0, 0.269000878917251)	(34.0, 0.34310077359612834)	(35.0, 0.427244346384429)	(36.0, 0.5294299390134516)	(37.0, 0.648351080638796)	(38.0, 0.7770565634643756)	(39.0, 0.9267947589400307)	(40.0, 1.0980226872038403)	(41.0, 1.2911327788240472)	(42.0, 1.529902803168737)	(43.0, 1.8312415267169715)	(44.0, 2.1815136998245346)	(45.0, 2.5620891461132627)	(46.0, 2.911743803788004)	(47.0, 3.2505601359183762)	(48.0, 3.6155978761422776)	(49.0, 3.9486911809332845)	(50.0, 4.242735197609489)	(51.0, 4.5433262479553855)	(52.0, 4.8392394476374365)	(53.0, 5.048714187542334)	(54.0, 5.152037926682246)	(55.0, 5.205310620978706)	(56.0, 5.142345576687534)	(57.0, 4.949950863484748)	(58.0, 4.68959422199715)	(59.0, 4.350826821359078)	(60.0, 3.921293459764872)	(61.0, 3.4355750014525315)	(62.0, 2.951301979422722)	(63.0, 2.4851433958422384)	(64.0, 2.0239445083212457)	(65.0, 1.5870244486494864)	(66.0, 1.2369607236991198)	(67.0, 0.9848304446969375)	(68.0, 0.7921245272031255)	(69.0, 0.6354351239313839)	(70.0, 0.5180700037611681)	(71.0, 0.42694586428140124)	(72.0, 0.36547812365459803)	(73.0, 0.31330736656472574)	(74.0, 0.25649007496607995)	(75.0, 0.2125721033674643)	(76.0, 0.17929183819478964)	(77.0, 0.14085810825311726)	(78.0, 0.09735311844951054)	(79.0, 0.0661788647054122)	(80.0, 0.04814565253330422)	(81.0, 0.03616526595866124)	(82.0, 0.02476814277222994)	(83.0, 0.012942379713253821)	(84.0, 0.005927560977177951)	(85.0, 0.0031952264471662556)	(86.0, 0.001537427488054575)	(87.0, 0.0008288994795558403)	(88.0, 0.000707549378652742)	(89.0, 0.0007202715666506474)	(90.0, 0.000707549378652742)	(91.0, 0.0006811263728109384)	(92.0, 0.0006909126712708656)	(93.0, 0.0006879767817328874)	(94.0, 0.0006527461072771492)	(95.0, 0.0006889554115788801)	(96.0, 0.0007731175783342548)	(97.0, 0.0009169761656951858)	(98.0, 0.0013094067339382695)	(99.0, 0.0011303174721216003)	(100.0, 0.00039340919808907645)
qc_bundle_trimmed | SRR30333754_2	(0.0, 0.001256707998527508)	(1.0, 0.0007021044686609082)	(2.0, 0.0001101340342997503)	(3.0, 5.605035674183721e-05)	(4.0, 3.343354612670991e-05)	(5.0, 2.2616810615127294e-05)	(6.0, 1.868345224727907e-05)	(7.0, 2.2616810615127294e-05)	(8.0, 2.3600150207089352e-05)	(9.0, 2.5566829391013465e-05)	(10.0, 3.638356490259608e-05)	(11.0, 4.818364000614076e-05)	(12.0, 6.29337338855716e-05)	(13.0, 8.260052572481272e-05)	(14.0, 0.00013078416573095348)	(15.0, 0.00021043467267988004)	(16.0, 0.00031860202779570624)	(17.0, 0.000524120002515776)	(18.0, 0.0009449893478755361)	(19.0, 0.0015497431969322007)	(20.0, 0.002870368268937242)	(21.0, 0.004934398072465598)	(22.0, 0.007772316134868093)	(23.0, 0.011273988421844976)	(24.0, 0.015112946188864843)	(25.0, 0.020481980360977668)	(26.0, 0.02870269934978046)	(27.0, 0.039611868783007514)	(28.0, 0.05142669398043162)	(29.0, 0.06659470718644633)	(30.0, 0.08900698316644552)	(31.0, 0.11927122578826173)	(32.0, 0.15648079594810593)	(33.0, 0.19947731960664686)	(34.0, 0.2520063372696679)	(35.0, 0.32028943853551317)	(36.0, 0.4115335192736724)	(37.0, 0.5300446235573474)	(38.0, 0.6848429254636063)	(39.0, 0.8776453359200147)	(40.0, 1.090375123207534)	(41.0, 1.3355895339155202)	(42.0, 1.6284260977226368)	(43.0, 1.9326340005712022)	(44.0, 2.260276852575408)	(45.0, 2.634388400337372)	(46.0, 2.9608768116606137)	(47.0, 3.2434630435611176)	(48.0, 3.552028124141667)	(49.0, 3.8480035079263266)	(50.0, 4.133573192148844)	(51.0, 4.423611171477236)	(52.0, 4.668614164172951)	(53.0, 4.868753271324987)	(54.0, 4.994093669074839)	(55.0, 5.018537524651832)	(56.0, 4.95141869746287)	(57.0, 4.780644077206003)	(58.0, 4.521363976974592)	(59.0, 4.169638155023644)	(60.0, 3.7501563018281425)	(61.0, 3.3246210101045226)	(62.0, 2.880298032136875)	(63.0, 2.4100217723185735)	(64.0, 1.9777565044275653)	(65.0, 1.6112904219931057)	(66.0, 1.3231119378331138)	(67.0, 1.0939259624741091)	(68.0, 0.8991322893439777)	(69.0, 0.7469890043360162)	(70.0, 0.6305684800248526)	(71.0, 0.5395407339969249)	(72.0, 0.4720502044422012)	(73.0, 0.4085490836120675)	(74.0, 0.35352140004587085)	(75.0, 0.3105012762371228)	(76.0, 0.26599237628614425)	(77.0, 0.226270373468837)	(78.0, 0.18337415044867622)	(79.0, 0.13842569770009064)	(80.0, 0.10545530452119485)	(81.0, 0.08702063719068218)	(82.0, 0.07295986436521673)	(83.0, 0.056801628190096216)	(84.0, 0.04462296734364615)	(85.0, 0.03863049587022938)	(86.0, 0.035896811804574866)	(87.0, 0.03404321667372639)	(88.0, 0.03271964158294546)	(89.0, 0.031158098310909717)	(90.0, 0.029865006747479612)	(91.0, 0.028605348730176217)	(92.0, 0.0272866903373551)	(93.0, 0.02605456582862664)	(94.0, 0.024641506834977168)	(95.0, 0.023863685217735183)	(96.0, 0.02529149430526409)	(97.0, 0.03447490275459773)	(98.0, 0.06348440405707036)	(99.0, 0.13980138978924556)	(100.0, 0.5793551707358767)
qc_bundle_trimmed | SRR30333755_1	(0.0, 0.00020430066859636125)	(1.0, 0.0001320479931171603)	(2.0, 5.232090293321446e-05)	(3.0, 3.8617809307848764e-05)	(4.0, 3.612633773960046e-05)	(5.0, 3.3634866171352155e-05)	(6.0, 1.993177254598646e-05)	(7.0, 1.7440300977738154e-05)	(8.0, 3.3634866171352155e-05)	(9.0, 3.8617809307848764e-05)	(10.0, 3.488060195547631e-05)	(11.0, 4.484648822846954e-05)	(12.0, 5.356663871733861e-05)	(13.0, 8.34642975363183e-05)	(14.0, 0.00016568285928851245)	(15.0, 0.00026907892937081724)	(16.0, 0.00047337959796717844)	(17.0, 0.000874506520455156)	(18.0, 0.0014811798473236188)	(19.0, 0.002486488625111811)	(20.0, 0.004016252168016272)	(21.0, 0.006761853836225907)	(22.0, 0.010793054833651668)	(23.0, 0.01660441226659085)	(24.0, 0.024559680984007695)	(25.0, 0.0344832122403407)	(26.0, 0.046179425517482386)	(27.0, 0.06287975943945079)	(28.0, 0.08378320589705408)	(29.0, 0.10799408086150702)	(30.0, 0.14104843415745733)	(31.0, 0.17878675400171443)	(32.0, 0.22320844632779763)	(33.0, 0.2801173941539413)	(34.0, 0.35839818509251903)	(35.0, 0.44982398002517476)	(36.0, 0.5554038249370492)	(37.0, 0.6788811558594353)	(38.0, 0.8144421238878258)	(39.0, 0.9721634857800008)	(40.0, 1.150084453411749)	(41.0, 1.3467923624038733)	(42.0, 1.586987661883988)	(43.0, 1.8899929595996425)	(44.0, 2.2515453476975638)	(45.0, 2.641820665770036)	(46.0, 2.992667200539194)	(47.0, 3.3266290324903336)	(48.0, 3.6790015935950446)	(49.0, 3.998828061603727)	(50.0, 4.277470504589266)	(51.0, 4.568593974395943)	(52.0, 4.8544853539093005)	(53.0, 5.053955059134829)	(54.0, 5.1467449347511005)	(55.0, 5.180758504600826)	(56.0, 5.103291179129282)	(57.0, 4.897996413377189)	(58.0, 4.618177995811438)	(59.0, 4.250348345097315)	(60.0, 3.804317630534798)	(61.0, 3.312928430336536)	(62.0, 2.8163295630890683)	(63.0, 2.347742310683415)	(64.0, 1.909772752379966)	(65.0, 1.5113378649214806)	(66.0, 1.194585872828016)	(67.0, 0.9709040469022512)	(68.0, 0.7956863259220525)	(69.0, 0.6457956591688819)	(70.0, 0.5293679470488544)	(71.0, 0.43913556699738965)	(72.0, 0.38314846365149774)	(73.0, 0.3298795557865648)	(74.0, 0.26564692728555517)	(75.0, 0.21863285879270963)	(76.0, 0.19109337781307695)	(77.0, 0.14985827762278334)	(78.0, 0.09562267878937004)	(79.0, 0.06295574932228236)	(80.0, 0.04878176757051774)	(81.0, 0.03937023372145976)	(82.0, 0.028752827633369595)	(83.0, 0.015252788940816138)	(84.0, 0.006495266378423337)	(85.0, 0.003444459443103285)	(86.0, 0.0014699682252665015)	(87.0, 0.0006427996646080633)	(88.0, 0.0005680555175606141)	(89.0, 0.0005481237450146277)	(90.0, 0.0005319291798210138)	(91.0, 0.0005630725744241175)	(92.0, 0.0005917244974589731)	(93.0, 0.0005306834440368895)	(94.0, 0.00046715091904655766)	(95.0, 0.0005194718219797722)	(96.0, 0.0005854958185383523)	(97.0, 0.0006751887949952913)	(98.0, 0.0010738242459150207)	(99.0, 0.0009766568547533365)	(100.0, 0.0003425773406341423)
qc_bundle_trimmed | SRR30333755_2	(0.0, 0.001143060170925014)	(1.0, 0.0006428150195355112)	(2.0, 9.379596588553179e-05)	(3.0, 4.0019612111160225e-05)	(4.0, 3.626777347573895e-05)	(5.0, 4.0019612111160225e-05)	(6.0, 2.876409620489641e-05)	(7.0, 2.876409620489641e-05)	(8.0, 4.627267650352901e-05)	(9.0, 3.251593484031768e-05)	(10.0, 2.0009806055580112e-05)	(11.0, 2.876409620489641e-05)	(12.0, 5.627757953131906e-05)	(13.0, 9.629719164247929e-05)	(14.0, 0.00013881802951058703)	(15.0, 0.00022010786661138122)	(16.0, 0.0003989455082331285)	(17.0, 0.0006090484718167196)	(18.0, 0.0009417114974907391)	(19.0, 0.0015207452602240886)	(20.0, 0.0029014218780591162)	(21.0, 0.0051862916070306705)	(22.0, 0.008217777224451057)	(23.0, 0.01173074880008384)	(24.0, 0.016005343618707143)	(25.0, 0.021588079508213995)	(26.0, 0.03018854427347802)	(27.0, 0.0419317992023466)	(28.0, 0.05439790837497301)	(29.0, 0.0708447183397814)	(30.0, 0.0948389770261789)	(31.0, 0.1268971875529752)	(32.0, 0.16598634368255094)	(33.0, 0.21258167830872618)	(34.0, 0.2686929263272082)	(35.0, 0.3381682235650608)	(36.0, 0.4332848366502609)	(37.0, 0.5582798420150775)	(38.0, 0.7218037289399136)	(39.0, 0.925724913065209)	(40.0, 1.1511954076994857)	(41.0, 1.405118595931919)	(42.0, 1.697838296880365)	(43.0, 2.0032116989332085)	(44.0, 2.3357133955459046)	(45.0, 2.7205182239621304)	(46.0, 3.0626396348360467)	(47.0, 3.350685795457636)	(48.0, 3.6577500261221765)	(49.0, 3.950987480802311)	(50.0, 4.218667410697955)	(51.0, 4.492210213767884)	(52.0, 4.739107458849053)	(53.0, 4.934598261560557)	(54.0, 5.033295379316827)	(55.0, 5.025602859501334)	(56.0, 4.931262877013666)	(57.0, 4.735779577979433)	(58.0, 4.457446927584949)	(59.0, 4.087056663206012)	(60.0, 3.6569221203966267)	(61.0, 3.232667959341825)	(62.0, 2.7852774600352586)	(63.0, 2.3140990531672427)	(64.0, 1.8893346420580235)	(65.0, 1.5387765967059233)	(66.0, 1.2649223910292537)	(67.0, 1.0439541027574826)	(68.0, 0.8542598907377047)	(69.0, 0.7110884777971505)	(70.0, 0.6057818709781462)	(71.0, 0.5165493914861652)	(72.0, 0.45265432891206253)	(73.0, 0.3925598788756415)	(74.0, 0.33726778229255977)	(75.0, 0.29418792046777426)	(76.0, 0.25134442447702027)	(77.0, 0.21408116315001618)	(78.0, 0.1703247197579764)	(79.0, 0.12402953222263484)	(80.0, 0.09427495061798723)	(81.0, 0.08018304470334493)	(82.0, 0.06700283557711001)	(83.0, 0.048945236224827424)	(84.0, 0.0355124032971408)	(85.0, 0.02930185974264013)	(86.0, 0.027073267593199894)	(87.0, 0.025726357523083658)	(88.0, 0.02437944745296742)	(89.0, 0.023166352960847875)	(90.0, 0.022353454589839932)	(91.0, 0.021249163418147605)	(92.0, 0.019843474542743104)	(93.0, 0.018815470756637673)	(94.0, 0.01797255767654636)	(95.0, 0.01744229781607349)	(96.0, 0.018675402114248615)	(97.0, 0.025871428616986613)	(98.0, 0.04815109704699659)	(99.0, 0.10901967645519281)	(100.0, 0.46885601875269)
qc_bundle_trimmed | SRR30333756_1	(0.0, 0.00022701242319459055)	(1.0, 0.0001506719622972946)	(2.0, 5.524638617567468e-05)	(3.0, 3.6161270951350706e-05)	(4.0, 4.92195076837829e-05)	(5.0, 4.620606843783701e-05)	(6.0, 4.0179189945945226e-05)	(7.0, 4.0179189945945226e-05)	(8.0, 2.3103034218918506e-05)	(9.0, 2.712095321351303e-05)	(10.0, 4.0179189945945226e-05)	(11.0, 4.92195076837829e-05)	(12.0, 7.53359811486473e-05)	(13.0, 0.0001436406040567542)	(14.0, 0.00021998106495405012)	(15.0, 0.0003254514385621563)	(16.0, 0.0006006788896918811)	(17.0, 0.0011471158729567364)	(18.0, 0.0020250311732756395)	(19.0, 0.003460432734094533)	(20.0, 0.005845067657386382)	(21.0, 0.009864995611478201)	(22.0, 0.015424791020248374)	(23.0, 0.023515875395613093)	(24.0, 0.034688703639831814)	(25.0, 0.04878456795261805)	(26.0, 0.06568493972363126)	(27.0, 0.08830883710244437)	(28.0, 0.11634185792773034)	(29.0, 0.14904370062473515)	(30.0, 0.1905387590414101)	(31.0, 0.23924899549262815)	(32.0, 0.2952507504392866)	(33.0, 0.367650637282634)	(34.0, 0.46736232849173764)	(35.0, 0.5764327575190006)	(36.0, 0.7042035860268551)	(37.0, 0.8465674963230767)	(38.0, 0.9906721700237067)	(39.0, 1.1514783285051173)	(40.0, 1.3301059666870518)	(41.0, 1.52075019610207)	(42.0, 1.7448496280255794)	(43.0, 2.02737964692798)	(44.0, 2.350313859240023)	(45.0, 2.6993233613472354)	(46.0, 3.012767248994046)	(47.0, 3.311355885638092)	(48.0, 3.6269252524330433)	(49.0, 3.912483777777619)	(50.0, 4.161174882907544)	(51.0, 4.412849292890956)	(52.0, 4.674952211624838)	(53.0, 4.865726018927432)	(54.0, 4.959380697252184)	(55.0, 5.008217498151732)	(56.0, 4.954957972918884)	(57.0, 4.775635234750885)	(58.0, 4.526492113734068)	(59.0, 4.206158499491276)	(60.0, 3.7907086888894486)	(61.0, 3.3065012350128735)	(62.0, 2.8249496255917252)	(63.0, 2.368683784883309)	(64.0, 1.9273465221993087)	(65.0, 1.5132658174948892)	(66.0, 1.179921177067852)	(67.0, 0.9414385996234426)	(68.0, 0.7523241928656164)	(69.0, 0.5962842907915434)	(70.0, 0.47977970714453194)	(71.0, 0.38821736013621466)	(72.0, 0.3284558374903644)	(73.0, 0.27775271321782746)	(74.0, 0.2199539440008366)	(75.0, 0.17567145428166173)	(76.0, 0.1437028818011704)	(77.0, 0.10701024106278459)	(78.0, 0.06852962637180418)	(79.0, 0.04311729321074247)	(80.0, 0.029699452728294065)	(81.0, 0.021702789449302314)	(82.0, 0.01450267861098893)	(83.0, 0.006994192489840416)	(84.0, 0.0027512700315485993)	(85.0, 0.0015157599407107838)	(86.0, 0.0008939869762972813)	(87.0, 0.0006237819239107997)	(88.0, 0.0006016833694405298)	(89.0, 0.0006237819239107997)	(90.0, 0.0006097192074297188)	(91.0, 0.0006077102479324216)	(92.0, 0.0005946520111999894)	(93.0, 0.0005484459427621524)	(94.0, 0.0005414145845216119)	(95.0, 0.0005414145845216119)	(96.0, 0.0005604996997459359)	(97.0, 0.0008829376990621464)	(98.0, 0.0019496951921269923)	(99.0, 0.0017267006879269963)	(100.0, 0.00042188149443242483)
qc_bundle_trimmed | SRR30333756_2	(0.0, 0.00170706727567267)	(1.0, 0.0009524063287440902)	(2.0, 0.00015032684638015828)	(3.0, 7.365006567618494e-05)	(4.0, 4.540072541682633e-05)	(5.0, 4.540072541682633e-05)	(6.0, 3.934729536124949e-05)	(7.0, 4.6409630426089135e-05)	(8.0, 5.54897755094544e-05)	(9.0, 4.439182040756352e-05)	(10.0, 4.7418535435351946e-05)	(11.0, 6.759663562060809e-05)	(12.0, 0.00010290831094480636)	(13.0, 0.0001382199862690046)	(14.0, 0.00015537137142647233)	(15.0, 0.0002754310675287464)	(16.0, 0.0005105059346869804)	(17.0, 0.0008061151024009831)	(18.0, 0.0013085497970138612)	(19.0, 0.002177217009989138)	(20.0, 0.004220249653746323)	(21.0, 0.007494146408804132)	(22.0, 0.011589291841401868)	(23.0, 0.01644212493595597)	(24.0, 0.022233239689124485)	(25.0, 0.02981516083373448)	(26.0, 0.041319704654358275)	(27.0, 0.05742586422222973)	(28.0, 0.07440573552812277)	(29.0, 0.0960517925018563)	(30.0, 0.12704636329141902)	(31.0, 0.1686041695279633)	(32.0, 0.21916746187718741)	(33.0, 0.2765852548593431)	(34.0, 0.3455640903426412)	(35.0, 0.43034439608101344)	(36.0, 0.5419948689310821)	(37.0, 0.6864529148723585)	(38.0, 0.8689375995177596)	(39.0, 1.0919681586754142)	(40.0, 1.3272387534054453)	(41.0, 1.5791542629782944)	(42.0, 1.8674518960901691)	(43.0, 2.158978025231685)	(44.0, 2.4628138043912164)	(45.0, 2.8020187664604745)	(46.0, 3.087842564489637)	(47.0, 3.323394643717252)	(48.0, 3.58706793226805)	(49.0, 3.8340660388257524)	(50.0, 4.065873062658984)	(51.0, 4.31070303235178)	(52.0, 4.525312261397118)	(53.0, 4.701516512359858)	(54.0, 4.802171938418981)	(55.0, 4.8204129409864525)	(56.0, 4.758292641756123)	(57.0, 4.595314126559809)	(58.0, 4.349626587609139)	(59.0, 4.012217476456369)	(60.0, 3.614270029127794)	(61.0, 3.2093671906653602)	(62.0, 2.782342092064822)	(63.0, 2.3262191640921346)	(64.0, 1.9051970502967093)	(65.0, 1.5511531133512142)	(66.0, 1.2786044874339317)	(67.0, 1.0587923352558255)	(68.0, 0.8643965180710678)	(69.0, 0.7147809497224396)	(70.0, 0.5986206714809663)	(71.0, 0.5063522727638455)	(72.0, 0.4363181226408585)	(73.0, 0.37314049096082147)	(74.0, 0.31834080647770285)	(75.0, 0.2721188323833366)	(76.0, 0.2258655822336832)	(77.0, 0.1856536552794955)	(78.0, 0.1456445182321696)	(79.0, 0.1069540200319502)	(80.0, 0.07982557323788257)	(81.0, 0.06513995192305316)	(82.0, 0.054773452952877805)	(83.0, 0.04406796189959016)	(84.0, 0.03648704965998943)	(85.0, 0.03293368621736582)	(86.0, 0.03160596722517597)	(87.0, 0.030107743286420695)	(88.0, 0.02888293260517565)	(89.0, 0.02807479969275614)	(90.0, 0.027106250883863845)	(91.0, 0.026218414475712572)	(92.0, 0.025288204057172265)	(93.0, 0.024363038163678272)	(94.0, 0.023613421741796006)	(95.0, 0.0235619675863236)	(96.0, 0.026400017377379882)	(97.0, 0.03821328613083809)	(98.0, 0.07256549279122743)	(99.0, 0.15808330809137075)	(100.0, 0.5506764965357884)
qc_bundle_trimmed | SRR30333757_1	(0.0, 4.202180900924142e-05)	(1.0, 4.4233483167622544e-05)	(2.0, 5.086850564276592e-05)	(3.0, 7.077357306819607e-05)	(4.0, 8.404361801848283e-05)	(5.0, 9.73136629687696e-05)	(6.0, 0.00010947787083986579)	(7.0, 0.00010726619668148466)	(8.0, 0.0001249595899485337)	(9.0, 0.00013380628658205817)	(10.0, 0.00015813470232425058)	(11.0, 0.00022780243831325606)	(12.0, 0.00033838614623231243)	(13.0, 0.0004998383597941348)	(14.0, 0.0007917793487004436)	(15.0, 0.001244066714089384)	(16.0, 0.00198166004590949)	(17.0, 0.0032688544060873056)	(18.0, 0.005041511244029779)	(19.0, 0.0077508120880466595)	(20.0, 0.012931658804054448)	(21.0, 0.02064597826848782)	(22.0, 0.030923628082484916)	(23.0, 0.04646727406758748)	(24.0, 0.06904293803926283)	(25.0, 0.10330508826382406)	(26.0, 0.14806052653282456)	(27.0, 0.20471145426267795)	(28.0, 0.2788290786583463)	(29.0, 0.3765010328407736)	(30.0, 0.49210634693643435)	(31.0, 0.616114916996864)	(32.0, 0.7664401978678709)	(33.0, 0.9496541793110843)	(34.0, 1.144429687417235)	(35.0, 1.3258997637865648)	(36.0, 1.547614568978877)	(37.0, 1.7994778104611613)	(38.0, 1.998365926664822)	(39.0, 2.1730240466263377)	(40.0, 2.3346399240758804)	(41.0, 2.501056240286189)	(42.0, 2.675035376281082)	(43.0, 2.847156705982935)	(44.0, 3.036197342996403)	(45.0, 3.252473641433256)	(46.0, 3.444879340678701)	(47.0, 3.603078181553545)	(48.0, 3.8032921964151547)	(49.0, 3.987180738476674)	(50.0, 4.105335007039869)	(51.0, 4.222309347439568)	(52.0, 4.32936101172769)	(53.0, 4.377150866941989)	(54.0, 4.348982984860847)	(55.0, 4.264510302055639)	(56.0, 4.1077534727320595)	(57.0, 3.8518273858208287)	(58.0, 3.552806827933542)	(59.0, 3.2148552756733513)	(60.0, 2.824166353106563)	(61.0, 2.4016459102152736)	(62.0, 1.9884012287442354)	(63.0, 1.6191246295418138)	(64.0, 1.2797885692584767)	(65.0, 0.9707015764393183)	(66.0, 0.7305779013897209)	(67.0, 0.5611404382790637)	(68.0, 0.42568866612316986)	(69.0, 0.3180586490426315)	(70.0, 0.2375714030708255)	(71.0, 0.17407976716909934)	(72.0, 0.13548162975703187)	(73.0, 0.10679621592282867)	(74.0, 0.07416075204175676)	(75.0, 0.050505791080791416)	(76.0, 0.038070653125293535)	(77.0, 0.02813913031708308)	(78.0, 0.01762040801982244)	(79.0, 0.01014494936449423)	(80.0, 0.006735653649349722)	(81.0, 0.0051786350418494085)	(82.0, 0.003915769097413786)	(83.0, 0.0022691776864990363)	(84.0, 0.0011080487533489446)	(85.0, 0.0006734547812270532)	(86.0, 0.00047550994405194235)	(87.0, 0.0002819884551935937)	(88.0, 0.00018909814054158638)	(89.0, 0.00016255805064101285)	(90.0, 0.00011611289331500917)	(91.0, 8.18319438601017e-05)	(92.0, 6.413855059305268e-05)	(93.0, 5.860936519709987e-05)	(94.0, 4.4233483167622544e-05)	(95.0, 3.206927529652634e-05)	(96.0, 2.43284157421924e-05)	(97.0, 3.3175112375716907e-05)	(98.0, 4.976266856357537e-05)	(99.0, 3.5386786534098034e-05)	(100.0, 9.95253371271507e-06)
qc_bundle_trimmed | SRR30333757_2	(0.0, 0.00014597556804705846)	(1.0, 0.00019905759279144336)	(2.0, 0.00035166841393154987)	(3.0, 0.0005850081477037418)	(4.0, 0.0008216655080224578)	(5.0, 0.0011467929095818152)	(6.0, 0.0014564380539240605)	(7.0, 0.0016411192650138994)	(8.0, 0.0018656119946620273)	(9.0, 0.002075728342608551)	(10.0, 0.002336714964268443)	(11.0, 0.0026507836106727206)	(12.0, 0.002972593385685554)	(13.0, 0.0033485910609582802)	(14.0, 0.003698047723858814)	(15.0, 0.0043018557553261925)	(16.0, 0.00511246250819357)	(17.0, 0.0062747376749924975)	(18.0, 0.007987738848514418)	(19.0, 0.010676122226714413)	(20.0, 0.015872631274086592)	(21.0, 0.02381392335094967)	(22.0, 0.03519448828104269)	(23.0, 0.050946579123938907)	(24.0, 0.07347547512586827)	(25.0, 0.10469765855520616)	(26.0, 0.14931531210389265)	(27.0, 0.21235132236336524)	(28.0, 0.2880927364205094)	(29.0, 0.3844764228501263)	(30.0, 0.5045424334443473)	(31.0, 0.6502404267370133)	(32.0, 0.8200653061515177)	(33.0, 0.9974079273204456)	(34.0, 1.1705515391569896)	(35.0, 1.3519781586046886)	(36.0, 1.5734164600789833)	(37.0, 1.8019544823628393)	(38.0, 1.9900428959159586)	(39.0, 2.16300735591899)	(40.0, 2.315606012428426)	(41.0, 2.4671374990653967)	(42.0, 2.6455550312353986)	(43.0, 2.807656476049595)	(44.0, 2.9864378412641988)	(45.0, 3.220184537226098)	(46.0, 3.416811415634455)	(47.0, 3.558053836475138)	(48.0, 3.7284659357883774)	(49.0, 3.8851496964521006)	(50.0, 4.009536362685411)	(51.0, 4.132411297089023)	(52.0, 4.21828031911719)	(53.0, 4.266206752208276)	(54.0, 4.245916148249735)	(55.0, 4.166580638767189)	(56.0, 4.023920485515624)	(57.0, 3.793599791900769)	(58.0, 3.512778186994725)	(59.0, 3.164251565402733)	(60.0, 2.7750077132052517)	(61.0, 2.409547925719801)	(62.0, 2.049069001556199)	(63.0, 1.6716757113829017)	(64.0, 1.3309720531876137)	(65.0, 1.0486962219786764)	(66.0, 0.8246956069349498)	(67.0, 0.6560119910524497)	(68.0, 0.5140706568859644)	(69.0, 0.4014991646603412)	(70.0, 0.31482617113240025)	(71.0, 0.24431665413912454)	(72.0, 0.19406456483892465)	(73.0, 0.14929540634461352)	(74.0, 0.1114634049590842)	(75.0, 0.0840730801909816)	(76.0, 0.0625306251488854)	(77.0, 0.046625923484849084)	(78.0, 0.03261337482784698)	(79.0, 0.02165525434467802)	(80.0, 0.014198335743607451)	(81.0, 0.010227136767418156)	(82.0, 0.007751081488195702)	(83.0, 0.0053712373788224466)	(84.0, 0.0038053176488630916)	(85.0, 0.002982546265325126)	(86.0, 0.0025202902998427744)	(87.0, 0.0021553513797251283)	(88.0, 0.001902105886673792)	(89.0, 0.0017450715634716532)	(90.0, 0.001592460742331547)	(91.0, 0.0014663909335636326)	(92.0, 0.001365756261652403)	(93.0, 0.001245215830462029)	(94.0, 0.001129098901333687)	(95.0, 0.001067169872465238)	(96.0, 0.0010881815072598903)	(97.0, 0.0011987690588106921)	(98.0, 0.0014077795312417076)	(99.0, 0.001893258882549728)	(100.0, 0.005544859834757205)
qc_bundle_trimmed | SRR30333758_1	(0.0, 0.00012360467930728873)	(1.0, 0.0001161883985488514)	(2.0, 0.00011248025816963273)	(3.0, 0.00013720119403109047)	(4.0, 0.00017181050423713132)	(5.0, 0.00015945003630640246)	(6.0, 0.0001742825978232771)	(7.0, 0.00022619656313233835)	(8.0, 0.0002435012182353588)	(9.0, 0.00024968145220072323)	(10.0, 0.0002620419201314521)	(11.0, 0.00031890007261280493)	(12.0, 0.000405423348127907)	(13.0, 0.0005685815248135281)	(14.0, 0.0008368036789103446)	(15.0, 0.0012644758693135636)	(16.0, 0.002092627220672398)	(17.0, 0.0033558670431928887)	(18.0, 0.00504307091573738)	(19.0, 0.00767585058498263)	(20.0, 0.012406201662072569)	(21.0, 0.01964572772910047)	(22.0, 0.029073056619867383)	(23.0, 0.043025552820074135)	(24.0, 0.0631545748452661)	(25.0, 0.08939955640258271)	(26.0, 0.12114000200190139)	(27.0, 0.16409880829514958)	(28.0, 0.2210335956776729)	(29.0, 0.3012035906763804)	(30.0, 0.40332577672006237)	(31.0, 0.5148480986250635)	(32.0, 0.6548748956251187)	(33.0, 0.8323254813790416)	(34.0, 1.0332770248096594)	(35.0, 1.235075260293532)	(36.0, 1.4740488391258648)	(37.0, 1.7372600595235637)	(38.0, 1.9442546357255148)	(39.0, 2.1278199449647692)	(40.0, 2.2960965914205054)	(41.0, 2.4629554922045864)	(42.0, 2.648177104146559)	(43.0, 2.823039407915787)	(44.0, 3.0145426096601557)	(45.0, 3.246054174002708)	(46.0, 3.4443111354244262)	(47.0, 3.6082084680923048)	(48.0, 3.812729714661317)	(49.0, 3.99775850330357)	(50.0, 4.1269080885245835)	(51.0, 4.251222258691096)	(52.0, 4.3658668347953995)	(53.0, 4.425764426340919)	(54.0, 4.406407933561398)	(55.0, 4.338961804250582)	(56.0, 4.193905532849513)	(57.0, 3.9424985593256605)	(58.0, 3.6475666700773317)	(59.0, 3.312694400804439)	(60.0, 2.9150297183966503)	(61.0, 2.484540577352018)	(62.0, 2.065015171361943)	(63.0, 1.6869875643557033)	(64.0, 1.3406138796732672)	(65.0, 1.0184209784037164)	(66.0, 0.7671400816527567)	(67.0, 0.592015735963397)	(68.0, 0.45081222241633645)	(69.0, 0.33484507624344517)	(70.0, 0.24909432997401362)	(71.0, 0.1827161450924134)	(72.0, 0.1441304723530571)	(73.0, 0.11408217481345519)	(74.0, 0.07701560358278546)	(75.0, 0.05119211398190669)	(76.0, 0.039548553191160095)	(77.0, 0.03002728474411965)	(78.0, 0.017446800484223805)	(79.0, 0.008927965986365465)	(80.0, 0.005752561774961217)	(81.0, 0.004720462702745357)	(82.0, 0.0038861311174211576)	(83.0, 0.0021939830577043747)	(84.0, 0.000986365340872164)	(85.0, 0.0006378001452256099)	(86.0, 0.00042767219040321894)	(87.0, 0.00026327796692452495)	(88.0, 0.0001730465510302042)	(89.0, 0.00014214538120338203)	(90.0, 0.00014338142799645492)	(91.0, 0.00013225700685879895)	(92.0, 0.0001050639774111954)	(93.0, 7.787094796359189e-05)	(94.0, 5.685815248135281e-05)	(95.0, 5.191396530906126e-05)	(96.0, 3.8317450585259506e-05)	(97.0, 2.9665123033749294e-05)	(98.0, 3.8317450585259506e-05)	(99.0, 3.090116982682218e-05)	(100.0, 1.1124421137655985e-05)
qc_bundle_trimmed | SRR30333758_2	(0.0, 0.0002991383542206277)	(1.0, 0.0004697213826604898)	(2.0, 0.0009963037748009337)	(3.0, 0.0017367330069420742)	(4.0, 0.002452440061048452)	(5.0, 0.0031199388679870425)	(6.0, 0.0037107989230178696)	(7.0, 0.004339978354002578)	(8.0, 0.004885102379669094)	(9.0, 0.0054092125540060616)	(10.0, 0.005982767084412554)	(11.0, 0.006557557723720786)	(12.0, 0.007213931550543732)	(13.0, 0.007782541645343272)	(14.0, 0.008289346295055906)	(15.0, 0.008954372884191021)	(16.0, 0.009982815490437147)	(17.0, 0.011126216224544919)	(18.0, 0.012523019283509006)	(19.0, 0.015155931244211225)	(20.0, 0.019680089824572783)	(21.0, 0.02645396660609774)	(22.0, 0.035692644537688535)	(23.0, 0.0478868588533352)	(24.0, 0.06443094039419835)	(25.0, 0.08612094329299733)	(26.0, 0.11783826160269603)	(27.0, 0.16413053997278904)	(28.0, 0.22182839517921976)	(29.0, 0.3021791821189035)	(30.0, 0.4108516962152113)	(31.0, 0.5483218393953123)	(32.0, 0.7182559106617619)	(33.0, 0.906511588069774)	(34.0, 1.0931356017274918)	(35.0, 1.2888610852287077)	(36.0, 1.5274758392935313)	(37.0, 1.7680090343738524)	(38.0, 1.962436603528243)	(39.0, 2.140566076813216)	(40.0, 2.2946272736724467)	(41.0, 2.4450073382223008)	(42.0, 2.625969973110058)	(43.0, 2.788923737408392)	(44.0, 2.966959266416833)	(45.0, 3.209363930374386)	(46.0, 3.4100981271454445)	(47.0, 3.5509477920628982)	(48.0, 3.723182261995482)	(49.0, 3.8789962612773765)	(50.0, 4.005573812815362)	(51.0, 4.13977073962366)	(52.0, 4.238454257685022)	(53.0, 4.292370855761036)	(54.0, 4.287784891735588)	(55.0, 4.2198001382488926)	(56.0, 4.075483187862063)	(57.0, 3.8501454795108088)	(58.0, 3.5738677233189264)	(59.0, 3.2264172887827653)	(60.0, 2.8338995597981342)	(61.0, 2.4677777003012187)	(62.0, 2.1102529782158923)	(63.0, 1.733140874473623)	(64.0, 1.3906274588910044)	(65.0, 1.1023693352234756)	(66.0, 0.8733220640581052)	(67.0, 0.6982111687111764)	(68.0, 0.5476469239349633)	(69.0, 0.4299433982025568)	(70.0, 0.33974576775162707)	(71.0, 0.2657584694380912)	(72.0, 0.21044259608530985)	(73.0, 0.15968549236213872)	(74.0, 0.11780612277125084)	(75.0, 0.0879837594079167)	(76.0, 0.0647894119757024)	(77.0, 0.04767053979553103)	(78.0, 0.03250719189790937)	(79.0, 0.021042281834288204)	(80.0, 0.013639225621778536)	(81.0, 0.010200370657143057)	(82.0, 0.008131124355633425)	(83.0, 0.005818364600481383)	(84.0, 0.004422797650419033)	(85.0, 0.0037305766654456792)	(86.0, 0.003375813410646836)	(87.0, 0.0031434249371200674)	(88.0, 0.002763939504286461)	(89.0, 0.0025204260506440494)	(90.0, 0.002398051269371974)	(91.0, 0.002252190418966875)	(92.0, 0.002152065597926086)	(93.0, 0.002101385132954823)	(94.0, 0.0020148575098331537)	(95.0, 0.0019097882531854125)	(96.0, 0.0019938436585036057)	(97.0, 0.0021545378157295622)	(98.0, 0.0024759261301814765)	(99.0, 0.0034845909939997914)	(100.0, 0.009294302832169006)
qc_bundle_trimmed | SRR30333759_1	(0.0, 8.183209433697357e-05)	(1.0, 6.078955579318037e-05)	(2.0, 4.909925660218415e-05)	(3.0, 5.0268286521283764e-05)	(4.0, 4.67611967639849e-05)	(5.0, 5.377537627858264e-05)	(6.0, 5.4944406197682255e-05)	(7.0, 5.143731644038339e-05)	(8.0, 7.014179514597735e-05)	(9.0, 9.586045336616905e-05)	(10.0, 0.00015431194932115017)	(11.0, 0.00024315822317272148)	(12.0, 0.0003483709158916875)	(13.0, 0.0004851474164263433)	(14.0, 0.0007540242978192565)	(15.0, 0.0012146220859445076)	(16.0, 0.002046971388343439)	(17.0, 0.0033247210899193264)	(18.0, 0.005120351045656346)	(19.0, 0.007942389270362834)	(20.0, 0.013083782854562975)	(21.0, 0.02155691170819704)	(22.0, 0.032786613111068015)	(23.0, 0.048480839774980446)	(24.0, 0.07177609897287862)	(25.0, 0.10607894388901884)	(26.0, 0.15042141775038662)	(27.0, 0.2075074867598594)	(28.0, 0.28316242700431055)	(29.0, 0.38841369771060685)	(30.0, 0.516990622392698)	(31.0, 0.6521433403697244)	(32.0, 0.8253596725126346)	(33.0, 1.0399877205097299)	(34.0, 1.2672272632740718)	(35.0, 1.4787994670626405)	(36.0, 1.7320113475396186)	(37.0, 2.0241063321557693)	(38.0, 2.233304236178647)	(39.0, 2.3980719890962243)	(40.0, 2.5485296467741025)	(41.0, 2.7048406372569134)	(42.0, 2.867222400109608)	(43.0, 3.0216687878714548)	(44.0, 3.199301715048723)	(45.0, 3.3977796147134574)	(46.0, 3.5569500523783852)	(47.0, 3.6847811359720914)	(48.0, 3.852317151738096)	(49.0, 3.9947272074528932)	(50.0, 4.076464610366419)	(51.0, 4.153569147710554)	(52.0, 4.222723112574892)	(53.0, 4.238487481033951)	(54.0, 4.1830111662230784)	(55.0, 4.072762292612631)	(56.0, 3.8983734234608636)	(57.0, 3.6378714724083805)	(58.0, 3.339980437453334)	(59.0, 3.006025998523983)	(60.0, 2.6247994967560007)	(61.0, 2.223319551639617)	(62.0, 1.8336187519880816)	(63.0, 1.4890121124358948)	(64.0, 1.174468246283274)	(65.0, 0.885492233491281)	(66.0, 0.6626038200858279)	(67.0, 0.508284856585163)	(68.0, 0.38346285600322)	(69.0, 0.2824797135315564)	(70.0, 0.20880978608973638)	(71.0, 0.15006953974473763)	(72.0, 0.1164178444935359)	(73.0, 0.09249364719916213)	(74.0, 0.06264714433462967)	(75.0, 0.0411849240498797)	(76.0, 0.030620400670976412)	(77.0, 0.022556432289027217)	(78.0, 0.013608677288238705)	(79.0, 0.007364888490327622)	(80.0, 0.004694824155104084)	(81.0, 0.0037245293222513973)	(82.0, 0.002867630391551374)	(83.0, 0.0017149668913191464)	(84.0, 0.0008872937085966135)	(85.0, 0.0005073589848892361)	(86.0, 0.0003588921851635841)	(87.0, 0.00027939815066480977)	(88.0, 0.00019873508624693585)	(89.0, 0.00014963582964475167)	(90.0, 0.00011690299190996225)	(91.0, 7.481791482237584e-05)	(92.0, 4.4423136925785656e-05)	(93.0, 3.9747017249387165e-05)	(94.0, 3.2732837734789434e-05)	(95.0, 1.2859329110095848e-05)	(96.0, 1.0521269271896603e-05)	(97.0, 1.5197388948295092e-05)	(98.0, 2.338059838199245e-05)	(99.0, 1.9873508624693582e-05)	(100.0, 4.67611967639849e-06)
qc_bundle_trimmed | SRR30333759_2	(0.0, 0.00012859641652524276)	(1.0, 0.00016249910815462494)	(2.0, 0.0002490094247261519)	(3.0, 0.0004196919412051104)	(4.0, 0.0006371367909659755)	(5.0, 0.0008300314157538396)	(6.0, 0.000949275365622701)	(7.0, 0.0010825480154761345)	(8.0, 0.001246216181962807)	(9.0, 0.0013397408485266201)	(10.0, 0.0014963946650210066)	(11.0, 0.0016834439981486325)	(12.0, 0.00186464803961602)	(13.0, 0.0021230099309985533)	(14.0, 0.0024667130806205655)	(15.0, 0.002900433721810248)	(16.0, 0.0036977315042667535)	(17.0, 0.004933426161241131)	(18.0, 0.0066472656760230035)	(19.0, 0.009388707464674769)	(20.0, 0.014637779375568769)	(21.0, 0.022413186342017763)	(22.0, 0.03336492479664026)	(23.0, 0.04930971138743831)	(24.0, 0.07115239726341682)	(25.0, 0.10101131612224613)	(26.0, 0.14521574977363233)	(27.0, 0.20867574321217552)	(28.0, 0.2855121020860081)	(29.0, 0.3885412128893685)	(30.0, 0.5211872474768243)	(31.0, 0.6888980176757178)	(32.0, 0.89077217951204)	(33.0, 1.10235069456269)	(34.0, 1.3045568689653135)	(35.0, 1.5134640857272346)	(36.0, 1.767055050056681)	(37.0, 2.0199878345451854)	(38.0, 2.214692161631059)	(39.0, 2.3837099390451817)	(40.0, 2.528688369977408)	(41.0, 2.6649467948108914)	(42.0, 2.8271384406241875)	(43.0, 2.972471096231025)	(44.0, 3.131666445539283)	(45.0, 3.3569568457665198)	(46.0, 3.5293251443602918)	(47.0, 3.630121353749441)	(48.0, 3.7669280669406544)	(49.0, 3.894203447550683)	(50.0, 3.982481380320266)	(51.0, 4.065987216978431)	(52.0, 4.12353060619848)	(53.0, 4.141460453837095)	(54.0, 4.094620962705274)	(55.0, 3.9914188312687706)	(56.0, 3.8293569509303316)	(57.0, 3.5883976618786595)	(58.0, 3.308507561311469)	(59.0, 2.9697892764173077)	(60.0, 2.5953176805541327)	(61.0, 2.2471253469370573)	(62.0, 1.9056434081459355)	(63.0, 1.5523633326677884)	(64.0, 1.2343338730758746)	(65.0, 0.9709649048571813)	(66.0, 0.7585002435908395)	(67.0, 0.6000776418400646)	(68.0, 0.46841010907653263)	(69.0, 0.362161411626713)	(70.0, 0.28235564458947937)	(71.0, 0.2175372053690968)	(72.0, 0.1695204724969032)	(73.0, 0.12711755773520247)	(74.0, 0.09292961587280066)	(75.0, 0.06887156445759182)	(76.0, 0.050191181369802246)	(77.0, 0.03660555449307638)	(78.0, 0.024864701664321708)	(79.0, 0.01618678166553192)	(80.0, 0.01026783933037461)	(81.0, 0.007552116825027893)	(82.0, 0.005817234260269163)	(83.0, 0.003855554379093187)	(84.0, 0.002693510397037812)	(85.0, 0.0021253480476626486)	(86.0, 0.0017687852563881118)	(87.0, 0.0015232830066581027)	(88.0, 0.0013713054234919069)	(89.0, 0.0012450471236307595)	(90.0, 0.0010965767154607065)	(91.0, 0.0009516134822867965)	(92.0, 0.0008826390406959844)	(93.0, 0.000832369532417935)	(94.0, 0.0007306614575297884)	(95.0, 0.0007002659408965492)	(96.0, 0.0007061112325567876)	(97.0, 0.0006757157159235483)	(98.0, 0.0007493663908425509)	(99.0, 0.0010509834405108475)	(100.0, 0.0035738113210697013)
qc_bundle_trimmed | SRR30333760_1	(0.0, 3.9152958053698624e-05)	(1.0, 3.4258838296986294e-05)	(2.0, 3.670589817534246e-05)	(3.0, 4.0376487992876706e-05)	(4.0, 5.383531732383561e-05)	(5.0, 7.218826641150684e-05)	(6.0, 7.830591610739725e-05)	(7.0, 0.00010032945501260272)	(8.0, 0.00010522357476931506)	(9.0, 0.00012112946397863012)	(10.0, 0.00018964714057260272)	(11.0, 0.0002997648350986301)	(12.0, 0.0004098825296246575)	(13.0, 0.0006129884995282191)	(14.0, 0.0008687062568164382)	(15.0, 0.0013140711546772601)	(16.0, 0.002237836258756712)	(17.0, 0.0034222132398810954)	(18.0, 0.004969978612941369)	(19.0, 0.007687438607855889)	(20.0, 0.012531393637061917)	(21.0, 0.020306926400538626)	(22.0, 0.029763589300446022)	(23.0, 0.04345488931984876)	(24.0, 0.06424633357630191)	(25.0, 0.09415796999938848)	(26.0, 0.13203600985646355)	(27.0, 0.18099556037267447)	(28.0, 0.24789573038705368)	(29.0, 0.3395919581488158)	(30.0, 0.45350626607611283)	(31.0, 0.5792117320272689)	(32.0, 0.7319205037360854)	(33.0, 0.9183130546704743)	(34.0, 1.121124153858694)	(35.0, 1.3175019326267154)	(36.0, 1.5526350222182026)	(37.0, 1.8099556037267448)	(38.0, 2.013263456070271)	(39.0, 2.19276386285727)	(40.0, 2.3510702840378257)	(41.0, 2.5163190140932783)	(42.0, 2.6915187131440663)	(43.0, 2.864057234577142)	(44.0, 3.051664750741135)	(45.0, 3.2658877136720688)	(46.0, 3.459490526538034)	(47.0, 3.621752620011953)	(48.0, 3.8198996230720255)	(49.0, 3.9953525928202236)	(50.0, 4.118015139812644)	(51.0, 4.232968224658303)	(52.0, 4.336330810390128)	(53.0, 4.383161418812169)	(54.0, 4.357861266729845)	(55.0, 4.2825432107339205)	(56.0, 4.120731376277619)	(57.0, 3.862708488583989)	(58.0, 3.56944671511209)	(59.0, 3.230931463309751)	(60.0, 2.8376363290705306)	(61.0, 2.4136795345555075)	(62.0, 1.999873144415906)	(63.0, 1.6329328450665819)	(64.0, 1.2919179215985017)	(65.0, 0.9763560914551433)	(66.0, 0.7286292081996963)	(67.0, 0.5535836739212449)	(68.0, 0.4158239910093063)	(69.0, 0.30952615695339286)	(70.0, 0.2316937469324575)	(71.0, 0.16819621367893256)	(72.0, 0.1274098431564312)	(73.0, 0.09781387745765259)	(74.0, 0.06696991122091232)	(75.0, 0.04498063115400383)	(76.0, 0.03278326119033753)	(77.0, 0.02283229219500219)	(78.0, 0.014087723719696436)	(79.0, 0.008227015311033424)	(80.0, 0.0050507315889271225)	(81.0, 0.00369995453607452)	(82.0, 0.002718683524853698)	(83.0, 0.001522071244337534)	(84.0, 0.0007439062030202738)	(85.0, 0.0004930825654887671)	(86.0, 0.0003536001524224657)	(87.0, 0.00020188243996438354)	(88.0, 0.00012724711367452054)	(89.0, 0.00010400004483013698)	(90.0, 9.298827537753422e-05)	(91.0, 7.4635326289863e-05)	(92.0, 5.138825744547944e-05)	(93.0, 3.4258838296986294e-05)	(94.0, 3.670589817534246e-05)	(95.0, 3.792942811452055e-05)	(96.0, 1.835294908767123e-05)	(97.0, 2.2023538905205477e-05)	(98.0, 4.4047077810410954e-05)	(99.0, 3.058824847945205e-05)	(100.0, 7.341179635068493e-06)
qc_bundle_trimmed | SRR30333760_2	(0.0, 0.0001492751346290415)	(1.0, 0.0001688522014656371)	(2.0, 0.00029610313590350853)	(3.0, 0.00046862603740100735)	(4.0, 0.0006582788723805273)	(5.0, 0.0008809680076468023)	(6.0, 0.0010437023757260033)	(7.0, 0.0011782947102275982)	(8.0, 0.0013630532784979692)	(9.0, 0.00152578764657717)	(10.0, 0.0017509239151980195)	(11.0, 0.0020103200507829116)	(12.0, 0.002275834019754239)	(13.0, 0.002556030788853014)	(14.0, 0.002877828824979554)	(15.0, 0.003484717896914018)	(16.0, 0.004366909471238108)	(17.0, 0.005579464048429747)	(18.0, 0.007297351663341012)	(19.0, 0.01009442508761961)	(20.0, 0.015184462465134467)	(21.0, 0.022345998227296597)	(22.0, 0.03231194881380105)	(23.0, 0.046283856701743877)	(24.0, 0.06492734216356932)	(25.0, 0.09074459905432979)	(26.0, 0.1290544717201928)	(27.0, 0.18494699753867327)	(28.0, 0.2529662926957474)	(29.0, 0.3432997733465087)	(30.0, 0.4632056370206249)	(31.0, 0.6110283980037265)	(32.0, 0.786451152526396)	(33.0, 0.9745622934925341)	(34.0, 1.1600072826688632)	(35.0, 1.3553558205311553)	(36.0, 1.5876475070807805)	(37.0, 1.8221073537825583)	(38.0, 2.0150870665576224)	(39.0, 2.1926767576657675)	(40.0, 2.344791790552793)	(41.0, 2.491617344693905)	(42.0, 2.6687371861979723)	(43.0, 2.8332090189589207)	(44.0, 3.014696993500903)	(45.0, 3.249616901273342)	(46.0, 3.4409741646343224)	(47.0, 3.577788496221871)	(48.0, 3.7484356700030883)	(49.0, 3.9063393968403597)	(50.0, 4.027740458994121)	(51.0, 4.146387272557308)	(52.0, 4.234654149090131)	(53.0, 4.28072388162335)	(54.0, 4.258461085930109)	(55.0, 4.176168885482479)	(56.0, 4.025323914806479)	(57.0, 3.7891902288901713)	(58.0, 3.508305815318761)	(59.0, 3.166876875421824)	(60.0, 2.7816246714111688)	(61.0, 2.4084392819719196)	(62.0, 2.046122835327013)	(63.0, 1.6762288402496666)	(64.0, 1.3364321383002309)	(65.0, 1.0525720105696583)	(66.0, 0.8230884095444073)	(67.0, 0.6479678759910278)	(68.0, 0.5042954531772845)	(69.0, 0.3923072894718939)	(70.0, 0.3065658545609916)	(71.0, 0.23541422871006215)	(72.0, 0.18364512259403967)	(73.0, 0.13951229611096672)	(74.0, 0.10289094545976009)	(75.0, 0.07597125499276383)	(76.0, 0.05569063731672806)	(77.0, 0.040136657715052856)	(78.0, 0.027220687869608903)	(79.0, 0.0175948888193903)	(80.0, 0.011204200063919124)	(81.0, 0.00786753373495686)	(82.0, 0.006030960152348734)	(83.0, 0.004235987836768374)	(84.0, 0.0029267714920710435)	(85.0, 0.0023578129871324838)	(86.0, 0.00207272195132456)	(87.0, 0.0017925251822257851)	(88.0, 0.0015808481470550955)	(89.0, 0.0014462558125535006)	(90.0, 0.0012688386443468528)	(91.0, 0.0010926450428174923)	(92.0, 0.000982524041861642)	(93.0, 0.0009409227748338764)	(94.0, 0.0009323578080928658)	(95.0, 0.00086873234087393)	(96.0, 0.0008344724739098876)	(97.0, 0.0008675087741966429)	(98.0, 0.0010216781755348332)	(99.0, 0.0013801832119799903)	(100.0, 0.004311848970760182)
qc_bundle_trimmed | SRR30333761_1	(0.0, 7.169410676951648e-05)	(1.0, 6.571959787205678e-05)	(2.0, 5.974508897459708e-05)	(3.0, 5.7355285415613184e-05)	(4.0, 5.616038363612124e-05)	(5.0, 8.125332100545201e-05)	(6.0, 0.00010515135659529085)	(7.0, 9.917684769783113e-05)	(8.0, 9.798194591833918e-05)	(9.0, 0.00012307488328766996)	(10.0, 0.00015892193667242822)	(11.0, 0.0001995485971751542)	(12.0, 0.00031067446266790473)	(13.0, 0.00046362189044287324)	(14.0, 0.0007061869516797374)	(15.0, 0.001096919833573602)	(16.0, 0.0018198354101662266)	(17.0, 0.002969330922037474)	(18.0, 0.004445034619710022)	(19.0, 0.0067213225096421705)	(20.0, 0.010809081497284103)	(21.0, 0.01740613422185911)	(22.0, 0.025745353740933372)	(23.0, 0.038254780470434506)	(24.0, 0.055695566843898876)	(25.0, 0.07973579574549725)	(26.0, 0.11099442629700644)	(27.0, 0.15246349255427427)	(28.0, 0.20951527291789648)	(29.0, 0.2900516528556533)	(30.0, 0.39409653040313464)	(31.0, 0.5122639520824311)	(32.0, 0.6668209125543754)	(33.0, 0.8641457975178951)	(34.0, 1.081016885790344)	(35.0, 1.291118855481971)	(36.0, 1.5449864926510495)	(37.0, 1.8236435621374676)	(38.0, 2.0368713948842454)	(39.0, 2.220530188195716)	(40.0, 2.3830535588315325)	(41.0, 2.5438060850301425)	(42.0, 2.7144141611060024)	(43.0, 2.886206384845338)	(44.0, 3.0725537071606652)	(45.0, 3.287171210676992)	(46.0, 3.4795408379609585)	(47.0, 3.6345829285553766)	(48.0, 3.8220008828651286)	(49.0, 3.989910870722895)	(50.0, 4.102071521156686)	(51.0, 4.215102060085947)	(52.0, 4.312215312410595)	(53.0, 4.359423491914763)	(54.0, 4.335953231161982)	(55.0, 4.254127552204153)	(56.0, 4.09797181315125)	(57.0, 3.8404501663404846)	(58.0, 3.5478641268105284)	(59.0, 3.2169408585873533)	(60.0, 2.829440186007014)	(61.0, 2.41177660780696)	(62.0, 2.003501372888374)	(63.0, 1.641536946237557)	(64.0, 1.3098895675360098)	(65.0, 1.0029013768578379)	(66.0, 0.7613806597762497)	(67.0, 0.5910713091452633)	(68.0, 0.4553997712981892)	(69.0, 0.3466708787750995)	(70.0, 0.26675465286089894)	(71.0, 0.2023649806694167)	(72.0, 0.16391543120892504)	(73.0, 0.13506213793953312)	(74.0, 0.09690653431679645)	(75.0, 0.06762188150500795)	(76.0, 0.05422703255690329)	(77.0, 0.04212028772709093)	(78.0, 0.026237653274084047)	(79.0, 0.015119092215911534)	(80.0, 0.010211630607538132)	(81.0, 0.00862838574971131)	(82.0, 0.0069316252228327525)	(83.0, 0.003931226854528487)	(84.0, 0.001938130686335929)	(85.0, 0.0010730217979837632)	(86.0, 0.00060939990754089)	(87.0, 0.0003943175872323407)	(88.0, 0.00028438662351908204)	(89.0, 0.00020671800785210584)	(90.0, 0.00013980350820055713)	(91.0, 0.00010873606193376667)	(92.0, 7.886351744646813e-05)	(93.0, 5.49654818566293e-05)	(94.0, 4.899097295916959e-05)	(95.0, 4.301646406170989e-05)	(96.0, 3.46521516052663e-05)	(97.0, 3.823685694374213e-05)	(98.0, 5.2575678297645425e-05)	(99.0, 4.4211365841201836e-05)	(100.0, 1.3143919574411356e-05)
qc_bundle_trimmed | SRR30333761_2	(0.0, 0.00015295404387011158)	(1.0, 0.00017565815975708127)	(2.0, 0.000358486040320574)	(3.0, 0.0006990477786251193)	(4.0, 0.0010097356802362834)	(5.0, 0.0012654557223316261)	(6.0, 0.0014865221138626468)	(7.0, 0.0016896642033776385)	(8.0, 0.001908340687973189)	(9.0, 0.0021784001716813545)	(10.0, 0.002383932168131817)	(11.0, 0.002547640793211546)	(12.0, 0.002711349418291275)	(13.0, 0.0029037369265966493)	(14.0, 0.0032849270828041927)	(15.0, 0.0037390094005435867)	(16.0, 0.004355605389894973)	(17.0, 0.005421503883114814)	(18.0, 0.006869787486009933)	(19.0, 0.0091808274926099)	(20.0, 0.013259203677990297)	(21.0, 0.019101331181747918)	(22.0, 0.027299906923879444)	(23.0, 0.03829467378051145)	(24.0, 0.052937633574139165)	(25.0, 0.07297939313499473)	(26.0, 0.10368730734885508)	(27.0, 0.14868328017642582)	(28.0, 0.2038196281311978)	(29.0, 0.2822993920781779)	(30.0, 0.39226259503957844)	(31.0, 0.5389335735763381)	(32.0, 0.7183689812449305)	(33.0, 0.9126947040749718)	(34.0, 1.1129402263841734)	(35.0, 1.3293056709731237)	(36.0, 1.5874777575842591)	(37.0, 1.8429313250562969)	(38.0, 2.0418301348073613)	(39.0, 2.2153971259959055)	(40.0, 2.367408351579974)	(41.0, 2.5126645052109353)	(42.0, 2.686115585913109)	(43.0, 2.8436749804478727)	(44.0, 3.012513540764589)	(45.0, 3.2494023111618917)	(46.0, 3.442844963379277)	(47.0, 3.5755636652267593)	(48.0, 3.746623644039996)	(49.0, 3.901990298961465)	(50.0, 4.01744909292098)	(51.0, 4.130447477690428)	(52.0, 4.220579232901294)	(53.0, 4.271218970956979)	(54.0, 4.245517911772929)	(55.0, 4.160054839760504)	(56.0, 4.014523846831964)	(57.0, 3.7810263543760936)	(58.0, 3.5049466950974772)	(59.0, 3.165398277333572)	(60.0, 2.777199719037761)	(61.0, 2.4108018918073117)	(62.0, 2.054332932940275)	(63.0, 1.6874380050672482)	(64.0, 1.3530685156325069)	(65.0, 1.076098616020428)	(66.0, 0.8521201228885367)	(67.0, 0.6827581729529524)	(68.0, 0.5403543732494753)	(69.0, 0.42774434835704117)	(70.0, 0.3444238279122656)	(71.0, 0.272491214015007)	(72.0, 0.22217172348867575)	(73.0, 0.17563426068772656)	(74.0, 0.1342649716347323)	(75.0, 0.10498861167521877)	(76.0, 0.08120664776035189)	(77.0, 0.06332775397609713)	(78.0, 0.045098738825795945)	(79.0, 0.02950101121144777)	(80.0, 0.01944786768739114)	(81.0, 0.015006225647819227)	(82.0, 0.012033181420093934)	(83.0, 0.008277442671002054)	(84.0, 0.0056903684133552445)	(85.0, 0.004390259040459296)	(86.0, 0.003852529979978435)	(87.0, 0.003415177010787335)	(88.0, 0.002969459367322088)	(89.0, 0.0026970099766784514)	(90.0, 0.0026049985596628376)	(91.0, 0.002374372540389935)	(92.0, 0.0021210424052300627)	(93.0, 0.001923875083053747)	(94.0, 0.00181752422442531)	(95.0, 0.0017338774816838428)	(96.0, 0.0016585954132165225)	(97.0, 0.001730292621280637)	(98.0, 0.0019525539662793932)	(99.0, 0.0026898402558720403)	(100.0, 0.0077970713769724845)
qc_bundle_trimmed | SRR30333762_1	(0.0, 4.456757254260688e-05)	(1.0, 3.961562003787278e-05)	(2.0, 3.2187691280771634e-05)	(3.0, 3.342567940695515e-05)	(4.0, 3.5901655659322205e-05)	(5.0, 4.456757254260688e-05)	(6.0, 5.5709465678258593e-05)	(7.0, 7.180331131864441e-05)	(8.0, 8.418319258047966e-05)	(9.0, 9.656307384231492e-05)	(10.0, 0.00014236863451110528)	(11.0, 0.0002463596371105213)	(12.0, 0.0003652064972241397)	(13.0, 0.0004914812860948592)	(14.0, 0.0007675526382337851)	(15.0, 0.0012565579480762774)	(16.0, 0.002041442420076632)	(17.0, 0.003168011614903639)	(18.0, 0.004844247537756131)	(19.0, 0.007378409232053805)	(20.0, 0.012108761862201053)	(21.0, 0.02004550373916363)	(22.0, 0.029813230054751633)	(23.0, 0.04393619859825328)	(24.0, 0.06431595913148647)	(25.0, 0.09416756681814979)	(26.0, 0.13206981128938455)	(27.0, 0.1821427170291296)	(28.0, 0.2507260212315707)	(29.0, 0.34707863709243436)	(30.0, 0.46707311219902475)	(31.0, 0.5940968838860854)	(32.0, 0.7564738824925687)	(33.0, 0.9582387113217072)	(34.0, 1.1757371312465121)	(35.0, 1.379575590187008)	(36.0, 1.6307188134171025)	(37.0, 1.9128216437067944)	(38.0, 2.111950795815288)	(39.0, 2.2778313008188706)	(40.0, 2.429136971612895)	(41.0, 2.579302455342704)	(42.0, 2.7446865271076875)	(43.0, 2.9064866232473694)	(44.0, 3.0840611640908815)	(45.0, 3.28915741896758)	(46.0, 3.4597113291475057)	(47.0, 3.601173756350245)	(48.0, 3.790886770770986)	(49.0, 3.9616635188136256)	(50.0, 4.072322325460666)	(51.0, 4.181637914990797)	(52.0, 4.276259823451256)	(53.0, 4.317004488660208)	(54.0, 4.289350309897521)	(55.0, 4.209048210092627)	(56.0, 4.050105390548176)	(57.0, 3.789763915540538)	(58.0, 3.4982858011712583)	(59.0, 3.17247456209853)	(60.0, 2.787545676036161)	(61.0, 2.364957191175289)	(62.0, 1.958445220121036)	(63.0, 1.6025347757364083)	(64.0, 1.269251040334037)	(65.0, 0.9624751066895072)	(66.0, 0.7212196946232405)	(67.0, 0.5501198316796679)	(68.0, 0.4174991156741317)	(69.0, 0.31383741791628056)	(70.0, 0.23787694246991184)	(71.0, 0.17530778458447033)	(72.0, 0.13395155324118352)	(73.0, 0.10397738473002802)	(74.0, 0.07332727470197634)	(75.0, 0.05120937883958148)	(76.0, 0.03765836081037663)	(77.0, 0.026812346836882772)	(78.0, 0.017172133298291665)	(79.0, 0.010380530438048851)	(80.0, 0.0066281884275865895)	(81.0, 0.004684547069478457)	(82.0, 0.003290572439395808)	(83.0, 0.0019003117736917099)	(84.0, 0.001007722334713389)	(85.0, 0.0006548957187510844)	(86.0, 0.0004172019985238477)	(87.0, 0.0002599775064985401)	(88.0, 0.0002079820051988321)	(89.0, 0.0001634144326562252)	(90.0, 0.00010770496697796662)	(91.0, 6.808934694009385e-05)	(92.0, 4.7043548794973925e-05)	(93.0, 4.3329584416423354e-05)	(94.0, 4.08536081640563e-05)	(95.0, 3.0949703154588115e-05)	(96.0, 3.342567940695515e-05)	(97.0, 5.199550129970802e-05)	(98.0, 6.808934694009385e-05)	(99.0, 4.456757254260688e-05)	(100.0, 8.66591688328467e-06)
qc_bundle_trimmed | SRR30333762_2	(0.0, 0.00011389865552665185)	(1.0, 0.00014856346373041544)	(2.0, 0.00023893957083308485)	(3.0, 0.00038502697683466005)	(4.0, 0.0005459707292092768)	(5.0, 0.0007155806836348343)	(6.0, 0.0009074751576199543)	(7.0, 0.0009718526585698011)	(8.0, 0.0010919414584185537)	(9.0, 0.0012466950664710697)	(10.0, 0.0014101148765745266)	(11.0, 0.0015673445423558829)	(12.0, 0.0018397108925283113)	(13.0, 0.002217309696176451)	(14.0, 0.002478533786569098)	(15.0, 0.0029539368705064272)	(16.0, 0.0037475133725997298)	(17.0, 0.004965733775189137)	(18.0, 0.006702688271970576)	(19.0, 0.009256741819269302)	(20.0, 0.014047913524575201)	(21.0, 0.021286668294839696)	(22.0, 0.03171087133325718)	(23.0, 0.04562879182706827)	(24.0, 0.0639528570493506)	(25.0, 0.08952558127281277)	(26.0, 0.1278388605400225)	(27.0, 0.18421002882366422)	(28.0, 0.25269035743019924)	(29.0, 0.3462890536669542)	(30.0, 0.47083970954307686)	(31.0, 0.6302631624721857)	(32.0, 0.822733319879261)	(33.0, 1.0220386346467998)	(34.0, 1.2138699691598345)	(35.0, 1.4185582334298719)	(36.0, 1.668740344380756)	(37.0, 1.915297506816618)	(38.0, 2.1036375999319876)	(39.0, 2.266109079925299)	(40.0, 2.4071960873434812)	(41.0, 2.5447311899496423)	(42.0, 2.710591154944871)	(43.0, 2.860880430912288)	(44.0, 3.0287521928122)	(45.0, 3.257455740994259)	(46.0, 3.431625355727476)	(47.0, 3.5485547059142286)	(48.0, 3.7121168893370937)	(49.0, 3.864185212782683)	(50.0, 3.976308534917756)	(51.0, 4.091353605172861)	(52.0, 4.176575798112949)	(53.0, 4.215394193156842)	(54.0, 4.193878489522085)	(55.0, 4.111383674170314)	(56.0, 3.9576068708918255)	(57.0, 3.7234943746011147)	(58.0, 3.4502700704256437)	(59.0, 3.1180970218708075)	(60.0, 2.7387426932929206)	(61.0, 2.3719382633136603)	(62.0, 2.015311668628798)	(63.0, 1.6548422323487757)	(64.0, 1.3265702127457275)	(65.0, 1.0475147926188373)	(66.0, 0.8207140948013917)	(67.0, 0.6487308390427408)	(68.0, 0.5086726336108915)	(69.0, 0.40054443062130196)	(70.0, 0.3158731605258805)	(71.0, 0.24536246458169647)	(72.0, 0.19488183763496572)	(73.0, 0.15096152564079726)	(74.0, 0.11318802695847469)	(75.0, 0.085050106927934)	(76.0, 0.06313080588337562)	(77.0, 0.04612028928624305)	(78.0, 0.032310077303636525)	(79.0, 0.021521893779079516)	(80.0, 0.01374831053938553)	(81.0, 0.009409019369592979)	(82.0, 0.0068227770718193295)	(83.0, 0.004747840695051194)	(84.0, 0.003382294857595792)	(85.0, 0.002653095856452336)	(86.0, 0.002249498446651374)	(87.0, 0.0019684658944280047)	(88.0, 0.0017369544967814404)	(89.0, 0.0015623924268982025)	(90.0, 0.0014286853095408286)	(91.0, 0.0012850739612680936)	(92.0, 0.001202126027351945)	(93.0, 0.0010944175161473938)	(94.0, 0.0010312780440619672)	(95.0, 0.0009743287162986413)	(96.0, 0.0009087131864843746)	(97.0, 0.0010015653513158842)	(98.0, 0.0011290823243511575)	(99.0, 0.0015066811279992967)	(100.0, 0.004949639399951675)
qc_bundle_trimmed | SRR30333763_1	(0.0, 3.7344556492896144e-05)	(1.0, 3.851157388329915e-05)	(2.0, 4.5513678225717175e-05)	(3.0, 6.185192169135924e-05)	(4.0, 7.002104342418028e-05)	(5.0, 8.052419993780731e-05)	(6.0, 9.219437384183736e-05)	(7.0, 9.802946079385237e-05)	(8.0, 0.00011203366947868843)	(9.0, 0.00014004208684836056)	(10.0, 0.00018788979985488372)	(11.0, 0.00027191505196390005)	(12.0, 0.0003932848605658125)	(13.0, 0.000546164138708606)	(14.0, 0.0008064090167684762)	(15.0, 0.0013303998250594252)	(16.0, 0.00208195902447896)	(17.0, 0.003143944849745694)	(18.0, 0.004864128483199723)	(19.0, 0.007594949176742753)	(20.0, 0.012057623677643842)	(21.0, 0.01958021777618161)	(22.0, 0.02912875406445899)	(23.0, 0.04299408767983709)	(24.0, 0.06352892568136835)	(25.0, 0.09387487888401767)	(26.0, 0.13357097541857588)	(27.0, 0.18545073350894142)	(28.0, 0.25605061755876163)	(29.0, 0.3533086798575576)	(30.0, 0.47139566854026643)	(31.0, 0.6000243253104856)	(32.0, 0.7609035076644917)	(33.0, 0.9544871853671517)	(34.0, 1.1619373637025803)	(35.0, 1.3562375900829478)	(36.0, 1.5939998781167037)	(37.0, 1.8553359174366006)	(38.0, 2.047884450713973)	(39.0, 2.215209070115175)	(40.0, 2.3668898213980247)	(41.0, 2.519580042723573)	(42.0, 2.683970780405302)	(43.0, 2.8484222029913315)	(44.0, 3.031146783876292)	(45.0, 3.2439057243206637)	(46.0, 3.4300123216030114)	(47.0, 3.5812624434688023)	(48.0, 3.769398483993061)	(49.0, 3.93978419000929)	(50.0, 4.052785316904623)	(51.0, 4.166834425416537)	(52.0, 4.275093960654662)	(53.0, 4.322597403531017)	(54.0, 4.297190267924552)	(55.0, 4.224159486650523)	(56.0, 4.07776765818098)	(57.0, 3.838294522652893)	(58.0, 3.5498976840843315)	(59.0, 3.214486382925994)	(60.0, 2.8273120254163318)	(61.0, 2.4153852290562217)	(62.0, 2.0106192514036243)	(63.0, 1.6482160050226562)	(64.0, 1.314617081871615)	(65.0, 1.0043631745981954)	(66.0, 0.7587106819879245)	(67.0, 0.5834608474884958)	(68.0, 0.44585315891651583)	(69.0, 0.3360788351056476)	(70.0, 0.25512633978556243)	(71.0, 0.18957263893184484)	(72.0, 0.14970965891045904)	(73.0, 0.12026697716798164)	(74.0, 0.08489584708225696)	(75.0, 0.058366040746225464)	(76.0, 0.044438855209156004)	(77.0, 0.03287254585287183)	(78.0, 0.020638702549277136)	(79.0, 0.01212297665150641)	(80.0, 0.007933384219959625)	(81.0, 0.006206198482163179)	(82.0, 0.0047217523615705565)	(83.0, 0.0026444614066532084)	(84.0, 0.001316395616374589)	(85.0, 0.0007608953385427589)	(86.0, 0.0004084560866410515)	(87.0, 0.00020889611288213777)	(88.0, 0.00015171226075239057)	(89.0, 0.0001283719129443305)	(90.0, 9.802946079385237e-05)	(91.0, 6.535297386256826e-05)	(92.0, 3.7344556492896144e-05)	(93.0, 3.034245215047812e-05)	(94.0, 2.2173330417657085e-05)	(95.0, 1.2837191294433049e-05)	(96.0, 2.4507365198463092e-05)	(97.0, 4.5513678225717175e-05)	(98.0, 6.301893908176225e-05)	(99.0, 4.5513678225717175e-05)	(100.0, 1.050315651362704e-05)
qc_bundle_trimmed | SRR30333763_2	(0.0, 0.0001914006601105327)	(1.0, 0.00025909113746669675)	(2.0, 0.0005123468889544138)	(3.0, 0.0009616716093358473)	(4.0, 0.0014553452631575262)	(5.0, 0.0018673235132734898)	(6.0, 0.0022501248334945555)	(7.0, 0.0027064520170507643)	(8.0, 0.003173282895369137)	(9.0, 0.003538578057653263)	(10.0, 0.0038793645988256754)	(11.0, 0.004336858859577681)	(12.0, 0.004860876520490054)	(13.0, 0.005292695082934547)	(14.0, 0.005729181954162226)	(15.0, 0.00632205716962656)	(16.0, 0.007213704147214651)	(17.0, 0.008519663529310297)	(18.0, 0.010281950094962154)	(19.0, 0.013066596284131246)	(20.0, 0.01798699374160689)	(21.0, 0.024967282449662356)	(22.0, 0.035272574088540426)	(23.0, 0.04960544913011026)	(24.0, 0.06928120357403386)	(25.0, 0.09685340232471273)	(26.0, 0.13701369570924654)	(27.0, 0.19537805919380524)	(28.0, 0.2673283683146244)	(29.0, 0.3631979245632812)	(30.0, 0.4877577395161893)	(31.0, 0.6472213321637663)	(32.0, 0.8314082881270844)	(33.0, 1.0197652109109814)	(34.0, 1.203712916049161)	(35.0, 1.3952349521880567)	(36.0, 1.6223318354092038)	(37.0, 1.8522425417494148)	(38.0, 2.036004681613463)	(39.0, 2.1970811749456303)	(40.0, 2.344799302694717)	(41.0, 2.4879704976889827)	(42.0, 2.655343372492469)	(43.0, 2.8062207782105753)	(44.0, 2.97356914439295)	(45.0, 3.20806879826703)	(46.0, 3.3959145412391685)	(47.0, 3.5281455546000435)	(48.0, 3.692845822625157)	(49.0, 3.8435796778481803)	(50.0, 3.9607705673868328)	(51.0, 4.079212563679379)	(52.0, 4.1751311371702595)	(53.0, 4.224709743524866)	(54.0, 4.206977172611943)	(55.0, 4.1272261195144235)	(56.0, 3.985418070684847)	(57.0, 3.761346251555203)	(58.0, 3.4842867935820325)	(59.0, 3.1456780184569757)	(60.0, 2.7706937812933514)	(61.0, 2.4134397808882593)	(62.0, 2.05583215609284)	(63.0, 1.6857017929865312)	(64.0, 1.3501274185705439)	(65.0, 1.0731975061661065)	(66.0, 0.8513209592417547)	(67.0, 0.6790685346826457)	(68.0, 0.5335421779072637)	(69.0, 0.41747985201694576)	(70.0, 0.33093757671709007)	(71.0, 0.26089894004298464)	(72.0, 0.20883445926133232)	(73.0, 0.1627267404870225)	(74.0, 0.12316632478112781)	(75.0, 0.09372563543997964)	(76.0, 0.07047278939094151)	(77.0, 0.05313469057019716)	(78.0, 0.037209922233561676)	(79.0, 0.024403584164092922)	(80.0, 0.0159772868104463)	(81.0, 0.011667270726371925)	(82.0, 0.008812599905455076)	(83.0, 0.005925250923055942)	(84.0, 0.004075433567719391)	(85.0, 0.003105592418012973)	(86.0, 0.002576906448317416)	(87.0, 0.0021625940438098606)	(88.0, 0.0019420164538044295)	(89.0, 0.0017284413269737738)	(90.0, 0.0015358735896674454)	(91.0, 0.0014833551158566285)	(92.0, 0.0014308366420458115)	(93.0, 0.0013491412383400965)	(94.0, 0.0013526424699274843)	(95.0, 0.001337470466382137)	(96.0, 0.0013316350804031575)	(97.0, 0.0014681831123112814)	(98.0, 0.0017436133305191214)	(99.0, 0.0024193510268849653)	(100.0, 0.007381763263409264)
qc_bundle_trimmed | SRR30333764_1	(0.0, 5.430410913269722e-05)	(1.0, 4.9367371938815654e-05)	(2.0, 4.0728081849522914e-05)	(3.0, 6.047503062504919e-05)	(4.0, 9.503219098222014e-05)	(5.0, 9.379800668374976e-05)	(6.0, 8.515871659445702e-05)	(7.0, 9.873474387763131e-05)	(8.0, 0.00012341842984703915)	(9.0, 0.00013946282572715424)	(10.0, 0.0001592097745026805)	(11.0, 0.00022955827951549282)	(12.0, 0.0003628501837502951)	(13.0, 0.0005245283268499164)	(14.0, 0.0008207325584828104)	(15.0, 0.001330450673751082)	(16.0, 0.002120328624772133)	(17.0, 0.003237265414887837)	(18.0, 0.004898477480628984)	(19.0, 0.007347099128794241)	(20.0, 0.011890131531463751)	(21.0, 0.019255743424735048)	(22.0, 0.02860345530134979)	(23.0, 0.04277806196928224)	(24.0, 0.06343460457278118)	(25.0, 0.09190106541700076)	(26.0, 0.1283181415119666)	(27.0, 0.17826064333386948)	(28.0, 0.24577175864449835)	(29.0, 0.3390748574245615)	(30.0, 0.4526654777028809)	(31.0, 0.5762566933517059)	(32.0, 0.7332399993799459)	(33.0, 0.9272414292565065)	(34.0, 1.13499784313952)	(35.0, 1.330544471757766)	(36.0, 1.568182955875344)	(37.0, 1.8244156606336777)	(38.0, 2.0220357188733535)	(39.0, 2.197188686143675)	(40.0, 2.3514715969268614)	(41.0, 2.4977508225344676)	(42.0, 2.6563718911267777)	(43.0, 2.8236001610166204)	(44.0, 3.0105346516001394)	(45.0, 3.226526777306846)	(46.0, 3.415037321239512)	(47.0, 3.5752529559454462)	(48.0, 3.770704552372709)	(49.0, 3.9432287070872887)	(50.0, 4.057313001084996)	(51.0, 4.1805993732120985)	(52.0, 4.2915081110098425)	(53.0, 4.341376561773837)	(54.0, 4.3215938216536545)	(55.0, 4.25283741438587)	(56.0, 4.113773230187121)	(57.0, 3.8680742884162322)	(58.0, 3.5741742788685826)	(59.0, 3.245055586179782)	(60.0, 2.860628158339329)	(61.0, 2.445699099746479)	(62.0, 2.0356771579243467)	(63.0, 1.666559786306419)	(64.0, 1.330849315279488)	(65.0, 1.0185821750020019)	(66.0, 0.7705469223541088)	(67.0, 0.5966873802285847)	(68.0, 0.45611378863280716)	(69.0, 0.33921308606599015)	(70.0, 0.2574459079237298)	(71.0, 0.19239328773565392)	(72.0, 0.15540601849479474)	(73.0, 0.128405768597158)	(74.0, 0.08851322951769953)	(75.0, 0.058586728648389486)	(76.0, 0.0468854273145917)	(77.0, 0.03654049452481288)	(78.0, 0.021827783502747344)	(79.0, 0.01159886403702474)	(80.0, 0.007670455414993483)	(81.0, 0.006781842720094802)	(82.0, 0.005750064646573554)	(83.0, 0.003200239885933725)	(84.0, 0.0013983308101669534)	(85.0, 0.0007503840534699981)	(86.0, 0.00043073032016616663)	(87.0, 0.00027769146715583804)	(88.0, 0.00019253275056138106)	(89.0, 0.0001592097745026805)	(90.0, 0.00011724750835468719)	(91.0, 8.63929008929274e-05)	(92.0, 6.788013641587153e-05)	(93.0, 4.5664819043404484e-05)	(94.0, 3.949389755105253e-05)	(95.0, 3.332297605870057e-05)	(96.0, 3.208879176023018e-05)	(97.0, 2.8386238864819003e-05)	(98.0, 3.4557160357170964e-05)	(99.0, 2.591787026787822e-05)	(100.0, 3.7025528954111746e-06)
qc_bundle_trimmed | SRR30333764_2	(0.0, 0.00019254101299455594)	(1.0, 0.00026042406244776477)	(2.0, 0.00044062270281446456)	(3.0, 0.0007170918496784423)	(4.0, 0.001047867436104987)	(5.0, 0.0013749403107431752)	(6.0, 0.0016464725085560102)	(7.0, 0.001898256910164276)	(8.0, 0.002205581988597894)	(9.0, 0.002432681644950447)	(10.0, 0.002661015538565786)	(11.0, 0.002923908075539122)	(12.0, 0.0032435755266005963)	(13.0, 0.0036224863662757795)	(14.0, 0.004018676527629962)	(15.0, 0.004529650754423208)	(16.0, 0.005303517518189788)	(17.0, 0.0064883852904639785)	(18.0, 0.008243470678145123)	(19.0, 0.010760080456964992)	(20.0, 0.015389704429673832)	(21.0, 0.022298964626747703)	(22.0, 0.03171249223001359)	(23.0, 0.044832434333424674)	(24.0, 0.06257829769775625)	(25.0, 0.08750125074518618)	(26.0, 0.12559968657285253)	(27.0, 0.18079971391367639)	(28.0, 0.24865437590984113)	(29.0, 0.3412197021442367)	(30.0, 0.4617812322103984)	(31.0, 0.6168285856360528)	(32.0, 0.797612254465313)	(33.0, 0.9868158899012967)	(34.0, 1.177368546665505)	(35.0, 1.3697639196630522)	(36.0, 1.5940939475979146)	(37.0, 1.826867392647493)	(38.0, 2.0140925457512315)	(39.0, 2.178643526100335)	(40.0, 2.323949044810823)	(41.0, 2.4626896555205535)	(42.0, 2.6284304405909826)	(43.0, 2.779156729359625)	(44.0, 2.9457404984805367)	(45.0, 3.1830991349613638)	(46.0, 3.378552947896094)	(47.0, 3.518194551807658)	(48.0, 3.694639876658227)	(49.0, 3.8479580636787194)	(50.0, 3.9645095568780904)	(51.0, 4.085364835412795)	(52.0, 4.184725872016088)	(53.0, 4.247241223613442)	(54.0, 4.236702071626516)	(55.0, 4.162584889758977)	(56.0, 4.019844116080558)	(57.0, 3.7931443526011472)	(58.0, 3.5261652560507275)	(59.0, 3.1965214651941576)	(60.0, 2.8201457488567354)	(61.0, 2.456886271910936)	(62.0, 2.0946746624012413)	(63.0, 1.7155663447640117)	(64.0, 1.3743602192296658)	(65.0, 1.0953250930963567)	(66.0, 0.8672010198156915)	(67.0, 0.69248239289576)	(68.0, 0.5447392555912707)	(69.0, 0.42664866852520583)	(70.0, 0.34110121536700927)	(71.0, 0.2666149965578974)	(72.0, 0.21246036817865296)	(73.0, 0.16473858441304717)	(74.0, 0.12383966423612025)	(75.0, 0.09526830583989605)	(76.0, 0.07241887139394595)	(77.0, 0.055362946659511546)	(78.0, 0.03879084293208909)	(79.0, 0.024942700843634494)	(80.0, 0.01628329220793062)	(81.0, 0.012937274988518817)	(82.0, 0.0104675662256848)	(83.0, 0.006967269348424797)	(84.0, 0.0048320388838056835)	(85.0, 0.003807621955693622)	(86.0, 0.003168287053570674)	(87.0, 0.0028165294336767732)	(88.0, 0.002528952151447725)	(89.0, 0.00214757283724697)	(90.0, 0.0019821850440336977)	(91.0, 0.0018698694531202066)	(92.0, 0.0016390670849792967)	(93.0, 0.0014884901389194518)	(94.0, 0.001413201665889529)	(95.0, 0.001330507769282893)	(96.0, 0.0013342104810712498)	(97.0, 0.0014243098012545997)	(98.0, 0.0015403281039564475)	(99.0, 0.002122888091991258)	(100.0, 0.006650070371888894)
qc_bundle_trimmed | SRR30333765_1	(0.0, 9.166469515313881e-05)	(1.0, 7.556143789650633e-05)	(2.0, 6.069689273653787e-05)	(3.0, 7.680014999317036e-05)	(4.0, 0.00011767764918308362)	(5.0, 0.000130064770149724)	(6.0, 0.00011272280079642746)	(7.0, 0.00010652924031310727)	(8.0, 0.00011767764918308362)	(9.0, 0.00014245189111636438)	(10.0, 0.00018332939030627762)	(11.0, 0.0002502198435261357)	(12.0, 0.0003282587056159701)	(13.0, 0.00045212991528237393)	(14.0, 0.0007432272579984228)	(15.0, 0.001237473384567374)	(16.0, 0.0020599782167522954)	(17.0, 0.003195877209393218)	(18.0, 0.0048309771769897486)	(19.0, 0.007684969847703692)	(20.0, 0.012623714977103212)	(21.0, 0.020607214440102935)	(22.0, 0.031030976733530818)	(23.0, 0.04622378059911524)	(24.0, 0.06880550212130067)	(25.0, 0.10084974534990267)	(26.0, 0.1438491583614014)	(27.0, 0.20013871345800865)	(28.0, 0.2741777741877149)	(29.0, 0.3731397223023015)	(30.0, 0.48998247953223356)	(31.0, 0.6163509327855121)	(32.0, 0.7721103079563382)	(33.0, 0.9583754459317096)	(34.0, 1.1571899761583844)	(35.0, 1.3469259854286084)	(36.0, 1.5757235419550362)	(37.0, 1.8248471252756242)	(38.0, 2.014575702273268)	(39.0, 2.1853371196467926)	(40.0, 2.3437299967351266)	(41.0, 2.5002573734058844)	(42.0, 2.6667142662435013)	(43.0, 2.8326967323480954)	(44.0, 3.0131337299086627)	(45.0, 3.222101983191693)	(46.0, 3.4092552777403724)	(47.0, 3.5644398904983463)	(48.0, 3.750094343410062)	(49.0, 3.92213535037944)	(50.0, 4.039964122438318)	(51.0, 4.1518644184025595)	(52.0, 4.258471697577757)	(53.0, 4.3104406248812)	(54.0, 4.286392268236564)	(55.0, 4.2131435058245295)	(56.0, 4.075890489377864)	(57.0, 3.83902272354167)	(58.0, 3.5518285626422097)	(59.0, 3.2201262373975137)	(60.0, 2.8380442524693943)	(61.0, 2.4326744801239912)	(62.0, 2.0265255578697863)	(63.0, 1.66050595269911)	(64.0, 1.3262023320514191)	(65.0, 1.018075175430433)	(66.0, 0.7736463109562016)	(67.0, 0.6002984627248428)	(68.0, 0.464315126177258)	(69.0, 0.3526006370275151)	(70.0, 0.2699413788171238)	(71.0, 0.2044766832205261)	(72.0, 0.16427304341119808)	(73.0, 0.13295220804704785)	(74.0, 0.09476519153108891)	(75.0, 0.06636028444248585)	(76.0, 0.05227241176712574)	(77.0, 0.04038820791173096)	(78.0, 0.025656204946105557)	(79.0, 0.015101139170431288)	(80.0, 0.010257774872474899)	(81.0, 0.008174261125885988)	(82.0, 0.006659316231665868)	(83.0, 0.0038969882561050635)	(84.0, 0.001882842386929338)	(85.0, 0.0011173183111909623)	(86.0, 0.0006540399870386121)	(87.0, 0.00041125241609246064)	(88.0, 0.00029109734271604893)	(89.0, 0.0002105810564328865)	(90.0, 0.00016846484514630917)	(91.0, 0.00013749704272970824)	(92.0, 0.00011272280079642746)	(93.0, 9.538083144313094e-05)	(94.0, 6.812916531652209e-05)	(95.0, 4.335492338324133e-05)	(96.0, 4.335492338324133e-05)	(97.0, 5.2025908059889595e-05)	(98.0, 4.5832347576569405e-05)	(99.0, 2.725166612660884e-05)	(100.0, 8.670984676648267e-06)
qc_bundle_trimmed | SRR30333765_2	(0.0, 0.00018333831092718259)	(1.0, 0.0002254565715455894)	(2.0, 0.0003939296140192167)	(3.0, 0.0007061002515438789)	(4.0, 0.00108640336948067)	(5.0, 0.0013849475109229065)	(6.0, 0.0016921630589630504)	(7.0, 0.0019783194766939904)	(8.0, 0.0021765230560747287)	(9.0, 0.00242799384741404)	(10.0, 0.002756268525763387)	(11.0, 0.0030833044317416045)	(12.0, 0.0034227280614311183)	(13.0, 0.0037708230977185394)	(14.0, 0.0041783792078201815)	(15.0, 0.0047469757261686734)	(16.0, 0.0057020692243096045)	(17.0, 0.006986676173171012)	(18.0, 0.008620616930690972)	(19.0, 0.011307514203671098)	(20.0, 0.016381525835817992)	(21.0, 0.02378814584280194)	(22.0, 0.034711640611422866)	(23.0, 0.05037467847198568)	(24.0, 0.07179057522407441)	(25.0, 0.10168339131180308)	(26.0, 0.14512961591206083)	(27.0, 0.206614843780708)	(28.0, 0.28259866348105617)	(29.0, 0.3812098993124578)	(30.0, 0.5051899545322228)	(31.0, 0.658141179195596)	(32.0, 0.8334026942630135)	(33.0, 1.0136837149782483)	(34.0, 1.1919232388258614)	(35.0, 1.3780983384829308)	(36.0, 1.59922292304668)	(37.0, 1.823749176541551)	(38.0, 2.0057582847145117)	(39.0, 2.1723384830050527)	(40.0, 2.3180143975327816)	(41.0, 2.457433272813935)	(42.0, 2.6293129393081687)	(43.0, 2.7870012295187414)	(44.0, 2.955551075879379)	(45.0, 3.180352336840641)	(46.0, 3.368582559861414)	(47.0, 3.5069038828217463)	(48.0, 3.674063826581976)	(49.0, 3.826395665059785)	(50.0, 3.94706448173152)	(51.0, 4.067937695844492)	(52.0, 4.160254729258185)	(53.0, 4.206656664735958)	(54.0, 4.184610232846964)	(55.0, 4.114080727896699)	(56.0, 3.9816869307322222)	(57.0, 3.766212386953195)	(58.0, 3.498590481439096)	(59.0, 3.1599286967578264)	(60.0, 2.784127277617721)	(61.0, 2.4304676758391857)	(62.0, 2.0764426362111674)	(63.0, 1.7031361046265163)	(64.0, 1.3674238369609069)	(65.0, 1.091995187963949)	(66.0, 0.8689207756880417)	(67.0, 0.6989971307678218)	(68.0, 0.5552636113180239)	(69.0, 0.43914356679307637)	(70.0, 0.35321612126967084)	(71.0, 0.2824710699268298)	(72.0, 0.22986907873155307)	(73.0, 0.18204379379935215)	(74.0, 0.13980165594383237)	(75.0, 0.10823649715507873)	(76.0, 0.083532898530012)	(77.0, 0.06485716626286198)	(78.0, 0.04693460759735874)	(79.0, 0.03129882272896078)	(80.0, 0.020681304736008876)	(81.0, 0.015578801339326001)	(82.0, 0.012182087497688605)	(83.0, 0.00823659749564079)	(84.0, 0.00568348763874266)	(85.0, 0.004359239974005105)	(86.0, 0.003669243763285911)	(87.0, 0.003126661464731141)	(88.0, 0.0027959092416395344)	(89.0, 0.0025989444346299264)	(90.0, 0.0023462348709194854)	(91.0, 0.002088570217724526)	(92.0, 0.001938678760817843)	(93.0, 0.0018569197843232887)	(94.0, 0.0018259504750450484)	(95.0, 0.0017937423933956785)	(96.0, 0.0017689669459730862)	(97.0, 0.001890366638343788)	(98.0, 0.002187672007414895)	(99.0, 0.0031514369121537337)	(100.0, 0.008803955241618155)
qc_bundle_trimmed | SRR30333766_1	(0.0, 8.44167866912315e-05)	(1.0, 7.219856756486905e-05)	(2.0, 8.219529230462016e-05)	(3.0, 0.00010663173055734506)	(4.0, 0.00010774247775065073)	(5.0, 0.00011662845529709615)	(6.0, 0.0001288466744234586)	(7.0, 0.00015328311267618353)	(8.0, 0.00016772282618915735)	(9.0, 0.0001799410453155198)	(10.0, 0.00022437093304774692)	(11.0, 0.00028546202867955916)	(12.0, 0.00039653674801012694)	(13.0, 0.000603135725964983)	(14.0, 0.0009063697097374331)	(15.0, 0.0013817695084722631)	(16.0, 0.002125970127987067)	(17.0, 0.0033766714676492604)	(18.0, 0.005134984274652148)	(19.0, 0.0076996995439949575)	(20.0, 0.012591430183313162)	(21.0, 0.020281133002568372)	(22.0, 0.029788018230071666)	(23.0, 0.04418108036092664)	(24.0, 0.06491650896555703)	(25.0, 0.094371303037637)	(26.0, 0.13329299543826126)	(27.0, 0.1849305217078489)	(28.0, 0.2566781259122358)	(29.0, 0.3560489020669417)	(30.0, 0.4759051887077841)	(31.0, 0.6044386324227305)	(32.0, 0.7697033750731024)	(33.0, 0.9719515562717801)	(34.0, 1.1873221048121712)	(35.0, 1.3908276518336709)	(36.0, 1.6379477981475112)	(37.0, 1.9060255225046434)	(38.0, 2.0947225879449918)	(39.0, 2.2553755082487585)	(40.0, 2.397956571717442)	(41.0, 2.5418938575091516)	(42.0, 2.6944261050826603)	(43.0, 2.8463341127335315)	(44.0, 3.0314023670933503)	(45.0, 3.2421444320792365)	(46.0, 3.418285611246458)	(47.0, 3.5658550403602765)	(48.0, 3.7547753659864798)	(49.0, 3.919342559399455)	(50.0, 4.025568867231244)	(51.0, 4.135121862906983)	(52.0, 4.234774768848788)	(53.0, 4.283228893662362)	(54.0, 4.259493336888613)	(55.0, 4.187496925312926)	(56.0, 4.04916891284741)	(57.0, 3.807965716832309)	(58.0, 3.52275249552405)	(59.0, 3.1996794561319675)	(60.0, 2.8183699413948675)	(61.0, 2.408011055311245)	(62.0, 2.006304889863473)	(63.0, 1.6471192377226365)	(64.0, 1.3167130453603495)	(65.0, 1.0086561972745662)	(66.0, 0.7633887772791597)	(67.0, 0.5866855600321259)	(68.0, 0.44603053219663463)	(69.0, 0.33580997745771896)	(70.0, 0.2574978573408954)	(71.0, 0.19415972013702576)	(72.0, 0.15432166130192432)	(73.0, 0.12558329916952654)	(74.0, 0.08919633186402584)	(75.0, 0.06140099409874456)	(76.0, 0.04839414446513507)	(77.0, 0.036910129233547674)	(78.0, 0.022761431485219946)	(79.0, 0.012788032436528268)	(80.0, 0.008463893612989264)	(81.0, 0.006898850817621564)	(82.0, 0.005474872915803686)	(83.0, 0.0030934309333563123)	(84.0, 0.0014250886490111846)	(85.0, 0.0008230636702395072)	(86.0, 0.0004087549671364894)	(87.0, 0.00023214616340088665)	(88.0, 0.0001854947812820482)	(89.0, 0.00014106489354982107)	(90.0, 9.441351143098261e-05)	(91.0, 6.220184282511795e-05)	(92.0, 5.9980348438506596e-05)	(93.0, 5.664810685858957e-05)	(94.0, 3.443316299247601e-05)	(95.0, 2.443643825272491e-05)	(96.0, 1.99934494795022e-05)	(97.0, 2.5547185446030586e-05)	(98.0, 3.5543910185781686e-05)	(99.0, 2.5547185446030586e-05)	(100.0, 9.9967247397511e-06)
qc_bundle_trimmed | SRR30333766_2	(0.0, 0.000388783519915358)	(1.0, 0.00044765645293111226)	(2.0, 0.0007131400565304568)	(3.0, 0.0013318612582243266)	(4.0, 0.0019194797783249678)	(5.0, 0.002459333465978865)	(6.0, 0.003002519583803465)	(7.0, 0.003390192293661922)	(8.0, 0.00386561899801556)	(9.0, 0.0044410186074902895)	(10.0, 0.004893118300649007)	(11.0, 0.005151937043906945)	(12.0, 0.005605147547122562)	(13.0, 0.006010593217891436)	(14.0, 0.006490463162472678)	(15.0, 0.00713362218541837)	(16.0, 0.00800338645997187)	(17.0, 0.009377458500358437)	(18.0, 0.011146978921001766)	(19.0, 0.013765158225117476)	(20.0, 0.018576076581555807)	(21.0, 0.02550642052656129)	(22.0, 0.03529932198820071)	(23.0, 0.04939772323038849)	(24.0, 0.06810709701877242)	(25.0, 0.09427667114930362)	(26.0, 0.13386038752697157)	(27.0, 0.1909882379433343)	(28.0, 0.2612658578132913)	(29.0, 0.358650575501804)	(30.0, 0.48631264291126786)	(31.0, 0.6525464787365628)	(32.0, 0.8480557136114844)	(33.0, 1.042193098066133)	(34.0, 1.231736172125439)	(35.0, 1.4333926298552508)	(36.0, 1.6715714114459113)	(37.0, 1.9045304965791938)	(38.0, 2.0803172988938377)	(39.0, 2.2349576101552566)	(40.0, 2.3734945080217815)	(41.0, 2.5039147168025306)	(42.0, 2.659671392171135)	(43.0, 2.802059468504936)	(44.0, 2.962402678598485)	(45.0, 3.1902953590622416)	(46.0, 3.3751063822791494)	(47.0, 3.502799552370207)	(48.0, 3.6663019062655815)	(49.0, 3.8141562788893926)	(50.0, 3.9263092162844044)	(51.0, 4.041045897871768)	(52.0, 4.132932105778621)	(53.0, 4.187067433901692)	(54.0, 4.168675751789581)	(55.0, 4.087160066573957)	(56.0, 3.9500338974796962)	(57.0, 3.732328456047779)	(58.0, 3.4709137496868623)	(59.0, 3.1487766115654523)	(60.0, 2.776760769459015)	(61.0, 2.412138479091311)	(62.0, 2.0544265380875886)	(63.0, 1.6905807039496585)	(64.0, 1.3599336499823291)	(65.0, 1.0825466058132334)	(66.0, 0.8558224975293363)	(67.0, 0.6829149148821799)	(68.0, 0.5388661775133122)	(69.0, 0.42495593860828296)	(70.0, 0.34011226646218284)	(71.0, 0.26915260921728856)	(72.0, 0.21644689363744885)	(73.0, 0.16827661551993597)	(74.0, 0.127379921655011)	(75.0, 0.09827780897426111)	(76.0, 0.07449536565601021)	(77.0, 0.0568968019245273)	(78.0, 0.040169113277654794)	(79.0, 0.025823001392778083)	(80.0, 0.016869872334155836)	(81.0, 0.01288761828016567)	(82.0, 0.009943971629377957)	(83.0, 0.00660154416816278)	(84.0, 0.0043254943615725835)	(85.0, 0.0031691410923386184)	(86.0, 0.0027636954215697453)	(87.0, 0.0024393388849546466)	(88.0, 0.0020927661472015273)	(89.0, 0.0018806014263334319)	(90.0, 0.001742860979277705)	(91.0, 0.001587347571311562)	(92.0, 0.0014829314259628657)	(93.0, 0.0014107287722642991)	(94.0, 0.0013318612582243266)	(95.0, 0.0013185315375415143)	(96.0, 0.0014073963420935963)	(97.0, 0.0015573556997752341)	(98.0, 0.0018083987726348655)	(99.0, 0.002611514443774305)	(100.0, 0.008265537633400512)
qc_bundle_trimmed | SRR30333767_1	(0.0, 6.892888739791215e-05)	(1.0, 6.417517102564235e-05)	(2.0, 6.77404583048447e-05)	(3.0, 9.032061107312628e-05)	(4.0, 9.745118563153099e-05)	(5.0, 9.626275653846354e-05)	(6.0, 0.00011052390565527294)	(7.0, 0.0001188429093067451)	(8.0, 0.0001140891929344753)	(9.0, 0.00014142306207502666)	(10.0, 0.00018182965123932)	(11.0, 0.00027215026231244626)	(12.0, 0.00044684933899336157)	(13.0, 0.0006358095647910863)	(14.0, 0.0008461615142640251)	(15.0, 0.0013108372896533985)	(16.0, 0.0021118384983808604)	(17.0, 0.0032063816930959833)	(18.0, 0.004809572539643974)	(19.0, 0.0072731860495728)	(20.0, 0.011909247941628927)	(21.0, 0.01917649184573639)	(22.0, 0.027979186138087)	(23.0, 0.04145716048256496)	(24.0, 0.0609200637397306)	(25.0, 0.08838584850961247)	(26.0, 0.12417539064733876)	(27.0, 0.17027574359651823)	(28.0, 0.2336724935662014)	(29.0, 0.3215283027003058)	(30.0, 0.4300271251809918)	(31.0, 0.5485503470617018)	(32.0, 0.7014239234484333)	(33.0, 0.8907846498505219)	(34.0, 1.0967679339773446)	(35.0, 1.2948041927588254)	(36.0, 1.5340729989242816)	(37.0, 1.8009704046453696)	(38.0, 2.0047408338009007)	(39.0, 2.184975613197324)	(40.0, 2.3434229220305425)	(41.0, 2.496931119552972)	(42.0, 2.665243578287743)	(43.0, 2.8356369763644746)	(44.0, 3.0180953065940272)	(45.0, 3.230757562223889)	(46.0, 3.4258263135599805)	(47.0, 3.5851150301910906)	(48.0, 3.7788586830884117)	(49.0, 3.954731927713277)	(50.0, 4.075977840646205)	(51.0, 4.198881612163961)	(52.0, 4.3106581220833275)	(53.0, 4.363477853124711)	(54.0, 4.339656980383266)	(55.0, 4.269729812547177)	(56.0, 4.1287749915348195)	(57.0, 3.880796188546272)	(58.0, 3.594629593510188)	(59.0, 3.2680778010334866)	(60.0, 2.875782111128293)	(61.0, 2.453277742106418)	(62.0, 2.047519527434957)	(63.0, 1.6886163181867728)	(64.0, 1.3467539937040829)	(65.0, 1.0257462229465406)	(66.0, 0.7748355653853959)	(67.0, 0.5926790961454823)	(68.0, 0.4515376917655127)	(69.0, 0.34237810270908114)	(70.0, 0.26253111723315836)	(71.0, 0.19824185701458152)	(72.0, 0.15478100508110482)	(73.0, 0.12231074540031593)	(74.0, 0.08757058615176819)	(75.0, 0.061789993835855976)	(76.0, 0.04637606849877114)	(77.0, 0.03378109697044229)	(78.0, 0.02183381929783521)	(79.0, 0.013079850598300365)	(80.0, 0.008286916065959335)	(81.0, 0.005933826461685783)	(82.0, 0.004255764582274542)	(83.0, 0.002430337495322937)	(84.0, 0.0011848638057882486)	(85.0, 0.00066670872121084)	(86.0, 0.000474183208133913)	(87.0, 0.0003220642842212792)	(88.0, 0.00023412053133428783)	(89.0, 0.00018301808033238746)	(90.0, 0.0001259734838651498)	(91.0, 8.675532379392392e-05)	(92.0, 7.962474923551922e-05)	(93.0, 7.605946195631687e-05)	(94.0, 5.704459646723765e-05)	(95.0, 3.565287279202353e-05)	(96.0, 4.040658916429333e-05)	(97.0, 5.3479309188035296e-05)	(98.0, 5.704459646723765e-05)	(99.0, 3.921816007122588e-05)	(100.0, 1.188429093067451e-05)
qc_bundle_trimmed | SRR30333767_2	(0.0, 0.0002448313196591159)	(1.0, 0.00030782190190150975)	(2.0, 0.0005681037417332883)	(3.0, 0.0008866221576004877)	(4.0, 0.001234853112261269)	(5.0, 0.001591403577784253)	(6.0, 0.00189090596882356)	(7.0, 0.002182088849000664)	(8.0, 0.002407904143831887)	(9.0, 0.0026883905100433016)	(10.0, 0.003052071984876745)	(11.0, 0.0034383349891933123)	(12.0, 0.0038471795229930005)	(13.0, 0.004270286075413608)	(14.0, 0.004711220151110366)	(15.0, 0.005230595329222179)	(16.0, 0.006082750941822112)	(17.0, 0.007249859465634014)	(18.0, 0.008868598579108364)	(19.0, 0.011559366092255151)	(20.0, 0.016127966057156322)	(21.0, 0.02265165107467519)	(22.0, 0.032116877432758685)	(23.0, 0.044931301163654735)	(24.0, 0.062049289013413216)	(25.0, 0.08551744065413605)	(26.0, 0.12088011582470563)	(27.0, 0.1732977882627913)	(28.0, 0.23629906701915088)	(29.0, 0.3226841138060595)	(30.0, 0.4385701461103399)	(31.0, 0.5867857976251409)	(32.0, 0.7630203732222899)	(33.0, 0.9502378916590984)	(34.0, 1.1386997712205824)	(35.0, 1.3378486567353416)	(36.0, 1.577543272687823)	(37.0, 1.8172034220953042)	(38.0, 2.006415246135938)	(39.0, 2.1772350086633443)	(40.0, 2.3256729099683215)	(41.0, 2.4695172527758107)	(42.0, 2.6415124433378914)	(43.0, 2.8026280906953143)	(44.0, 2.972501805987533)	(45.0, 3.1969776595699417)	(46.0, 3.3918705210279088)	(47.0, 3.535883631055745)	(48.0, 3.7021027040763537)	(49.0, 3.85916437264078)	(50.0, 3.9900124509799566)	(51.0, 4.111744722417262)	(52.0, 4.204254117700304)	(53.0, 4.259967504941374)	(54.0, 4.2479184762098)	(55.0, 4.168605013655764)	(56.0, 4.025140991344832)	(57.0, 3.8038859769676483)	(58.0, 3.5360951843319555)	(59.0, 3.198913728597731)	(60.0, 2.8181641829797024)	(61.0, 2.4499913607822204)	(62.0, 2.086945734278959)	(63.0, 1.7153916251667674)	(64.0, 1.3753078486431864)	(65.0, 1.0938944512214124)	(66.0, 0.866032556718087)	(67.0, 0.6891383627597206)	(68.0, 0.5423251430759766)	(69.0, 0.4265555839237671)	(70.0, 0.33807996290734194)	(71.0, 0.26773968706896767)	(72.0, 0.21568450760416366)	(73.0, 0.16847603746736878)	(74.0, 0.12800399412585484)	(75.0, 0.09769601605484944)	(76.0, 0.07388201046256931)	(77.0, 0.05521302808778586)	(78.0, 0.03915756062528588)	(79.0, 0.026836365038363282)	(80.0, 0.017939242422013085)	(81.0, 0.012775203179688527)	(82.0, 0.00960309253808571)	(83.0, 0.006760196826315782)	(84.0, 0.004878798869906169)	(85.0, 0.003981480198339991)	(86.0, 0.0035726356645403028)	(87.0, 0.003164979632292357)	(88.0, 0.0029439183436681072)	(89.0, 0.002605195401421272)	(90.0, 0.0023318400445203175)	(91.0, 0.0021559418148623115)	(92.0, 0.0020442226689984435)	(93.0, 0.0019420115355485211)	(94.0, 0.0018683244393404375)	(95.0, 0.0018243498819259364)	(96.0, 0.0018112763648567602)	(97.0, 0.001903979485892736)	(98.0, 0.0021452453008966223)	(99.0, 0.0030817845236703273)	(100.0, 0.009352318710667877)
qc_bundle_trimmed | SRR30333768_1	(0.0, 0.00012531530656582318)	(1.0, 8.916666044106651e-05)	(2.0, 6.265765328291159e-05)	(3.0, 6.988738250786294e-05)	(4.0, 0.00010121620914931873)	(5.0, 0.00011567566759922141)	(6.0, 0.00010242116402014396)	(7.0, 0.00011326575785757096)	(8.0, 0.00012411035169499797)	(9.0, 0.00013013512604912407)	(10.0, 0.00017230854652800688)	(11.0, 0.00027954953003145176)	(12.0, 0.00037112610021416867)	(13.0, 0.0004904166324258657)	(14.0, 0.0007627364332323661)	(15.0, 0.0011639864052171655)	(16.0, 0.001876114733874872)	(17.0, 0.0029304502458469424)	(18.0, 0.004324583031391726)	(19.0, 0.006471812611202272)	(20.0, 0.010242116402014396)	(21.0, 0.01641751011499366)	(22.0, 0.0240533091314131)	(23.0, 0.03466775658851249)	(24.0, 0.05062135907823844)	(25.0, 0.072527438629841)	(26.0, 0.09937503810669779)	(27.0, 0.13741546337865007)	(28.0, 0.18939962641579183)	(29.0, 0.266531197607056)	(30.0, 0.3693909652001804)	(31.0, 0.4822169145299001)	(32.0, 0.6333989873077284)	(33.0, 0.8295800997365245)	(34.0, 1.0547464015830215)	(35.0, 1.2761496293679313)	(36.0, 1.5443834282074633)	(37.0, 1.8394130134644069)	(38.0, 2.0541648903623613)	(39.0, 2.2303774906718417)	(40.0, 2.3847647434060653)	(41.0, 2.5399798001365452)	(42.0, 2.7075926375329464)	(43.0, 2.882209877593455)	(44.0, 3.0850242665861436)	(45.0, 3.3047863458369893)	(46.0, 3.4801699371953423)	(47.0, 3.634654791274102)	(48.0, 3.831078099631934)	(49.0, 4.00299021600744)	(50.0, 4.116966897238798)	(51.0, 4.232941393645984)	(52.0, 4.3408029289079035)	(53.0, 4.380931540970996)	(54.0, 4.341733154068181)	(55.0, 4.260805975033817)	(56.0, 4.1062813574443195)	(57.0, 3.850787546454023)	(58.0, 3.559272814555276)	(59.0, 3.2290814412127826)	(60.0, 2.8382796329129083)	(61.0, 2.416451441644156)	(62.0, 2.008312742662849)	(63.0, 1.6503447496380916)	(64.0, 1.3187050205408657)	(65.0, 1.0042792767282487)	(66.0, 0.7602590460179495)	(67.0, 0.5896940691880267)	(68.0, 0.453282333216774)	(69.0, 0.3428277350728383)	(70.0, 0.26385740274869485)	(71.0, 0.20188175392267033)	(72.0, 0.1659548194941455)	(73.0, 0.13722387555418886)	(74.0, 0.09781221163923748)	(75.0, 0.06923550192274648)	(76.0, 0.05639791272897456)	(77.0, 0.04331692265129594)	(78.0, 0.026093297727720205)	(79.0, 0.014342577827432628)	(80.0, 0.009856530843350324)	(81.0, 0.008256350774894427)	(82.0, 0.006470607656331447)	(83.0, 0.0036642677621795032)	(84.0, 0.0017038061873468654)	(85.0, 0.0009470945284686253)	(86.0, 0.0006229616682166402)	(87.0, 0.00045185807655945867)	(88.0, 0.0003554616868934408)	(89.0, 0.00027111484593567517)	(90.0, 0.00022291665110266625)	(91.0, 0.00017833332088213301)	(92.0, 0.00013134008091994932)	(93.0, 0.0001108558481159205)	(94.0, 9.760134453684306e-05)	(95.0, 6.627251789538727e-05)	(96.0, 5.7837833799610704e-05)	(97.0, 5.663287892878548e-05)	(98.0, 6.145269841208638e-05)	(99.0, 4.819819483300892e-05)	(100.0, 1.0844593837427008e-05)
qc_bundle_trimmed | SRR30333768_2	(0.0, 0.0001084494548842375)	(1.0, 0.000210873940052684)	(2.0, 0.0005193523895011818)	(3.0, 0.0009013354694823295)	(4.0, 0.0012495787190550476)	(5.0, 0.0016399967566383025)	(6.0, 0.0020364397639373484)	(7.0, 0.0022979234496026766)	(8.0, 0.0025268722988027337)	(9.0, 0.00283655574219439)	(10.0, 0.0031112943612344583)	(11.0, 0.0034233877925124306)	(12.0, 0.003806575866436736)	(13.0, 0.0040704695399883814)	(14.0, 0.004441607674481104)	(15.0, 0.00499831487622019)	(16.0, 0.005786380915045649)	(17.0, 0.006835930639536437)	(18.0, 0.008180703880100983)	(19.0, 0.010240038528958335)	(20.0, 0.014164703801824576)	(21.0, 0.01954741174591223)	(22.0, 0.026442387088663418)	(23.0, 0.03629562256186797)	(24.0, 0.049730100034138684)	(25.0, 0.06833882149833068)	(26.0, 0.09635613567070185)	(27.0, 0.1374054593383289)	(28.0, 0.19055774217103685)	(29.0, 0.2692715615199596)	(30.0, 0.38161676182242754)	(31.0, 0.5302407147715593)	(32.0, 0.7158170119815801)	(33.0, 0.9214251285026629)	(34.0, 1.1217047618070999)	(35.0, 1.337772225754796)	(36.0, 1.6074330003183954)	(37.0, 1.869587867610063)	(38.0, 2.0675719874527836)	(39.0, 2.240042770537016)	(40.0, 2.388199185836202)	(41.0, 2.5247623544082636)	(42.0, 2.686072483590965)	(43.0, 2.8396646265677377)	(44.0, 3.01738918324414)	(45.0, 3.255528521248664)	(46.0, 3.4371162885068314)	(47.0, 3.565943395963817)	(48.0, 3.733620713142166)	(49.0, 3.8836713789199973)	(50.0, 3.9990109891712136)	(51.0, 4.119082610637212)	(52.0, 4.21110679308226)	(53.0, 4.263072156880957)	(54.0, 4.24902072250979)	(55.0, 4.156465137735808)	(56.0, 3.9904579421626765)	(57.0, 3.7574856181864145)	(58.0, 3.4923315209702266)	(59.0, 3.167104860705773)	(60.0, 2.7882174101645987)	(61.0, 2.4166261979492476)	(62.0, 2.055776301743208)	(63.0, 1.6877386166662303)	(64.0, 1.353044318990383)	(65.0, 1.074499124083878)	(66.0, 0.8528826630279384)	(67.0, 0.6826844985205024)	(68.0, 0.5403132591424187)	(69.0, 0.4302021176105659)	(70.0, 0.3489493760234089)	(71.0, 0.2789295879743725)	(72.0, 0.22712087338828596)	(73.0, 0.17853069762437493)	(74.0, 0.13695238161570142)	(75.0, 0.10768066874850257)	(76.0, 0.08281802871931954)	(77.0, 0.06314891258514833)	(78.0, 0.04496073400711855)	(79.0, 0.02979588523247267)	(80.0, 0.019655861200796466)	(81.0, 0.015110624047203758)	(82.0, 0.012077654292274581)	(83.0, 0.008636191590614779)	(84.0, 0.0060924493766078315)	(85.0, 0.004728396232952755)	(86.0, 0.004125899261373658)	(87.0, 0.0037246362783019786)	(88.0, 0.003371573052956628)	(89.0, 0.003042609706474441)	(90.0, 0.0027847410026385876)	(91.0, 0.0025148223593711517)	(92.0, 0.0022870785041142526)	(93.0, 0.0021786290492300155)	(94.0, 0.002054514673084721)	(95.0, 0.001983420030438388)	(96.0, 0.0020159548669036595)	(97.0, 0.0020484897033689305)	(98.0, 0.002334073267897423)	(99.0, 0.003135394240097622)	(100.0, 0.00757459192669241)
