Sample	0	1	2	3	4	5	6	7	8	9	10	11	12	13	14	15	16	17	18	19	20	21	22	23	24	25	26	27	28	29	30	31	32	33	34	35	36	37	38	39	40	41	42	43	44	45	46	47	48	49	50	51	52	53	54	55	56	57	58	59	60	61	62	63	64	65	66	67	68	69	70	71	72	73	74	75	76	77	78	79	80	81	82	83	84	85	86	87	88	89	90	91	92	93	94	95	96	97	98	99	100
fastp | SRR30333743_1	(0.0, 0.00012943479898457188)	(1.0, 8.393037746655833e-05)	(2.0, 3.539232784734387e-05)	(3.0, 2.5280234176674192e-05)	(4.0, 1.820176860720542e-05)	(5.0, 2.8313862277875097e-05)	(6.0, 3.235869974614297e-05)	(7.0, 2.5280234176674192e-05)	(8.0, 1.719055924013845e-05)	(9.0, 9.10088430360271e-06)	(10.0, 2.4269024809607223e-05)	(11.0, 4.0448374682678705e-05)	(12.0, 4.8538049619214447e-05)	(13.0, 7.685191189708955e-05)	(14.0, 0.0001375244739211076)	(15.0, 0.00023460057315953653)	(16.0, 0.0004509993777118676)	(17.0, 0.0008959314992213334)	(18.0, 0.0015370382379417912)	(19.0, 0.002545213976907558)	(20.0, 0.004181350732821911)	(21.0, 0.00699655761073635)	(22.0, 0.010947352607866993)	(23.0, 0.016413950446231017)	(24.0, 0.0240738614017633)	(25.0, 0.033934163940033304)	(26.0, 0.04608991174154532)	(27.0, 0.06228038491765454)	(28.0, 0.08154088973217907)	(29.0, 0.10449938720206751)	(30.0, 0.1348518475639496)	(31.0, 0.1706324798082472)	(32.0, 0.21296574875113872)	(33.0, 0.2650238181771133)	(34.0, 0.33796639466112194)	(35.0, 0.42330336435727045)	(36.0, 0.5240339742482794)	(37.0, 0.6416467245224713)	(38.0, 0.767862844091669)	(39.0, 0.9199295199205667)	(40.0, 1.0968729573886788)	(41.0, 1.2972713961259092)	(42.0, 1.5499089107658193)	(43.0, 1.8669715853909328)	(44.0, 2.2200434255773014)	(45.0, 2.603777156191874)	(46.0, 2.966638514260818)	(47.0, 3.3003042354838037)	(48.0, 3.6481552017080054)	(49.0, 3.9676154537424346)	(50.0, 4.238012838496142)	(51.0, 4.528873056001816)	(52.0, 4.8249116766762405)	(53.0, 5.023391851244146)	(54.0, 5.123291247035425)	(55.0, 5.172321755616402)	(56.0, 5.110375069789878)	(57.0, 4.9193586315602955)	(58.0, 4.663548953135897)	(59.0, 4.324218437038601)	(60.0, 3.8916968880911478)	(61.0, 3.408673520933637)	(62.0, 2.9243153574115968)	(63.0, 2.463101753882986)	(64.0, 2.008114166427406)	(65.0, 1.5800500283699843)	(66.0, 1.236154913189749)	(67.0, 0.9920267253737073)	(68.0, 0.8018526245468911)	(69.0, 0.6440564364441919)	(70.0, 0.5255356201583737)	(71.0, 0.43146887999633615)	(72.0, 0.3696940997622151)	(73.0, 0.31740951943801754)	(74.0, 0.25939947167748684)	(75.0, 0.21675980629637398)	(76.0, 0.18819718651420042)	(77.0, 0.14906338400870878)	(78.0, 0.10298257315146706)	(79.0, 0.07256842901819387)	(80.0, 0.05632537295499716)	(81.0, 0.044763205051953456)	(82.0, 0.03278441888967816)	(83.0, 0.019018825775795528)	(84.0, 0.009497278375492961)	(85.0, 0.005526259191020978)	(86.0, 0.0029850900515816887)	(87.0, 0.0014773768852848397)	(88.0, 0.0008433486121338512)	(89.0, 0.000530884917710158)	(90.0, 0.0003468448129039699)	(91.0, 0.0002467350855643401)	(92.0, 0.00020729792024872838)	(93.0, 0.00017898405797085328)	(94.0, 0.0001506701956929782)	(95.0, 0.0001415693113893755)	(96.0, 0.00012943479898457188)	(97.0, 0.00012033391468096916)	(98.0, 9.808730860549586e-05)	(99.0, 5.359409645454929e-05)	(100.0, 2.0224187341339353e-05)
fastp | SRR30333743_2	(0.0, 0.0010800443085143734)	(1.0, 0.0006047439105726549)	(2.0, 9.303752470348536e-05)	(3.0, 5.966536910332214e-05)	(4.0, 4.4496207466884305e-05)	(5.0, 3.5394710485021605e-05)	(6.0, 4.2473652582025925e-05)	(7.0, 3.0338323272875662e-05)	(8.0, 2.629321350315891e-05)	(9.0, 3.640598792745079e-05)	(10.0, 3.741726536987998e-05)	(11.0, 3.842854281230917e-05)	(12.0, 5.1575149563888625e-05)	(13.0, 8.393602772162266e-05)	(14.0, 0.00012944351263093615)	(15.0, 0.0001870863268493999)	(16.0, 0.00036608243415936633)	(17.0, 0.0005915973038210754)	(18.0, 0.000958691015422871)	(19.0, 0.0017161378198023334)	(20.0, 0.003064170650560442)	(21.0, 0.005008857172351772)	(22.0, 0.008059881216160634)	(23.0, 0.0117692468749909)	(24.0, 0.01602975873994507)	(25.0, 0.021536164413972003)	(26.0, 0.029773019182557744)	(27.0, 0.04122371366318345)	(28.0, 0.05336005424977614)	(29.0, 0.06911070041561077)	(30.0, 0.09192107440704354)	(31.0, 0.12231400666181037)	(32.0, 0.16071524498317397)	(33.0, 0.2047927835888926)	(34.0, 0.2568735718739958)	(35.0, 0.3253613253850702)	(36.0, 0.4175028582745633)	(37.0, 0.5364513336079693)	(38.0, 0.6917026465696984)	(39.0, 0.8919740087134901)	(40.0, 1.1145248241914392)	(41.0, 1.3680884849963642)	(42.0, 1.6772744276897795)	(43.0, 2.0013089570703824)	(44.0, 2.3458542155383344)	(45.0, 2.7374602810671713)	(46.0, 3.08483509381904)	(47.0, 3.3793008820604564)	(48.0, 3.6873653180702175)	(49.0, 3.9771124857652587)	(50.0, 4.235777029989796)	(51.0, 4.508359785654488)	(52.0, 4.763711384977627)	(53.0, 4.966417903202788)	(54.0, 5.081829941320019)	(55.0, 5.090207363653103)	(56.0, 5.0015496815527785)	(57.0, 4.821034635524284)	(58.0, 4.564586811453551)	(59.0, 4.209207737744855)	(60.0, 3.782080552050693)	(61.0, 3.348123198510364)	(62.0, 2.9025715490925847)	(63.0, 2.4259524453659385)	(64.0, 1.9759127466586583)	(65.0, 1.5991289746035067)	(66.0, 1.303606401434752)	(67.0, 1.0674053630388936)	(68.0, 0.8672695120723874)	(69.0, 0.7147810090833748)	(70.0, 0.5940385275670995)	(71.0, 0.49360957603689914)	(72.0, 0.4250662022664912)	(73.0, 0.3635067105134992)	(74.0, 0.30875817233526776)	(75.0, 0.2656231443058931)	(76.0, 0.22378255140282788)	(77.0, 0.18718543203875798)	(78.0, 0.14481998614307198)	(79.0, 0.10040670342646686)	(80.0, 0.06996624113190586)	(81.0, 0.05498517709975985)	(82.0, 0.04208734459901798)	(83.0, 0.024717643247854235)	(84.0, 0.01236488928858169)	(85.0, 0.007160855569841086)	(86.0, 0.005706638607627912)	(87.0, 0.00497346246186675)	(88.0, 0.004828849787599377)	(89.0, 0.005078635315879386)	(90.0, 0.005457864356790331)	(91.0, 0.005961480523120068)	(92.0, 0.006530829723207701)	(93.0, 0.007113325530046913)	(94.0, 0.007644246187322238)	(95.0, 0.008195392393446146)	(96.0, 0.008840587401715968)	(97.0, 0.009979285801891235)	(98.0, 0.011096747375775488)	(99.0, 0.010704371728112963)	(100.0, 0.012412419328375864)
fastp | SRR30333744_1	(0.0, 4.764798485610904e-05)	(1.0, 3.8572178216850175e-05)	(2.0, 2.1555040768239807e-05)	(3.0, 1.815161327851773e-05)	(4.0, 2.0420564938332447e-05)	(5.0, 1.701713744861037e-05)	(6.0, 1.9286089108425087e-05)	(7.0, 1.4748185788795656e-05)	(8.0, 1.0210282469166224e-05)	(9.0, 1.5882661618703015e-05)	(10.0, 1.5882661618703015e-05)	(11.0, 2.7227419917776592e-05)	(12.0, 4.764798485610904e-05)	(13.0, 6.466512230471942e-05)	(14.0, 0.00011458205882064318)	(15.0, 0.00018605403610480673)	(16.0, 0.0003392082731423001)	(17.0, 0.000671609691305156)	(18.0, 0.0011719135322943008)	(19.0, 0.0018548679818985304)	(20.0, 0.002983671432656352)	(21.0, 0.005024593450659689)	(22.0, 0.007859648549598178)	(23.0, 0.012048133313616144)	(24.0, 0.017621813065950995)	(25.0, 0.024839348295821607)	(26.0, 0.03393784445167861)	(27.0, 0.04545504307689811)	(28.0, 0.05940909578475862)	(29.0, 0.07591231568242096)	(30.0, 0.09812989033532665)	(31.0, 0.1256874427196063)	(32.0, 0.15814479621325583)	(33.0, 0.1990471877847357)	(34.0, 0.25534214741639866)	(35.0, 0.32570914524223243)	(36.0, 0.41699474289572797)	(37.0, 0.532534299316813)	(38.0, 0.6768067250819616)	(39.0, 0.86161624120136)	(40.0, 1.075123457914095)	(41.0, 1.32463213061311)	(42.0, 1.6210615891612632)	(43.0, 1.9598172064474304)	(44.0, 2.322902792381791)	(45.0, 2.70400045106759)	(46.0, 3.0623064903305504)	(47.0, 3.395377249233052)	(48.0, 3.738508539795172)	(49.0, 4.058220845800514)	(50.0, 4.341965730094473)	(51.0, 4.635235673456335)	(52.0, 4.9321121154814715)	(53.0, 5.136719369308583)	(54.0, 5.232107231563023)	(55.0, 5.273158239468221)	(56.0, 5.207085232658587)	(57.0, 5.008002876123124)	(58.0, 4.728165126587366)	(59.0, 4.3667336064130104)	(60.0, 3.9108671836813365)	(61.0, 3.4042726742153557)	(62.0, 2.902208126738194)	(63.0, 2.428238873188689)	(64.0, 1.9687092280022442)	(65.0, 1.5326927288664596)	(66.0, 1.1843156220668483)	(67.0, 0.9351495610684651)	(68.0, 0.7425541373284127)	(69.0, 0.5884049649880906)	(70.0, 0.47161067829912806)	(71.0, 0.38021503649013144)	(72.0, 0.3235933478194552)	(73.0, 0.27357090505135007)	(74.0, 0.2151272481978426)	(75.0, 0.17211473158273502)	(76.0, 0.14482491549431353)	(77.0, 0.11354968581542749)	(78.0, 0.07685279614541417)	(79.0, 0.05204975107614959)	(80.0, 0.038459865109689344)	(81.0, 0.030009154652709435)	(82.0, 0.021678698633699707)	(83.0, 0.011712328467963565)	(84.0, 0.0056009071722526275)	(85.0, 0.0032003563161686573)	(86.0, 0.001603014347659097)	(87.0, 0.0008281673558323714)	(88.0, 0.0005127830751181259)	(89.0, 0.0003426117006320221)	(90.0, 0.0002847534333067469)	(91.0, 0.000243912303430082)	(92.0, 0.00025071915840952616)	(93.0, 0.00024958468257961876)	(94.0, 0.000212146980192676)	(95.0, 0.00019399536691415824)	(96.0, 0.0001928608910842509)	(97.0, 0.0001871885119347141)	(98.0, 0.000152019761207586)	(99.0, 7.82788322636077e-05)	(100.0, 2.7227419917776592e-05)
fastp | SRR30333744_2	(0.0, 0.0004606247837417695)	(1.0, 0.00025413781171959696)	(2.0, 3.743994547654777e-05)	(3.0, 2.2690876046392585e-05)	(4.0, 2.1556332244072957e-05)	(5.0, 2.0421788441753325e-05)	(6.0, 2.1556332244072957e-05)	(7.0, 2.7229051255671104e-05)	(8.0, 2.2690876046392585e-05)	(9.0, 1.588361323247481e-05)	(10.0, 2.495996365103184e-05)	(11.0, 3.743994547654777e-05)	(12.0, 4.3112664488145914e-05)	(13.0, 5.445810251134221e-05)	(14.0, 9.530167939484887e-05)	(15.0, 0.00017018157034794437)	(16.0, 0.0002768286877659895)	(17.0, 0.0004402029953000162)	(18.0, 0.0006818608251940973)	(19.0, 0.001114122013877876)	(20.0, 0.002154498680604976)	(21.0, 0.003684998269934156)	(22.0, 0.005926856823317743)	(23.0, 0.008501136710780982)	(24.0, 0.011511081418334958)	(25.0, 0.015879075057265532)	(26.0, 0.021902368103780444)	(27.0, 0.030150501546644146)	(28.0, 0.03958196417532723)	(29.0, 0.05173292829817046)	(30.0, 0.06929226272667136)	(31.0, 0.09197746605405235)	(32.0, 0.12073020963623872)	(33.0, 0.1573861853453836)	(34.0, 0.20574384583165317)	(35.0, 0.27141464474132027)	(36.0, 0.3637222630418476)	(37.0, 0.4908183979529018)	(38.0, 0.6672796682466853)	(39.0, 0.896321371058972)	(40.0, 1.1478508665770362)	(41.0, 1.4283849744014017)	(42.0, 1.7561399298221123)	(43.0, 2.086659768489076)	(44.0, 2.4163513901803464)	(45.0, 2.7816960508595114)	(46.0, 3.120679586291779)	(47.0, 3.4120349729026693)	(48.0, 3.721653111099498)	(49.0, 4.022009968237993)	(50.0, 4.293884103219252)	(51.0, 4.575674151032786)	(52.0, 4.8254677945333)	(53.0, 5.022564147503673)	(54.0, 5.131693646761194)	(55.0, 5.14237424211623)	(56.0, 5.065163998193171)	(57.0, 4.874245236226429)	(58.0, 4.598935702611745)	(59.0, 4.224563476897523)	(60.0, 3.7806357742944914)	(61.0, 3.342590681306487)	(62.0, 2.8938661275072484)	(63.0, 2.408128216701134)	(64.0, 1.9526145527888141)	(65.0, 1.5731470908583747)	(66.0, 1.2719767658136176)	(67.0, 1.0329862483987902)	(68.0, 0.8287524803680243)	(69.0, 0.6723805771819144)	(70.0, 0.5544390762117773)	(71.0, 0.4604251040325612)	(72.0, 0.3927314135233583)	(73.0, 0.33013295923037267)	(74.0, 0.27297237338190516)	(75.0, 0.22789354448433927)	(76.0, 0.18726666546707568)	(77.0, 0.15199596774056304)	(78.0, 0.11446185512842275)	(79.0, 0.07861140551892479)	(80.0, 0.05321577704780221)	(81.0, 0.040006283557394766)	(82.0, 0.030091505268923527)	(83.0, 0.017586563479756574)	(84.0, 0.00914782667810317)	(85.0, 0.005673853555400466)	(86.0, 0.004961360047543739)	(87.0, 0.005088428953403537)	(88.0, 0.005483250196610769)	(89.0, 0.006053925729177542)	(90.0, 0.006778899218859785)	(91.0, 0.007461894587856202)	(92.0, 0.008155100851073495)	(93.0, 0.008912976111023008)	(94.0, 0.009324815511265032)	(95.0, 0.009757076699948812)	(96.0, 0.010760013421199364)	(97.0, 0.0124266582668069)	(98.0, 0.01419995022983248)	(99.0, 0.01422831382489047)	(100.0, 0.015095105289862666)
fastp | SRR30333745_1	(0.0, 0.0001242850888653921)	(1.0, 7.714246895093303e-05)	(2.0, 3.428554175597024e-05)	(3.0, 3.21426953962221e-05)	(4.0, 3.107127221634802e-05)	(5.0, 3.5356964935844306e-05)	(6.0, 2.9999849036473955e-05)	(7.0, 3.107127221634802e-05)	(8.0, 2.9999849036473955e-05)	(9.0, 2.9999849036473955e-05)	(10.0, 3.21426953962221e-05)	(11.0, 3.3214118576096164e-05)	(12.0, 5.357115899370349e-05)	(13.0, 7.714246895093303e-05)	(14.0, 0.00011357085706665141)	(15.0, 0.00018535621011821408)	(16.0, 0.0003417839943798283)	(17.0, 0.0007049964523571379)	(18.0, 0.0012021368078187064)	(19.0, 0.0019821328827670293)	(20.0, 0.0033235547039693644)	(21.0, 0.0054556868319187634)	(22.0, 0.008435314695148553)	(23.0, 0.012951363398317756)	(24.0, 0.01917847491974585)	(25.0, 0.02705450671500014)	(26.0, 0.03646910219655359)	(27.0, 0.04966903577260213)	(28.0, 0.06599538218752321)	(29.0, 0.08482671599698985)	(30.0, 0.10994408960277768)	(31.0, 0.13936751296847938)	(32.0, 0.17530518926781544)	(33.0, 0.22043353360411125)	(34.0, 0.2806260878494365)	(35.0, 0.35464321538467686)	(36.0, 0.4464909674793815)	(37.0, 0.5564521998530372)	(38.0, 0.6820851390787108)	(39.0, 0.8409921965785536)	(40.0, 1.0284869673637964)	(41.0, 1.2468762255407078)	(42.0, 1.5173409359522188)	(43.0, 1.846133924276074)	(44.0, 2.213011720951733)	(45.0, 2.599498704665447)	(46.0, 2.9626618771764823)	(47.0, 3.307904425580944)	(48.0, 3.6670797610164882)	(49.0, 3.9951334673462306)	(50.0, 4.274237062857066)	(51.0, 4.573018416489468)	(52.0, 4.88473720501885)	(53.0, 5.1045514560249945)	(54.0, 5.217377673981633)	(55.0, 5.270783833805636)	(56.0, 5.21391590568746)	(57.0, 5.022686153697176)	(58.0, 4.748684675368901)	(59.0, 4.396041807061049)	(60.0, 3.9512790451708044)	(61.0, 3.453531192766248)	(62.0, 2.9584822553517935)	(63.0, 2.4867035579810244)	(64.0, 2.0198437644290568)	(65.0, 1.5783734859705651)	(66.0, 1.2277191790845596)	(67.0, 0.9777432941417805)	(68.0, 0.7841199827676582)	(69.0, 0.6256489945020242)	(70.0, 0.508170657098372)	(71.0, 0.41777039771967717)	(72.0, 0.3611746110891892)	(73.0, 0.31122486244346004)	(74.0, 0.2515658769417121)	(75.0, 0.2065146750743672)	(76.0, 0.18097730358206876)	(77.0, 0.1458742659398546)	(78.0, 0.09915914387416529)	(79.0, 0.06842751280583734)	(80.0, 0.05354115914466701)	(81.0, 0.043403353016698565)	(82.0, 0.032711621104735224)	(83.0, 0.018986690170548392)	(84.0, 0.009324595934444029)	(85.0, 0.0054781867186961195)	(86.0, 0.0028114144239895595)	(87.0, 0.0012996363171872468)	(88.0, 0.0006867822582992787)	(89.0, 0.00042428357923013165)	(90.0, 0.00032678406986159133)	(91.0, 0.00025821298634965084)	(92.0, 0.00020678467371569549)	(93.0, 0.0001917847491974585)	(94.0, 0.00017999909421884374)	(95.0, 0.00018642763329808815)	(96.0, 0.00019928471145657699)	(97.0, 0.00016821343924022897)	(98.0, 0.00014464212928299943)	(99.0, 8.678527756979965e-05)	(100.0, 3.6428388115718374e-05)
fastp | SRR30333745_2	(0.0, 0.0008336229226502506)	(1.0, 0.0004789581573581774)	(2.0, 8.357659121686317e-05)	(3.0, 3.964530609005048e-05)	(4.0, 3.750231657166937e-05)	(5.0, 3.964530609005048e-05)	(6.0, 4.071680084924103e-05)	(7.0, 2.893035849814494e-05)	(8.0, 2.2501389943001622e-05)	(9.0, 3.1073348016526044e-05)	(10.0, 3.857381133085992e-05)	(11.0, 3.750231657166937e-05)	(12.0, 4.928875892276546e-05)	(13.0, 7.500463314333874e-05)	(14.0, 8.893406501281593e-05)	(15.0, 0.00014786627676829637)	(16.0, 0.00027108817407521)	(17.0, 0.0004371698617497458)	(18.0, 0.0007211159729352425)	(19.0, 0.001295437163861379)	(20.0, 0.0024558659880647483)	(21.0, 0.004130612296679584)	(22.0, 0.006521117104433708)	(23.0, 0.009457012744615825)	(24.0, 0.01291472633252374)	(25.0, 0.017551084155541265)	(26.0, 0.024494370195096052)	(27.0, 0.034047817468039025)	(28.0, 0.04422273170131252)	(29.0, 0.057296039258196464)	(30.0, 0.07634507308708613)	(31.0, 0.10163663538301994)	(32.0, 0.13315572521936928)	(33.0, 0.17160095717912632)	(34.0, 0.22030253697385535)	(35.0, 0.2826485310321169)	(36.0, 0.3684677607799659)	(37.0, 0.48464458004520167)	(38.0, 0.6405642114235742)	(39.0, 0.8442467931876249)	(40.0, 1.0737170393211146)	(41.0, 1.3366532812684029)	(42.0, 1.6526317282799012)	(43.0, 1.982727118743735)	(44.0, 2.326157261485695)	(45.0, 2.709481297101838)	(46.0, 3.0637035350583655)	(47.0, 3.3674090810980952)	(48.0, 3.680094824714601)	(49.0, 3.9817409578271663)	(50.0, 4.254090281233943)	(51.0, 4.537562791735878)	(52.0, 4.802715956339931)	(53.0, 5.023763182171424)	(54.0, 5.146190030367018)	(55.0, 5.1547909187990415)	(56.0, 5.078489776997082)	(57.0, 4.891353217304452)	(58.0, 4.621442615969592)	(59.0, 4.258419120061074)	(60.0, 3.8180851342874376)	(61.0, 3.378636203184894)	(62.0, 2.9283951768677827)	(63.0, 2.4417136852853596)	(64.0, 1.9843236459349287)	(65.0, 1.6043287445355912)	(66.0, 1.3037744645826408)	(67.0, 1.0617784447142136)	(68.0, 0.8564446895262501)	(69.0, 0.7003964787767747)	(70.0, 0.5863830074303447)	(71.0, 0.49185252529027645)	(72.0, 0.4218410577247657)	(73.0, 0.3589164564965413)	(74.0, 0.3036841161445458)	(75.0, 0.26184117430339554)	(76.0, 0.22130759905797612)	(77.0, 0.18605863596488445)	(78.0, 0.1447300116081456)	(79.0, 0.10084372926121893)	(80.0, 0.07048613974383217)	(81.0, 0.05619990011954453)	(82.0, 0.043569119898206284)	(83.0, 0.025990176878926064)	(84.0, 0.013213673370337905)	(85.0, 0.007831555194923755)	(86.0, 0.006498615714490706)	(87.0, 0.005930723492119714)	(88.0, 0.005931794986878904)	(89.0, 0.006346463458685648)	(90.0, 0.007117939685302847)	(91.0, 0.008030853220133199)	(92.0, 0.008689822497035388)	(93.0, 0.009110919937397276)	(94.0, 0.00956737670481245)	(95.0, 0.010096695115852585)	(96.0, 0.010892815721931166)	(97.0, 0.012171108969645496)	(98.0, 0.01365191472684684)	(99.0, 0.013405470932233014)	(100.0, 0.015295587687445149)
fastp | SRR30333746_1	(0.0, 8.172574781222577e-05)	(1.0, 6.129431085916932e-05)	(2.0, 3.0046230813318294e-05)	(3.0, 1.6825889255458246e-05)	(4.0, 1.4422190790392782e-05)	(5.0, 1.0816643092794587e-05)	(6.0, 1.9229587720523712e-05)	(7.0, 2.043143695305644e-05)	(8.0, 1.201849232532732e-05)	(9.0, 1.8027738487990976e-05)	(10.0, 2.2835135418121907e-05)	(11.0, 2.403698465065464e-05)	(12.0, 2.043143695305644e-05)	(13.0, 5.8890612394103865e-05)	(14.0, 0.00010095533553274948)	(15.0, 0.00014542375713646056)	(16.0, 0.0002968567604355848)	(17.0, 0.0006153468070567588)	(18.0, 0.0010708476661866642)	(19.0, 0.0016958092671036846)	(20.0, 0.002752234742499956)	(21.0, 0.004659569474529402)	(22.0, 0.0072171046413590555)	(23.0, 0.011034177803883011)	(24.0, 0.0165158121534648)	(25.0, 0.023148818067812948)	(26.0, 0.031207217171944916)	(27.0, 0.042610362690215474)	(28.0, 0.05638956414120325)	(29.0, 0.07205326518880234)	(30.0, 0.0928488624593162)	(31.0, 0.1182247071550123)	(32.0, 0.14901848819096594)	(33.0, 0.18883334956631032)	(34.0, 0.2431581367260223)	(35.0, 0.3115926338756686)	(36.0, 0.4033934838042163)	(37.0, 0.5220664807229632)	(38.0, 0.6695057390223812)	(39.0, 0.8583607218748771)	(40.0, 1.080107914523329)	(41.0, 1.3397722486089556)	(42.0, 1.650866115053123)	(43.0, 2.0034814687828315)	(44.0, 2.367842495062082)	(45.0, 2.7431956344220776)	(46.0, 3.106280296816378)	(47.0, 3.4460611025918695)	(48.0, 3.7890640661597814)	(49.0, 4.107441138953097)	(50.0, 4.377554350266363)	(51.0, 4.660609074115542)	(52.0, 4.947157573683693)	(53.0, 5.1393104308302595)	(54.0, 5.2302074901359425)	(55.0, 5.266633136675545)	(56.0, 5.188770132296679)	(57.0, 4.97408019834166)	(58.0, 4.689941406484737)	(59.0, 4.3269937549029445)	(60.0, 3.8687610924674916)	(61.0, 3.3617549844773964)	(62.0, 2.855468784177588)	(63.0, 2.386652637400452)	(64.0, 1.9364387130444582)	(65.0, 1.5054988448305917)	(66.0, 1.166035327252489)	(67.0, 0.9283888711068617)	(68.0, 0.7406443969452262)	(69.0, 0.5852669244649296)	(70.0, 0.4721248377142982)	(71.0, 0.3831050669098312)	(72.0, 0.330020588158093)	(73.0, 0.2850834453536942)	(74.0, 0.22344901116171803)	(75.0, 0.17604206818446444)	(76.0, 0.15085010642134583)	(77.0, 0.11963207260630812)	(78.0, 0.07879203383561337)	(79.0, 0.05221193620891947)	(80.0, 0.04079436849985851)	(81.0, 0.03351356584917523)	(82.0, 0.02519436546158366)	(83.0, 0.014246720802443004)	(84.0, 0.006610170778930026)	(85.0, 0.003684869746945356)	(86.0, 0.0019361791136102311)	(87.0, 0.0010323884907456166)	(88.0, 0.0006045301639639641)	(89.0, 0.00037016956362008143)	(90.0, 0.0002872419665753229)	(91.0, 0.00020070882183296623)	(92.0, 0.0001538367017641897)	(93.0, 0.0001550385509967224)	(94.0, 0.00013460711404366597)	(95.0, 0.00010816643092794588)	(96.0, 0.0001322034155786005)	(97.0, 0.0001322034155786005)	(98.0, 9.494608937008582e-05)	(99.0, 6.369800932423478e-05)	(100.0, 3.1248080045851034e-05)
fastp | SRR30333746_2	(0.0, 0.0006153847115384765)	(1.0, 0.0003545673630934582)	(2.0, 6.490385629507369e-05)	(3.0, 3.3653851412260435e-05)	(4.0, 2.1634618765024566e-05)	(5.0, 1.0817309382512283e-05)	(6.0, 1.9230772235577392e-05)	(7.0, 2.403846529447174e-05)	(8.0, 2.2836542029748152e-05)	(9.0, 2.403846529447174e-05)	(10.0, 2.1634618765024566e-05)	(11.0, 2.884615835336609e-05)	(12.0, 4.2067314265325544e-05)	(13.0, 4.927885385366706e-05)	(14.0, 9.134616811899261e-05)	(15.0, 0.00014543271503155404)	(16.0, 0.0002319711900916523)	(17.0, 0.0003774039051232063)	(18.0, 0.0006382212535682247)	(19.0, 0.001076923245192334)	(20.0, 0.001996394542705878)	(21.0, 0.003415865918344434)	(22.0, 0.0055180297083459885)	(23.0, 0.008012020482647432)	(24.0, 0.011134617124399311)	(25.0, 0.015260819692195386)	(26.0, 0.021468753354492713)	(27.0, 0.029884620054087267)	(28.0, 0.03902524648231014)	(29.0, 0.05098197911978039)	(30.0, 0.06780890482591061)	(31.0, 0.08925001394531468)	(32.0, 0.11776083570782289)	(33.0, 0.1546178126205717)	(34.0, 0.20386421454609122)	(35.0, 0.2706586961365751)	(36.0, 0.3645914031212529)	(37.0, 0.4956791639883309)	(38.0, 0.6765770287920838)	(39.0, 0.9086960554452971)	(40.0, 1.1645662877327132)	(41.0, 1.450267053527304)	(42.0, 1.7851733558564138)	(43.0, 2.1246541781310615)	(44.0, 2.4598080766527044)	(45.0, 2.8247732779092862)	(46.0, 3.1643634752010237)	(47.0, 3.459841886754141)	(48.0, 3.7648972228805757)	(49.0, 4.057934528283039)	(50.0, 4.322058367629313)	(51.0, 4.596179804691556)	(52.0, 4.838449073315361)	(53.0, 5.02410174655436)	(54.0, 5.124488781470602)	(55.0, 5.117046472615434)	(56.0, 5.023111361784228)	(57.0, 4.828259167877033)	(58.0, 4.550330037912145)	(59.0, 4.174473008030638)	(60.0, 3.731147217607137)	(61.0, 3.2976050825584866)	(62.0, 2.8496879452637414)	(63.0, 2.365773206190525)	(64.0, 1.920289963506845)	(65.0, 1.5524341367986032)	(66.0, 1.2595458698809652)	(67.0, 1.027948477924642)	(68.0, 0.82806623515458)	(69.0, 0.6775626058691572)	(70.0, 0.5668510501089381)	(71.0, 0.4698462272596269)	(72.0, 0.3986394853643427)	(73.0, 0.3339159175589775)	(74.0, 0.27548561996770504)	(75.0, 0.23212984396259584)	(76.0, 0.19279930897104586)	(77.0, 0.15795915929650325)	(78.0, 0.11851203774827512)	(79.0, 0.08004087789100255)	(80.0, 0.05487621049748481)	(81.0, 0.04387620877873455)	(82.0, 0.03396394761455913)	(83.0, 0.01944110880690402)	(84.0, 0.009286059143254434)	(85.0, 0.005376202763108605)	(86.0, 0.004551683403508224)	(87.0, 0.004123798721266627)	(88.0, 0.004008414087853163)	(89.0, 0.004163462189002505)	(90.0, 0.004534856477802094)	(91.0, 0.004951923850661178)	(92.0, 0.005399039305138353)	(93.0, 0.005926683618352007)	(94.0, 0.006391827921800036)	(95.0, 0.006737981822040429)	(96.0, 0.00753605886981689)	(97.0, 0.009092549497633936)	(98.0, 0.010671876667480729)	(99.0, 0.010810097842923942)	(100.0, 0.013165867441782171)
fastp | SRR30333747_1	(0.0, 2.253928682215427e-05)	(1.0, 2.0034921619692687e-05)	(2.0, 1.3774008613538721e-05)	(3.0, 5.008730404923172e-06)	(4.0, 2.504365202461586e-06)	(5.0, 7.513095607384757e-06)	(6.0, 1.2521826012307928e-05)	(7.0, 1.1269643411077135e-05)	(8.0, 6.260913006153964e-06)	(9.0, 6.260913006153964e-06)	(10.0, 1.6278373816000306e-05)	(11.0, 2.629583462584665e-05)	(12.0, 3.881766063815458e-05)	(13.0, 6.135694746030884e-05)	(14.0, 0.00012020952971815611)	(15.0, 0.00019784485099446527)	(16.0, 0.00033683711973108327)	(17.0, 0.0006874482480757053)	(18.0, 0.0012784784358566394)	(19.0, 0.0021424844307058864)	(20.0, 0.003452267431593296)	(21.0, 0.0056485957141521066)	(22.0, 0.008597485740050623)	(23.0, 0.013047742704824861)	(24.0, 0.019372517023641594)	(25.0, 0.027800958112526062)	(26.0, 0.03756172148912009)	(27.0, 0.05009606932744033)	(28.0, 0.0662955556395631)	(29.0, 0.085582924246321)	(30.0, 0.11119256280669318)	(31.0, 0.14624991909335167)	(32.0, 0.19098539470492298)	(33.0, 0.2516223371695241)	(34.0, 0.33870287180691716)	(35.0, 0.45457609317701103)	(36.0, 0.6171582299382159)	(37.0, 0.8245810256494954)	(38.0, 1.0681793767103327)	(39.0, 1.3458909383765003)	(40.0, 1.640688531636462)	(41.0, 1.9463888788053405)	(42.0, 2.2708256342364357)	(43.0, 2.61147940653607)	(44.0, 2.930426593443369)	(45.0, 3.261687744051171)	(46.0, 3.5877197801162346)	(47.0, 3.873638146550869)	(48.0, 4.156598857681396)	(49.0, 4.407319623378034)	(50.0, 4.598688185958933)	(51.0, 4.772074154203557)	(52.0, 4.9294134024134095)	(53.0, 5.008175688030827)	(54.0, 4.978496456016454)	(55.0, 4.882901079690692)	(56.0, 4.709642834071392)	(57.0, 4.43644413850006)	(58.0, 4.1211420551449445)	(59.0, 3.7496319991857803)	(60.0, 3.3077067068290043)	(61.0, 2.84127494878354)	(62.0, 2.3790718113824325)	(63.0, 1.942478312541697)	(64.0, 1.5427428085681898)	(65.0, 1.1864943541528266)	(66.0, 0.911555124765784)	(67.0, 0.7201064224984056)	(68.0, 0.5649347023712845)	(69.0, 0.4377617852076839)	(70.0, 0.3431230763892618)	(71.0, 0.26917292850837493)	(72.0, 0.22479933366855934)	(73.0, 0.18809786162648476)	(74.0, 0.1455436881062575)	(75.0, 0.11488149274991909)	(76.0, 0.0957168380380818)	(77.0, 0.07465763105058233)	(78.0, 0.05069962134123357)	(79.0, 0.03453018741154035)	(80.0, 0.025877605637035565)	(81.0, 0.01993599919419545)	(82.0, 0.013936792351698724)	(83.0, 0.008084090873545998)	(84.0, 0.004442743869166853)	(85.0, 0.0026383487407932804)	(86.0, 0.0014938538432683359)	(87.0, 0.0007963881343827843)	(88.0, 0.0004996208578910863)	(89.0, 0.00031930656331385216)	(90.0, 0.00020786231180431163)	(91.0, 0.00020410576400061922)	(92.0, 0.0001890795727858497)	(93.0, 0.00017154901636861863)	(94.0, 0.00017906211197600335)	(95.0, 0.0001602793729575415)	(96.0, 0.0001565228251538491)	(97.0, 0.0001590271903563107)	(98.0, 0.0001239660775218485)	(99.0, 6.386131266277043e-05)	(100.0, 1.8782739018461892e-05)
fastp | SRR30333747_2	(0.0, 0.0002629749459010446)	(1.0, 0.00014526235106914842)	(2.0, 2.00361863543653e-05)	(3.0, 1.1270354824330481e-05)	(4.0, 8.765831530034819e-06)	(5.0, 8.765831530034819e-06)	(6.0, 1.7531663060069638e-05)	(7.0, 2.1288448001513132e-05)	(8.0, 2.2540709648660962e-05)	(9.0, 3.0054279531547954e-05)	(10.0, 2.2540709648660962e-05)	(11.0, 2.5045232942956626e-05)	(12.0, 4.00723727087306e-05)	(13.0, 5.760403576880025e-05)	(14.0, 9.892867012467867e-05)	(15.0, 0.00014651461271629628)	(16.0, 0.00025420911437100977)	(17.0, 0.0004558232395618106)	(18.0, 0.0007526092499358467)	(19.0, 0.0012309731991463184)	(20.0, 0.0021927101441558527)	(21.0, 0.00379936183744652)	(22.0, 0.006157370519025886)	(23.0, 0.009241690955950994)	(24.0, 0.012588986338777147)	(25.0, 0.017246147404519935)	(26.0, 0.024255055843606346)	(27.0, 0.03425436509608178)	(28.0, 0.046387528195297116)	(29.0, 0.06180913037992267)	(30.0, 0.08489457384509294)	(31.0, 0.1175385304629426)	(32.0, 0.16470746992605997)	(33.0, 0.2300630052907053)	(34.0, 0.32393253836090674)	(35.0, 0.4547938804878551)	(36.0, 0.634011306119417)	(37.0, 0.8585205310050217)	(38.0, 1.1170925249546944)	(39.0, 1.4154113035848395)	(40.0, 1.7221139739426392)	(41.0, 2.029507892729664)	(42.0, 2.3497487637547794)	(43.0, 2.6539744605745206)	(44.0, 2.9467194226132105)	(45.0, 3.2680472567480496)	(46.0, 3.569992585108335)	(47.0, 3.813370888493163)	(48.0, 4.058270689779276)	(49.0, 4.288129576421496)	(50.0, 4.4808977253368445)	(51.0, 4.6596280211876655)	(52.0, 4.801358994411857)	(53.0, 4.882629523050105)	(54.0, 4.868417605616624)	(55.0, 4.7742011960701625)	(56.0, 4.607210853161352)	(57.0, 4.350756433657006)	(58.0, 4.03925760119063)	(59.0, 3.654904690616488)	(60.0, 3.2263507006829686)	(61.0, 2.8180808449099497)	(62.0, 2.402699395242778)	(63.0, 1.9727002953684503)	(64.0, 1.5822989610385838)	(65.0, 1.256450462357541)	(66.0, 1.0049775396855491)	(67.0, 0.8129832884681378)	(68.0, 0.6499738853356103)	(69.0, 0.524051463145013)	(70.0, 0.42826221296973394)	(71.0, 0.34904038438622076)	(72.0, 0.2904145031133479)	(73.0, 0.24058075086509992)	(74.0, 0.1977872135971171)	(75.0, 0.16509066199008718)	(76.0, 0.13523549206043575)	(77.0, 0.10702078488854797)	(78.0, 0.07883487973454457)	(79.0, 0.05505067427026582)	(80.0, 0.03872869596134098)	(81.0, 0.02937430145714668)	(82.0, 0.021865740620848284)	(83.0, 0.013653408738852806)	(84.0, 0.008218593190231216)	(85.0, 0.005886882003241955)	(86.0, 0.005235705946725082)	(87.0, 0.005264507964609483)	(88.0, 0.0055951050394565105)	(89.0, 0.00611479362302286)	(90.0, 0.006960070234847647)	(91.0, 0.007683877466899093)	(92.0, 0.008288719842471495)	(93.0, 0.008859751153570907)	(94.0, 0.009380691998784404)	(95.0, 0.009988038897651104)	(96.0, 0.010969812029015003)	(97.0, 0.012783086894085062)	(98.0, 0.01472534470881135)	(99.0, 0.014762912558225785)	(100.0, 0.016106589305615406)
fastp | SRR30333748_1	(0.0, 2.517268125012916e-05)	(1.0, 1.6519572070397257e-05)	(2.0, 7.866462890665362e-06)	(3.0, 5.506524023465754e-06)	(4.0, 7.866462890665362e-06)	(5.0, 8.653109179731897e-06)	(6.0, 7.079816601598825e-06)	(7.0, 8.653109179731897e-06)	(8.0, 1.1013048046931508e-05)	(9.0, 1.3372986914131113e-05)	(10.0, 1.258634062506458e-05)	(11.0, 2.4386034961062623e-05)	(12.0, 4.6412131054925635e-05)	(13.0, 6.922487343785518e-05)	(14.0, 0.00011170377304744813)	(15.0, 0.0002021680962900998)	(16.0, 0.0004161358869161977)	(17.0, 0.0008558711625043913)	(18.0, 0.0014757484382888217)	(19.0, 0.0023630854523558746)	(20.0, 0.00369723755861272)	(21.0, 0.006089428923664056)	(22.0, 0.00953572631606455)	(23.0, 0.014219418321166709)	(24.0, 0.02061957252901205)	(25.0, 0.02897611605776586)	(26.0, 0.038647145535549855)	(27.0, 0.051310577496942955)	(28.0, 0.06715206046616487)	(29.0, 0.08591121452153455)	(30.0, 0.11036096783201155)	(31.0, 0.14195661603236898)	(32.0, 0.18110013537631983)	(33.0, 0.23292989942404668)	(34.0, 0.30725224081505303)	(35.0, 0.4041135716803938)	(36.0, 0.5402600182217173)	(37.0, 0.7187288217611096)	(38.0, 0.9359257954038256)	(39.0, 1.1869587858781605)	(40.0, 1.4602326268832735)	(41.0, 1.7562366124109643)	(42.0, 2.074737895159669)	(43.0, 2.4097005381533796)	(44.0, 2.734277090192545)	(45.0, 3.0733822125444803)	(46.0, 3.4027989992002716)	(47.0, 3.698566204194954)	(48.0, 4.011536576885231)	(49.0, 4.297266175231424)	(50.0, 4.5150775196259)	(51.0, 4.72385265809787)	(52.0, 4.929109914365134)	(53.0, 5.054068677383353)	(54.0, 5.071047650886565)	(55.0, 5.030801253445344)	(56.0, 4.8936825120907335)	(57.0, 4.64394591470078)	(58.0, 4.361539896925894)	(59.0, 4.010858487784056)	(60.0, 3.5666204488372455)	(61.0, 3.0811904636097545)	(62.0, 2.590818766394348)	(63.0, 2.1219555520145983)	(64.0, 1.6957639655852632)	(65.0, 1.3136733434135761)	(66.0, 1.0071377373678627)	(67.0, 0.7903938719876491)	(68.0, 0.6141701569572527)	(69.0, 0.46942566647643197)	(70.0, 0.3591236971161004)	(71.0, 0.2717894394576445)	(72.0, 0.2172009068741613)	(73.0, 0.17588467047980869)	(74.0, 0.13250270093036737)	(75.0, 0.10022581704367829)	(76.0, 0.07868350841759121)	(77.0, 0.05852176402881589)	(78.0, 0.03839384543047043)	(79.0, 0.024017097851490418)	(80.0, 0.016449560550670338)	(81.0, 0.0122590957688129)	(82.0, 0.008301478288519156)	(83.0, 0.004469724214476059)	(84.0, 0.0022191291814566984)	(85.0, 0.0012908865603581858)	(86.0, 0.0007150614767614813)	(87.0, 0.00045389490879139136)	(88.0, 0.00030443211386874954)	(89.0, 0.00020531468144636595)	(90.0, 0.00018092864648530332)	(91.0, 0.00017778206132903717)	(92.0, 0.0001738488298837045)	(93.0, 0.0001998081574229002)	(94.0, 0.00019508827968850098)	(95.0, 0.00018328858535250292)	(96.0, 0.0001785687076181037)	(97.0, 0.00016283578183677298)	(98.0, 0.00013766310058664383)	(99.0, 6.843822714878864e-05)	(100.0, 2.5959327539195697e-05)
fastp | SRR30333748_2	(0.0, 0.00022656750908164)	(1.0, 0.0001282309165982893)	(2.0, 2.2027396716270553e-05)	(3.0, 1.1013698358135277e-05)	(4.0, 9.440312878401667e-06)	(5.0, 1.573385479733611e-05)	(6.0, 2.0454011236536943e-05)	(7.0, 1.8880625756803334e-05)	(8.0, 1.966731849667014e-05)	(9.0, 1.730724027706972e-05)	(10.0, 2.0454011236536943e-05)	(11.0, 3.225440233453902e-05)	(12.0, 4.090802247307389e-05)	(13.0, 5.192172083120916e-05)	(14.0, 0.00010541682714215194)	(15.0, 0.0001840861011288325)	(16.0, 0.00028320938635205)	(17.0, 0.00047437572213968374)	(18.0, 0.0008574950864548181)	(19.0, 0.0013735655238074423)	(20.0, 0.002375812074397753)	(21.0, 0.0039649314089287005)	(22.0, 0.006303768924552712)	(23.0, 0.009268027168370836)	(24.0, 0.012978070129582691)	(25.0, 0.01807819916213919)	(26.0, 0.024576281193439006)	(27.0, 0.03393949818333373)	(28.0, 0.045397677939493744)	(29.0, 0.05968795155917427)	(30.0, 0.07983357924168343)	(31.0, 0.1087972458453596)	(32.0, 0.15059737788544245)	(33.0, 0.20517654679192168)	(34.0, 0.28262251356810936)	(35.0, 0.39133558329030327)	(36.0, 0.5444708319545559)	(37.0, 0.7416986353028634)	(38.0, 0.9769354983778357)	(39.0, 1.2530394759034085)	(40.0, 1.5439796918101296)	(41.0, 1.8481158917353766)	(42.0, 2.172843774126637)	(43.0, 2.4800795434469594)	(44.0, 2.775754076262199)	(45.0, 3.103892271680782)	(46.0, 3.412245931384455)	(47.0, 3.669056269464795)	(48.0, 3.9362462315549367)	(49.0, 4.192081857330581)	(50.0, 4.408469562358345)	(51.0, 4.618874469099421)	(52.0, 4.808419431150189)	(53.0, 4.938089995462435)	(54.0, 4.967029274591176)	(55.0, 4.911447072441366)	(56.0, 4.775973862479862)	(57.0, 4.543285883882059)	(58.0, 4.248651358868924)	(59.0, 3.876739219325932)	(60.0, 3.448259151630077)	(61.0, 3.0378313222359465)	(62.0, 2.6128630509308577)	(63.0, 2.153032490858571)	(64.0, 1.7347511078423503)	(65.0, 1.3844140166902057)	(66.0, 1.1087081056910053)	(67.0, 0.8930646119951557)	(68.0, 0.7065216694397193)	(69.0, 0.5625238569490194)	(70.0, 0.4497317853706162)	(71.0, 0.35749127492849336)	(72.0, 0.2900787873565669)	(73.0, 0.23240555590419154)	(74.0, 0.18461082518632366)	(75.0, 0.14939531137892595)	(76.0, 0.11657134350072336)	(77.0, 0.08662588435769343)	(78.0, 0.06015682043213488)	(79.0, 0.03917415167440745)	(80.0, 0.025622582537461854)	(81.0, 0.017933447698003698)	(82.0, 0.012745209078582117)	(83.0, 0.008006958706364347)	(84.0, 0.005155197524347177)	(85.0, 0.004109682873064192)	(86.0, 0.004123843342381795)	(87.0, 0.004391318873936508)	(88.0, 0.004815346260724717)	(89.0, 0.0054100859720640215)	(90.0, 0.006187338399052425)	(91.0, 0.006845800222320941)	(92.0, 0.007491674961751588)	(93.0, 0.008243753221064255)	(94.0, 0.008699248317447134)	(95.0, 0.009279827559468837)	(96.0, 0.010226218925528606)	(97.0, 0.01195615626049571)	(98.0, 0.013838711986996976)	(99.0, 0.014040892021142745)	(100.0, 0.01639939685526343)
fastp | SRR30333749_1	(0.0, 0.0002598236007534384)	(1.0, 0.0001799519012625666)	(2.0, 0.00010104251140411494)	(3.0, 7.98716994908718e-05)	(4.0, 7.217322243151066e-05)	(5.0, 7.024860316667039e-05)	(6.0, 7.217322243151066e-05)	(7.0, 7.50601513287711e-05)	(8.0, 5.870088757762868e-05)	(9.0, 4.907779125342725e-05)	(10.0, 3.945469492922584e-05)	(11.0, 5.388933941552797e-05)	(12.0, 9.141941507991352e-05)	(13.0, 0.0001866880686895076)	(14.0, 0.000358941492892713)	(15.0, 0.0006110666165867903)	(16.0, 0.0011008822194886426)	(17.0, 0.002062229542276365)	(18.0, 0.0033401767341303137)	(19.0, 0.005377386225963754)	(20.0, 0.008743545320169414)	(21.0, 0.014292222660703954)	(22.0, 0.02218123702728428)	(23.0, 0.03339021962571409)	(24.0, 0.04820593872645461)	(25.0, 0.06752045535875928)	(26.0, 0.08971708934016229)	(27.0, 0.12016841534846527)	(28.0, 0.1569469271899307)	(29.0, 0.1971551105613415)	(30.0, 0.2509482190136274)	(31.0, 0.3163429323943706)	(32.0, 0.3881331555921781)	(33.0, 0.473925946251331)	(34.0, 0.5842788033491109)	(35.0, 0.7066027922741972)	(36.0, 0.8537505204771936)	(37.0, 1.0236116429342026)	(38.0, 1.1981611379203625)	(39.0, 1.3953229846491308)	(40.0, 1.607353477508423)	(41.0, 1.8315870188164347)	(42.0, 2.0878385262143295)	(43.0, 2.3866520263445348)	(44.0, 2.698518294328887)	(45.0, 3.018769166140516)	(46.0, 3.3469263738921082)	(47.0, 3.6395368261317333)	(48.0, 3.9192167238405293)	(49.0, 4.17096943370686)	(50.0, 4.343185327834401)	(51.0, 4.497596569142905)	(52.0, 4.65470035280292)	(53.0, 4.744189374760198)	(54.0, 4.742724739499655)	(55.0, 4.687460259619399)	(56.0, 4.546680134254126)	(57.0, 4.311514755521822)	(58.0, 4.0482913148370425)	(59.0, 3.734966185449942)	(60.0, 3.3434062452567157)	(61.0, 2.9056554427073227)	(62.0, 2.458879138115461)	(63.0, 2.034385113062288)	(64.0, 1.6461894073440027)	(65.0, 1.2948838413845434)	(66.0, 1.015671626157104)	(67.0, 0.8228815520884203)	(68.0, 0.6621893158091103)	(69.0, 0.5288892232166399)	(70.0, 0.42894951865127845)	(71.0, 0.3454268164150046)	(72.0, 0.29824862437597466)	(73.0, 0.259394410657379)	(74.0, 0.21179184007045185)	(75.0, 0.17854981612813045)	(76.0, 0.1561270393831087)	(77.0, 0.12587779839761398)	(78.0, 0.08773569380700921)	(79.0, 0.061115322445370816)	(80.0, 0.046869290647023026)	(81.0, 0.0365340851948307)	(82.0, 0.026057420226672613)	(83.0, 0.015106336609731392)	(84.0, 0.008154611825128286)	(85.0, 0.004634483189735405)	(86.0, 0.002079551115659927)	(87.0, 0.0008882117907237912)	(88.0, 0.0005985565913653284)	(89.0, 0.0005186848918744566)	(90.0, 0.0005388933941552796)	(91.0, 0.0006264635707055126)	(92.0, 0.0007659984674064333)	(93.0, 0.0009151564604315554)	(94.0, 0.001042181331911014)	(95.0, 0.0011336007469909275)	(96.0, 0.001196150873098237)	(97.0, 0.0012663994762649072)	(98.0, 0.00128468335928089)	(99.0, 0.0008631917402808676)	(100.0, 0.00036182842178997346)
fastp | SRR30333749_2	(0.0, 0.0035241220379403017)	(1.0, 0.0019160368589675424)	(2.0, 0.0002213402699962505)	(3.0, 0.00011933127599797854)	(4.0, 9.431020199840239e-05)	(5.0, 6.159033599895666e-05)	(6.0, 5.485389299907077e-05)	(7.0, 7.217617499877733e-05)	(8.0, 8.179966499861431e-05)	(9.0, 7.891261799866322e-05)	(10.0, 7.506322199872842e-05)	(11.0, 9.912194699832087e-05)	(12.0, 0.00013472885999771768)	(13.0, 0.00019150745099675589)	(14.0, 0.0002684953709954517)	(15.0, 0.00045326637899232165)	(16.0, 0.0007217617499877734)	(17.0, 0.0011577058469803886)	(18.0, 0.0019862883359663525)	(19.0, 0.0034942892189408067)	(20.0, 0.006043551719897622)	(21.0, 0.00983231973283344)	(22.0, 0.015280177421741153)	(23.0, 0.02192231021962864)	(24.0, 0.030684497864480204)	(25.0, 0.04200557150028843)	(26.0, 0.057221271539030664)	(27.0, 0.07849592088167028)	(28.0, 0.1028096683662584)	(29.0, 0.13110272896577913)	(30.0, 0.16800785076615396)	(31.0, 0.21627831425633623)	(32.0, 0.2774808236082995)	(33.0, 0.346813257312125)	(34.0, 0.4284724193567417)	(35.0, 0.5301898216080186)	(36.0, 0.6692887084146623)	(37.0, 0.8419658765287372)	(38.0, 1.041150947847363)	(39.0, 1.2834608025532581)	(40.0, 1.5565918086816313)	(41.0, 1.858259349706521)	(42.0, 2.198470892878758)	(43.0, 2.541439565935948)	(44.0, 2.8756114067842873)	(45.0, 3.233982475586216)	(46.0, 3.548321265893892)	(47.0, 3.786778837552852)	(48.0, 4.023321334701845)	(49.0, 4.23552795033925)	(50.0, 4.39314339425458)	(51.0, 4.529779629970266)	(52.0, 4.652347285655189)	(53.0, 4.736364202749766)	(54.0, 4.722033863791008)	(55.0, 4.630827237317554)	(56.0, 4.474228996295206)	(57.0, 4.240176096009171)	(58.0, 3.969453849427757)	(59.0, 3.6240812285686084)	(60.0, 3.2163637900945146)	(61.0, 2.8299017539830613)	(62.0, 2.4457252967465695)	(63.0, 2.0326013815905677)	(64.0, 1.6479052558940845)	(65.0, 1.328402500852497)	(66.0, 1.0864689246055952)	(67.0, 0.8957919807958252)	(68.0, 0.7248085469217218)	(69.0, 0.5935335574849455)	(70.0, 0.49625354647259345)	(71.0, 0.4169858216929363)	(72.0, 0.3604603284808938)	(73.0, 0.3106010267917384)	(74.0, 0.2673087946784718)	(75.0, 0.23445516216802834)	(76.0, 0.19902820843162847)	(77.0, 0.16330966294823354)	(78.0, 0.1257674661098695)	(79.0, 0.09032511478946989)	(80.0, 0.06546282837489106)	(81.0, 0.05223341667211517)	(82.0, 0.040165560212319595)	(83.0, 0.024966220106577074)	(84.0, 0.014107073990761025)	(85.0, 0.009257797379843174)	(86.0, 0.007988459048864676)	(87.0, 0.007986534350864709)	(88.0, 0.008649592811853476)	(89.0, 0.009489723488839244)	(90.0, 0.01049056644882229)	(91.0, 0.011743544846801065)	(92.0, 0.01299652324477984)	(93.0, 0.013897281908764582)	(94.0, 0.01439674103975612)	(95.0, 0.014658499967751685)	(96.0, 0.014596909631752728)	(97.0, 0.014533394597753805)	(98.0, 0.014437159697755435)	(99.0, 0.013018657271779465)	(100.0, 0.014871179096748082)
fastp | SRR30333750_1	(0.0, 3.634485772341569e-05)	(1.0, 2.5823977856111147e-05)	(2.0, 1.3390210740205782e-05)	(3.0, 1.0520879867304542e-05)	(4.0, 5.738661745802477e-06)	(5.0, 1.912887248600826e-06)	(6.0, 5.738661745802477e-06)	(7.0, 1.4346654364506194e-05)	(8.0, 1.2433767115905369e-05)	(9.0, 8.607992618703716e-06)	(10.0, 9.564436243004128e-06)	(11.0, 2.1041759734609083e-05)	(12.0, 4.1127075844917756e-05)	(13.0, 6.790749732532931e-05)	(14.0, 0.00010807812954594666)	(15.0, 0.00018268073224137887)	(16.0, 0.00032997305038364247)	(17.0, 0.0006733363115074907)	(18.0, 0.0012567669223307427)	(19.0, 0.002132869282189921)	(20.0, 0.0033389446924327417)	(21.0, 0.005455554433009555)	(22.0, 0.008353578614639806)	(23.0, 0.01257627721592613)	(24.0, 0.018445971738257762)	(25.0, 0.026074566085677858)	(26.0, 0.035314767940044144)	(27.0, 0.04746064552503509)	(28.0, 0.06234769053727102)	(29.0, 0.080157627265369)	(30.0, 0.10438721359977136)	(31.0, 0.13819175705704517)	(32.0, 0.18195574797415917)	(33.0, 0.24056756971491275)	(34.0, 0.32672114206102104)	(35.0, 0.44179183094422797)	(36.0, 0.601632689437313)	(37.0, 0.8067104620289346)	(38.0, 1.0433327017936083)	(39.0, 1.307383831815969)	(40.0, 1.5894639241563928)	(41.0, 1.883687024750934)	(42.0, 2.1884702194013768)	(43.0, 2.5080237729418906)	(44.0, 2.81512825626851)	(45.0, 3.1300038440425704)	(46.0, 3.442494061417626)	(47.0, 3.723152878532339)	(48.0, 4.010048664521115)	(49.0, 4.272186907294874)	(50.0, 4.470651828668084)	(51.0, 4.657385968989248)	(52.0, 4.839068174086856)	(53.0, 4.948040578421524)	(54.0, 4.956378853938175)	(55.0, 4.903867229633209)	(56.0, 4.764973442955928)	(57.0, 4.520018666336349)	(58.0, 4.235935781046641)	(59.0, 3.8905812042969985)	(60.0, 3.4607143124605484)	(61.0, 2.9982652121186804)	(62.0, 2.529824948914194)	(63.0, 2.0801548918366035)	(64.0, 1.6747681745641219)	(65.0, 1.3078352732066387)	(66.0, 1.0137623342611124)	(67.0, 0.8068022806168674)	(68.0, 0.6365113190846762)	(69.0, 0.4949356644848562)	(70.0, 0.38719707242553614)	(71.0, 0.30064179375722166)	(72.0, 0.24826407155965818)	(73.0, 0.20714656015098343)	(74.0, 0.15782754466393262)	(75.0, 0.12055780595581844)	(76.0, 0.09786426808204254)	(77.0, 0.07486658113573913)	(78.0, 0.049439527383712635)	(79.0, 0.031808445613358834)	(80.0, 0.02332574710943847)	(81.0, 0.018612392928886036)	(82.0, 0.01369149048186041)	(83.0, 0.007929874089074723)	(84.0, 0.004074449839519759)	(85.0, 0.00238537039900523)	(86.0, 0.001364845051876689)	(87.0, 0.0007814144410534373)	(88.0, 0.0005040457900063176)	(89.0, 0.00033092949400794283)	(90.0, 0.0002027660483516875)	(91.0, 0.00014251010002076152)	(92.0, 0.00012816344565625532)	(93.0, 0.0001099910167945475)	(94.0, 0.00010520879867304542)	(95.0, 0.00010233946780014419)	(96.0, 9.755724967864212e-05)	(97.0, 8.034126444123468e-05)	(98.0, 6.408172282812766e-05)	(99.0, 4.1127075844917756e-05)	(100.0, 1.7215985237407433e-05)
fastp | SRR30333750_2	(0.0, 0.00016642859566183205)	(1.0, 9.756159056038431e-05)	(2.0, 2.1042696003220145e-05)	(3.0, 1.3390806547503729e-05)	(4.0, 1.2434320365539176e-05)	(5.0, 7.651889455716416e-06)	(6.0, 8.608375637680969e-06)	(7.0, 1.434729272946828e-05)	(8.0, 1.5303778911432832e-05)	(9.0, 1.6260265093397385e-05)	(10.0, 1.817323745732649e-05)	(11.0, 2.4868640731078352e-05)	(12.0, 3.9215933460546635e-05)	(13.0, 5.4519712371979464e-05)	(14.0, 7.938835310305783e-05)	(15.0, 0.0001377340102028955)	(16.0, 0.00027929396513364917)	(17.0, 0.00045433093643316216)	(18.0, 0.0007575370561159252)	(19.0, 0.0013419501132962664)	(20.0, 0.0023242614221738616)	(21.0, 0.003798206628581236)	(22.0, 0.006090904006750267)	(23.0, 0.008875235282449078)	(24.0, 0.012237284212054477)	(25.0, 0.016937457310228287)	(26.0, 0.023359305535938287)	(27.0, 0.032940427620677205)	(28.0, 0.04478268303958032)	(29.0, 0.06015628544229657)	(30.0, 0.0821382508762059)	(31.0, 0.11456791487571405)	(32.0, 0.16389486376580797)	(33.0, 0.22921904404925897)	(34.0, 0.3222478465933133)	(35.0, 0.45214632199355514)	(36.0, 0.6323272759796735)	(37.0, 0.8515510394274031)	(38.0, 1.098872540956523)	(39.0, 1.3846304397078888)	(40.0, 1.676717407525314)	(41.0, 1.969121928755151)	(42.0, 2.2723691773437382)	(43.0, 2.5586005367551765)	(44.0, 2.839487051381797)	(45.0, 3.1506817436563277)	(46.0, 3.4394659646874293)	(47.0, 3.683495240778227)	(48.0, 3.9329430110898547)	(49.0, 4.164315105534716)	(50.0, 4.35939715774966)	(51.0, 4.54613673748551)	(52.0, 4.716815957739992)	(53.0, 4.8293838600092185)	(54.0, 4.844637901639189)	(55.0, 4.780061693550034)	(56.0, 4.638047407682847)	(57.0, 4.409825978721377)	(58.0, 4.121381310284873)	(59.0, 3.7593618117592915)	(60.0, 3.345444329486496)	(61.0, 2.9500664188787185)	(62.0, 2.544641577415586)	(63.0, 2.1061309224321176)	(64.0, 1.706581775584793)	(65.0, 1.3750426222198762)	(66.0, 1.1149415088135277)	(67.0, 0.9104351982476867)	(68.0, 0.7305641457845249)	(69.0, 0.5912490639228419)	(70.0, 0.4822297253887043)	(71.0, 0.39000628420986416)	(72.0, 0.3218078629496096)	(73.0, 0.2608596069486464)	(74.0, 0.20982533022374572)	(75.0, 0.17236837485183193)	(76.0, 0.13794348067674572)	(77.0, 0.10676490060324723)	(78.0, 0.07645863592770039)	(79.0, 0.050315955602245256)	(80.0, 0.03395812891828749)	(81.0, 0.025848082581410053)	(82.0, 0.019061813120371557)	(83.0, 0.011084718362787193)	(84.0, 0.006093773465296161)	(85.0, 0.00392924523551038)	(86.0, 0.003226227891766434)	(87.0, 0.003064581727014425)	(88.0, 0.0030330176830095945)	(89.0, 0.0031870119583058873)	(90.0, 0.0035169996910836576)	(91.0, 0.0037714250154862283)	(92.0, 0.004056457897711665)	(93.0, 0.0044629645250466)	(94.0, 0.004785300368368654)	(95.0, 0.005146852145151254)	(96.0, 0.005698744672144801)	(97.0, 0.006738445151940269)	(98.0, 0.007931183420850066)	(99.0, 0.008086134182328323)	(100.0, 0.010736557392552097)
fastp | SRR30333751_1	(0.0, 4.253637486537815e-05)	(1.0, 2.681641024121666e-05)	(2.0, 9.247038014212642e-06)	(3.0, 1.0171741815633905e-05)	(4.0, 1.4795260822740228e-05)	(5.0, 1.4795260822740228e-05)	(6.0, 1.109644561705517e-05)	(7.0, 1.0171741815633905e-05)	(8.0, 1.2945853219897697e-05)	(9.0, 1.4795260822740228e-05)	(10.0, 1.7569372227004022e-05)	(11.0, 2.404229883695287e-05)	(12.0, 4.253637486537815e-05)	(13.0, 7.49010079151224e-05)	(14.0, 0.00012206090178760688)	(15.0, 0.00019973602110699305)	(16.0, 0.00035601096354718673)	(17.0, 0.0006898290358602631)	(18.0, 0.0012159854988689624)	(19.0, 0.0019992096186727732)	(20.0, 0.003160637593257881)	(21.0, 0.005145976654909335)	(22.0, 0.007814671825811104)	(23.0, 0.011735415943837264)	(24.0, 0.017157879035371557)	(25.0, 0.024212444336414382)	(26.0, 0.03267810763842606)	(27.0, 0.043818014334148024)	(28.0, 0.05760072449433196)	(29.0, 0.07372293527211171)	(30.0, 0.09557923432250472)	(31.0, 0.1245011951195576)	(32.0, 0.15955486682383488)	(33.0, 0.2049642964002289)	(34.0, 0.2686421742775014)	(35.0, 0.35366868881818664)	(36.0, 0.4778369905692326)	(37.0, 0.6449254192632465)	(38.0, 0.8536948718063239)	(39.0, 1.1038041324957404)	(40.0, 1.3853376024688555)	(41.0, 1.6940740088721817)	(42.0, 2.028217576923358)	(43.0, 2.376846630023799)	(44.0, 2.714308960018277)	(45.0, 3.0698751410369796)	(46.0, 3.4199615273284607)	(47.0, 3.7306435105299767)	(48.0, 4.04882484156102)	(49.0, 4.343889502260332)	(50.0, 4.565838758085067)	(51.0, 4.770440570595139)	(52.0, 4.970439207581736)	(53.0, 5.090047794887973)	(54.0, 5.1117256261046915)	(55.0, 5.065963884379956)	(56.0, 4.911846275908478)	(57.0, 4.661405971258152)	(58.0, 4.376990199536008)	(59.0, 4.01795360515057)	(60.0, 3.5693011912579946)	(61.0, 3.083950982302214)	(62.0, 2.595598260103219)	(63.0, 2.1279672253902726)	(64.0, 1.7050234265848108)	(65.0, 1.3263165329355406)	(66.0, 1.0231486928243734)	(67.0, 0.8068946877125923)	(68.0, 0.6323781133817614)	(69.0, 0.49076434971310184)	(70.0, 0.3805276354342687)	(71.0, 0.29448302200821863)	(72.0, 0.24084372859917536)	(73.0, 0.19809929537847742)	(74.0, 0.15474178353743717)	(75.0, 0.12189168099194679)	(76.0, 0.09809720277377482)	(77.0, 0.07473918474987368)	(78.0, 0.05177971406438511)	(79.0, 0.03465235025446046)	(80.0, 0.02369091139241279)	(81.0, 0.0164597276652985)	(82.0, 0.010784820435976204)	(83.0, 0.005926426663308882)	(84.0, 0.002965525091157994)	(85.0, 0.001648746877934114)	(86.0, 0.0009210049862155792)	(87.0, 0.000552972873249916)	(88.0, 0.0003541615559443442)	(89.0, 0.0002579923605965327)	(90.0, 0.00020158542870983562)	(91.0, 0.00016367257285156375)	(92.0, 0.00017107020326293388)	(93.0, 0.0001701454994615126)	(94.0, 0.0001655219804544063)	(95.0, 0.0001673713880572488)	(96.0, 0.00014610320062455974)	(97.0, 0.00012021149418476435)	(98.0, 9.616919534781147e-05)	(99.0, 5.363282048243332e-05)	(100.0, 2.404229883695287e-05)
fastp | SRR30333751_2	(0.0, 0.0002626264752233097)	(1.0, 0.00014980805981047949)	(2.0, 2.5892751078354478e-05)	(3.0, 1.2946375539177239e-05)	(4.0, 1.202163442923601e-05)	(5.0, 1.1096893319294776e-05)	(6.0, 1.2946375539177239e-05)	(7.0, 1.5720598869000934e-05)	(8.0, 1.8494822198824628e-05)	(9.0, 2.5892751078354478e-05)	(10.0, 2.7742233298236943e-05)	(11.0, 2.9591715518119403e-05)	(12.0, 4.253809105729665e-05)	(13.0, 5.2710243266650187e-05)	(14.0, 8.600092322453452e-05)	(15.0, 0.00015073280092042072)	(16.0, 0.00027279862743266327)	(17.0, 0.0004577468494209095)	(18.0, 0.0006870826446863349)	(19.0, 0.001170722245185599)	(20.0, 0.002130603517304597)	(21.0, 0.003534360522195386)	(22.0, 0.005516080720799445)	(23.0, 0.007887116926688763)	(24.0, 0.010766760743045757)	(25.0, 0.014984504945487713)	(26.0, 0.020934289246849598)	(27.0, 0.029360530240634095)	(28.0, 0.039123022138283677)	(29.0, 0.05158945704140142)	(30.0, 0.0689977084360451)	(31.0, 0.09367442495482685)	(32.0, 0.1291031063588953)	(33.0, 0.17598378166847597)	(34.0, 0.24269090637519664)	(35.0, 0.33931525547073604)	(36.0, 0.48067303101857256)	(37.0, 0.6667642330187062)	(38.0, 0.8971505341850249)	(39.0, 1.1769503765610532)	(40.0, 1.4790031890067072)	(41.0, 1.7960386569156293)	(42.0, 2.1342867611454928)	(43.0, 2.457085215651569)	(44.0, 2.7673062663213335)	(45.0, 3.108712361441647)	(46.0, 3.427426234465112)	(47.0, 3.6944378320317632)	(48.0, 3.969560333873709)	(49.0, 4.233860590506013)	(50.0, 4.462051556277331)	(51.0, 4.6671915004011435)	(52.0, 4.8468409558294265)	(53.0, 4.9758876529806155)	(54.0, 5.0059925998147525)	(55.0, 4.947460186519912)	(56.0, 4.794327682419194)	(57.0, 4.556708981032025)	(58.0, 4.2630121292558)	(59.0, 3.8871631267546154)	(60.0, 3.4565324609005126)	(61.0, 3.036018462789167)	(62.0, 2.608108385280511)	(63.0, 2.152885154348631)	(64.0, 1.7349474849695818)	(65.0, 1.385524809167188)	(66.0, 1.113998625501804)	(67.0, 0.8995733558930707)	(68.0, 0.7160880743407516)	(69.0, 0.5742161427357877)	(70.0, 0.46286251724110444)	(71.0, 0.37609868260086843)	(72.0, 0.31235072944595965)	(73.0, 0.25698000600600857)	(74.0, 0.21065140113906278)	(75.0, 0.1748565222554576)	(76.0, 0.14115803146808922)	(77.0, 0.1085340898504725)	(78.0, 0.07861409123832397)	(79.0, 0.05376167390865337)	(80.0, 0.03554427404281111)	(81.0, 0.024243012938219323)	(82.0, 0.016570435949036923)	(83.0, 0.009938192708538414)	(84.0, 0.005945160595812176)	(85.0, 0.004338885287844258)	(86.0, 0.004038344427113358)	(87.0, 0.004062387695971829)	(88.0, 0.004395294495550673)	(89.0, 0.004957537090394942)	(90.0, 0.005591909491814626)	(91.0, 0.006207787071035486)	(92.0, 0.0068171914624867574)	(93.0, 0.007320250626294787)	(94.0, 0.007716964562459575)	(95.0, 0.008271809228424314)	(96.0, 0.009018075304146889)	(97.0, 0.01019896970154184)	(98.0, 0.011508403113218626)	(99.0, 0.011434423824423326)	(100.0, 0.013110979456746778)
fastp | SRR30333752_1	(0.0, 5.162116616481716e-05)	(1.0, 3.0112346929476675e-05)	(2.0, 1.0324233232963433e-05)	(3.0, 1.1184586002377052e-05)	(4.0, 8.603527694136194e-06)	(5.0, 9.463880463549812e-06)	(6.0, 1.4625997080031527e-05)	(7.0, 1.290529154120429e-05)	(8.0, 8.603527694136194e-06)	(9.0, 1.290529154120429e-05)	(10.0, 2.0648466465926865e-05)	(11.0, 3.09726996988903e-05)	(12.0, 4.043658016244011e-05)	(13.0, 5.506257724247164e-05)	(14.0, 0.00010066127402139346)	(15.0, 0.00018067408157686007)	(16.0, 0.00038027592408081974)	(17.0, 0.000775177845241671)	(18.0, 0.0012991326818145652)	(19.0, 0.0021577647456893574)	(20.0, 0.0035825089318383112)	(21.0, 0.005817705426774894)	(22.0, 0.008887444108042687)	(23.0, 0.01334751286468289)	(24.0, 0.019581629031853977)	(25.0, 0.027784232335443425)	(26.0, 0.037778090104952027)	(27.0, 0.050735863165090545)	(28.0, 0.06651387260336691)	(29.0, 0.08520159510780015)	(30.0, 0.11048908370640523)	(31.0, 0.14529207393472496)	(32.0, 0.18814624537921734)	(33.0, 0.24517644940533792)	(34.0, 0.32680155805068567)	(35.0, 0.4349642478685965)	(36.0, 0.5870797796175409)	(37.0, 0.7791285851588183)	(38.0, 1.003154122080892)	(39.0, 1.2576189399848192)	(40.0, 1.5288503126590791)	(41.0, 1.8125404537872178)	(42.0, 2.111707480884338)	(43.0, 2.42457562583437)	(44.0, 2.7288041082739505)	(45.0, 3.0501355434167046)	(46.0, 3.3661715072637177)	(47.0, 3.6453817915215194)	(48.0, 3.9393032477835246)	(49.0, 4.213949360599587)	(50.0, 4.422683847750872)	(51.0, 4.628518085716465)	(52.0, 4.827999478832706)	(53.0, 4.951500537823724)	(54.0, 4.979680532433097)	(55.0, 4.94277484003633)	(56.0, 4.818807469844291)	(57.0, 4.590182487016933)	(58.0, 4.309519066931592)	(59.0, 3.9644737284054896)	(60.0, 3.5402139896939375)	(61.0, 3.0746220435869853)	(62.0, 2.597630423285303)	(63.0, 2.1392688818525034)	(64.0, 1.7218885238851824)	(65.0, 1.345478164797338)	(66.0, 1.0429695275438153)	(67.0, 0.8314397542447052)	(68.0, 0.6597451745222151)	(69.0, 0.5144703076428785)	(70.0, 0.402568524689096)	(71.0, 0.31335682532305903)	(72.0, 0.26159714236236625)	(73.0, 0.22009458511862268)	(74.0, 0.16923913291858364)	(75.0, 0.13104549242600486)	(76.0, 0.10854210538922221)	(77.0, 0.08470689226538732)	(78.0, 0.05657421705833137)	(79.0, 0.03673620290119213)	(80.0, 0.02723532726855753)	(81.0, 0.02232787507182225)	(82.0, 0.016804410292186815)	(83.0, 0.009640252781279605)	(84.0, 0.004902290080118803)	(85.0, 0.0028116328504437078)	(86.0, 0.0014987345243185248)	(87.0, 0.0007433447927733671)	(88.0, 0.0004138296820879509)	(89.0, 0.00030370452760300763)	(90.0, 0.00025552477251584494)	(91.0, 0.00017034984834389663)	(92.0, 0.0001247511515649748)	(93.0, 0.0001238907987955612)	(94.0, 0.00013679609033676548)	(95.0, 0.00013593573756735187)	(96.0, 0.00010840444894611603)	(97.0, 8.43145714025347e-05)	(98.0, 6.796786878367594e-05)	(99.0, 4.731940231774906e-05)	(100.0, 2.322952477416772e-05)
fastp | SRR30333752_2	(0.0, 0.0002495198635535903)	(1.0, 0.00013508489164797819)	(2.0, 1.634785312937316e-05)	(3.0, 1.4627026484175983e-05)	(4.0, 1.548743980677457e-05)	(5.0, 1.0324959871183047e-05)	(6.0, 9.46454654858446e-06)	(7.0, 1.0324959871183047e-05)	(8.0, 6.883306580788698e-06)	(9.0, 1.634785312937316e-05)	(10.0, 2.4091573032760444e-05)	(11.0, 2.495198635535903e-05)	(12.0, 3.097487961354914e-05)	(13.0, 4.73227327429223e-05)	(14.0, 8.346009229206297e-05)	(15.0, 0.00016433894461633015)	(16.0, 0.000271030196618555)	(17.0, 0.00046290236755803995)	(18.0, 0.0007683490970805384)	(19.0, 0.0013147115569306412)	(20.0, 0.0022585849718212915)	(21.0, 0.0037849582061111856)	(22.0, 0.006191534269419434)	(23.0, 0.00922104957828906)	(24.0, 0.012642052948941043)	(25.0, 0.01731581811729657)	(26.0, 0.02433076793644285)	(27.0, 0.03439846422416892)	(28.0, 0.04642187999416158)	(29.0, 0.061446417433378114)	(30.0, 0.08348590469174093)	(31.0, 0.11591144116719129)	(32.0, 0.1630259538860447)	(33.0, 0.22585333470219354)	(34.0, 0.3139002904170296)	(35.0, 0.43512392343794454)	(36.0, 0.6040024087443049)	(37.0, 0.8125700397954929)	(38.0, 1.0500466980726706)	(39.0, 1.3232589028773356)	(40.0, 1.6074172859721)	(41.0, 1.894887399945546)	(42.0, 2.1957498472852395)	(43.0, 2.4831743593525877)	(44.0, 2.762110893992501)	(45.0, 3.078614795123714)	(46.0, 3.3773959026360414)	(47.0, 3.6247982890027166)	(48.0, 3.883687193226083)	(49.0, 4.130130218738061)	(50.0, 4.336094239075066)	(51.0, 4.539584571109599)	(52.0, 4.720345364401045)	(53.0, 4.8442207912822095)	(54.0, 4.876167077536973)	(55.0, 4.825298581491621)	(56.0, 4.698809218936403)	(57.0, 4.476830325425872)	(58.0, 4.1904572384387375)	(59.0, 3.82601712986559)	(60.0, 3.409633869007165)	(61.0, 3.009777427249214)	(62.0, 2.5973124886619035)	(63.0, 2.1510771875759205)	(64.0, 1.7420091607862291)	(65.0, 1.4036963631671098)	(66.0, 1.138614203847679)	(67.0, 0.9290622599554382)	(68.0, 0.7439581002115137)	(69.0, 0.6015072101087691)	(70.0, 0.4924773546957212)	(71.0, 0.40135270052595007)	(72.0, 0.33433596724206865)	(73.0, 0.2750887662612525)	(74.0, 0.22477265556900974)	(75.0, 0.18574172601597003)	(76.0, 0.14980570318431743)	(77.0, 0.11878264042470277)	(78.0, 0.08644486610815746)	(79.0, 0.05728029612535575)	(80.0, 0.03908771683233122)	(81.0, 0.030505093939410317)	(82.0, 0.023102097711772067)	(83.0, 0.013677130176027143)	(84.0, 0.007440854413832582)	(85.0, 0.004844987419552645)	(86.0, 0.00398973657688965)	(87.0, 0.0036911731539479397)	(88.0, 0.0038245372189507207)	(89.0, 0.004099869482182269)	(90.0, 0.004461243077673675)	(91.0, 0.004931889165135103)	(92.0, 0.005407697732532121)	(93.0, 0.005978151765414985)	(94.0, 0.006593347291072975)	(95.0, 0.007218867776602147)	(96.0, 0.008367519562271261)	(97.0, 0.01012276274037238)	(98.0, 0.011825520705794984)	(99.0, 0.012011369983476279)	(100.0, 0.015429792114160465)
fastp | SRR30333753_1	(0.0, 0.00012916176949395535)	(1.0, 9.750447304935844e-05)	(2.0, 5.445054988470666e-05)	(3.0, 4.685279873800341e-05)	(4.0, 4.811909059578728e-05)	(5.0, 3.67224638757324e-05)	(6.0, 2.5325837155677515e-05)	(7.0, 1.8994377866758138e-05)	(8.0, 2.9124712729029144e-05)	(9.0, 3.039100458681302e-05)	(10.0, 2.7858420871245268e-05)	(11.0, 3.5456172017948524e-05)	(12.0, 4.3053923164651774e-05)	(13.0, 9.750447304935844e-05)	(14.0, 0.0001418246880717941)	(15.0, 0.00021147074024990725)	(16.0, 0.0003887516003396499)	(17.0, 0.0006977268136389155)	(18.0, 0.0012586941066371725)	(19.0, 0.0022008152488283764)	(20.0, 0.0036671812201421045)	(21.0, 0.005960435774588703)	(22.0, 0.009189480011937586)	(23.0, 0.01412675196543692)	(24.0, 0.02118126390515089)	(25.0, 0.02981230920780579)	(26.0, 0.03935255206434951)	(27.0, 0.053174127692060515)	(28.0, 0.07133655180825464)	(29.0, 0.09237219214976039)	(30.0, 0.12043701859382444)	(31.0, 0.15371010344895356)	(32.0, 0.19158362662341147)	(33.0, 0.24080439113547072)	(34.0, 0.30997051869948383)	(35.0, 0.39175397833445547)	(36.0, 0.4925356147117585)	(37.0, 0.6095599767488554)	(38.0, 0.7399791740575901)	(39.0, 0.9005893018396081)	(40.0, 1.0869102195020697)	(41.0, 1.3002310121561993)	(42.0, 1.5669310717833502)	(43.0, 1.8956199167245953)	(44.0, 2.2708652481091227)	(45.0, 2.669940925965284)	(46.0, 3.0282318756659428)	(47.0, 3.3622328149505916)	(48.0, 3.7069174586393623)	(49.0, 4.016565072915111)	(50.0, 4.283442413402351)	(51.0, 4.563572764473159)	(52.0, 4.847452605734864)	(53.0, 5.047202548549123)	(54.0, 5.149586044126523)	(55.0, 5.201956076488891)	(56.0, 5.141243713367443)	(57.0, 4.946870445781334)	(58.0, 4.682299022767117)	(59.0, 4.334491703357051)	(60.0, 3.8993127783436132)	(61.0, 3.4097896719615224)	(62.0, 2.90648551129117)	(63.0, 2.4319401050029468)	(64.0, 1.9766549978716166)	(65.0, 1.5500716619888157)	(66.0, 1.2104927070706293)	(67.0, 0.9662743930865734)	(68.0, 0.7778387680216124)	(69.0, 0.6214580550445927)	(70.0, 0.5005221174588015)	(71.0, 0.408220837653077)	(72.0, 0.35432239101836405)	(73.0, 0.30684404410261545)	(74.0, 0.24624438095651027)	(75.0, 0.20173168957169146)	(76.0, 0.17460518539424527)	(77.0, 0.13884383703857084)	(78.0, 0.09536064093413034)	(79.0, 0.06627771583640805)	(80.0, 0.05110120792086831)	(81.0, 0.04025921703452276)	(82.0, 0.02906139813613995)	(83.0, 0.016991104147744046)	(84.0, 0.00863231159451268)	(85.0, 0.0048233056862987825)	(86.0, 0.002504725294696506)	(87.0, 0.0012321019776237111)	(88.0, 0.0007065908566434027)	(89.0, 0.00044826731765549205)	(90.0, 0.0003077089214414818)	(91.0, 0.00023553028554780092)	(92.0, 0.00019374265424093302)	(93.0, 0.0001519550229340651)	(94.0, 0.0001519550229340651)	(95.0, 0.00016335164965412)	(96.0, 0.00014435727178736184)	(97.0, 0.0001202977264894682)	(98.0, 0.00010890109976941332)	(99.0, 6.584717660476154e-05)	(100.0, 2.5325837155677515e-05)
fastp | SRR30333753_2	(0.0, 0.000949802109996785)	(1.0, 0.0005369547928515159)	(2.0, 8.864819693303326e-05)	(3.0, 4.812330690650378e-05)	(4.0, 4.938970971983282e-05)	(5.0, 4.685690409317473e-05)	(6.0, 3.9258487213200444e-05)	(7.0, 3.292647314655521e-05)	(8.0, 1.89960421999357e-05)	(9.0, 2.9127264706568074e-05)	(10.0, 5.0656112533161864e-05)	(11.0, 4.812330690650378e-05)	(12.0, 5.0656112533161864e-05)	(13.0, 6.458654347978138e-05)	(14.0, 0.00012537387851957563)	(15.0, 0.00020515725575930555)	(16.0, 0.0002672109936124288)	(17.0, 0.00046097062405177304)	(18.0, 0.0008472234821171322)	(19.0, 0.0013930430946619513)	(20.0, 0.002596125767324546)	(21.0, 0.004509660418264735)	(22.0, 0.007215963230348908)	(23.0, 0.010319916525818401)	(24.0, 0.01404187439419247)	(25.0, 0.019012505436508977)	(26.0, 0.025963790478872116)	(27.0, 0.036107677013637776)	(28.0, 0.04754582722362573)	(29.0, 0.062319682443922386)	(30.0, 0.08350153589966401)	(31.0, 0.11191454941951451)	(32.0, 0.14762330954695363)	(33.0, 0.19075825577175431)	(34.0, 0.24415866320140023)	(35.0, 0.3107676519740681)	(36.0, 0.4027730827652366)	(37.0, 0.5237512771197471)	(38.0, 0.6865878836632225)	(39.0, 0.8985596529610517)	(40.0, 1.1339054189844953)	(41.0, 1.4007402909613653)	(42.0, 1.7175664139943994)	(43.0, 2.051880293476694)	(44.0, 2.4038262993289696)	(45.0, 2.794688863634847)	(46.0, 3.1340708871760845)	(47.0, 3.420865533893834)	(48.0, 3.7178420592307484)	(49.0, 3.9984060041069194)	(50.0, 4.253557043728015)	(51.0, 4.5175956982930545)	(52.0, 4.770511536948625)	(53.0, 4.975283806252679)	(54.0, 5.093886228929384)	(55.0, 5.10489760139128)	(56.0, 5.010249187928694)	(57.0, 4.816276801816711)	(58.0, 4.550834972934503)	(59.0, 4.192032662250863)	(60.0, 3.768950277568269)	(61.0, 3.33449179641354)	(62.0, 2.8812322990921273)	(63.0, 2.3997142893940904)	(64.0, 1.9470031444908493)	(65.0, 1.5758356767378658)	(66.0, 1.2829027755839109)	(67.0, 1.0460474574069794)	(68.0, 0.8448958337462333)	(69.0, 0.6900641593858109)	(70.0, 0.5761334966874765)	(71.0, 0.4823082450535541)	(72.0, 0.41276120175396286)	(73.0, 0.3511342416489314)	(74.0, 0.2967371752051956)	(75.0, 0.25541065219782877)	(76.0, 0.2172146769450114)	(77.0, 0.18076760397740144)	(78.0, 0.1389408518587697)	(79.0, 0.09726733448055076)	(80.0, 0.06815020099648932)	(81.0, 0.05313952845010012)	(82.0, 0.0403159335623302)	(83.0, 0.023851430586239265)	(84.0, 0.012091614061665737)	(85.0, 0.007061462087122764)	(86.0, 0.005598766837727715)	(87.0, 0.0049237741382233335)	(88.0, 0.004908577304463385)	(89.0, 0.005306227787848706)	(90.0, 0.005735538341567253)	(91.0, 0.0061357216305792306)	(92.0, 0.006714467716270605)	(93.0, 0.00730587783009527)	(94.0, 0.007664269826267391)	(95.0, 0.008127773255945821)	(96.0, 0.009143428312235717)	(97.0, 0.01084040808209664)	(98.0, 0.012462670085971149)	(99.0, 0.012495596559117703)	(100.0, 0.013913967710046235)
fastp | SRR30333754_1	(0.0, 0.00016138065833242482)	(1.0, 0.00010288016968692081)	(2.0, 4.437968104141682e-05)	(3.0, 3.9336535468528544e-05)	(4.0, 3.7319277239373236e-05)	(5.0, 3.3284760781062614e-05)	(6.0, 2.6224356979019033e-05)	(7.0, 2.6224356979019033e-05)	(8.0, 2.5215727864441375e-05)	(9.0, 3.025887343732965e-05)	(10.0, 4.0345164583106205e-05)	(11.0, 4.437968104141682e-05)	(12.0, 6.152637598923696e-05)	(13.0, 9.985428234318785e-05)	(14.0, 0.00014322533427002702)	(15.0, 0.00023702784192574893)	(16.0, 0.00045287447244536714)	(17.0, 0.0008502743435889633)	(18.0, 0.001491762460460352)	(19.0, 0.002447942861079969)	(20.0, 0.004078896139352037)	(21.0, 0.006776979020847264)	(22.0, 0.010532105214419874)	(23.0, 0.016234894228241935)	(24.0, 0.023913587677521626)	(25.0, 0.0336781261357479)	(26.0, 0.045540613152295704)	(27.0, 0.061741213990642)	(28.0, 0.08133080865396922)	(29.0, 0.10420651697259044)	(30.0, 0.1355294941257995)	(31.0, 0.17116436074382804)	(32.0, 0.21230634232745063)	(33.0, 0.26701942864771555)	(34.0, 0.3407199580499048)	(35.0, 0.4247448150689109)	(36.0, 0.526733356618545)	(37.0, 0.6459119641679262)	(38.0, 0.7761522072168805)	(39.0, 0.9301406227685657)	(40.0, 1.1081656787497511)	(41.0, 1.3115396016385017)	(42.0, 1.5629736932077636)	(43.0, 1.876644235662925)	(44.0, 2.2355719664891853)	(45.0, 2.618913565033798)	(46.0, 2.965865842382678)	(47.0, 3.2950521265073878)	(48.0, 3.6440942833816723)	(49.0, 3.9613232693530636)	(50.0, 4.232410499219871)	(51.0, 4.510511735949451)	(52.0, 4.795985042877479)	(53.0, 4.9986206492543594)	(54.0, 5.098451733127912)	(55.0, 5.151935300557507)	(56.0, 5.094345604002466)	(57.0, 4.91296685621531)	(58.0, 4.66531613245483)	(59.0, 4.33591601895783)	(60.0, 3.9110693323483465)	(61.0, 3.4202633447910573)	(62.0, 2.9329603261486965)	(63.0, 2.4725342475224865)	(64.0, 2.0184776617548343)	(65.0, 1.5901552392165168)	(66.0, 1.244420377208932)	(67.0, 0.9946121957723695)	(68.0, 0.802497599689649)	(69.0, 0.642991982881224)	(70.0, 0.5230911968858052)	(71.0, 0.4295287429593527)	(72.0, 0.3665459065286656)	(73.0, 0.3148405522280713)	(74.0, 0.25869521256510614)	(75.0, 0.21486926890759242)	(76.0, 0.1830107096945426)	(77.0, 0.1458891237616266)	(78.0, 0.10298809300218062)	(79.0, 0.07175690109839811)	(80.0, 0.05315878885470074)	(81.0, 0.04066490001242732)	(82.0, 0.028559333379266305)	(83.0, 0.01575478676970297)	(84.0, 0.007783590877195765)	(85.0, 0.004385519390183644)	(86.0, 0.002195785582435555)	(87.0, 0.0010903280728584452)	(88.0, 0.0006646865865066747)	(89.0, 0.00042866737369550345)	(90.0, 0.00032679583312316025)	(91.0, 0.00029048518499836466)	(92.0, 0.00028443341031089876)	(93.0, 0.00028745929765463174)	(94.0, 0.00029351107234209763)	(95.0, 0.00029956284702956353)	(96.0, 0.00028745929765463174)	(97.0, 0.00024307961661321486)	(98.0, 0.00019869993557179803)	(99.0, 0.00010893194437438675)	(100.0, 3.9336535468528544e-05)
fastp | SRR30333754_2	(0.0, 0.0012830701496211099)	(1.0, 0.0007111355782098134)	(2.0, 0.00010893991836405651)	(3.0, 5.951347392110494e-05)	(4.0, 3.631330612135217e-05)	(5.0, 2.7234979591014127e-05)	(6.0, 2.4208870747568114e-05)	(7.0, 3.328719727790616e-05)	(8.0, 3.631330612135217e-05)	(9.0, 3.126979138227548e-05)	(10.0, 3.530460317353683e-05)	(11.0, 4.640033559950555e-05)	(12.0, 6.455698866018163e-05)	(13.0, 8.170493877304238e-05)	(14.0, 0.00012709657142473258)	(15.0, 0.0002037579954586983)	(16.0, 0.00031673272561401615)	(17.0, 0.0005295690476030525)	(18.0, 0.0009582678004245711)	(19.0, 0.0015705504897484813)	(20.0, 0.002933308172247003)	(21.0, 0.005050575659711398)	(22.0, 0.007974805505428064)	(23.0, 0.011592014276293866)	(24.0, 0.015575382217216636)	(25.0, 0.021116187509566287)	(26.0, 0.02945412607620787)	(27.0, 0.040572049967028526)	(28.0, 0.05275314676484655)	(29.0, 0.0684021642972537)	(30.0, 0.09141269594281719)	(31.0, 0.1223939982820175)	(32.0, 0.16057643096567148)	(33.0, 0.20470214141785342)	(34.0, 0.2586052095432095)	(35.0, 0.32862432466581115)	(36.0, 0.4222591932026656)	(37.0, 0.5444474160833287)	(38.0, 0.7045144520603535)	(39.0, 0.9060371617866929)	(40.0, 1.1301396869998788)	(41.0, 1.3909721126518644)	(42.0, 1.7039040455585124)	(43.0, 2.027925658673442)	(44.0, 2.3743677122094633)	(45.0, 2.762979601181853)	(46.0, 3.09596454869107)	(47.0, 3.3790822485691394)	(48.0, 3.681307808387676)	(49.0, 3.967073353503761)	(50.0, 4.2338369524889)	(51.0, 4.503796122412719)	(52.0, 4.736661250133578)	(53.0, 4.9254611895791225)	(54.0, 5.039056272047347)	(55.0, 5.054937291257751)	(56.0, 4.9819142587565555)	(57.0, 4.808565631065647)	(58.0, 4.54920187690568)	(59.0, 4.1963938990659955)	(60.0, 3.775767795935843)	(61.0, 3.3463367247742104)	(62.0, 2.8991938385518883)	(63.0, 2.4232333178134295)	(64.0, 1.9795432217814795)	(65.0, 1.6020220217203198)	(66.0, 1.302740865806457)	(67.0, 1.0663856258861582)	(68.0, 0.8675369876744771)	(69.0, 0.7094984533255091)	(70.0, 0.5885095782497983)	(71.0, 0.4946003425111382)	(72.0, 0.42613261252227647)	(73.0, 0.36312196548109577)	(74.0, 0.308648980190224)	(75.0, 0.26685034743865205)	(76.0, 0.22485300020636043)	(77.0, 0.18663122810774166)	(78.0, 0.14460765459880687)	(79.0, 0.10107102666814906)	(80.0, 0.06949559829268553)	(81.0, 0.0522306386378782)	(82.0, 0.038955099141680535)	(83.0, 0.023447300021967533)	(84.0, 0.012385863496224534)	(85.0, 0.007788195460082225)	(86.0, 0.006717961632450151)	(87.0, 0.0064990730927742225)	(88.0, 0.006837997283240177)	(89.0, 0.0074886106845810695)	(90.0, 0.008472096058701025)	(91.0, 0.009450537918081902)	(92.0, 0.010298857097194601)	(93.0, 0.0111865156912721)	(94.0, 0.011719110847718596)	(95.0, 0.012319289101668724)	(96.0, 0.013266461169667327)	(97.0, 0.014774472076651255)	(98.0, 0.016557858888388774)	(99.0, 0.01628147428068737)	(100.0, 0.01771786727837641)
fastp | SRR30333755_1	(0.0, 0.00021114617239942517)	(1.0, 0.00013610024365505116)	(2.0, 5.59664553347874e-05)	(3.0, 4.579073618300787e-05)	(4.0, 4.706270107698031e-05)	(5.0, 4.324680639506299e-05)	(6.0, 2.5439297879448814e-05)	(7.0, 2.1623403197531494e-05)	(8.0, 3.4343052137255904e-05)	(9.0, 3.4343052137255904e-05)	(10.0, 3.052715745533858e-05)	(11.0, 4.07028766071181e-05)	(12.0, 4.833466597095275e-05)	(13.0, 8.14057532142362e-05)	(14.0, 0.00016408347132244487)	(15.0, 0.00027474441709804723)	(16.0, 0.0004884345192854172)	(17.0, 0.0009043670396144054)	(18.0, 0.001521270013191039)	(19.0, 0.002491779227292011)	(20.0, 0.003999057626649353)	(21.0, 0.006763037341251467)	(22.0, 0.010795166055144105)	(23.0, 0.016554623095051315)	(24.0, 0.024378479157875797)	(25.0, 0.0341446256137962)	(26.0, 0.04577165670959828)	(27.0, 0.062426765031273417)	(28.0, 0.08329462108178529)	(29.0, 0.10729659863104524)	(30.0, 0.14001535159869832)	(31.0, 0.17750651684853602)	(32.0, 0.22169330530024464)	(33.0, 0.2781774503468788)	(34.0, 0.35615271424207134)	(35.0, 0.44747343380482274)	(36.0, 0.5532602101067227)	(37.0, 0.6772538919009441)	(38.0, 0.8143996906988407)	(39.0, 0.9767532897654829)	(40.0, 1.1616918974895)	(41.0, 1.368507029424949)	(42.0, 1.6229839579024394)	(43.0, 1.9398482204994898)	(44.0, 2.3104682634456037)	(45.0, 2.7043512723375795)	(46.0, 3.0556399928251006)	(47.0, 3.3844937965127353)	(48.0, 3.723580557772378)	(49.0, 4.029671277717482)	(50.0, 4.284511988154649)	(51.0, 4.549854040756452)	(52.0, 4.821344771655718)	(53.0, 5.006893922528842)	(54.0, 5.08715109144382)	(55.0, 5.113420982399034)	(56.0, 5.03606007754763)	(57.0, 4.839257853257531)	(58.0, 4.572503919623419)	(59.0, 4.220874312544313)	(60.0, 3.7928543098279053)	(61.0, 3.3147188902889835)	(62.0, 2.830760415465455)	(63.0, 2.3701959189718678)	(64.0, 1.9267253586883761)	(65.0, 1.5188621836467493)	(66.0, 1.191778955091524)	(67.0, 0.9602546331257665)	(68.0, 0.7807409556745419)	(69.0, 0.6272084331475984)	(70.0, 0.5097780902062748)	(71.0, 0.4210229238346659)	(72.0, 0.368906706233933)	(73.0, 0.3214522399696092)	(74.0, 0.26298255772348406)	(75.0, 0.22003975093808048)	(76.0, 0.19588768153133176)	(77.0, 0.15670225904272278)	(78.0, 0.10296174227238716)	(79.0, 0.07012342460470065)	(80.0, 0.05543604597400088)	(81.0, 0.04523361555944794)	(82.0, 0.03411282649144689)	(83.0, 0.019957129186427593)	(84.0, 0.009893342945317645)	(85.0, 0.00563353251540394)	(86.0, 0.00289244816889333)	(87.0, 0.0014958307153115902)	(88.0, 0.0008763838119470117)	(89.0, 0.0005202336416347283)	(90.0, 0.0003688698192520078)	(91.0, 0.0003027276447654409)	(92.0, 0.00028237620646188186)	(93.0, 0.00023022564580901176)	(94.0, 0.00017934705005011415)	(95.0, 0.00018952276920189366)	(96.0, 0.00017044329579230706)	(97.0, 0.0001246525596092992)	(98.0, 0.0001119329106695748)	(99.0, 7.631789363834644e-05)	(100.0, 3.4343052137255904e-05)
fastp | SRR30333755_2	(0.0, 0.001149942489518891)	(1.0, 0.000646206620216368)	(2.0, 9.28604001492025e-05)	(3.0, 4.070592883252712e-05)	(4.0, 4.070592883252712e-05)	(5.0, 4.325004938456006e-05)	(6.0, 3.0529446624395337e-05)	(7.0, 3.180150690041181e-05)	(8.0, 4.961035076464243e-05)	(9.0, 3.307356717642828e-05)	(10.0, 1.653678358821414e-05)	(11.0, 2.6713265796345925e-05)	(12.0, 5.9786832972774205e-05)	(13.0, 0.00010176482208131781)	(14.0, 0.0001386545700857955)	(15.0, 0.00022133848802686625)	(16.0, 0.00040705928832527124)	(17.0, 0.0006283977763521375)	(18.0, 0.0009769422919806508)	(19.0, 0.0015404649942559483)	(20.0, 0.002944819538978134)	(21.0, 0.0052892266276764925)	(22.0, 0.008432487569713197)	(23.0, 0.01203750639194388)	(24.0, 0.016387952535920215)	(25.0, 0.022060069306677664)	(26.0, 0.030730432148005943)	(27.0, 0.042699247285044935)	(28.0, 0.05545928391376617)	(29.0, 0.07225556779828766)	(30.0, 0.0966676765553198)	(31.0, 0.12927694173100207)	(32.0, 0.169041545959277)	(33.0, 0.21655808550959632)	(34.0, 0.2737003051685323)	(35.0, 0.34422459893116153)	(36.0, 0.4414100040188201)	(37.0, 0.5696209592385203)	(38.0, 0.7378318498375586)	(39.0, 0.9500267686004183)	(40.0, 1.1855690816692845)	(41.0, 1.4533657550968244)	(42.0, 1.7661132224979583)	(43.0, 2.090304144142136)	(44.0, 2.438390718071284)	(45.0, 2.8336580076378826)	(46.0, 3.178130658322867)	(47.0, 3.461097922602179)	(48.0, 3.7556612883576577)	(49.0, 4.035498012297693)	(50.0, 4.278072274572379)	(51.0, 4.5260960430695185)	(52.0, 4.7642346311617345)	(53.0, 4.952631846280878)	(54.0, 5.044488590872303)	(55.0, 5.033012063062083)	(56.0, 4.937401468596133)	(57.0, 4.745733786507351)	(58.0, 4.473104556091225)	(59.0, 4.107812094868677)	(60.0, 3.681682078885368)	(61.0, 3.2574181753269738)	(62.0, 2.810626084280328)	(63.0, 2.3358054171119353)	(64.0, 1.9007938762814782)	(65.0, 1.5406367223932105)	(66.0, 1.2570677736033424)	(67.0, 1.0295229034897917)	(68.0, 0.8355629687836281)	(69.0, 0.6869239975913793)	(70.0, 0.576942938187271)	(71.0, 0.48441963401121296)	(72.0, 0.4195089422466445)	(73.0, 0.35995489630438127)	(74.0, 0.30623324672765356)	(75.0, 0.2650999056423849)	(76.0, 0.22401108666677683)	(77.0, 0.18775355261947932)	(78.0, 0.14405701007803748)	(79.0, 0.09795118537382043)	(80.0, 0.06884390213801149)	(81.0, 0.05582690933353494)	(82.0, 0.043802123544351215)	(83.0, 0.026229882891459663)	(84.0, 0.0129966398400603)	(85.0, 0.007394486384483755)	(86.0, 0.006035926009698162)	(87.0, 0.0054482341621785516)	(88.0, 0.005238344216635834)	(89.0, 0.005345197279821218)	(90.0, 0.005880734656024153)	(91.0, 0.006646514942186069)	(92.0, 0.007241839151361779)	(93.0, 0.007856244264677735)	(94.0, 0.008239134407758694)	(95.0, 0.008465561136889625)	(96.0, 0.009115583937934043)	(97.0, 0.010207011654756175)	(98.0, 0.011543947004849488)	(99.0, 0.011236108418053503)	(100.0, 0.011125439174040068)
fastp | SRR30333756_1	(0.0, 0.00023784451034058738)	(1.0, 0.00015856300689372492)	(2.0, 5.9461127585146846e-05)	(3.0, 4.1727107077296034e-05)	(4.0, 5.8417949908214445e-05)	(5.0, 5.528841687741725e-05)	(6.0, 4.485664010809324e-05)	(7.0, 4.1727107077296034e-05)	(8.0, 2.503626424637762e-05)	(9.0, 2.712261960024242e-05)	(10.0, 3.964075172343123e-05)	(11.0, 5.007252849275524e-05)	(12.0, 7.093608203140326e-05)	(13.0, 0.0001387426310320093)	(14.0, 0.000226369555894331)	(15.0, 0.0003348600342953007)	(16.0, 0.0005925249204976037)	(17.0, 0.0011454090892717762)	(18.0, 0.0020550600235568297)	(19.0, 0.003490472507015813)	(20.0, 0.005874133498806349)	(21.0, 0.009934181017427253)	(22.0, 0.015465109060522843)	(23.0, 0.023495490817548464)	(24.0, 0.034646017006278895)	(25.0, 0.04864441825303478)	(26.0, 0.06551781717741637)	(27.0, 0.08818711127483438)	(28.0, 0.11618704330137693)	(29.0, 0.14876965486268356)	(30.0, 0.19016920414942282)	(31.0, 0.23866131846162547)	(32.0, 0.2947206436422958)	(33.0, 0.3671359516195892)	(34.0, 0.4665466115205392)	(35.0, 0.5760531449788411)	(36.0, 0.7047280682507758)	(37.0, 0.8475620421317139)	(38.0, 0.9926513661501801)	(39.0, 1.1563541094581509)	(40.0, 1.3376990736384025)	(41.0, 1.5323069988031728)	(42.0, 1.7626552343573239)	(43.0, 2.050842456208992)	(44.0, 2.376576772186488)	(45.0, 2.726230109118367)	(46.0, 3.0390457127447323)	(47.0, 3.3347177344283905)	(48.0, 3.6438989070283228)	(49.0, 3.9214185939556807)	(50.0, 4.161616513135427)	(51.0, 4.406315743991137)	(52.0, 4.665111434795236)	(53.0, 4.851728618954703)	(54.0, 4.941548303293937)	(55.0, 4.988606048300357)	(56.0, 4.9366057274606305)	(57.0, 4.759680707097542)	(58.0, 4.512809580318459)	(59.0, 4.194612223056799)	(60.0, 3.7814877835496454)	(61.0, 3.298150184141202)	(62.0, 2.8182143871372354)	(63.0, 2.365725637991037)	(64.0, 1.9244051490540772)	(65.0, 1.5094979188970457)	(66.0, 1.176059735775404)	(67.0, 0.9384165587264645)	(68.0, 0.7502366944069517)	(69.0, 0.594017707753294)	(70.0, 0.47645366991836624)	(71.0, 0.3842158997240034)	(72.0, 0.32522002938276834)	(73.0, 0.275102644249905)	(74.0, 0.21734606898886574)	(75.0, 0.17344080692213482)	(76.0, 0.1430144436190475)	(77.0, 0.10767367027993162)	(78.0, 0.0694985831925904)	(79.0, 0.04413371797797908)	(80.0, 0.03061100575190437)	(81.0, 0.022500299313754954)	(82.0, 0.015217875951089864)	(83.0, 0.007450374968651206)	(84.0, 0.002935501982887776)	(85.0, 0.001483398656597874)	(86.0, 0.0006811950230368577)	(87.0, 0.0003139964807566527)	(88.0, 0.00019194469255556177)	(89.0, 0.00015230394083213053)	(90.0, 0.00016064936224758974)	(91.0, 0.00016690842830918414)	(92.0, 0.00017942656043237295)	(93.0, 0.00020237646932488575)	(94.0, 0.00022324002286353378)	(95.0, 0.00021802413447887176)	(96.0, 0.00020341964700181815)	(97.0, 0.00021802413447887176)	(98.0, 0.00020133329164795336)	(99.0, 0.0001126631891086993)	(100.0, 4.068392940036363e-05)
fastp | SRR30333756_2	(0.0, 0.001750601487579352)	(1.0, 0.000975454344986111)	(2.0, 0.00015127366847378192)	(3.0, 7.094213418080807e-05)	(4.0, 4.4860467202569805e-05)	(5.0, 5.3206600635606056e-05)	(6.0, 4.381720052344028e-05)	(7.0, 4.277393384431075e-05)	(8.0, 5.737966735212418e-05)	(9.0, 5.112006727734699e-05)	(10.0, 4.590373388169934e-05)	(11.0, 5.946620071038323e-05)	(12.0, 9.389400112165773e-05)	(13.0, 0.00012519200149554364)	(14.0, 0.00015023040179465238)	(15.0, 0.00027229260325280745)	(16.0, 0.0005091141394152109)	(17.0, 0.0008147912764001633)	(18.0, 0.0013280784825318922)	(19.0, 0.0022117253597546045)	(20.0, 0.004311821184842349)	(21.0, 0.007684702358468121)	(22.0, 0.011895326675434907)	(23.0, 0.016915525935406205)	(24.0, 0.022917439140438395)	(25.0, 0.03070438163346121)	(26.0, 0.04255693437505181)	(27.0, 0.059213730174033884)	(28.0, 0.076684273982737)	(29.0, 0.09887872931453863)	(30.0, 0.13079851662918573)	(31.0, 0.1736538252744686)	(32.0, 0.2256398038954931)	(33.0, 0.28466052973388806)	(34.0, 0.3556923848491012)	(35.0, 0.4428781812239561)	(36.0, 0.5577501887295504)	(37.0, 0.7068256943104064)	(38.0, 0.8954128388299352)	(39.0, 1.1261177024526021)	(40.0, 1.3698999138981578)	(41.0, 1.6324025026340137)	(42.0, 1.9337229579669213)	(43.0, 2.237616108930562)	(44.0, 2.5511792987430546)	(45.0, 2.8989282510972636)	(46.0, 3.1909406811189776)	(47.0, 3.4288054839605104)	(48.0, 3.691168274961363)	(49.0, 3.9341847286644374)	(50.0, 4.160014407095533)	(51.0, 4.40049885256836)	(52.0, 4.612308070098632)	(53.0, 4.782817489602205)	(54.0, 4.87746890233291)	(55.0, 4.889450820142713)	(56.0, 4.8205284502526995)	(57.0, 4.650690894490487)	(58.0, 4.396524006520876)	(59.0, 4.049583585842993)	(60.0, 3.642342351111422)	(61.0, 3.227247404819364)	(62.0, 2.790836433739332)	(63.0, 2.324488925301678)	(64.0, 1.8913183405270224)	(65.0, 1.527418576713209)	(66.0, 1.2469707578296458)	(67.0, 1.022105057810067)	(68.0, 0.8246084158507722)	(69.0, 0.6720807408286765)	(70.0, 0.5533841176773934)	(71.0, 0.460008620095263)	(72.0, 0.39050828046501196)	(73.0, 0.3284954657908735)	(74.0, 0.2748819911504069)	(75.0, 0.22953849147540015)	(76.0, 0.18504525414388392)	(77.0, 0.1465987904846025)	(78.0, 0.1074376891501173)	(79.0, 0.06955980583096144)	(80.0, 0.043694095055302994)	(81.0, 0.030471733164015326)	(82.0, 0.021824095660710648)	(83.0, 0.012898949220757513)	(84.0, 0.007051439484236496)	(85.0, 0.004934651392282679)	(86.0, 0.00497638205944786)	(87.0, 0.005388472397704024)	(88.0, 0.006045730405555629)	(89.0, 0.006893906215687937)	(90.0, 0.00784432216037494)	(91.0, 0.008807257305211496)	(92.0, 0.009628308181686435)	(93.0, 0.010338772790173647)	(94.0, 0.011008549998174804)	(95.0, 0.01199861007666873)	(96.0, 0.013790942231413264)	(97.0, 0.01639910892923709)	(98.0, 0.0191303810951982)	(99.0, 0.0199076147711497)	(100.0, 0.023312837211828488)
fastp | SRR30333757_1	(0.0, 4.42452885349197e-05)	(1.0, 4.203302410817371e-05)	(2.0, 4.203302410817371e-05)	(3.0, 5.8625007308768596e-05)	(4.0, 7.30047260826175e-05)	(5.0, 9.070284149658537e-05)	(6.0, 0.00010176416363031531)	(7.0, 9.623350256345034e-05)	(8.0, 0.00010618869248380728)	(9.0, 0.00011171935355067225)	(10.0, 0.00012167454347102918)	(11.0, 0.0001758750219263058)	(12.0, 0.0002721085244897561)	(13.0, 0.0004103750511613802)	(14.0, 0.0006492996092499466)	(15.0, 0.001032021355077002)	(16.0, 0.0017200355917950032)	(17.0, 0.002940099423145414)	(18.0, 0.004681151526994504)	(19.0, 0.007354673086717027)	(20.0, 0.012406378905191483)	(21.0, 0.020121651093468106)	(22.0, 0.03046177502407884)	(23.0, 0.0459653241267147)	(24.0, 0.06871403922694366)	(25.0, 0.10333929590215846)	(26.0, 0.14855245012377952)	(27.0, 0.20617087711837867)	(28.0, 0.282238483299826)	(29.0, 0.3819098447824396)	(30.0, 0.49957244671556494)	(31.0, 0.6257777077325699)	(32.0, 0.7779748634994134)	(33.0, 0.9623383440311436)	(34.0, 1.1582642245892616)	(35.0, 1.3416653700953571)	(36.0, 1.5630544142053215)	(37.0, 1.8127781410930484)	(38.0, 2.009719451023043)	(39.0, 2.183197484442969)	(40.0, 2.342013735374637)	(41.0, 2.504423809867553)	(42.0, 2.677583277210028)	(43.0, 2.848772723080486)	(44.0, 3.034804250989983)	(45.0, 3.2479703082257325)	(46.0, 3.4382626574211415)	(47.0, 3.594911995346811)	(48.0, 3.7931331002476787)	(49.0, 3.9753075451291435)	(50.0, 4.090826462832752)	(51.0, 4.204260321314153)	(52.0, 4.310974426599311)	(53.0, 4.35945288311481)	(54.0, 4.330581726213562)	(55.0, 4.246958130882563)	(56.0, 4.092788741379275)	(57.0, 3.8399457216498365)	(58.0, 3.5446404985134357)	(59.0, 3.2100720063311465)	(60.0, 2.8229578094847874)	(61.0, 2.403134176956775)	(62.0, 1.9919284205031516)	(63.0, 1.6241228675734312)	(64.0, 1.2840978251825732)	(65.0, 0.9740600270962572)	(66.0, 0.732564817743812)	(67.0, 0.5631905348354992)	(68.0, 0.42862180815318107)	(69.0, 0.32086240792638415)	(70.0, 0.23981056999147812)	(71.0, 0.17566706907019167)	(72.0, 0.1369093024458154)	(73.0, 0.10844741446351493)	(74.0, 0.07598575239765772)	(75.0, 0.052275808404007626)	(76.0, 0.03973226910435789)	(77.0, 0.029650980111676436)	(78.0, 0.018953575476146227)	(79.0, 0.011274805650910913)	(80.0, 0.007552670752910793)	(81.0, 0.005780646947087259)	(82.0, 0.004427847250132088)	(83.0, 0.0026049413624933972)	(84.0, 0.0012632029876719574)	(85.0, 0.0007554883017337539)	(86.0, 0.0005032901570847117)	(87.0, 0.000294231168757216)	(88.0, 0.00017366275749955981)	(89.0, 0.00010397642805706128)	(90.0, 6.858019722912554e-05)	(91.0, 5.309434624190364e-05)	(92.0, 4.3139156321546705e-05)	(93.0, 3.5396230827935756e-05)	(94.0, 2.5441040907578827e-05)	(95.0, 1.6591983200594888e-05)	(96.0, 7.742925493610947e-06)	(97.0, 4.4245288534919696e-06)	(98.0, 4.4245288534919696e-06)	(99.0, 2.2122644267459848e-06)	(100.0, 0.0)
fastp | SRR30333757_2	(0.0, 0.00014157300460288124)	(1.0, 0.0001946628813289617)	(2.0, 0.00032849361224262293)	(3.0, 0.0005087779852916045)	(4.0, 0.000676895928257526)	(5.0, 0.000904739982540288)	(6.0, 0.0011093572157553897)	(7.0, 0.0011900980699429704)	(8.0, 0.0012785811978197712)	(9.0, 0.0013748065993857922)	(10.0, 0.0014323206325057127)	(11.0, 0.001471032000951813)	(12.0, 0.0016004385754716341)	(13.0, 0.0017497538537637354)	(14.0, 0.0018393430207389965)	(15.0, 0.002130231303633979)	(16.0, 0.0027064776739316437)	(17.0, 0.003635550516638052)	(18.0, 0.005076719461931445)	(19.0, 0.007532126260512667)	(20.0, 0.01247612103062891)	(21.0, 0.02032125635600576)	(22.0, 0.03159732496480556)	(23.0, 0.047142704493660995)	(24.0, 0.06959861630969458)	(25.0, 0.10106874677817725)	(26.0, 0.14634556331273618)	(27.0, 0.21041398413013074)	(28.0, 0.287946218893079)	(29.0, 0.3864533791192228)	(30.0, 0.509082146043681)	(31.0, 0.6574771998058636)	(32.0, 0.829097968596608)	(33.0, 1.0077343433888841)	(34.0, 1.182751758250999)	(35.0, 1.3663686271036408)	(36.0, 1.5876361729069595)	(37.0, 1.8145378818778337)	(38.0, 2.001561351153732)	(39.0, 2.1738822426938014)	(40.0, 2.3232683074882043)	(41.0, 2.4713381857554397)	(42.0, 2.6495719623158767)	(43.0, 2.8111344115452255)	(44.0, 2.9874635887781142)	(45.0, 3.2189907532587476)	(46.0, 3.414207760176038)	(47.0, 3.5543628226546935)	(48.0, 3.723884329236561)	(49.0, 3.879803766985567)	(50.0, 4.00254424385897)	(51.0, 4.122949872195523)	(52.0, 4.209032895228666)	(53.0, 4.257293805250869)	(54.0, 4.236730326332301)	(55.0, 4.157769089054143)	(56.0, 4.01697252389838)	(57.0, 3.7898108957393686)	(58.0, 3.5117084248225834)	(59.0, 3.1654816877143515)	(60.0, 2.778564878212874)	(61.0, 2.4148317542542164)	(62.0, 2.0556322845601467)	(63.0, 1.6791774988910022)	(64.0, 1.3373815544112009)	(65.0, 1.0536371780531715)	(66.0, 0.8278204934378867)	(67.0, 0.658019158964109)	(68.0, 0.5158367268179763)	(69.0, 0.4025429298845205)	(70.0, 0.31479974216458956)	(71.0, 0.24335514659956517)	(72.0, 0.1928412349337981)	(73.0, 0.14805660579805383)	(74.0, 0.11035505104884749)	(75.0, 0.08305468798155906)	(76.0, 0.061517894656345745)	(77.0, 0.0455024485106448)	(78.0, 0.0314081922789689)	(79.0, 0.02034890733346726)	(80.0, 0.01261216383973949)	(81.0, 0.008608302303314256)	(82.0, 0.006130774722763834)	(83.0, 0.0036587773377057126)	(84.0, 0.0020837776614986586)	(85.0, 0.001254248337653651)	(86.0, 0.0008107266591711871)	(87.0, 0.0005297927281623446)	(88.0, 0.0003705230979841033)	(89.0, 0.00027650977461500244)	(90.0, 0.00021788970239662193)	(91.0, 0.000225631976085842)	(92.0, 0.0002676614618273224)	(93.0, 0.00028314600920576247)	(94.0, 0.00029088828289498256)	(95.0, 0.00033512984683338297)	(96.0, 0.00037715933257486333)	(97.0, 0.0004136586228240436)	(98.0, 0.0004822330469285642)	(99.0, 0.0005320048063592647)	(100.0, 0.0008593923795034277)
fastp | SRR30333758_1	(0.0, 0.00013641624117200898)	(1.0, 0.0001252549123488446)	(2.0, 0.00011409358352568024)	(3.0, 0.00013641624117200898)	(4.0, 0.00015749875117131946)	(5.0, 0.00014013668411306377)	(6.0, 0.00015129801293622814)	(7.0, 0.0001860221470527395)	(8.0, 0.0001959433282288856)	(9.0, 0.00019222288528783084)	(10.0, 0.0001959433282288856)	(11.0, 0.00024306893881557965)	(12.0, 0.000301355878225438)	(13.0, 0.00042165019998620953)	(14.0, 0.0006659592864488075)	(15.0, 0.0010330429899662135)	(16.0, 0.0017783717258241898)	(17.0, 0.0029577521381385584)	(18.0, 0.0045563024551450995)	(19.0, 0.007169293547412581)	(20.0, 0.011809926042554923)	(21.0, 0.01900774298584892)	(22.0, 0.02844154613671685)	(23.0, 0.04218486236097325)	(24.0, 0.06228145498090421)	(25.0, 0.08864699395651249)	(26.0, 0.12059443749134997)	(27.0, 0.164121139606397)	(28.0, 0.22222205686920263)	(29.0, 0.3041300885118179)	(30.0, 0.4086224489542827)	(31.0, 0.52305831323054)	(32.0, 0.6656008837788192)	(33.0, 0.8447600537529597)	(34.0, 1.0484543047757093)	(35.0, 1.253559843820766)	(36.0, 1.4923155491200162)	(37.0, 1.7531198394356038)	(38.0, 1.9579761088036096)	(39.0, 2.1407193054776332)	(40.0, 2.306290177683394)	(41.0, 2.4695481745274668)	(42.0, 2.6530131371320542)	(43.0, 2.8250799027128974)	(44.0, 3.0140808844137745)	(45.0, 3.2433903850856862)	(46.0, 3.4390956049663446)	(47.0, 3.601123375344575)	(48.0, 3.8030243728697366)	(49.0, 3.9848684624996715)	(50.0, 4.112425088881381)	(51.0, 4.2355630691967665)	(52.0, 4.348554161464247)	(53.0, 4.407880344602307)	(54.0, 4.390006096565833)	(55.0, 4.323103851452139)	(56.0, 4.178833755231563)	(57.0, 3.930582239399094)	(58.0, 3.6382571163392425)	(59.0, 3.306325397876569)	(60.0, 2.9120179732118188)	(61.0, 2.483657334307593)	(62.0, 2.0665336732330006)	(63.0, 1.6904824620800052)	(64.0, 1.3439070802013404)	(65.0, 1.0202198632960446)	(66.0, 0.7679031434766498)	(67.0, 0.5931452575017772)	(68.0, 0.45217023357932906)	(69.0, 0.33613209854312415)	(70.0, 0.25037836904710525)	(71.0, 0.1839436595963369)	(72.0, 0.1455784519881799)	(73.0, 0.1156524491179822)	(74.0, 0.07860303816331157)	(75.0, 0.05284145109180118)	(76.0, 0.04130187723629625)	(77.0, 0.031524553187204256)	(78.0, 0.018599734409979914)	(79.0, 0.00984057157908992)	(80.0, 0.006540538690374321)	(81.0, 0.005395882412176464)	(82.0, 0.004380201489268506)	(83.0, 0.0025311413475642757)	(84.0, 0.0011657387881971676)	(85.0, 0.0007056440111533919)	(86.0, 0.0004414925623385018)	(87.0, 0.0002480295294036527)	(88.0, 0.00015873889881833772)	(89.0, 0.00011409358352568024)	(90.0, 9.425122117338801e-05)	(91.0, 7.688915411513232e-05)	(92.0, 5.580664411582186e-05)	(93.0, 4.340516764563922e-05)	(94.0, 2.9763543528438324e-05)	(95.0, 2.7283248234401794e-05)	(96.0, 1.9842362352292215e-05)	(97.0, 3.7204429410547905e-06)	(98.0, 1.2401476470182634e-06)	(99.0, 1.2401476470182634e-06)	(100.0, 1.2401476470182634e-06)
fastp | SRR30333758_2	(0.0, 0.00030009119424180054)	(1.0, 0.0004439365600767132)	(2.0, 0.0009089539065257844)	(3.0, 0.001550057821496904)	(4.0, 0.0021093186834929864)	(5.0, 0.0026189776952011685)	(6.0, 0.0029327093982721418)	(7.0, 0.003195599204798017)	(8.0, 0.003525451509212558)	(9.0, 0.0036804572913622484)	(10.0, 0.0037548600667941)	(11.0, 0.0038639841374274817)	(12.0, 0.004023950104605962)	(13.0, 0.004069831816122271)	(14.0, 0.003973108208060864)	(15.0, 0.004011549642033987)	(16.0, 0.0044232449994235645)	(17.0, 0.005061868821880288)	(18.0, 0.006035305133780344)	(19.0, 0.00809998215201422)	(20.0, 0.012123932256620182)	(21.0, 0.018381205670438886)	(22.0, 0.027184294050284098)	(23.0, 0.03910485872072388)	(24.0, 0.05553671167484826)	(25.0, 0.07720279988060338)	(26.0, 0.1088797815207141)	(27.0, 0.1556344856020895)	(28.0, 0.2145664439291446)	(29.0, 0.2968311126316283)	(30.0, 0.4083918741604034)	(31.0, 0.5493851336037618)	(32.0, 0.7222029401918374)	(33.0, 0.9128278110332695)	(34.0, 1.1030075052683674)	(35.0, 1.303115009838589)	(36.0, 1.5430825613001675)	(37.0, 1.7820580757559883)	(38.0, 1.974984472450779)	(39.0, 2.153474250619276)	(40.0, 2.3051021467643604)	(41.0, 2.4525597673464894)	(42.0, 2.633081981330533)	(43.0, 2.7943028753212977)	(44.0, 2.970999546601887)	(45.0, 3.2125283163012774)	(46.0, 3.412604819715069)	(47.0, 3.553068579406604)	(48.0, 3.7238452698553326)	(49.0, 3.878223588598881)	(50.0, 4.004315212169496)	(51.0, 4.138942074128403)	(52.0, 4.2385512698303085)	(53.0, 4.292483361648343)	(54.0, 4.289054633747192)	(55.0, 4.221701521287509)	(56.0, 4.07825669039367)	(57.0, 3.8557217092157745)	(58.0, 3.580750132006024)	(59.0, 3.2338608320638467)	(60.0, 2.842500993246051)	(61.0, 2.4772590086973496)	(62.0, 2.119818155152678)	(63.0, 1.7419735804920784)	(64.0, 1.3980219501332014)	(65.0, 1.1074902724881366)	(66.0, 0.8760120777033321)	(67.0, 0.6998486263133377)	(68.0, 0.5483794560891746)	(69.0, 0.4293945376185579)	(70.0, 0.33829205924102745)	(71.0, 0.2635333905333604)	(72.0, 0.20815912491820499)	(73.0, 0.1573903911022812)	(74.0, 0.11520525747867867)	(75.0, 0.0855520313303143)	(76.0, 0.06261737580344612)	(77.0, 0.045353451810742205)	(78.0, 0.029851633549515973)	(79.0, 0.018185278361801675)	(80.0, 0.01084792465796393)	(81.0, 0.00743407731189915)	(82.0, 0.0054066016813812)	(83.0, 0.0031261566143949556)	(84.0, 0.0016777825859882487)	(85.0, 0.0009821166357004381)	(86.0, 0.0006522643312858971)	(87.0, 0.00046625739270626863)	(88.0, 0.0003546532295584916)	(89.0, 0.00030505137927059066)	(90.0, 0.00028893077792702283)	(91.0, 0.00031373170307097333)	(92.0, 0.00037945415470244204)	(93.0, 0.0004724576239922562)	(94.0, 0.0005704212783108606)	(95.0, 0.0006287034523991441)	(96.0, 0.0006572245163146872)	(97.0, 0.0007527080781188965)	(98.0, 0.0008382712698655255)	(99.0, 0.0009585557568136852)	(100.0, 0.0015351772664105334)
fastp | SRR30333759_1	(0.0, 8.40706102049227e-05)	(1.0, 6.305295765369202e-05)	(2.0, 4.787354192224765e-05)	(3.0, 4.787354192224765e-05)	(4.0, 4.4370599830375864e-05)	(5.0, 4.904118928620491e-05)	(6.0, 4.904118928620491e-05)	(7.0, 4.787354192224765e-05)	(8.0, 6.305295765369202e-05)	(9.0, 7.356178392930736e-05)	(10.0, 0.00012026767848759775)	(11.0, 0.00019266181505294785)	(12.0, 0.000269726541074127)	(13.0, 0.00039933539847338283)	(14.0, 0.0006352001659927492)	(15.0, 0.0010520502749254911)	(16.0, 0.0018413798929605985)	(17.0, 0.003017200788465559)	(18.0, 0.004721965939843158)	(19.0, 0.007502134313425393)	(20.0, 0.012607088588646533)	(21.0, 0.02104100549850982)	(22.0, 0.03222706724522037)	(23.0, 0.04790156545898262)	(24.0, 0.07137945100607124)	(25.0, 0.10606675124714955)	(26.0, 0.15075378351315785)	(27.0, 0.20878118691237785)	(28.0, 0.28629662481604445)	(29.0, 0.39354737049024663)	(30.0, 0.5242923487746329)	(31.0, 0.662091084784685)	(32.0, 0.8377624630446907)	(33.0, 1.05382042832925)	(34.0, 1.2829116734903006)	(35.0, 1.4965514410841045)	(36.0, 1.7498947219945473)	(37.0, 2.0401216478376716)	(38.0, 2.2460619487135416)	(39.0, 2.408566935297565)	(40.0, 2.5553297001207174)	(41.0, 2.7085588960454645)	(42.0, 2.8705688001471703)	(43.0, 3.0221621221150134)	(44.0, 3.1959909528346944)	(45.0, 3.3909705479050976)	(46.0, 3.548246809593321)	(47.0, 3.6751362162819197)	(48.0, 3.841140642015724)	(49.0, 3.9809617432601496)	(50.0, 4.060028984510516)	(51.0, 4.136303213266296)	(52.0, 4.205162881260947)	(53.0, 4.220622532359741)	(54.0, 4.1656193356331706)	(55.0, 4.056771248365075)	(56.0, 3.884531585707739)	(57.0, 3.6272183037598418)	(58.0, 3.332693267969991)	(59.0, 3.0019524815396412)	(60.0, 2.6242197269468317)	(61.0, 2.225013937330848)	(62.0, 1.836858762367356)	(63.0, 1.4940141433622254)	(64.0, 1.179247940518175)	(65.0, 0.8880285144156869)	(66.0, 0.663101099754508)	(67.0, 0.5089763183016055)	(68.0, 0.38507608886473677)	(69.0, 0.28415632719791084)	(70.0, 0.21016017844921134)	(71.0, 0.15139248662124244)	(72.0, 0.1180398073171673)	(73.0, 0.09428168640272894)	(74.0, 0.06452185803755026)	(75.0, 0.04306400243010769)	(76.0, 0.03236718492889524)	(77.0, 0.023978806266226286)	(78.0, 0.014698345017493985)	(79.0, 0.008213231558075365)	(80.0, 0.005386357289934839)	(81.0, 0.004250236404804425)	(82.0, 0.003274083208536156)	(83.0, 0.001995509345002957)	(84.0, 0.0010508826275615337)	(85.0, 0.0006071766292577751)	(86.0, 0.0003654736249186223)	(87.0, 0.00022769123597166563)	(88.0, 0.00014128533103882843)	(89.0, 0.00010041767330032433)	(90.0, 7.940002074909365e-05)	(91.0, 5.0208836650162166e-05)	(92.0, 3.269412619080327e-05)	(93.0, 2.3352947279145193e-05)	(94.0, 1.5179415731444375e-05)	(95.0, 8.173531547700818e-06)	(96.0, 4.670589455829039e-06)	(97.0, 2.3352947279145194e-06)	(98.0, 1.1676473639572597e-06)	(99.0, 2.3352947279145194e-06)	(100.0, 2.3352947279145194e-06)
fastp | SRR30333759_2	(0.0, 0.000135436177697776)	(1.0, 0.00015761968956206688)	(2.0, 0.00021950001213087833)	(3.0, 0.000353768636572639)	(4.0, 0.0005277340717189203)	(5.0, 0.0006561649298806044)	(6.0, 0.0006993644003531709)	(7.0, 0.0007589096164099517)	(8.0, 0.0008476436638671153)	(9.0, 0.0008523138768911765)	(10.0, 0.0008931782408517123)	(11.0, 0.0009714043090047382)	(12.0, 0.0010157713327333198)	(13.0, 0.0011091755932145448)	(14.0, 0.0013041569869691016)	(15.0, 0.0016264016856293274)	(16.0, 0.0022790639557418854)	(17.0, 0.0033403698654598025)	(18.0, 0.004901388568752272)	(19.0, 0.007437314240817526)	(20.0, 0.012485814519827727)	(21.0, 0.020209179308369005)	(22.0, 0.031165499062816675)	(23.0, 0.046964829723215855)	(24.0, 0.06885178306047887)	(25.0, 0.09908090441197127)	(26.0, 0.14359854251057902)	(27.0, 0.20785833861514968)	(28.0, 0.28668569669502336)	(29.0, 0.3920398647515649)	(30.0, 0.5269798323155344)	(31.0, 0.6972849880042076)	(32.0, 0.9019745870825318)	(33.0, 1.1154616999449312)	(34.0, 1.319524322924775)	(35.0, 1.5305899303341988)	(36.0, 1.7849565853494624)	(37.0, 2.0366834024528755)	(38.0, 2.2281306125014737)	(39.0, 2.3953370818486825)	(40.0, 2.5366542252970072)	(41.0, 2.6696432113701754)	(42.0, 2.8313995421183047)	(43.0, 2.974567257477414)	(44.0, 3.1304426224749937)	(45.0, 3.3525661267721385)	(46.0, 3.523341806422986)	(47.0, 3.6234198013155945)	(48.0, 3.759463106706498)	(49.0, 3.884727560437869)	(50.0, 3.9714931131053905)	(51.0, 4.053941053832168)	(52.0, 4.111131314971566)	(53.0, 4.129359156404477)	(54.0, 4.082477222962438)	(55.0, 3.9800722944305913)	(56.0, 3.819518543536158)	(57.0, 3.58177551178004)	(58.0, 3.3049089379681056)	(59.0, 2.968111855524905)	(60.0, 2.5965929068010656)	(61.0, 2.2504016908599658)	(62.0, 1.9104241933473796)	(63.0, 1.5581943919661687)	(64.0, 1.2395329142486542)	(65.0, 0.9749233145183682)	(66.0, 0.7611022814247483)	(67.0, 0.6022263045592091)	(68.0, 0.47018770683643757)	(69.0, 0.36314992698472204)	(70.0, 0.2822676751742614)	(71.0, 0.2167212353815619)	(72.0, 0.16873246145282061)	(73.0, 0.1264600282655303)	(74.0, 0.09235463010406705)	(75.0, 0.0684209559090092)	(76.0, 0.04970390966182777)	(77.0, 0.03582403655431777)	(78.0, 0.02386011833992888)	(79.0, 0.01497270295514034)	(80.0, 0.008949295707357353)	(81.0, 0.006191534916649191)	(82.0, 0.004491577375890899)	(83.0, 0.0026701942965070146)	(84.0, 0.0015493431707323169)	(85.0, 0.0009492207971404474)	(86.0, 0.0006339814180163134)	(87.0, 0.0004425026840298026)	(88.0, 0.000286050547723751)	(89.0, 0.00020432181980267928)	(90.0, 0.00017396543514628125)	(91.0, 0.00015411702979402096)	(92.0, 0.00017746809491432715)	(93.0, 0.0001938138404985415)	(94.0, 0.0001949813937545568)	(95.0, 0.00019848405352260276)	(96.0, 0.00021599735236283238)	(97.0, 0.00023584575771509264)	(98.0, 0.00025686171632336824)	(99.0, 0.0003070665063320266)	(100.0, 0.0005055505598546294)
fastp | SRR30333760_1	(0.0, 3.671720389973912e-05)	(1.0, 3.1821576713107234e-05)	(2.0, 3.1821576713107234e-05)	(3.0, 3.426939030642318e-05)	(4.0, 5.01801786629768e-05)	(5.0, 6.486706022287245e-05)	(6.0, 6.24192466295565e-05)	(7.0, 7.09865942061623e-05)	(8.0, 7.955394178276809e-05)	(9.0, 0.00010280817091926954)	(10.0, 0.00014931662919227243)	(11.0, 0.0002117358758218289)	(12.0, 0.00030720060596115066)	(13.0, 0.0004969061594431362)	(14.0, 0.0007367918915880984)	(15.0, 0.0011516962956551505)	(16.0, 0.0019888485445692023)	(17.0, 0.003086692941171402)	(18.0, 0.004577411419500811)	(19.0, 0.007261439024571741)	(20.0, 0.012049362413097722)	(21.0, 0.019811379317502573)	(22.0, 0.029206087888649153)	(23.0, 0.04279022942475597)	(24.0, 0.0636076601291114)	(25.0, 0.09355421162973862)	(26.0, 0.1317609101010105)	(27.0, 0.1815004823171904)	(28.0, 0.24954602849098362)	(29.0, 0.3431112552818922)	(30.0, 0.459387296591586)	(31.0, 0.5872598547996142)	(32.0, 0.7420485712797443)	(33.0, 0.9301165374678014)	(34.0, 1.1346925585291812)	(35.0, 1.3330621482247085)	(36.0, 1.5686115785891117)	(37.0, 1.8241106897390396)	(38.0, 2.025205919870724)	(39.0, 2.20269443570847)	(40.0, 2.3574207329419705)	(41.0, 2.520778020905503)	(42.0, 2.6958052601751694)	(43.0, 2.865696986526059)	(44.0, 3.0497713448366213)	(45.0, 3.2613150672913744)	(46.0, 3.453595720673529)	(47.0, 3.614109873148425)	(48.0, 3.8097807483573214)	(49.0, 3.983570617855566)	(50.0, 4.1034559603086045)	(51.0, 4.216180224094397)	(52.0, 4.318918632326257)	(53.0, 4.365550705185722)	(54.0, 4.340843698681588)	(55.0, 4.266098486702889)	(56.0, 4.10606900131947)	(57.0, 3.8514168336728285)	(58.0, 3.56176460336216)	(59.0, 3.2265536664526953)	(60.0, 2.836364836237354)	(61.0, 2.4150716386917472)	(62.0, 2.0039601217875385)	(63.0, 1.6383901767869726)	(64.0, 1.2962298970860835)	(65.0, 0.9791707218778528)	(66.0, 0.7304373674998502)	(67.0, 0.5556928507002118)	(68.0, 0.41853695943953295)	(69.0, 0.31230552121001104)	(70.0, 0.23392041041805134)	(71.0, 0.16990029369846618)	(72.0, 0.1291515408105357)	(73.0, 0.09966273045185856)	(74.0, 0.06888269842270725)	(75.0, 0.04690622798191672)	(76.0, 0.03480546148335937)	(77.0, 0.024558913781738842)	(78.0, 0.015450599401010222)	(79.0, 0.00934208057889029)	(80.0, 0.005902902480281393)	(81.0, 0.004350988662119086)	(82.0, 0.003232337849973701)	(83.0, 0.0018701295852933792)	(84.0, 0.0009448560470199535)	(85.0, 0.0005666688468526404)	(86.0, 0.0003524851574374956)	(87.0, 0.00021051196902517098)	(88.0, 0.00012361458646245504)	(89.0, 9.056910295268984e-05)	(90.0, 7.09865942061623e-05)	(91.0, 4.283673788302897e-05)	(92.0, 3.304548350976521e-05)	(93.0, 2.9373763119791298e-05)	(94.0, 3.1821576713107234e-05)	(95.0, 2.6925949526475358e-05)	(96.0, 1.1015161169921737e-05)	(97.0, 3.6717203899739122e-06)	(98.0, 2.4478135933159413e-06)	(99.0, 2.4478135933159413e-06)	(100.0, 2.4478135933159413e-06)
fastp | SRR30333760_2	(0.0, 0.0001590955092318657)	(1.0, 0.00017010981371714872)	(2.0, 0.0002716861773036476)	(3.0, 0.0004234388168786579)	(4.0, 0.0005580580939210059)	(5.0, 0.0007024678638391609)	(6.0, 0.0008003727925972321)	(7.0, 0.0008615633730710266)	(8.0, 0.0009276491999827247)	(9.0, 0.0009594683018290978)	(10.0, 0.001034120810007127)	(11.0, 0.0011736353334873787)	(12.0, 0.0012960164944349675)	(13.0, 0.0013755642490509005)	(14.0, 0.0014954977867795377)	(15.0, 0.0018614174580128288)	(16.0, 0.002513709045863478)	(17.0, 0.003473177347692576)	(18.0, 0.004987032308614252)	(19.0, 0.007668403544975927)	(20.0, 0.012601588142773238)	(21.0, 0.019523466605968872)	(22.0, 0.029186683074390502)	(23.0, 0.042922744579147895)	(24.0, 0.06144390947695601)	(25.0, 0.08726878206011625)	(26.0, 0.1257625524245709)	(27.0, 0.18231611071006124)	(28.0, 0.25170255753251575)	(29.0, 0.34388739082789666)	(30.0, 0.46601767039554315)	(31.0, 0.6161365214719032)	(32.0, 0.7936650811656948)	(33.0, 0.983516199955299)	(34.0, 1.1713100914293744)	(35.0, 1.3687745422415283)	(36.0, 1.6016438629158196)	(37.0, 1.834986798682978)	(38.0, 2.0264325439997295)	(39.0, 2.2021608768159817)	(40.0, 2.3506398203356444)	(41.0, 2.4963211305160447)	(42.0, 2.6738888521813395)	(43.0, 2.8360292046975815)	(44.0, 3.014059527151258)	(45.0, 3.2468578667521992)	(46.0, 3.4381065783998257)	(47.0, 3.5740671529661587)	(48.0, 3.742988645610507)	(49.0, 3.8996720221600953)	(50.0, 4.019507654959974)	(51.0, 4.137913875799986)	(52.0, 4.226090726074333)	(53.0, 4.271524732076125)	(54.0, 4.250164324244333)	(55.0, 4.168257060845331)	(56.0, 4.018461296033872)	(57.0, 3.7857743232893935)	(58.0, 3.5076570159779497)	(59.0, 3.1683430091346643)	(60.0, 2.78559592827108)	(61.0, 2.4138558090231212)	(62.0, 2.0530382083897356)	(63.0, 1.683664940794503)	(64.0, 1.3424344449707786)	(65.0, 1.057476030762365)	(66.0, 0.8263310606458253)	(67.0, 0.6500703697794508)	(68.0, 0.5061023958523164)	(69.0, 0.3932645178354204)	(70.0, 0.30663211781223165)	(71.0, 0.2348800431486602)	(72.0, 0.18288640692007702)	(73.0, 0.13892342247287462)	(74.0, 0.10220540275376949)	(75.0, 0.0751089899083638)	(76.0, 0.05493690314937271)	(77.0, 0.039290471722223455)	(78.0, 0.02624586377681994)	(79.0, 0.01645414708940334)	(80.0, 0.009848012021452487)	(81.0, 0.006421339514919995)	(82.0, 0.004586845912315636)	(83.0, 0.0027560237445397044)	(84.0, 0.0014612310617142126)	(85.0, 0.0008432061989288883)	(86.0, 0.0005837581377199996)	(87.0, 0.0004320054981449892)	(88.0, 0.0002704623656941717)	(89.0, 0.00016031932084134158)	(90.0, 0.0001346192770423479)	(91.0, 0.00014318595830867915)	(92.0, 0.0001578716976223898)	(93.0, 0.00016888600210767282)	(94.0, 0.00020315272717299774)	(95.0, 0.00022762895936251555)	(96.0, 0.0002545528147709851)	(97.0, 0.00029371478627421364)	(98.0, 0.00033532438099639385)	(99.0, 0.00039284352664176067)	(100.0, 0.0006302629788800834)
fastp | SRR30333761_1	(0.0, 7.641981022143142e-05)	(1.0, 6.567327440904263e-05)	(2.0, 5.8508917200783425e-05)	(3.0, 5.492673859665383e-05)	(4.0, 5.015050045781436e-05)	(5.0, 6.806139347846236e-05)	(6.0, 8.716634603382021e-05)	(7.0, 8.597228649911035e-05)	(8.0, 7.761386975614128e-05)	(9.0, 9.194258417265966e-05)	(10.0, 0.00012537625114453593)	(11.0, 0.000160003977651122)	(12.0, 0.00024358814508081264)	(13.0, 0.00036538221762121893)	(14.0, 0.000569566398056606)	(15.0, 0.0009110674249836277)	(16.0, 0.0015713823476781834)	(17.0, 0.0026329012740352545)	(18.0, 0.004039503405923476)	(19.0, 0.006261648200018537)	(20.0, 0.010271300117574267)	(21.0, 0.0168469859752215)	(22.0, 0.025145699741455065)	(23.0, 0.03755078424755586)	(24.0, 0.05491002176316789)	(25.0, 0.0788986778154891)	(26.0, 0.11048513468716918)	(27.0, 0.15240856495083258)	(28.0, 0.2106404603395633)	(29.0, 0.29311415240197375)	(30.0, 0.39951918565903927)	(31.0, 0.5209442938032203)	(32.0, 0.6787535900295455)	(33.0, 0.8784648234479095)	(34.0, 1.098030878809429)	(35.0, 1.3115382760918308)	(36.0, 1.566449687740297)	(37.0, 1.8435503077222768)	(38.0, 2.0543209205511235)	(39.0, 2.235760654969357)	(40.0, 2.3945813196215813)	(41.0, 2.5522473287037415)	(42.0, 2.7213380994140057)	(43.0, 2.8892813789114133)	(44.0, 3.0717647213629835)	(45.0, 3.2821723400932785)	(46.0, 3.4708564337085965)	(47.0, 3.623969493784908)	(48.0, 3.808455274076187)	(49.0, 3.9728402561601595)	(50.0, 4.0814208658894655)	(51.0, 4.19274900660814)	(52.0, 4.289852316089816)	(53.0, 4.3356540517222175)	(54.0, 4.312385413569326)	(55.0, 4.2320634167884625)	(56.0, 4.078575422018252)	(57.0, 3.8256652541499596)	(58.0, 3.5382013914662327)	(59.0, 3.2121849285853292)	(60.0, 2.8294255625554774)	(61.0, 2.4146833118884223)	(62.0, 2.008583664133597)	(63.0, 1.6486439698715856)	(64.0, 1.3157461418921483)	(65.0, 1.0057611223242588)	(66.0, 0.761281014771018)	(67.0, 0.5908923013465242)	(68.0, 0.4571241997920474)	(69.0, 0.34933405747471835)	(70.0, 0.26896668643153615)	(71.0, 0.2042116438046854)	(72.0, 0.16621666941021745)	(73.0, 0.13780044060319208)	(74.0, 0.0999093493882439)	(75.0, 0.07064653237110921)	(76.0, 0.057252766570268655)	(77.0, 0.04498380485112478)	(78.0, 0.028633547642342584)	(79.0, 0.017137142442155997)	(80.0, 0.011944177525702789)	(81.0, 0.010038458508305842)	(82.0, 0.008117216716957669)	(83.0, 0.004882509437428641)	(84.0, 0.0025230477968419466)	(85.0, 0.001459140751415456)	(86.0, 0.0008561406863869739)	(87.0, 0.0005218040166682114)	(88.0, 0.00031403765762869475)	(89.0, 0.0001994079422965476)	(90.0, 0.00013373466788750498)	(91.0, 8.119604836027088e-05)	(92.0, 6.089703627020316e-05)	(93.0, 5.015050045781436e-05)	(94.0, 5.015050045781436e-05)	(95.0, 4.059802418013544e-05)	(96.0, 2.029901209006772e-05)	(97.0, 9.552476277678928e-06)	(98.0, 1.194059534709866e-06)	(99.0, 1.194059534709866e-06)	(100.0, 1.194059534709866e-06)
fastp | SRR30333761_2	(0.0, 0.00016237617085755582)	(1.0, 0.00018028530734919804)	(2.0, 0.00032475234171511165)	(3.0, 0.0006017469861191775)	(4.0, 0.0008536688394349442)	(5.0, 0.0010482814559774562)	(6.0, 0.001171257526553399)	(7.0, 0.0012667729211754907)	(8.0, 0.0013360215822765073)	(9.0, 0.001365870143095911)	(10.0, 0.0014064641858103)	(11.0, 0.0013933308190497624)	(12.0, 0.001392136876616986)	(13.0, 0.001449446113390241)	(14.0, 0.0015688403566678556)	(15.0, 0.0017276347002270832)	(16.0, 0.0021419327244004056)	(17.0, 0.0030314198368186344)	(18.0, 0.004152531781195435)	(19.0, 0.006166712665288793)	(20.0, 0.01007090442046679)	(21.0, 0.015695567221275214)	(22.0, 0.02375109681521587)	(23.0, 0.034576572853197186)	(24.0, 0.04903163388681798)	(25.0, 0.0690719576209656)	(26.0, 0.09978254487683362)	(27.0, 0.14509385414312112)	(28.0, 0.20160553737128165)	(29.0, 0.2819101053998052)	(30.0, 0.39429471265459104)	(31.0, 0.5443326824118382)	(32.0, 0.7272363055161144)	(33.0, 0.9243514253977249)	(34.0, 1.128141877420987)	(35.0, 1.3481818859543324)	(36.0, 1.6080064442326445)	(37.0, 1.8630767237436416)	(38.0, 2.059730981846201)	(39.0, 2.2318246501641217)	(40.0, 2.3802436339825244)	(41.0, 2.5218702793008636)	(42.0, 2.694532264216786)	(43.0, 2.849243324655919)	(44.0, 3.0143512357996665)	(45.0, 3.247657138703588)	(46.0, 3.437756652850206)	(47.0, 3.5697469887936086)	(48.0, 3.7396879789052337)	(49.0, 3.8922571066199665)	(50.0, 4.004942587367812)	(51.0, 4.11683767822516)	(52.0, 4.207777885444853)	(53.0, 4.257921079736586)	(54.0, 4.231989844039121)	(55.0, 4.147229482851476)	(56.0, 4.0039862394791585)	(57.0, 3.7742251516581495)	(58.0, 3.502430126548824)	(59.0, 3.1664762169294063)	(60.0, 2.781470376401814)	(61.0, 2.417369273929699)	(62.0, 2.0625642072391788)	(63.0, 1.6970196283658372)	(64.0, 1.3615301623527696)	(65.0, 1.0830383141380024)	(66.0, 0.8574667703136052)	(67.0, 0.6867425539660785)	(68.0, 0.5435315470394454)	(69.0, 0.4296891360742399)	(70.0, 0.3448022169887215)	(71.0, 0.27190009204341004)	(72.0, 0.221290066260462)	(73.0, 0.17492569976846592)	(74.0, 0.13389228623881533)	(75.0, 0.10441026574627395)	(76.0, 0.08059111421238985)	(77.0, 0.06261511694451219)	(78.0, 0.04394305123832605)	(79.0, 0.028045707745911665)	(80.0, 0.017672735889952513)	(81.0, 0.013065312041869365)	(82.0, 0.009988522392605236)	(83.0, 0.00605925784633894)	(84.0, 0.003261850726344431)	(85.0, 0.0017956894188953234)	(86.0, 0.0011760332962845038)	(87.0, 0.0007927777753633608)	(88.0, 0.0005277225552870565)	(89.0, 0.00039161311795057587)	(90.0, 0.0003128129173873502)	(91.0, 0.00024953396845021447)	(92.0, 0.000269830989807409)	(93.0, 0.0003259462841478878)	(94.0, 0.0003653463844295006)	(95.0, 0.00040474648471111347)	(96.0, 0.0004357889879632932)	(97.0, 0.00042862533336663635)	(98.0, 0.00048115880040878675)	(99.0, 0.0005671226555686693)	(100.0, 0.0009181417308048562)
fastp | SRR30333762_1	(0.0, 4.4557711246623765e-05)	(1.0, 3.589371183755803e-05)	(2.0, 2.8467426629787406e-05)	(3.0, 2.9705140831082508e-05)	(4.0, 3.218056923367272e-05)	(5.0, 3.7131426038853136e-05)	(6.0, 4.2082282844033555e-05)	(7.0, 5.322171065568949e-05)	(8.0, 6.312342426605032e-05)	(9.0, 7.673828048029648e-05)	(10.0, 0.00011015656391526432)	(11.0, 0.0001930834154020363)	(12.0, 0.00029581369410952997)	(13.0, 0.00039978168701831874)	(14.0, 0.0006287588142579131)	(15.0, 0.0010495816426982485)	(16.0, 0.0017922101634753112)	(17.0, 0.002886349517420184)	(18.0, 0.004494140264902525)	(19.0, 0.006993085237317341)	(20.0, 0.011646890634186934)	(21.0, 0.01951380209761862)	(22.0, 0.029250899719207205)	(23.0, 0.043300193618107934)	(24.0, 0.0637645602223212)	(25.0, 0.09373704732088345)	(26.0, 0.13192671900184388)	(27.0, 0.18308268465557187)	(28.0, 0.25334771986309496)	(29.0, 0.35167421144238065)	(30.0, 0.47431807393451125)	(31.0, 0.604143154222556)	(32.0, 0.7692096709640763)	(33.0, 0.9723841702492717)	(34.0, 1.1917962421412573)	(35.0, 1.3987853765948444)	(36.0, 1.649603208630492)	(37.0, 1.9285765633172007)	(38.0, 2.125828600149199)	(39.0, 2.290125258657514)	(40.0, 2.4373798303281964)	(41.0, 2.584270514023698)	(42.0, 2.747913659433729)	(43.0, 2.9068460645936307)	(44.0, 3.0820061406467127)	(45.0, 3.2840407051525156)	(46.0, 3.4515900765818333)	(47.0, 3.5923949195495672)	(48.0, 3.779938326186606)	(49.0, 3.9472389170614646)	(50.0, 4.055448556538091)	(51.0, 4.163581457734238)	(52.0, 4.257920034156951)	(53.0, 4.298069007418562)	(54.0, 4.270073149899468)	(55.0, 4.190499266184005)	(56.0, 4.033854156868096)	(57.0, 3.7771212886644587)	(58.0, 3.488894782608868)	(59.0, 3.1666930217277263)	(60.0, 2.785925100269703)	(61.0, 2.365339912956016)	(62.0, 1.960930412539055)	(63.0, 1.606994897250908)	(64.0, 1.2738789725427462)	(65.0, 0.9665037900789186)	(66.0, 0.7240430043304155)	(67.0, 0.5528535154350882)	(68.0, 0.4203364067592265)	(69.0, 0.3163424218522106)	(70.0, 0.23986529906838738)	(71.0, 0.17678643251358367)	(72.0, 0.13564852560513826)	(73.0, 0.10584065449534827)	(74.0, 0.0751379160180219)	(75.0, 0.053018725526677093)	(76.0, 0.03940510702663224)	(77.0, 0.028316425497229403)	(78.0, 0.018439466170894467)	(79.0, 0.011416675792746045)	(80.0, 0.0074423754923874635)	(81.0, 0.005334548207581901)	(82.0, 0.0038455780234238897)	(83.0, 0.0022662547025713363)	(84.0, 0.0011498364930031522)	(85.0, 0.0007017839521343243)	(86.0, 0.0004331999704532866)	(87.0, 0.00024382969765513558)	(88.0, 0.00013986170474634683)	(89.0, 9.530399349972305e-05)	(90.0, 8.787770829195242e-05)	(91.0, 6.064799586346012e-05)	(92.0, 3.218056923367272e-05)	(93.0, 2.72297124284923e-05)	(94.0, 1.9803427220721673e-05)	(95.0, 9.901713610360836e-06)	(96.0, 7.426285207770627e-06)	(97.0, 3.7131426038853135e-06)	(98.0, 0.0)	(99.0, 0.0)	(100.0, 0.0)
fastp | SRR30333762_2	(0.0, 0.00011881140329571694)	(1.0, 0.00014480139776665502)	(2.0, 0.00021782090604214772)	(3.0, 0.0003415827844751862)	(4.0, 0.0004542060938492512)	(5.0, 0.0005631165468703251)	(6.0, 0.0007017298507153282)	(7.0, 0.0007042050882839889)	(8.0, 0.0007042050882839889)	(9.0, 0.0007735117402064904)	(10.0, 0.0008465312484819832)	(11.0, 0.0008923231435022074)	(12.0, 0.0010173226407195763)	(13.0, 0.0012079159335064557)	(14.0, 0.0013650935191164145)	(15.0, 0.0016905872593953055)	(16.0, 0.0022623671377559433)	(17.0, 0.003242561214945608)	(18.0, 0.004719040424651757)	(19.0, 0.007136109910448999)	(20.0, 0.01177099225776629)	(21.0, 0.018701657450016444)	(22.0, 0.028967705266036987)	(23.0, 0.04276096661739913)	(24.0, 0.06087351752607431)	(25.0, 0.0865627706324201)	(26.0, 0.12519380336650873)	(27.0, 0.18236931596500386)	(28.0, 0.25226878728519964)	(29.0, 0.3478859769437809)	(30.0, 0.47520972223812225)	(31.0, 0.6376323362560732)	(32.0, 0.8329211547107019)	(33.0, 1.0339661381312513)	(34.0, 1.2284480291384967)	(35.0, 1.4360697187789777)	(36.0, 1.6857481699485737)	(37.0, 1.9305801059587322)	(38.0, 2.1171003953263803)	(39.0, 2.277972273007565)	(40.0, 2.415507610891417)	(41.0, 2.5492298453007463)	(42.0, 2.7140707664232786)	(43.0, 2.862191457769508)	(44.0, 3.027794752063188)	(45.0, 3.254003000606743)	(46.0, 3.4263278025181214)	(47.0, 3.543107035769968)	(48.0, 3.7051063841636775)	(49.0, 3.8548681580179287)	(50.0, 3.965470435917182)	(51.0, 4.080154380567158)	(52.0, 4.165484482890385)	(53.0, 4.204497939828831)	(54.0, 4.183001739163797)	(55.0, 4.1008127133152)	(56.0, 3.9489259480082537)	(57.0, 3.718540736067584)	(58.0, 3.448171774061552)	(59.0, 3.118083992855227)	(60.0, 2.742039713330361)	(61.0, 2.376586975361795)	(62.0, 2.0208408815187315)	(63.0, 1.6618051969469183)	(64.0, 1.3331740930497495)	(65.0, 1.0526541817746402)	(66.0, 0.8241154970601914)	(67.0, 0.6512201528892365)	(68.0, 0.5104719566412635)	(69.0, 0.40161224599034717)	(70.0, 0.3158489770926045)	(71.0, 0.24448416513176155)	(72.0, 0.19413535774763283)	(73.0, 0.15026300946190502)	(74.0, 0.11251192368347529)	(75.0, 0.08436847252780233)	(76.0, 0.062415590531349964)	(77.0, 0.04532036226339436)	(78.0, 0.031341458094382664)	(79.0, 0.020414521847529697)	(80.0, 0.012616285887463944)	(81.0, 0.008216551109169424)	(82.0, 0.005501215496348561)	(83.0, 0.0032636007342792244)	(84.0, 0.0018477648450052645)	(85.0, 0.001064352154524131)	(86.0, 0.0006794527125973813)	(87.0, 0.0004826713258888501)	(88.0, 0.00029207803310197085)	(89.0, 0.00019801900549286155)	(90.0, 0.00018935567400254886)	(91.0, 0.00016584091710027156)	(92.0, 0.00014480139776665502)	(93.0, 0.0001633656795316108)	(94.0, 0.0002042070994145135)	(95.0, 0.00022400899996379963)	(96.0, 0.00023019709388545157)	(97.0, 0.0002524742320033985)	(98.0, 0.00031311755243558736)	(99.0, 0.0003527213535341597)	(100.0, 0.0005148494142814402)
fastp | SRR30333763_1	(0.0, 4.2019648247455015e-05)	(1.0, 3.6183585990864044e-05)	(2.0, 4.085243579613682e-05)	(3.0, 6.186225991986433e-05)	(4.0, 6.88655346277735e-05)	(5.0, 7.586880933568266e-05)	(6.0, 8.170487159227364e-05)	(7.0, 7.703602178700086e-05)	(8.0, 8.870814630018282e-05)	(9.0, 0.00012139009493709226)	(10.0, 0.00015407204357400172)	(11.0, 0.00021243266613991144)	(12.0, 0.0003221506365638218)	(13.0, 0.00043653745679300487)	(14.0, 0.0006489701229329164)	(15.0, 0.001107684616300967)	(16.0, 0.0017998415999326564)	(17.0, 0.0028631721430835318)	(18.0, 0.004504272849636914)	(19.0, 0.00715151068922658)	(20.0, 0.011595088491394947)	(21.0, 0.01910259897827358)	(22.0, 0.02865740010476432)	(23.0, 0.0425962511984062)	(24.0, 0.06328042304821593)	(25.0, 0.09390691055835405)	(26.0, 0.13407769428292104)	(27.0, 0.18712633298288167)	(28.0, 0.25980748511401436)	(29.0, 0.359706864397436)	(30.0, 0.4808530119322028)	(31.0, 0.6126943271583982)	(32.0, 0.7763398472581117)	(33.0, 0.9710588972368184)	(34.0, 1.1803587651573917)	(35.0, 1.376713079780395)	(36.0, 1.6148711083473595)	(37.0, 1.8738311972217168)	(38.0, 2.0621282442932705)	(39.0, 2.227240950444291)	(40.0, 2.3752901777694913)	(41.0, 2.5252606367895605)	(42.0, 2.688372740799022)	(43.0, 2.8494550623556405)	(44.0, 3.029126409411953)	(45.0, 3.2379255431909106)	(46.0, 3.4206631573568362)	(47.0, 3.570403675523996)	(48.0, 3.7558854061629705)	(49.0, 3.92387529100649)	(50.0, 4.0337671760856475)	(51.0, 4.144674535997451)	(52.0, 4.252167799489149)	(53.0, 4.298564494429047)	(54.0, 4.273316521894583)	(55.0, 4.201820090401538)	(56.0, 4.057587647792149)	(57.0, 3.822467873235966)	(58.0, 3.5390196671329526)	(59.0, 3.207656222690876)	(60.0, 2.8245292404577405)	(61.0, 2.4157492629695336)	(62.0, 2.0139118651417673)	(63.0, 1.6540147451147666)	(64.0, 1.3203764036050711)	(65.0, 1.00895828553112)	(66.0, 0.7620076455683756)	(67.0, 0.586774040251975)	(68.0, 0.45004443927965904)	(69.0, 0.34004050180517575)	(70.0, 0.2578267255841274)	(71.0, 0.1917449926527478)	(72.0, 0.152044595546062)	(73.0, 0.12251295331526038)	(74.0, 0.0871744291391507)	(75.0, 0.06074290317905018)	(76.0, 0.046941783154663845)	(77.0, 0.03517744885782775)	(78.0, 0.02262524615635189)	(79.0, 0.013896831445394428)	(80.0, 0.00933069633583765)	(81.0, 0.007250723747588626)	(82.0, 0.005613124678389199)	(83.0, 0.003312548936841037)	(84.0, 0.001701795754021928)	(85.0, 0.0010376518692218751)	(86.0, 0.0006197898116499615)	(87.0, 0.00031164572450195804)	(88.0, 0.0001785835050516838)	(89.0, 0.00013072779454763783)	(90.0, 8.9875358751501e-05)	(91.0, 5.3691772760636965e-05)	(92.0, 4.085243579613682e-05)	(93.0, 3.384916108822765e-05)	(94.0, 1.9842611672409315e-05)	(95.0, 9.337699610545559e-06)	(96.0, 8.170487159227364e-06)	(97.0, 7.00327470790917e-06)	(98.0, 5.836062256590975e-06)	(99.0, 4.6688498052727796e-06)	(100.0, 3.501637353954585e-06)
fastp | SRR30333763_2	(0.0, 0.00018440537651848927)	(1.0, 0.0002427615083281378)	(2.0, 0.00046218056393241614)	(3.0, 0.0008391611754227455)	(4.0, 0.0012476540980902852)	(5.0, 0.0015406018797747207)	(6.0, 0.0017810291428304724)	(7.0, 0.0020599714528805923)	(8.0, 0.0022898946122106075)	(9.0, 0.002419445224828027)	(10.0, 0.0024766342340014824)	(11.0, 0.0025606670638073765)	(12.0, 0.002733401213963936)	(13.0, 0.0028361080059489175)	(14.0, 0.0029376476752977056)	(15.0, 0.003124387297088581)	(16.0, 0.0035655596535695243)	(17.0, 0.004531937196337303)	(18.0, 0.0059254816239517095)	(19.0, 0.008245721424703334)	(20.0, 0.012804502441673075)	(21.0, 0.019535298684597933)	(22.0, 0.029559715006859354)	(23.0, 0.04377410159305354)	(24.0, 0.0635533289086158)	(25.0, 0.0912141353863892)	(26.0, 0.13180899491845308)	(27.0, 0.191389438373468)	(28.0, 0.265371008036468)	(29.0, 0.364023215983315)	(30.0, 0.49181147342008336)	(31.0, 0.6548398317340621)	(32.0, 0.8421980285221197)	(33.0, 1.0320573691195387)	(34.0, 1.2185507280341772)	(35.0, 1.4126934087064245)	(36.0, 1.6411098127131145)	(37.0, 1.8700362493118208)	(38.0, 2.0506414745268655)	(39.0, 2.209900026725941)	(40.0, 2.353913623051064)	(41.0, 2.4948051663243707)	(42.0, 2.6616290074512494)	(43.0, 2.81009167526554)	(44.0, 2.9752535337584796)	(45.0, 3.206713793600361)	(46.0, 3.392394835160209)	(47.0, 3.5238478576746233)	(48.0, 3.6874329334860665)	(49.0, 3.8369576828992926)	(50.0, 3.951979952941382)	(51.0, 4.068999169813998)	(52.0, 4.164635532868922)	(53.0, 4.213682694532295)	(54.0, 4.195935427726345)	(55.0, 4.117116134736325)	(56.0, 3.976893352733557)	(57.0, 3.756434390860431)	(58.0, 3.4835867952165103)	(59.0, 3.1475091636342)	(60.0, 2.7748819195768704)	(61.0, 2.4199494218068622)	(62.0, 2.0642781354081445)	(63.0, 1.694796286855355)	(64.0, 1.358221461030026)	(65.0, 1.079707484987389)	(66.0, 0.8557436538377752)	(67.0, 0.6820477946289927)	(68.0, 0.5362018157650467)	(69.0, 0.4194381987497572)	(70.0, 0.33109635217103894)	(71.0, 0.2600500959380643)	(72.0, 0.20809329754266181)	(73.0, 0.1618530658193325)	(74.0, 0.12225492901857743)	(75.0, 0.09287728514296417)	(76.0, 0.06975075010680049)	(77.0, 0.052322107780530855)	(78.0, 0.036260166061243194)	(79.0, 0.023292266450503103)	(80.0, 0.01468823837648853)	(81.0, 0.010248503868410471)	(82.0, 0.007433404069913028)	(83.0, 0.0044712468192552686)	(84.0, 0.0024276150832813776)	(85.0, 0.0013947115502505993)	(86.0, 0.0009126899015029027)	(87.0, 0.0005625531106450116)	(88.0, 0.0003664765077645926)	(89.0, 0.00028361080059489176)	(90.0, 0.00024509575360052375)	(91.0, 0.00022408754614905026)	(92.0, 0.0002182519329680854)	(93.0, 0.00025559985732626046)	(94.0, 0.00034196693240454027)	(95.0, 0.00042483263957424116)	(96.0, 0.0005111997146525209)	(97.0, 0.0005952325444584148)	(98.0, 0.0006465859404509055)	(99.0, 0.0007492927324358868)	(100.0, 0.0011927993341892154)
fastp | SRR30333764_1	(0.0, 5.183411114736619e-05)	(1.0, 4.56633836298226e-05)	(2.0, 3.332192859473541e-05)	(3.0, 5.553654765789234e-05)	(4.0, 9.379505826666263e-05)	(5.0, 8.885847625262776e-05)	(6.0, 7.158043920350569e-05)	(7.0, 8.51560397421016e-05)	(8.0, 0.00010613651330174982)	(9.0, 0.00011847796833683701)	(10.0, 0.00013205356887543293)	(11.0, 0.00017278037049122064)	(12.0, 0.00026657542875788327)	(13.0, 0.0004109704526684034)	(14.0, 0.0006602678443771646)	(15.0, 0.0011206041171859169)	(16.0, 0.001835174363717465)	(17.0, 0.002889134623713911)	(18.0, 0.00450833352431735)	(19.0, 0.0069470050392505785)	(20.0, 0.01150223609270126)	(21.0, 0.01877505554487814)	(22.0, 0.02804225413072511)	(23.0, 0.042139898217305204)	(24.0, 0.06279332321852361)	(25.0, 0.09148226959308729)	(26.0, 0.12845109815069095)	(27.0, 0.17912511252475896)	(28.0, 0.24819406562862442)	(29.0, 0.3435157618831273)	(30.0, 0.45964638547229075)	(31.0, 0.5862684799867818)	(32.0, 0.7460002300694047)	(33.0, 0.9411729365762875)	(34.0, 1.1504815456803592)	(35.0, 1.3483743088769753)	(36.0, 1.5857449184398285)	(37.0, 1.8398110483741472)	(38.0, 2.034931920769883)	(39.0, 2.2082812323382206)	(40.0, 2.358800086237151)	(41.0, 2.5022929497846067)	(42.0, 2.6607350178160627)	(43.0, 2.826303041984778)	(44.0, 3.010667102171932)	(45.0, 3.2231289530374685)	(46.0, 3.4085148857015275)	(47.0, 3.5671963779606646)	(48.0, 3.76051292963027)	(49.0, 3.929922848751408)	(50.0, 4.040874997807849)	(51.0, 4.162003910686223)	(52.0, 4.2721267139643055)	(53.0, 4.321587563308425)	(54.0, 4.301447542836666)	(55.0, 4.233653462037925)	(56.0, 4.097581515403068)	(57.0, 3.8555692846015184)	(58.0, 3.565446359636689)	(59.0, 3.2402428487346238)	(60.0, 2.8600038532490912)	(61.0, 2.447636347870716)	(62.0, 2.039298327561297)	(63.0, 1.6716291040290001)	(64.0, 1.3351331617698303)	(65.0, 1.0198497124249684)	(66.0, 0.769465038527616)	(67.0, 0.596421795044148)	(68.0, 0.45748046011363297)	(69.0, 0.34092899290777307)	(70.0, 0.2583794684690819)	(71.0, 0.19304997624084783)	(72.0, 0.15674635210963536)	(73.0, 0.13038870659119967)	(74.0, 0.09078867982011539)	(75.0, 0.06110254387871667)	(76.0, 0.04981875154013646)	(77.0, 0.03935319767038252)	(78.0, 0.02389922767544634)	(79.0, 0.013180673977473118)	(80.0, 0.008980876829032947)	(81.0, 0.00786027271184703)	(82.0, 0.006676727173982169)	(83.0, 0.0038875583360524642)	(84.0, 0.001866028001305183)	(85.0, 0.0011280089902069692)	(86.0, 0.0006886531909578651)	(87.0, 0.00042207776219998187)	(88.0, 0.0002850876113105141)	(89.0, 0.0001962291350578863)	(90.0, 0.00012588284135788932)	(91.0, 9.873164028069751e-05)	(92.0, 7.034629369999697e-05)	(93.0, 3.455607409824413e-05)	(94.0, 2.3448764566665658e-05)	(95.0, 2.3448764566665658e-05)	(96.0, 2.3448764566665658e-05)	(97.0, 1.2341455035087188e-05)	(98.0, 4.936582014034875e-06)	(99.0, 1.2341455035087188e-06)	(100.0, 0.0)
fastp | SRR30333764_2	(0.0, 0.00018757251621348447)	(1.0, 0.00023816773440264803)	(2.0, 0.0003862512998343463)	(3.0, 0.000599738439998378)	(4.0, 0.0008527145309441959)	(5.0, 0.0010945843544826364)	(6.0, 0.0012574762764575045)	(7.0, 0.0013796452179386555)	(8.0, 0.0014907078920124292)	(9.0, 0.0015844941501191715)	(10.0, 0.00162768519003675)	(11.0, 0.0016745783190901214)	(12.0, 0.0018300660627934046)	(13.0, 0.001953469033986486)	(14.0, 0.0020250427572784738)	(15.0, 0.0022200194517635434)	(16.0, 0.002745716109046072)	(17.0, 0.0036786425712657714)	(18.0, 0.005163180314718546)	(19.0, 0.007449837370926355)	(20.0, 0.011850387323671654)	(21.0, 0.018527722094929314)	(22.0, 0.027744690013340602)	(23.0, 0.04063906647330573)	(24.0, 0.05827828717564485)	(25.0, 0.08339449390257281)	(26.0, 0.12197519881637793)	(27.0, 0.17804087071853084)	(28.0, 0.2475648706590012)	(29.0, 0.34218780091043255)	(30.0, 0.4652810306458198)	(31.0, 0.6237452540142802)	(32.0, 0.807546575428104)	(33.0, 0.9983497814274234)	(34.0, 1.1912496039073133)	(35.0, 1.3862830637591315)	(36.0, 1.610922130429882)	(37.0, 1.8423187438031656)	(38.0, 2.0277440483178903)	(39.0, 2.1909086908590956)	(40.0, 2.3324667071741034)	(41.0, 2.468237124140156)	(42.0, 2.634497947228595)	(43.0, 2.784425153049918)	(44.0, 2.9483820426661826)	(45.0, 3.18309819596456)	(46.0, 3.3768248183514435)	(47.0, 3.514962104304979)	(48.0, 3.6903066201029415)	(49.0, 3.842005892590597)	(50.0, 3.956417723302551)	(51.0, 4.076077882379347)	(52.0, 4.174563325629121)	(53.0, 4.236829996833726)	(54.0, 4.226438232629557)	(55.0, 4.152630915558975)	(56.0, 4.01194412422059)	(57.0, 3.7888957218485184)	(58.0, 3.525093488239931)	(59.0, 3.19786829758666)	(60.0, 2.8243546524388634)	(61.0, 2.4627827128134214)	(62.0, 2.101384771377362)	(63.0, 1.7232904079388784)	(64.0, 1.3816283036857284)	(65.0, 1.100781651695953)	(66.0, 0.87036979403279)	(67.0, 0.6943268174178753)	(68.0, 0.5464740155423081)	(69.0, 0.42779244202707345)	(70.0, 0.340646497800231)	(71.0, 0.2652386441932744)	(72.0, 0.21105116551268024)	(73.0, 0.1633682574436734)	(74.0, 0.1222985146009038)	(75.0, 0.0936801315515162)	(76.0, 0.07122202482408721)	(77.0, 0.05420969121540894)	(78.0, 0.037249186854631765)	(79.0, 0.023097334118209138)	(80.0, 0.014230830637986202)	(81.0, 0.010742228642357778)	(82.0, 0.008276637277920001)	(83.0, 0.004694249024184835)	(84.0, 0.0024841018101167383)	(85.0, 0.0015351329616419386)	(86.0, 0.0010143724232071331)	(87.0, 0.0006873545495454661)	(88.0, 0.00044918681514281806)	(89.0, 0.00031591160625428965)	(90.0, 0.0002468059423861638)	(91.0, 0.00022952952641913232)	(92.0, 0.000245571912674233)	(93.0, 0.0002603802692174028)	(94.0, 0.00029369907143953487)	(95.0, 0.00033318802222132113)	(96.0, 0.0003874853295462771)	(97.0, 0.00044425069629509475)	(98.0, 0.0004751014390933653)	(99.0, 0.0005503772515211453)	(100.0, 0.0008983736302856361)
fastp | SRR30333765_1	(0.0, 8.927037204754207e-05)	(1.0, 7.439197670628506e-05)	(2.0, 6.075344764346613e-05)	(3.0, 7.687170926316124e-05)	(4.0, 0.00011158796505942761)	(5.0, 0.00012150689528693226)	(6.0, 0.0001041487673887991)	(7.0, 9.298997088285633e-05)	(8.0, 9.298997088285633e-05)	(9.0, 0.000102908901110361)	(10.0, 0.00013638529062818928)	(11.0, 0.00018845967432258882)	(12.0, 0.00023433472662479798)	(13.0, 0.0003409632265704732)	(14.0, 0.000601335145042471)	(15.0, 0.0010526464703939336)	(16.0, 0.0018027655688489749)	(17.0, 0.00288020936481167)	(18.0, 0.0044535996721496)	(19.0, 0.00722346093818028)	(20.0, 0.01207133808687319)	(21.0, 0.019970526146802225)	(22.0, 0.030343247432215236)	(23.0, 0.04555020733725834)	(24.0, 0.06831663194193845)	(25.0, 0.10051223959414018)	(26.0, 0.14383936669415906)	(27.0, 0.2012476551183992)	(28.0, 0.27701836312630745)	(29.0, 0.3778132922319315)	(30.0, 0.4969904787816786)	(31.0, 0.6260444401054636)	(32.0, 0.78425385696672)	(33.0, 0.9715059015341101)	(34.0, 1.1715570856938167)	(35.0, 1.3631474223694615)	(36.0, 1.5918742338168839)	(37.0, 1.8391581238536892)	(38.0, 2.0264064488222444)	(39.0, 2.1961776187299358)	(40.0, 2.351346883476462)	(41.0, 2.5046935447936844)	(42.0, 2.6704983824766524)	(43.0, 2.8337800922829994)	(44.0, 3.011620311930766)	(45.0, 3.2180704459534915)	(46.0, 3.4024608791502464)	(47.0, 3.556026996798752)	(48.0, 3.7400677877049877)	(49.0, 3.909717450717392)	(50.0, 4.0243815240136245)	(51.0, 4.134899484474761)	(52.0, 4.241096510955539)	(53.0, 4.29237614036546)	(54.0, 4.2686674173891666)	(55.0, 4.195930662164597)	(56.0, 4.060578180146345)	(57.0, 3.8272576641373104)	(58.0, 3.543674209066673)	(59.0, 3.2152819866932836)	(60.0, 2.8368785181128158)	(61.0, 2.4342220252598206)	(62.0, 2.03025995321563)	(63.0, 1.6658136593315394)	(64.0, 1.3305674561709442)	(65.0, 1.020238845608119)	(66.0, 0.7740819940184139)	(67.0, 0.6007759653508953)	(68.0, 0.4658661155940474)	(69.0, 0.35435874184271826)	(70.0, 0.27091822103639207)	(71.0, 0.2054334436744062)	(72.0, 0.16574532410160311)	(73.0, 0.134508133082634)	(74.0, 0.09653474857291082)	(75.0, 0.06852740920927292)	(76.0, 0.05455907571638946)	(77.0, 0.04235011247260965)	(78.0, 0.027314254113991)	(79.0, 0.016532376956693417)	(80.0, 0.011445205616261956)	(81.0, 0.009176250326720262)	(82.0, 0.007465234862475707)	(83.0, 0.004537910579083389)	(84.0, 0.0022974722139457704)	(85.0, 0.0013477346446621977)	(86.0, 0.0007687170926316124)	(87.0, 0.00044263226140239613)	(88.0, 0.000264091517307312)	(89.0, 0.00015746301736163673)	(90.0, 0.00012398662784380844)	(91.0, 0.00010538863366723717)	(92.0, 8.431090693378974e-05)	(93.0, 7.315211042784698e-05)	(94.0, 5.5793982529713804e-05)	(95.0, 3.347638951782828e-05)	(96.0, 2.7277058125637858e-05)	(97.0, 1.983786045500935e-05)	(98.0, 1.2398662784380844e-05)	(99.0, 6.199331392190422e-06)	(100.0, 2.479732556876169e-06)
fastp | SRR30333765_2	(0.0, 0.0002082770411940374)	(1.0, 0.00021943473982943224)	(2.0, 0.000348368146282884)	(3.0, 0.0006087144477754308)	(4.0, 0.0008950953794172323)	(5.0, 0.0010711390689979066)	(6.0, 0.001250901991457046)	(7.0, 0.0014207469595736123)	(8.0, 0.0014430623568444018)	(9.0, 0.001517447014413701)	(10.0, 0.0016228252793035413)	(11.0, 0.0016587778637953694)	(12.0, 0.0016959701925800188)	(13.0, 0.0017802728044918911)	(14.0, 0.0019439190511443493)	(15.0, 0.002263773078692335)	(16.0, 0.002861329827832371)	(17.0, 0.003860563727846622)	(18.0, 0.005226761938536082)	(19.0, 0.0076740171725660205)	(20.0, 0.012544972499062288)	(21.0, 0.019529691844819473)	(22.0, 0.030223726114699034)	(23.0, 0.04591764911752832)	(24.0, 0.06741605489934857)	(25.0, 0.09745010013724589)	(26.0, 0.14120439546380043)	(27.0, 0.20334161916431442)	(28.0, 0.2812099581964423)	(29.0, 0.38229126936736285)	(30.0, 0.5087675026324421)	(31.0, 0.6645500512355322)	(32.0, 0.8425364201230582)	(33.0, 1.0242978103822262)	(34.0, 1.204516958741124)	(35.0, 1.3931403336610597)	(36.0, 1.6147309888157089)	(37.0, 1.838031251350159)	(38.0, 2.0180569995993767)	(39.0, 2.1839211487916925)	(40.0, 2.3269244132243774)	(41.0, 2.4633049636448088)	(42.0, 2.63457563769812)	(43.0, 2.7908230904110183)	(44.0, 2.9573864553844853)	(45.0, 3.1806916768961067)	(46.0, 3.367248398079909)	(47.0, 3.504124846217469)	(48.0, 3.670647299629273)	(49.0, 3.821831636650288)	(50.0, 3.9405904616925524)	(51.0, 4.06102914025159)	(52.0, 4.153991366048822)	(53.0, 4.199683381705056)	(54.0, 4.177064247082525)	(55.0, 4.107520790976695)	(56.0, 3.9765690808145293)	(57.0, 3.7638686319837045)	(58.0, 3.4993766255759615)	(59.0, 3.1624166062756225)	(60.0, 2.788920082921537)	(61.0, 2.4368773345547297)	(62.0, 2.0839481690185546)	(63.0, 1.7114942706147316)	(64.0, 1.3748094745473989)	(65.0, 1.0970608824165144)	(66.0, 0.8716741302372455)	(67.0, 0.7006514050424987)	(68.0, 0.556466664298755)	(69.0, 0.43969019038071244)	(70.0, 0.3524481447505601)	(71.0, 0.2809384541963144)	(72.0, 0.22812534732211204)	(73.0, 0.17987201995690774)	(74.0, 0.13764756908769513)	(75.0, 0.10638989623278283)	(76.0, 0.08193965928975422)	(77.0, 0.06308934731740101)	(78.0, 0.044888661354486346)	(79.0, 0.029200937073121172)	(80.0, 0.018474669451628248)	(81.0, 0.013081781777854063)	(82.0, 0.009636532388102694)	(83.0, 0.005881346925145914)	(84.0, 0.0033187954718835603)	(85.0, 0.0019414395625587057)	(86.0, 0.0012149494069652181)	(87.0, 0.0008008748131627866)	(88.0, 0.0005182131143994502)	(89.0, 0.0003905194522388201)	(90.0, 0.00036076558921110046)	(91.0, 0.00031613479466952103)	(92.0, 0.0003210937718408077)	(93.0, 0.0003843207307747119)	(94.0, 0.0004425887125373295)	(95.0, 0.000479781041321979)	(96.0, 0.000529370813034845)	(97.0, 0.0005392887673774182)	(98.0, 0.0005727618632836028)	(99.0, 0.0006843388496375514)	(100.0, 0.00105874162606969)
fastp | SRR30333766_1	(0.0, 8.23174296467135e-05)	(1.0, 7.008105496949934e-05)	(2.0, 8.120503194878493e-05)	(3.0, 0.00010567778130321329)	(4.0, 0.00010567778130321329)	(5.0, 0.00011012737209492753)	(6.0, 0.00011457696288664178)	(7.0, 0.00013237532605349874)	(8.0, 0.0001446117007307129)	(9.0, 0.0001512860869182843)	(10.0, 0.0001846580178561411)	(11.0, 0.000228041528075355)	(12.0, 0.00030813416232621134)	(13.0, 0.00048389299859892396)	(14.0, 0.0007586552299872786)	(15.0, 0.0012025019114607744)	(16.0, 0.001884401700290982)	(17.0, 0.003024609340667757)	(18.0, 0.004719903432310883)	(19.0, 0.007255057785890075)	(20.0, 0.012040592682378743)	(21.0, 0.019682764867147956)	(22.0, 0.029223799922281222)	(23.0, 0.04352700952224666)	(24.0, 0.0643388580527921)	(25.0, 0.09402207822431782)	(26.0, 0.1333787087770303)	(27.0, 0.18586496935839358)	(28.0, 0.25916419086800024)	(29.0, 0.3605436674664176)	(30.0, 0.4828529067513607)	(31.0, 0.61422373768363)	(32.0, 0.7817931021041925)	(33.0, 0.9854275122892969)	(34.0, 1.202675445501651)	(35.0, 1.4083700162233193)	(36.0, 1.6550497677274671)	(37.0, 1.921200928536157)	(38.0, 2.107378481647668)	(39.0, 2.2657038211984446)	(40.0, 2.404830288880672)	(41.0, 2.5453350173106326)	(42.0, 2.6971038848298177)	(43.0, 2.8478081877520856)	(44.0, 3.0307319775971555)	(45.0, 3.238337647563865)	(46.0, 3.411417830179966)	(47.0, 3.557689228275988)	(48.0, 3.7445976266750383)	(49.0, 3.9066494985138753)	(50.0, 4.010448440105288)	(51.0, 4.117951666030802)	(52.0, 4.216678074119659)	(53.0, 4.2644855899835346)	(54.0, 4.240611310590593)	(55.0, 4.169512411727489)	(56.0, 4.033601885789972)	(57.0, 3.7954875965598744)	(58.0, 3.5136716513689548)	(59.0, 3.1944246360404374)	(60.0, 2.816971411167808)	(61.0, 2.409119694403884)	(62.0, 2.0097188629511242)	(63.0, 1.652157533712853)	(64.0, 1.3209322199730407)	(65.0, 1.0089747467590489)	(66.0, 0.7613305464507967)	(67.0, 0.5871869116354763)	(68.0, 0.44870897181114155)	(69.0, 0.33892755540026975)	(70.0, 0.2600307486746866)	(71.0, 0.1961290629171804)	(72.0, 0.15646541059983968)	(73.0, 0.12788791374005493)	(74.0, 0.09136344772626856)	(75.0, 0.06354349369877318)	(76.0, 0.05083212520454351)	(77.0, 0.039218693238169344)	(78.0, 0.02460289988508598)	(79.0, 0.01427539965751722)	(80.0, 0.009765739390114835)	(81.0, 0.007956980733282996)	(82.0, 0.006367364422943083)	(83.0, 0.0038210860923846065)	(84.0, 0.001907762051947482)	(85.0, 0.0011335332541892035)	(86.0, 0.0006273923016317083)	(87.0, 0.00034150609326406823)	(88.0, 0.00021469275570021223)	(89.0, 0.0001479488938244986)	(90.0, 0.00010679017900114183)	(91.0, 7.341824806328501e-05)	(92.0, 6.006947568814229e-05)	(93.0, 4.115871482335675e-05)	(94.0, 2.0023158562714097e-05)	(95.0, 2.1135556260642657e-05)	(96.0, 1.4461170073071292e-05)	(97.0, 6.674386187571364e-06)	(98.0, 4.4495907917142435e-06)	(99.0, 2.2247953958571217e-06)	(100.0, 3.337193093785682e-06)
fastp | SRR30333766_2	(0.0, 0.0003870781005815103)	(1.0, 0.0004326821296730101)	(2.0, 0.0006373441138885213)	(3.0, 0.0011445499008573968)	(4.0, 0.0016183868860520044)	(5.0, 0.0020043526932410393)	(6.0, 0.00235583740526333)	(7.0, 0.0026016542450004385)	(8.0, 0.002840797324382694)	(9.0, 0.003062143709485339)	(10.0, 0.0031755976355178506)	(11.0, 0.0031578009412382407)	(12.0, 0.0032456721192438134)	(13.0, 0.003279040921018082)	(14.0, 0.003304623669045021)	(15.0, 0.003530419227717568)	(16.0, 0.003973111997922859)	(17.0, 0.00481289350924194)	(18.0, 0.006127624299148105)	(19.0, 0.00833775126999713)	(20.0, 0.012912613993249292)	(21.0, 0.019536321145441515)	(22.0, 0.029082023039667153)	(23.0, 0.04289448238742921)	(24.0, 0.061508712310508445)	(25.0, 0.08765205620725505)	(26.0, 0.12745102608342465)	(27.0, 0.18557058042705993)	(28.0, 0.25744920403561844)	(29.0, 0.35709511989393794)	(30.0, 0.48773286654680514)	(31.0, 0.6568459539387961)	(32.0, 0.8549376210849539)	(33.0, 1.0515532748992966)	(34.0, 1.2437141936767744)	(35.0, 1.4476276044391496)	(36.0, 1.6861756068564302)	(37.0, 1.9181733134854217)	(38.0, 2.09241629800351)	(39.0, 2.2456102423623903)	(40.0, 2.3804268752907882)	(41.0, 2.507771121208535)	(42.0, 2.663780280143771)	(43.0, 2.806089321363885)	(44.0, 2.965298548389273)	(45.0, 3.191247603549982)	(46.0, 3.374367801633418)	(47.0, 3.5012615687272124)	(48.0, 3.66415471146848)	(49.0, 3.8113956615908307)	(50.0, 3.9220799770760784)	(51.0, 4.035686287303359)	(52.0, 4.127657378753597)	(53.0, 4.181751543309862)	(54.0, 4.163578893863596)	(55.0, 4.082561667742459)	(56.0, 3.947077658778575)	(57.0, 3.7319823625416424)	(58.0, 3.4728024299873317)	(59.0, 3.1528556848152944)	(60.0, 2.7832739592974254)	(61.0, 2.41990772925671)	(62.0, 2.06301838364038)	(63.0, 1.6996521535996643)	(64.0, 1.367699313549245)	(65.0, 1.0885069982775137)	(66.0, 0.8595870074655019)	(67.0, 0.6852639378231553)	(68.0, 0.5408648973185799)	(69.0, 0.4259127120864036)	(70.0, 0.3396343382188559)	(71.0, 0.26789808816453425)	(72.0, 0.21523544520438428)	(73.0, 0.16703977250841637)	(74.0, 0.12586823258593186)	(75.0, 0.09687630531105523)	(76.0, 0.07347810150693843)	(77.0, 0.0557659415251569)	(78.0, 0.03876342472777481)	(79.0, 0.02428247705113492)	(80.0, 0.015220622782636169)	(81.0, 0.011145179792605556)	(82.0, 0.0082343079844969)	(83.0, 0.004860722125118391)	(84.0, 0.0025627239762637927)	(85.0, 0.001433746182901054)	(86.0, 0.0009176420487923737)	(87.0, 0.0006084244856841556)	(88.0, 0.0004349067164579613)	(89.0, 0.0003370248979201081)	(90.0, 0.00026695041419414503)	(91.0, 0.0002491537199145354)	(92.0, 0.00029587004239851075)	(93.0, 0.0003047683895383156)	(94.0, 0.000351484712022291)	(95.0, 0.000452703410737571)	(96.0, 0.0005372377085657169)	(97.0, 0.0006328949403186189)	(98.0, 0.0007207661183241916)	(99.0, 0.0008553536188137397)	(100.0, 0.0012524423599275306)
fastp | SRR30333767_1	(0.0, 8.328252900772127e-05)	(1.0, 6.6626023206177e-05)	(2.0, 5.591826947661285e-05)	(3.0, 7.971327776453322e-05)	(4.0, 8.804153066530534e-05)	(5.0, 8.685178025090932e-05)	(6.0, 0.00010112878522366154)	(7.0, 0.00010707753729564162)	(8.0, 9.755953398047348e-05)	(9.0, 0.00011064678853882969)	(10.0, 0.00013563154724114608)	(11.0, 0.00020225757044732307)	(12.0, 0.0003414583689316572)	(13.0, 0.0004925566715599515)	(14.0, 0.0006841064882777104)	(15.0, 0.001121934640775445)	(16.0, 0.001841733641485036)	(17.0, 0.002839934239163295)	(18.0, 0.004356866017518218)	(19.0, 0.00672565909258069)	(20.0, 0.011245520916871162)	(21.0, 0.01840900816194959)	(22.0, 0.02714296595403076)	(23.0, 0.04056454037883224)	(24.0, 0.060032426409594275)	(25.0, 0.08755135349457417)	(26.0, 0.12363410406237663)	(27.0, 0.17060426067231702)	(28.0, 0.23534690897250513)	(29.0, 0.3248708686541479)	(30.0, 0.4354795851797169)	(31.0, 0.556402248047685)	(32.0, 0.7119276119679468)	(33.0, 0.903162144825891)	(34.0, 1.1113030310724021)	(35.0, 1.3121888192919267)	(36.0, 1.5516641622023861)	(37.0, 1.8170582178904624)	(38.0, 2.0192289365575347)	(39.0, 2.197662944706992)	(40.0, 2.352585105167155)	(41.0, 2.503763121073214)	(42.0, 2.671745171832202)	(43.0, 2.8384648974015163)	(44.0, 3.0174009802258484)	(45.0, 3.227300317584837)	(46.0, 3.418582440459357)	(47.0, 3.5760459078046702)	(48.0, 3.769382729644852)	(49.0, 3.943539585054555)	(50.0, 4.0609596227025415)	(51.0, 4.180481949332766)	(52.0, 4.291252471914692)	(53.0, 4.343797798966492)	(54.0, 4.319767220096522)	(55.0, 4.25054992048779)	(56.0, 4.111589451587164)	(57.0, 3.8677060833913672)	(58.0, 3.585546064863622)	(59.0, 3.2628131777041434)	(60.0, 2.87478083905054)	(61.0, 2.4553200534502513)	(62.0, 2.0519066214393358)	(63.0, 1.694070148303103)	(64.0, 1.351587404264651)	(65.0, 1.0290496361731336)	(66.0, 0.7763359404016897)	(67.0, 0.5939507711260233)	(68.0, 0.4533151336419276)	(69.0, 0.344206692388912)	(70.0, 0.2637284051079221)	(71.0, 0.19889176652499674)	(72.0, 0.15616782914403574)	(73.0, 0.12387800289732781)	(74.0, 0.08911468553909055)	(75.0, 0.06369328843469083)	(76.0, 0.048563232414816665)	(77.0, 0.035968534528020416)	(78.0, 0.023704587256426265)	(79.0, 0.014681520113646863)	(80.0, 0.009620321850806203)	(81.0, 0.006986214433333419)	(82.0, 0.005076665018227809)	(83.0, 0.003018396801322698)	(84.0, 0.0015776090494891198)	(85.0, 0.0008875538091394295)	(86.0, 0.0005187311806766639)	(87.0, 0.0003105248581573607)	(88.0, 0.000197498568789739)	(89.0, 0.0001392007984843341)	(90.0, 0.0001118365389532257)	(91.0, 7.376452569255312e-05)	(92.0, 4.640026616144471e-05)	(93.0, 4.164126450386064e-05)	(94.0, 3.807201326067258e-05)	(95.0, 1.903600663033629e-05)	(96.0, 1.4277004972752218e-05)	(97.0, 1.4277004972752218e-05)	(98.0, 7.138502486376109e-06)	(99.0, 7.138502486376109e-06)	(100.0, 5.948752071980091e-06)
fastp | SRR30333767_2	(0.0, 0.0002498265698004194)	(1.0, 0.00030217118442526917)	(2.0, 0.0005163082442542)	(3.0, 0.0007625658630574705)	(4.0, 0.0010112027825255072)	(5.0, 0.0012824430583088194)	(6.0, 0.0014489941048424324)	(7.0, 0.0015703384387454932)	(8.0, 0.0016619415143389804)	(9.0, 0.0017452170376057868)	(10.0, 0.0018058892045573175)	(11.0, 0.0018772682245002943)	(12.0, 0.002049767522695822)	(13.0, 0.002160405003607436)	(14.0, 0.0021734911572636488)	(15.0, 0.002382869615763048)	(16.0, 0.0029312984189915872)	(17.0, 0.0037795191059806304)	(18.0, 0.005115496429246682)	(19.0, 0.007476952339026837)	(20.0, 0.01172995227729588)	(21.0, 0.018060081695905554)	(22.0, 0.02724775121289907)	(23.0, 0.039750976206243877)	(24.0, 0.05676178630898766)	(25.0, 0.08028117338019858)	(26.0, 0.11584814936745162)	(27.0, 0.16874000314519755)	(28.0, 0.23316551689539616)	(29.0, 0.3213352616296261)	(30.0, 0.43944255697827295)	(31.0, 0.5903378051377263)	(32.0, 0.7695693345642091)	(33.0, 0.958987839786887)	(34.0, 1.1500492521185857)	(35.0, 1.3524361356145704)	(36.0, 1.5932784661048336)	(37.0, 1.8327419918598653)	(38.0, 2.02064131360809)	(39.0, 2.1906447254062784)	(40.0, 2.336212719377321)	(41.0, 2.477779919280559)	(42.0, 2.6498081159444635)	(43.0, 2.8081934025965998)	(44.0, 2.975354739750725)	(45.0, 3.198001368407191)	(46.0, 3.3899002945728873)	(47.0, 3.532561972781919)	(48.0, 3.699638844762445)	(49.0, 3.8560826220721323)	(50.0, 3.9846766851007347)	(51.0, 4.104689800281859)	(52.0, 4.197062579640399)	(53.0, 4.252707284287278)	(54.0, 4.239909026011502)	(55.0, 4.161037588275177)	(56.0, 4.019082562363582)	(57.0, 3.8012920863639033)	(58.0, 3.5372087469802063)	(59.0, 3.2022876785547676)	(60.0, 2.8237004946792115)	(61.0, 2.457494001812765)	(62.0, 2.095868852376326)	(63.0, 1.7242494504975374)	(64.0, 1.3835764227150265)	(65.0, 1.10068709087702)	(66.0, 0.8704267000933031)	(67.0, 0.6919042022649206)	(68.0, 0.5443506818891309)	(69.0, 0.42774353560961903)	(70.0, 0.3378309531384481)	(71.0, 0.2663627094205424)	(72.0, 0.21428814542114355)	(73.0, 0.16697218275127648)	(74.0, 0.12619929690951565)	(75.0, 0.0959012822443867)	(76.0, 0.0721237410510487)	(77.0, 0.05340102412000583)	(78.0, 0.037073073308049855)	(79.0, 0.02445564188279629)	(80.0, 0.015457126768651661)	(81.0, 0.010219096355169535)	(82.0, 0.006964213045769786)	(83.0, 0.004065035185752538)	(84.0, 0.0022258357718884982)	(85.0, 0.0012681672543202241)	(86.0, 0.0008375138339975965)	(87.0, 0.0005793597118704965)	(88.0, 0.000422325867995947)	(89.0, 0.00033072279240245993)	(90.0, 0.0002700506254509295)	(91.0, 0.0002545851711299512)	(92.0, 0.00031525733808148164)	(93.0, 0.00036403300170918253)	(94.0, 0.0003818777566949268)	(95.0, 0.00047348083228841383)	(96.0, 0.0005900665648619429)	(97.0, 0.0006531180324782392)	(98.0, 0.0007268763530859821)	(99.0, 0.0008565482393157236)	(100.0, 0.001293149911300266)
fastp | SRR30333768_1	(0.0, 0.00013491514921254124)	(1.0, 9.0344965990541e-05)	(2.0, 5.3002380047784054e-05)	(3.0, 6.0229977327027334e-05)	(4.0, 9.51633641767032e-05)	(5.0, 0.00010600476009556811)	(6.0, 8.432196825783827e-05)	(7.0, 8.311736871129772e-05)	(8.0, 8.79357668974599e-05)	(9.0, 8.79357668974599e-05)	(10.0, 0.00011323235737481139)	(11.0, 0.00020357732336535238)	(12.0, 0.0002662164997854608)	(13.0, 0.000348129268950218)	(14.0, 0.000568570985967138)	(15.0, 0.0009154956553708155)	(16.0, 0.0015153862295480078)	(17.0, 0.0024405186812911477)	(18.0, 0.003759555184753046)	(19.0, 0.005872422789385165)	(20.0, 0.009527177813589183)	(21.0, 0.015417669596172457)	(22.0, 0.02284884419878109)	(23.0, 0.03338909023101087)	(24.0, 0.04926209845577566)	(25.0, 0.07124604018014064)	(26.0, 0.09838205416505953)	(27.0, 0.13700151562714946)	(28.0, 0.1907495427942421)	(29.0, 0.2706723135081143)	(30.0, 0.37719625600824136)	(31.0, 0.4946712129859686)	(32.0, 0.6506740818602487)	(33.0, 0.8502653853260983)	(34.0, 1.080199346769758)	(35.0, 1.3074169362359687)	(36.0, 1.5772014598782822)	(37.0, 1.8693722614935058)	(38.0, 2.0795857237607502)	(39.0, 2.252671018804522)	(40.0, 2.4005886155224214)	(41.0, 2.550187833207292)	(42.0, 2.716693605527859)	(43.0, 2.8862024445179517)	(44.0, 3.082396777262557)	(45.0, 3.296087918420664)	(46.0, 3.467727694008587)	(47.0, 3.620694972025585)	(48.0, 3.811805894683789)	(49.0, 3.9794295353835456)	(50.0, 4.0902237832761585)	(51.0, 4.2034151842663885)	(52.0, 4.310200524868114)	(53.0, 4.3491235454159325)	(54.0, 4.310546244937972)	(55.0, 4.231265525782405)	(56.0, 4.080523143127868)	(57.0, 3.831237289969035)	(58.0, 3.5465217549473507)	(59.0, 3.222690463450402)	(60.0, 2.8372932937293127)	(61.0, 2.419087650758645)	(62.0, 2.014921615502907)	(63.0, 1.6597924185877422)	(64.0, 1.3273795599212384)	(65.0, 1.0087509338657985)	(66.0, 0.7600360608920252)	(67.0, 0.5888721021249859)	(68.0, 0.4542556935999867)	(69.0, 0.3452358208394276)	(70.0, 0.2661502468104011)	(71.0, 0.20411096096446985)	(72.0, 0.16844276839140426)	(73.0, 0.13966006682636445)	(74.0, 0.10067922550031234)	(75.0, 0.07246870871987929)	(76.0, 0.05977222949934193)	(77.0, 0.0464144251277538)	(78.0, 0.02866706000857193)	(79.0, 0.016518673581710518)	(80.0, 0.011535245257672275)	(81.0, 0.009553679003613076)	(82.0, 0.0076311381273343635)	(83.0, 0.0046027748673314285)	(84.0, 0.0022526011520308223)	(85.0, 0.0012335099356575198)	(86.0, 0.0007721483093324905)	(87.0, 0.0005083410086401107)	(88.0, 0.0003529476671363802)	(89.0, 0.00022646471474962277)	(90.0, 0.0001578025405968116)	(91.0, 0.00010480016054902755)	(92.0, 9.636796372324374e-05)	(93.0, 9.51633641767032e-05)	(94.0, 6.866217415281116e-05)	(95.0, 4.095638458237858e-05)	(96.0, 2.5296590477351483e-05)	(97.0, 1.80689931981082e-05)	(98.0, 1.084139591886492e-05)	(99.0, 4.818398186162187e-06)	(100.0, 0.0)
fastp | SRR30333768_2	(0.0, 0.00011803980972079031)	(1.0, 0.0002095808866471175)	(2.0, 0.00046854577532028)	(3.0, 0.0007865305688538376)	(4.0, 0.0010659717510499943)	(5.0, 0.0013189142004516878)	(6.0, 0.0015152457207015736)	(7.0, 0.0016332855304223642)	(8.0, 0.0017067592895342845)	(9.0, 0.0017790285607919112)	(10.0, 0.0018079362692949618)	(11.0, 0.0018055272935863745)	(12.0, 0.0018537068077581257)	(13.0, 0.0018031183178777868)	(14.0, 0.0018537068077581257)	(15.0, 0.0021114672085769943)	(16.0, 0.0025667636175000425)	(17.0, 0.00319068832602422)	(18.0, 0.004207276075048169)	(19.0, 0.006046529028554769)	(20.0, 0.009515454048920853)	(21.0, 0.014423742055168)	(22.0, 0.02106287910803531)	(23.0, 0.030662647306756725)	(24.0, 0.04375904374649298)	(25.0, 0.062156391232976164)	(26.0, 0.09017759667526662)	(27.0, 0.13170592891560753)	(28.0, 0.18659564492362934)	(29.0, 0.26818162973421844)	(30.0, 0.3840605882444057)	(31.0, 0.5372545804806143)	(32.0, 0.7278431026412274)	(33.0, 0.9370783012741626)	(34.0, 1.14301802113775)	(35.0, 1.3658735684270393)	(36.0, 1.6385888904448194)	(37.0, 1.8991376806463782)	(38.0, 2.09294338986581)	(39.0, 2.26281472093257)	(40.0, 2.4054056065874305)	(41.0, 2.53608531185118)	(42.0, 2.695956984751593)	(43.0, 2.846890153285292)	(44.0, 3.019051215763065)	(45.0, 3.2511307310405364)	(46.0, 3.4297659157351377)	(47.0, 3.5577535906445403)	(48.0, 3.722270973198965)	(49.0, 3.8698616879369983)	(50.0, 3.9833184213722013)	(51.0, 4.101788233256974)	(52.0, 4.193831581618542)	(53.0, 4.24535114061025)	(54.0, 4.231275495544972)	(55.0, 4.140041563021491)	(56.0, 3.9772056455116602)	(57.0, 3.7492177754752256)	(58.0, 3.4898566102979998)	(59.0, 3.169244828754228)	(60.0, 2.7934771393866344)	(61.0, 2.4247123424039057)	(62.0, 2.066932474652336)	(63.0, 1.700222533949032)	(64.0, 1.3645919933500708)	(65.0, 1.0832091767327925)	(66.0, 0.8585577380527513)	(67.0, 0.6869820566721654)	(68.0, 0.5437383386002778)	(69.0, 0.432601448772445)	(70.0, 0.3493954277978307)	(71.0, 0.27824392126898867)	(72.0, 0.2263497665545955)	(73.0, 0.1769766049192392)	(74.0, 0.13526880398860852)	(75.0, 0.10653815520013904)	(76.0, 0.0819918972174861)	(77.0, 0.062001012299772264)	(78.0, 0.04313873250153169)	(79.0, 0.027528569909884316)	(80.0, 0.01709168265242872)	(81.0, 0.012436337095583266)	(82.0, 0.009414277069160175)	(83.0, 0.005739384625709856)	(84.0, 0.002979902951522809)	(85.0, 0.0016320810425680702)	(86.0, 0.001051517896798469)	(87.0, 0.0007540093967879055)	(88.0, 0.000549246461557963)	(89.0, 0.00041313933402276613)	(90.0, 0.00035411942916237097)	(91.0, 0.00032280274495073274)	(92.0, 0.00034809698989090205)	(93.0, 0.00038784508908259677)	(94.0, 0.0004432515303801106)	(95.0, 0.000495044508114743)	(96.0, 0.0005179297773463249)	(97.0, 0.0005155208016377373)	(98.0, 0.0005311791437435565)	(99.0, 0.0006203112449612961)	(100.0, 0.0009382960384948536)
