gene_id	pvalue	padj	log2FoldChange	baseMean	rank	rank_frac	neglog10_pvalue	distance_to_line	selected_by_bend
ENSMUSG00000032939	3.08320402984727e-07	0.0014870293035953	0.222093701152942	6348.76048046223	1	0.0	6.510997735051333	0.0	True
ENSMUSG00000037428	6.63414590738783e-07	0.0015998242855665	0.482914075525579	16683.7522086158	2	4.658746797111577e-05	6.178214981101648	0.05047278079021131	True
ENSMUSG00000045136	3.30754370562616e-06	0.0053174277640783	0.226332879175819	30567.1848252027	3	9.317493594223154e-05	5.480494408368924	0.15634576124203128	True
ENSMUSG00000021675	5.63717050682373e-06	0.0067970183386027	0.28076605414218	6807.00530093294	4	0.0001397624039133473	5.248938828927769	0.19145152499450677	True
ENSMUSG00000060548	8.7784461336145e-06		-0.772977485113197	203.585850036501	5	0.00018634987188446308	5.056582351442348	0.2206065816316026	True
ENSMUSG00000062542	1.53133278104263e-05	0.0147712360059372	0.222840781365814	10768.6288298582	6	0.00023293733985557886	4.814930420493338	0.2572450445470592	True
ENSMUSG00000031934	2.41863315616695e-05	0.019441779520322	0.193999376899016	4859.37487557887	7	0.0002795248078266946	4.616429997836559	0.28733279648643495	True
ENSMUSG00000028381	2.83191966612548e-05	0.0195119264996046	0.314064563481815	8504.02809470683	8	0.0003261122757978104	4.54791907056322	0.2976872031064105	True
ENSMUSG00000040732	3.61300768641456e-05		-0.853894195829107	264.589642080553	9	0.00037269974376892616	4.442131114500652	0.31370053223707994	True
ENSMUSG00000042487	3.97709697373903e-05		0.20097742488255	1850.2170337062	10	0.0004192872117400419	4.400433819462524	0.3199844356013577	True
ENSMUSG00000021721	4.10869197680562e-05		0.356216495351253	736.109369998505	11	0.0004658746797111577	4.38629641599972	0.3220845481461016	True
ENSMUSG00000039084	4.35962691910503e-05		-3.09130593707745	281.172985047038	12	0.0005124621476822735	4.360550674471466	0.32594689034605046	True
ENSMUSG00000023903	5.40345100029424e-05	0.0295688097327832	0.340812414509453	6700.83787579517	13	0.0005590496156533892	4.267328782458054	0.34005260009212096	True
ENSMUSG00000031891	5.62883698905593e-05		-3.15136851406702	35.337706560793	14	0.000605637083624505	4.249581328312368	0.3427007444338627	True
ENSMUSG00000001420	5.81383771493163e-05	0.0295688097327832	0.225630399466779	11064.3872077762	15	0.0006522245515956208	4.235537095113466	0.3447867130588562	True
ENSMUSG00000019461	6.13079198274584e-05	0.0295688097327832	0.159304219642905	3725.41946940418	16	0.0006988120195667365	4.212483419197873	0.3482403802331778	True
ENSMUSG00000059991	6.92250581718113e-05	0.030352041414786	0.299792484004238	9142.41596863668	17	0.0007453994875378523	4.159736670632066	0.3562016705386786	True
ENSMUSG00000074796	7.12962880170437e-05		0.335867196300588	1313.83743535874	18	0.0007919869555089681	4.146933080746736	0.3580993005379031	True
ENSMUSG00000052684	8.48851437767762e-05	0.0341167540362827	0.248104590568615	12732.0800475042	19	0.0008385744234800838	4.071168311408972	0.36955489283390175	True
ENSMUSG00000072294	8.63079296657563e-05		-0.489835916078823	635.913102110926	20	0.0008851618914511996	4.06394930101858	0.37060474328515447	True
ENSMUSG00000070972	9.10504429295097e-05		-0.558732165132575	261.021826651543	21	0.0009317493594223154	4.040717937168632	0.3740853847727263	True
ENSMUSG00000031842	9.29515423939906e-05		0.412156510910732	518.166104058393	22	0.0009783368273934311	4.03174339935479	0.3754017369806205	True
ENSMUSG00000032657	0.0001071003183073	0.0397342180920415	0.21682476573946	35415.5865957923	23	0.001024924295364547	3.9702092384221266	0.38469702002290085	True
ENSMUSG00000051236	0.0001338814467336		-0.381664126061365	805.599364799393	24	0.0010715117633356627	3.8732796032680663	0.39936559198744687	True
ENSMUSG00000032297	0.0001363126751941	0.0469597166043857	0.24576611189412	4232.91883943781	25	0.0011180992313067784	3.8654637589055088	0.4005060461512254	True
ENSMUSG00000024206	0.0001509456037203		-0.802024778089241	65.2489971917027	26	0.0011646866992778943	3.821179531251802	0.4071826645919842	True
ENSMUSG00000018507	0.0001559475832918	0.0501423462811106	0.231279152396306	5489.11215919931	27	0.00121127416724901	3.807021351084254	0.4092859311907391	True
ENSMUSG00000027577	0.0001713367631982		0.537091671644385	426.607582532534	28	0.0012578616352201257	3.766149441814995	0.41544453502715295	True
ENSMUSG00000026426	0.0001801640284777	0.0543081943342725	0.147246642372882	22265.7995344022	29	0.0013044491031912416	3.7443319158714017	0.4187105456974464	True
ENSMUSG00000078349	0.0002036085802802		-0.50537998049791	210.062433557622	30	0.0013510365711623573	3.691203924322379	0.4267297114444681	True
ENSMUSG00000061981	0.000220681628844	0.0626086762302818	0.114442947960229	26612.4109889932	31	0.001397624039133473	3.6562338191888744	0.4319923787386655	True
ENSMUSG00000032181	0.0002608268129557	0.0662473118091073	0.325472424934247	53485.1422404897	32	0.001444211507104589	3.5836477652401717	0.44296541905414116	True
ENSMUSG00000034226	0.0002609784209772	0.0662473118091073	0.232374091363809	2692.30215534041	33	0.0014907989750757046	3.5833954008531523	0.44295768226807875	True
ENSMUSG00000079355	0.0002716911155364		-1.91017724835911	31.9168720505826	34	0.0015373864430468203	3.565924563041817	0.4455638342501254	True
ENSMUSG00000029822	0.0002991984861515	0.0699801233042734	0.239605644982864	25563.6594773664	35	0.0015839739110179362	3.5240406081929816	0.45187607392335705	True
ENSMUSG00000032249	0.0003047030042276	0.0699801233042734	-0.168412013296671	3282.09187079627	36	0.001630561378989052	3.5161232638179003	0.45303193652295687	True
ENSMUSG00000032733	0.000312950628862		-0.662613186970374	329.976059510311	37	0.0016771488469601676	3.5045241714121005	0.4547467150953811	True
ENSMUSG00000027684	0.0003142791771508		-0.630990545006152	121.800946728698	38	0.0017237363149312835	3.502684392600246	0.454979959297189	True
ENSMUSG00000097240	0.0003294277858597		0.300692466128839	779.681096855487	39	0.0017703237829023992	3.4822397726932306	0.4580375529040039	True
ENSMUSG00000004040	0.0003631425554429	0.0782904011477811	0.232639953186121	26639.7097090271	40	0.001816911250873515	3.439922854609315	0.4644155195269651	True
ENSMUSG00000023959	0.0003787704259092		-0.625535398014768	317.88968312594	41	0.0018634987188446308	3.4216239377095454	0.46714737990226035	True
ENSMUSG00000037907	0.0003872768822666	0.0782904011477811	0.19191087908263	5714.3102599262	42	0.0019100861868157465	3.4119784265969275	0.4685655907085419	True
ENSMUSG00000002980	0.0004159038586994	0.0782904011477811	0.193140092827764	48963.9387595079	43	0.0019566736547868622	3.381007050291275	0.4732212220529044	True
ENSMUSG00000040183	0.0004287877933567		0.278242111163416	1797.24412425969	44	0.002003261122757978	3.3677575865458946	0.4751865389280824	True
ENSMUSG00000037362	0.0004308213243775	0.0782904011477811	-1.69761038906834	3474.04167500216	45	0.002049848590729094	3.365702808553543	0.4754524215600929	True
ENSMUSG00000037553	0.0004318491905895	0.0782904011477811	0.19010635539122	9283.27670121672	46	0.0020964360587002098	3.3646678900591582	0.4755634821459735	True
ENSMUSG00000035642	0.0004380474140717		-0.213643859772398	1120.95106094571	47	0.0021430235266713255	3.358478879095794	0.47645697123654585	True
ENSMUSG00000017929	0.000438283398505	0.0782904011477811	0.179278771045062	6614.4178692983	48	0.002189610994642441	3.35824497943552	0.4764464313714498	True
ENSMUSG00000036022	0.0004522373564608		0.288680494835907	906.918162475428	49	0.002236198462613557	3.3446335661952107	0.47846669479712056	True
ENSMUSG00000052504	0.0004674297391164		-1.22879798567675	161.087995285593	50	0.0022827859305846725	3.3302836601010872	0.4805990667778498	True
ENSMUSG00000045763	0.0004713003561435	0.0811814863457215	0.184465295770742	15503.440663302	51	0.0023293733985557887	3.326702232060652	0.4810967059259683	True
ENSMUSG00000028051	0.0005162513284241		0.250443750991384	1858.58273873821	52	0.0023759608665269044	3.2871388178023437	0.4870566707583332	True
ENSMUSG00000039661	0.0005228673366573	0.0828777512825285	0.160208467741572	11784.9660906047	53	0.00242254833449802	3.2816084875498968	0.48785016735423953	True
ENSMUSG00000063687	0.0005239724995261		0.555686926287738	222.127706649703	54	0.0024691358024691358	3.2806915061794006	0.48794332423194126	True
ENSMUSG00000024043	0.0005285576835605	0.0828777512825285	0.273091670516982	7541.04373573679	55	0.0025157232704402514	3.276907609520264	0.4884716995803765	True
ENSMUSG00000041730	0.0005326996246648	0.0828777512825285	0.205546196700426	9127.13181101187	56	0.002562310738411367	3.2735176092149145	0.4889402786141449	True
ENSMUSG00000038210	0.0005360736721508		-2.37173826396346	86.9155714904451	57	0.0026088982063824833	3.27077552148277	0.48931049983441377	True
ENSMUSG00000061947	0.0005441639516532		0.886556080908279	55.4936569454114	58	0.002655485674353599	3.264270231605583	0.4902520023510348	True
ENSMUSG00000034040	0.0005714211453727	0.0831269477180605	0.228819682449106	11313.4263037252	59	0.0027020731423247147	3.2430436926393704	0.49342829692488893	True
ENSMUSG00000038712	0.0005838194988376	0.0831269477180605	0.158994525389101	5868.76867658995	60	0.0027486606102958304	3.2337214042158404	0.49479744018982785	True
ENSMUSG00000052534	0.0005860079250288	0.0831269477180605	-0.24599021458336	2651.1320430251	61	0.002795248078266946	3.2320965106491384	0.49499806325764234	True
ENSMUSG00000028995	0.0005872140930569		-0.230061789456125	1242.09970262955	62	0.0028418355462380617	3.2312035299594957	0.4950875766584478	True
ENSMUSG00000004473	0.0005873554935115		-1.47855942091777	169.269767328801	63	0.002888423014209178	3.2310989649542883	0.4950574028575275	True
ENSMUSG00000022665	0.0006158753584343		-0.835071266326581	749.975741798623	64	0.0029350104821802936	3.21050717196121	0.49813733840297697	True
ENSMUSG00000031849	0.0006202443612013		-1.27032734317156	1380.19567686289	65	0.0029815979501514093	3.2074371753190207	0.4985573385668145	True
ENSMUSG00000005087	0.0006408863757758	0.0883141425819138	0.271757538378142	20280.9900635307	66	0.003028185418122525	3.193218960727186	0.5006697188252693	True
ENSMUSG00000106350	0.0006425632719384		0.618742121899714	260.520731767091	67	0.0030747728860936407	3.1920841017697765	0.5007959510960807	True
ENSMUSG00000013089	0.0006690744212162	0.0896373870423859	0.22295976106034	7941.01102440208	68	0.003121360354064757	3.174525572925829	0.5034154152109488	True
ENSMUSG00000039197	0.0007050586072877	0.0909020848835285	0.181631994712931	15412.0270522249	69	0.0031679478220358725	3.151774781216051	0.5068231023727509	True
ENSMUSG00000030766	0.0007162096673386	0.0909020848835285	0.226769553386787	4632.55873355361	70	0.003214535290006988	3.144959821213709	0.5078116150535145	True
ENSMUSG00000022442	0.0007670998414145	0.0948646803882701	0.186820920058567	4418.75058768651	71	0.003261122757978104	3.1151481070373612	0.5122912013014337	True
ENSMUSG00000066113	0.000767610196746		-0.793155285100359	343.552194222797	72	0.0033077102259492196	3.1148592648366336	0.5122890021112537	True
ENSMUSG00000046607	0.0007676138469194		-0.978633554976436	48.1460831820075	73	0.0033542976939203353	3.114857199665531	0.5122432680943667	True
ENSMUSG00000074793	0.0007724040564791		-0.589830619175808	360.377551847684	74	0.0034008851618914514	3.1121554540771807	0.512607365085504	True
ENSMUSG00000031877	0.0007786786180959		-0.814636285684228	216.627956759205	75	0.003447472629862567	3.10864175052596	0.5130947231664615	True
ENSMUSG00000048027	0.0007934761100591	0.0956733819703847	0.207143874926282	21482.976761768	76	0.0034940600978336828	3.1004661444298556	0.514289791762736	True
ENSMUSG00000030223	0.0008158345726459		0.485559896898761	926.63147404633	77	0.0035406475658047985	3.0883978945188075	0.5160757918368126	True
ENSMUSG00000058743	0.0008621214428036		-0.743288972181851	77.6199327427584	78	0.003587235033775914	3.0644315529403134	0.5196680082580104	True
ENSMUSG00000040502	0.0008754113618084		0.203466213041048	1517.58441816939	79	0.00363382250174703	3.0577878210554714	0.5206305272724316	True
ENSMUSG00000018672	0.0008768108845181		-0.642479120124063	487.303910416706	80	0.003680409969718146	3.05709406759966	0.5206897965385813	True
ENSMUSG00000040151	0.000880296855831	0.0996634669291688	0.146101200019987	5974.29391285692	81	0.0037269974376892617	3.055370849316828	0.5209053460092647	True
ENSMUSG00000003273	0.0008946777630302	0.0996634669291688	0.164413305463502	2740.7262722141	82	0.0037735849056603774	3.0483333567924915	0.5219276407359419	True
ENSMUSG00000020186	0.0008965967889731		-0.388518076711367	845.078723479371	83	0.003820172373631493	3.0474028208279798	0.5220228552990248	True
ENSMUSG00000021948	0.0009023969808772	0.0996634669291688	0.25989804591684	20512.862423462	84	0.0038667598416026088	3.0446023663644626	0.5224019370111507	True
ENSMUSG00000062300	0.0009052588383851		0.218131068755481	2516.0373117264	85	0.0039133473095737245	3.0432272263086424	0.5225646456901107	True
ENSMUSG00000055067	0.0009092250766915	0.0996634669291688	0.192868544851518	2666.42426863283	86	0.00395993477754484	3.0413285948140296	0.5228068241547097	True
ENSMUSG00000019961	0.0009270956992424		-0.231381384962141	1574.10493780092	87	0.004006522245515956	3.032875433592583	0.5240440276259399	True
ENSMUSG00000070576	0.0009516266380111		-1.44423210053772	83.618507110194	88	0.0040531097134870716	3.0215334096577733	0.5257197813456727	True
ENSMUSG00000071547	0.0009575958147386		-0.353251986844178	290.058023437387	89	0.004099697181458188	3.018817760721846	0.5260859889655036	True
ENSMUSG00000025150	0.0009654129662282		-0.924474332093975	213.810858611584	90	0.004146284649429304	3.015286872573943	0.5265759557924949	True
ENSMUSG00000034126	0.000966523947557		0.15661954079554	1550.33839631942	91	0.0041928721174004195	3.0147873809908186	0.5266057347017137	True
ENSMUSG00000015289	0.0009907636527616		-0.38371419737693	345.028361385868	92	0.004239459585371535	3.004029934357717	0.528192745360121	True
ENSMUSG00000028680	0.0009943303910053		0.298368502335924	896.818904164854	93	0.004286047053342651	3.002469286478672	0.5283836154680053	True
ENSMUSG00000037406	0.0010303850157558		-0.84688626501976	221.721170099905	94	0.004332634521313767	2.9870004656110964	0.5306858468019259	True
ENSMUSG00000027506	0.0010304295068669	0.11040207493118	0.132372950247198	19900.3634511882	95	0.004379221989284882	2.9869817135654024	0.5306426459732603	True
ENSMUSG00000020814	0.0010456666770069		-0.299611990474106	1883.66786149754	96	0.004425809457255998	2.9806067317273306	0.5315643667873202	True
ENSMUSG00000036412	0.0010524070381134		-1.91004865795914	119.125387565091	97	0.004472396925227114	2.9778162561739516	0.5319419336287321	True
ENSMUSG00000024981	0.0010529743825076	0.11040207493118	0.139249465266765	5053.28307359814	98	0.004518984393198229	2.977582194503899	0.5319314183578919	True
ENSMUSG00000005611	0.0010530543208713		-0.47944029101375	443.444001990439	99	0.004565571861169345	2.9775492255417877	0.5318903757599373	True
ENSMUSG00000037621	0.0010831283836245		-1.03674965554677	108.252638933795	100	0.004612159329140462	2.965320063231421	0.5337008034997461	True
ENSMUSG00000058672	0.001098131494097	0.112686982894257	0.183283529529141	43117.9895390282	101	0.004658746797111577	2.9593456528353914	0.5345617146724763	True
ENSMUSG00000039308	0.0010995014266308		-0.320414289110063	410.945326505877	102	0.004705334265082693	2.958804202794794	0.5345978631789301	True
ENSMUSG00000072941	0.0011015533834527		-0.474343529627896	1505.66238655463	103	0.004751921733053809	2.9579944512348213	0.5346747417960435	True
ENSMUSG00000027800	0.0011249683872344		-0.58445273163652	1383.95417050635	104	0.004798509201024924	2.94885968150156	0.5360154183679008	True
ENSMUSG00000044317	0.0011253978422146		-1.50884723338626	146.870619299108	105	0.00484509666899604	2.9486939218772372	0.5359945343526445	True
ENSMUSG00000096844	0.0011338396985069		5.541252897936	5.81893182696736	106	0.004891684136967156	2.945448341364575	0.5364411894176211	True
ENSMUSG00000098557	0.0011830359544364		-1.0731115662332	2058.52787205043	107	0.0049382716049382715	2.927002056237627	0.5391954213553833	True
ENSMUSG00000042436	0.0012324933331754		-2.01731935998556	283.322860832636	108	0.004984859072909387	2.9092154212377235	0.5418495136341018	True
ENSMUSG00000029033	0.0012438188833676	0.123541563747362	0.140863452262328	4481.32446291587	109	0.005031446540880503	2.9052428541151185	0.5424065305231186	True
ENSMUSG00000054457	0.0012439588126182		0.279025981869785	1302.24765095657	110	0.005078034008851619	2.905193998864463	0.5423678995786345	True
ENSMUSG00000060534	0.0012644757512828		-0.983200876631629	106.31853760456	111	0.005124621476822734	2.8980894946588798	0.5434003671630689	True
ENSMUSG00000012114	0.0012657449827999	0.123541563747362	0.20789080605907	3580.1784523097	112	0.005171208944793851	2.8976537854079485	0.5434204634530673	True
ENSMUSG00000004530	0.0012807543411503	0.123541563747362	0.115180832002962	6824.31104773804	113	0.0052177964127649665	2.892534163396634	0.5441516115682454	True
ENSMUSG00000031595	0.0012825022672872		-1.29032794820731	191.242415221196	114	0.005264383880736082	2.891941858442696	0.5441954802182629	True
ENSMUSG00000028996	0.0012960685659909		-1.19189204169114	26.7350988079213	115	0.005310971348707198	2.8873720223513737	0.5448431668554274	True
ENSMUSG00000031378	0.0013079036885133		-0.366563730794376	560.272088576421	116	0.005357558816678314	2.883424235436239	0.5453964219297709	True
ENSMUSG00000053819	0.0013172980309046	0.124575066726527	0.192766218104366	15234.9042865147	117	0.005404146284649429	2.8803159573582966	0.5458222334923589	True
ENSMUSG00000039037	0.001317716484365		0.398260672581687	1642.19888913697	118	0.005450733752620545	2.880178021093233	0.5457971256899836	True
ENSMUSG00000030545	0.0013443928504117		-0.31842253106064	403.948974324061	119	0.005497321220591661	2.871473805809078	0.5470724409832395	True
ENSMUSG00000030410	0.0013570834077854	0.125869486072103	0.126309978259052	4477.58177052575	120	0.005543908688562776	2.8673934593205463	0.5476458195593285	True
ENSMUSG00000022996	0.0013622127522256		-2.11092943112161	15.5259779511415	121	0.005590496156533892	2.8657550584277405	0.5478484931369135	True
ENSMUSG00000045733	0.0014068764459479	0.126042474600881	0.247263825920979	3252.54627789312	122	0.005637083624505008	2.8517440412995656	0.5499294193221939	True
ENSMUSG00000001525	0.0014112157637253	0.126042474600881	0.146295353507186	83721.210332008	123	0.0056836710924761235	2.8504065809787837	0.5500864079449228	True
ENSMUSG00000071636	0.0014236329399817		2.34282685676714	6.40082741176493	124	0.00573025856044724	2.8466019718575826	0.5506179275948658	True
ENSMUSG00000116811	0.001436354843224		0.668911574090994	76.8731941177613	125	0.005776846028418356	2.842738256878538	0.5511584199414086	True
ENSMUSG00000059588	0.001439893991772		-0.373557806172104	544.605386386704	126	0.0058234334963894714	2.8416694804624965	0.5512746204046146	True
ENSMUSG00000021703	0.0014817743769608	0.127645384316338	0.22619082026541	12199.0577655151	127	0.005870020964360587	2.829217919366503	0.5531188098881894	True
ENSMUSG00000050379	0.0014820944477949	0.127645384316338	0.11423584200237	7462.90437376187	128	0.005916608432331703	2.829124119670344	0.5530870018355143	True
ENSMUSG00000033111	0.0014991578055459		0.13369537551628	1824.98294654771	129	0.0059631959003028185	2.8241526496929965	0.5537956594006874	True
ENSMUSG00000010307	0.0015086959002557		-0.475123969796068	1310.89026715758	130	0.006009783368273934	2.8213982898136796	0.5541677436216337	True
ENSMUSG00000106416	0.0015195375311713		0.759374259001091	61.1331414696688	131	0.00605637083624505	2.818288568779628	0.5545937742353927	True
ENSMUSG00000042770	0.0015405466738075		-0.356882667125049	285.955928136819	132	0.006102958304216166	2.8123251393658775	0.5554530184156121	True
ENSMUSG00000026574	0.0015471759073005		-1.51882240573792	161.008835355276	133	0.006149545772187281	2.8104603060635003	0.555690066070244	True
ENSMUSG00000023186	0.0015543229379731	0.131517535611307	0.228043721825324	34265.5217087105	134	0.006196133240158397	2.808458743830483	0.5559478701651982	True
ENSMUSG00000026986	0.0015876713230805		-0.281272607871213	618.514996714675	135	0.006242720708129514	2.799239399482352	0.5573013857751297	True
ENSMUSG00000024479	0.0016157078349027	0.13189717853913	0.278531144887428	11671.7920038524	136	0.006289308176100629	2.7916371690324158	0.5584094118023858	True
ENSMUSG00000022935	0.0016166908390851	0.13189717853913	0.307981260888791	18702.3598039924	137	0.006335895644071745	2.791373022589899	0.5584034636175408	True
ENSMUSG00000010505	0.0016440260885404	0.13189717853913	0.247385845999847	5406.19205636516	138	0.006382483112042861	2.784091295056772	0.5594628349845521	True
ENSMUSG00000056174	0.001665822572753		-1.78741269243528	1443.76823909427	139	0.006429070580013976	2.778371257297645	0.560285130551698	True
ENSMUSG00000019689	0.0017161475236497		-0.300916511806043	485.631902510104	140	0.006475658047985092	2.7654453820157543	0.5622013243583344	True
ENSMUSG00000041324	0.0017274554933097		-1.22758857074797	251.048802110311	141	0.006522245515956208	2.76259313310514	0.5625882688420416	True
ENSMUSG00000015846	0.0017275512337504		-0.264875497481706	1960.57888139337	142	0.0065688329839273234	2.7625690639507874	0.5625458751889171	True
ENSMUSG00000027669	0.0017362901679574	0.13189717853913	0.243080510595586	7683.26313051299	143	0.006615420451898439	2.760377694014322	0.5628324934657047	True
ENSMUSG00000022858	0.001736921397585	0.13189717853913	0.118978539451783	4104.1018610821	144	0.006662007919869555	2.7602198346142104	0.5628104101392888	True
ENSMUSG00000058740	0.0017415926411662	0.13189717853913	0.273118975010565	8780.1585081536	145	0.0067085953878406705	2.7590534190081106	0.5629414329375492	True
ENSMUSG00000034910	0.0017594024593138		-0.240762380032823	626.124838111709	146	0.006755182855811786	2.7546348053027914	0.5635661629230686	True
ENSMUSG00000047361	0.0017650902587826		-1.68460681504569	77.412767846074	147	0.006801770323782903	2.753233081840475	0.5637329071553524	True
ENSMUSG00000033377	0.0017747078385424	0.13189717853913	0.154118402790169	4656.21731306556	148	0.0068483577917540185	2.750873132497587	0.5640451170049889	True
ENSMUSG00000034403	0.0017775900072659	0.13189717853913	0.13536728816707	8560.41983638348	149	0.006894945259725134	2.7501683997856765	0.5641060530016025	True
ENSMUSG00000036402	0.0018074290837302		-0.290113188363047	2465.85667763589	150	0.00694153272769625	2.7429387336731823	0.5651575210685192	True
ENSMUSG00000118669	0.001843285226898	0.134699464383779	0.141904635762491	3395.12139870474	151	0.0069881201956673656	2.734407457573391	0.5664065829431104	True
ENSMUSG00000070639	0.0019731770947298	0.14194568615274	0.223977208329161	9667.23762844853	152	0.007034707663638481	2.7048339346097503	0.570850010042642	True
ENSMUSG00000045348	0.0020048328749	0.14194568615274	0.163126465298237	8799.12859966324	153	0.007081295131609597	2.697921824806328	0.5718532707656745	True
ENSMUSG00000108014	0.0020082792554965		1.59954711067062	12.0732521754209	154	0.007127882599580713	2.6971758977577354	0.5719204603604621	True
ENSMUSG00000027204	0.0020187701423984		-1.31343070661901	1628.99691891877	155	0.007174470067551828	2.6949131271043454	0.5722179177823589	True
ENSMUSG00000035596	0.0020521754935839	0.14194568615274	0.12637367081598	3911.83706515465	156	0.007221057535522944	2.68778550289932	0.5732538951498833	True
ENSMUSG00000024697	0.0020767135474185	0.14194568615274	0.278354034878368	6667.09218314305	157	0.00726764500349406	2.6826234039728436	0.5739914915679225	True
ENSMUSG00000074785	0.0020900734532272	0.14194568615274	0.30737567656264	23366.1945831395	158	0.007314232471465176	2.679838450840767	0.5743682200658495	True
ENSMUSG00000022579	0.0021133318168		-0.758254763600869	76.8989694331603	159	0.007360819939436292	2.675032308488858	0.5750517797020401	True
ENSMUSG00000031198	0.0021190315992115	0.14194568615274	-0.188596262942204	2676.32337123885	160	0.007407407407407408	2.6738625669980944	0.575183307393641	True
ENSMUSG00000033420	0.0021280736000788		-0.563935726335323	1838.79588933653	161	0.007453994875378523	2.6720133559092547	0.5754179834832975	True
ENSMUSG00000040220	0.0021591267022966		0.162358675273039	1336.08628677862	162	0.007500582343349639	2.665721871564009	0.5763270287741978	True
ENSMUSG00000064345	0.0021648114133599	0.143025828036097	-0.35048265511536	98460.6929142101	163	0.007547169811320755	2.6645799310447904	0.5764543360772967	True
ENSMUSG00000006931	0.0021838626380298		-0.594360043062553	584.536720855309	164	0.0075937572792918705	2.660774681636608	0.5769859529274333	True
ENSMUSG00000027996	0.002187088677168		-2.40844765220166	46.139745423502	165	0.007640344747262986	2.6601336078064537	0.5770372250454955	True
ENSMUSG00000021540	0.002246635269748		-0.237948876321235	1678.48125742847	166	0.007686932215234102	2.648467427444196	0.5787621880548055	True
ENSMUSG00000036995	0.0022603218641188		-0.282854769924154	599.74190839296	167	0.0077335196832052176	2.645829714012858	0.5791165645015085	True
ENSMUSG00000038546	0.0023287587464217	0.147966681379256	0.147983966845065	3215.32006635395	168	0.007780107151176333	2.632875500956443	0.5810370601872207	True
ENSMUSG00000024664	0.0023292114695592	0.147966681379256	0.192491383892811	6754.00289146635	169	0.007826694619147449	2.6327910799954024	0.5810038283747395	True
ENSMUSG00000029121	0.0023316333785659	0.147966681379256	0.212049266722878	8900.53771736395	170	0.007873282087118565	2.6323397361527197	0.5810262981088155	True
ENSMUSG00000029458	0.0023627743578245	0.147995593867373	0.208630486850926	15650.4169105328	171	0.00791986955508968	2.6265777510002026	0.5818549615935886	True
ENSMUSG00000027215	0.0024060177049755	0.148772094757656	0.207561095088535	5524.98247847532	172	0.007966457023060796	2.6187011811753633	0.5830046343216316	True
ENSMUSG00000074199	0.0024060961621688		-2.57450193510977	206.203043613713	173	0.008013044491031912	2.6186870196126657	0.5829607366244546	True
ENSMUSG00000040430	0.0024891416603757	0.151963673772056	0.254135713025919	20521.6023587593	174	0.008059631959003027	2.6039503864091733	0.585151816576709	True
ENSMUSG00000019975	0.0025269333125209		-0.332837998615208	867.597595724359	175	0.008106219426974143	2.5974062192539455	0.5860992209452481	True
ENSMUSG00000020053	0.002535518019167		-1.51277549419359	877.610315237832	176	0.00815280689494526	2.595933298704359	0.5862767734101872	True
ENSMUSG00000054580	0.0025683840290935		0.350910042574823	299.233327643644	177	0.008199394362916376	2.590340039307688	0.587079823105211	True
ENSMUSG00000004865	0.0025692432033413	0.153252590112773	0.133381603320618	3607.91242951144	178	0.008245981830887492	2.5901947836784216	0.5870558264352462	True
ENSMUSG00000037697	0.0025738046442327	0.153252590112773	0.20574929632629	4465.50885451883	179	0.008292569298858608	2.5894244198059453	0.5871267257165955	True
ENSMUSG00000054889	0.002574713765895		-2.27996064994762	48.774280820478	180	0.008339156766829723	2.589271044992468	0.5871039615975016	True
ENSMUSG00000048498	0.0025887808439066		-1.85497024404832	8.204841320163	181	0.008385744234800839	2.586904713686656	0.5874171402752562	True
ENSMUSG00000032374	0.0026956525212026		-0.878400665274358	580.024253349521	182	0.008432331702771955	2.569336090567785	0.5900381367740468	True
ENSMUSG00000042631	0.0027497768997956		0.407513270046459	243.743627915994	183	0.00847891917074307	2.5607025407581583	0.5913027245373057	True
ENSMUSG00000040479	0.002755023420143	0.157788105477905	0.235844618625086	36284.5853492582	184	0.008525506638714186	2.5598747049081534	0.5913823484804087	True
ENSMUSG00000032271	0.002761555072006		-1.06165990052693	54.9447224501561	185	0.008572094106685302	2.558846291484365	0.5914924215495364	True
ENSMUSG00000020894	0.002762259598303	0.157788105477905	0.141910221439635	34705.4007997088	186	0.008618681574656418	2.558735508663773	0.5914631916579509	True
ENSMUSG00000055447	0.0027684154717398	0.157788105477905	0.189829220601121	10882.7857651141	187	0.008665269042627533	2.5577687322992038	0.5915639077758075	True
ENSMUSG00000027460	0.0027763001684588		-0.891022285162952	44.6555640547838	188	0.008711856510598649	2.5565335805594662	0.5917053652161671	True
ENSMUSG00000079278	0.0027808395118436	0.157788105477905	0.176080947844526	39535.5791709278	189	0.008758443978569765	2.555824074469871	0.5917670258460284	True
ENSMUSG00000057193	0.0028383261028275	0.158317179707725	0.171121279814548	10965.3851544985	190	0.00880503144654088	2.546937708764948	0.5930699928902391	True
ENSMUSG00000021477	0.0028781082949968	0.158317179707725	0.165513899771837	60385.0061052716	191	0.008851618914511996	2.5408928688307277	0.5939415957761242	True
ENSMUSG00000045216	0.0028886402268877	0.158317179707725	0.17272470370549	7347.26734851887	192	0.008898206382483112	2.5393065451087717	0.5941363636626177	True
ENSMUSG00000033715	0.0029002085335669		-0.549690157110863	165.080279562276	193	0.008944793850454227	2.53757077392126	0.5943538187549983	True
ENSMUSG00000052087	0.0029185414082974		0.359117705442978	333.239127189485	194	0.008991381318425343	2.5348341405352532	0.5947232119660845	True
ENSMUSG00000026626	0.0029713526684463		-0.435041001169532	1084.29726224188	195	0.009037968786396459	2.527045798929944	0.5958594910124474	True
ENSMUSG00000001911	0.0029722010232079		-0.679785756990594	1445.38412080888	196	0.009084556254367574	2.526921820645815	0.5958322642876397	True
ENSMUSG00000004791	0.0029848976206478		-0.445275109007541	420.748503970821	197	0.00913114372233869	2.5250705601963306	0.5960672514850606	True
ENSMUSG00000056481	0.0029879005876669		-1.43471018780346	387.326277313124	198	0.009177731190309806	2.5246338563030677	0.596087498768957	True
ENSMUSG00000029712	0.0029906879585773		0.172434188670847	1976.09871741418	199	0.009224318658280923	2.5242288978806067	0.5961029268608422	True
ENSMUSG00000016128	0.0030507474973872	0.164368920119616	0.181794821203099	4769.52593521713	200	0.009270906126252039	2.5155937363200445	0.5973677592995472	True
ENSMUSG00000024538	0.0030686785819677		-1.01656934661677	422.391894957889	201	0.009317493594223155	2.513048597846442	0.5977080821982805	True
ENSMUSG00000063785	0.0030781998973205		0.188785695192253	916.854015411525	202	0.00936408106219427	2.5117031806434835	0.5978662787332579	True
ENSMUSG00000095130	0.0030895190269875		5.98419975493444	5.11895839631514	203	0.009410668530165386	2.510109125812655	0.5980622202579801	True
ENSMUSG00000026748	0.0030989617206847		-0.261481939538455	2023.0494951847	204	0.009457255998136502	2.5087837882647768	0.5982173685561255	True
ENSMUSG00000036940	0.0031467359810086	0.164368920119616	0.193679711774662	3100.94973677465	205	0.009503843466107617	2.502139693947651	0.5991799425903881	True
ENSMUSG00000029088	0.0031556124751008	0.164368920119616	0.232259463683125	12012.0522422385	206	0.009550430934078733	2.5009163357094275	0.5993196096919421	True
ENSMUSG00000002190	0.0031695732045194	0.164368920119616	0.230419410030868	10064.18730717	207	0.009597018402049849	2.498999213303053	0.5995645952106495	True
ENSMUSG00000022285	0.0031840288055994	0.164368920119616	0.140300525719367	41661.4986663092	208	0.009643605870020965	2.4970230118965926	0.5998185493487549	True
ENSMUSG00000052688	0.0031960040365455		-0.985731113809467	273.324298960098	209	0.00969019333799208	2.4953926808448017	0.6000199978661229	True
ENSMUSG00000022146	0.0032035410514708	0.164368920119616	0.326337199226746	3436.2031672785	210	0.009736780805963196	2.4943697064113084	0.6001292452571958	True
ENSMUSG00000022817	0.0032159408519502		-0.544969215348341	2333.69913998728	211	0.009783368273934312	2.492691947457127	0.6003378936730855	True
ENSMUSG00000026051	0.0032757444704963		-1.65340336987091	1030.17517205749	212	0.009829955741905427	2.484689983401759	0.6015066021520158	True
ENSMUSG00000026077	0.0034157474229034		0.467931359195089	207.072854424581	213	0.009876543209876543	2.4665142506571605	0.6042197622818435	True
ENSMUSG00000026821	0.0034241706921066	0.171193203447318	0.191900490507948	6996.04089011915	214	0.009923130677847659	2.46544459423078	0.604336096336982	True
ENSMUSG00000006435	0.0034251087860973		0.208573102544182	2212.62009902473	215	0.009969718145818774	2.465325630171126	0.6043081084166425	True
ENSMUSG00000030681	0.0034407032078989	0.171193203447318	0.210775126750412	3314.68776251488	216	0.01001630561378989	2.46335278763214	0.6045615526543782	True
ENSMUSG00000048696	0.0034429391204927		0.205902507512651	1783.18096071274	217	0.010062893081761006	2.4630706566063454	0.6045583346593166	True
ENSMUSG00000031375	0.0034430314605826	0.171193203447318	-1.33088759205242	7902.99241599338	218	0.010109480549732121	2.4630590089261726	0.6045140553365951	True
ENSMUSG00000022620	0.0034703819539835		0.139801167086641	2328.87781773701	219	0.010156068017703237	2.459622723659113	0.6049896607622256	True
ENSMUSG00000107881	0.00348653069447		-0.483520417299297	299.254415928081	220	0.010202655485674353	2.45760650703148	0.6052496895002445	True
ENSMUSG00000046079	0.0034895058833299	0.171630917493981	0.17359653175325	6066.94441929142	221	0.010249242953645469	2.457236065114095	0.6052598777370795	True
ENSMUSG00000025366	0.0035230066000215	0.171630917493981	0.206592757826799	21168.4039752812	222	0.010295830421616586	2.453086543208132	0.6058437576417239	True
ENSMUSG00000024011	0.0035270579546872		-1.5859559624675	1362.22956794963	223	0.010342417889587702	2.4525874041844906	0.6058734830298639	True
ENSMUSG00000055409	0.0035348296572585		0.452047598274972	308.351562077833	224	0.010389005357558817	2.451631509927945	0.6059725471650369	True
ENSMUSG00000031153	0.003607165876923	0.173973610243998	0.114522469229437	5663.21789250152	225	0.010435592825529933	2.442833886022106	0.6072620425624778	True
ENSMUSG00000036769	0.0036230191966998		0.216020958560294	2007.8130733755	226	0.010482180293501049	2.4409293648341612	0.6075051151251114	True
ENSMUSG00000031111	0.0036905926283389		-1.97263463957849	23.8854624894471	227	0.010528767761472164	2.4329038900599405	0.6086773927011634	True
ENSMUSG00000040152	0.0037001945980109	0.176572107357685	-2.05442271079894	4676.37408368252	228	0.01057535522944328	2.4317754352249064	0.6088026527798915	True
ENSMUSG00000058254	0.0037393717574215	0.176572107357685	0.122086811722897	16163.5852739989	229	0.010621942697414396	2.427201356410117	0.6094509834931562	True
ENSMUSG00000035632	0.0037422862451323		0.154657271311418	1319.89112624731	230	0.010668530165385512	2.4268629966524355	0.6094563014261705	True
ENSMUSG00000050394	0.003748367293758		0.292078803853347	511.01688974725	231	0.010715117633356627	2.4261578601970406	0.6095172987139644	True
ENSMUSG00000020704	0.0037708743640558	0.176572107357685	0.193736105288612	6281.41367308592	232	0.010761705101327743	2.4235579369410347	0.609865938338801	True
ENSMUSG00000026586	0.0038342139497115		-1.31929608509553	801.060874376596	233	0.010808292569298859	2.416323657084804	0.6109181068053776	True
ENSMUSG00000050377	0.0038774473575773		0.458580452493686	2113.76035632771	234	0.010854880037269974	2.411454089702336	0.611611294819817	True
ENSMUSG00000022637	0.0038967535664637		0.252642478903634	2404.6576298647	235	0.01090146750524109	2.4092970584385287	0.6118927002378013	True
ENSMUSG00000026185	0.0039239215576497	0.181971862236009	-1.26767132211254	16509.9455840226	236	0.010948054973212206	2.406279683101568	0.6123047121070142	True
ENSMUSG00000029070	0.0040118363569028		-0.588986042065827	1827.1370274324	237	0.010994642441183321	2.396656790193882	0.6137194893062407	True
ENSMUSG00000025784	0.0040334053244198		-1.5404759934201	608.976851383366	238	0.011041229909154437	2.394328132737285	0.6140269488212747	True
ENSMUSG00000002732	0.0040721865273656		-0.550733167718362	428.884498845158	239	0.011087817377125553	2.3901723372650387	0.6146117810986435	True
ENSMUSG00000060002	0.0041277085364467		-0.236632686915672	2609.3760256499	240	0.011134404845096669	2.3842909764684914	0.6154585666693547	True
ENSMUSG00000030067	0.0041332621593434		-0.388828610213686	1180.8154895	241	0.011180992313067784	2.383707047961593	0.6155011637141437	True
ENSMUSG00000052957	0.0041509984137917		-1.5397335746575	1036.86467976881	242	0.0112275797810389	2.381847432577068	0.615737419251116	True
ENSMUSG00000001120	0.0041681720689477	0.187870968844623	0.142285007585107	20606.5463903777	243	0.011274167249010016	2.3800543609532507	0.6159635729640525	True
ENSMUSG00000079018	0.0041781831006723		-0.575700024823991	1152.85598359785	244	0.011320754716981131	2.379012531835559	0.6160756826325199	True
ENSMUSG00000015202	0.0041856326201693		-0.373863246021338	230.103563167009	245	0.011367342184952247	2.3782388930625635	0.616147079067448	True
ENSMUSG00000097589	0.0041931721675576		-0.659320530118167	100.847603451782	246	0.011413929652923364	2.377457305522693	0.6162196821826632	True
ENSMUSG00000046056	0.0041955526176322		-2.14062045193229	46.4918427393838	247	0.01146051712089448	2.377210827926618	0.6162110517391696	True
ENSMUSG00000005103	0.0042107443032343	0.187870968844623	0.122636861968882	16713.7906223017	248	0.011507104588865596	2.375641130241096	0.616403295673114	True
ENSMUSG00000003420	0.0042156626844764		-0.621976474691579	1857.5614364374	249	0.011553692056836712	2.375134146403494	0.616434211960737	True
ENSMUSG00000071604	0.0042191395383522		0.194050248477921	1763.85298950911	250	0.011600279524807827	2.3747761110878396	0.6164425167857203	True
ENSMUSG00000011171	0.0042742757313212		-1.1821645472157	32.606154897379	251	0.011646866992778943	2.3691374651553976	0.6172524564850523	True
ENSMUSG00000027347	0.0042751038531117	0.187870968844623	0.326394957575044	11410.7077922701	252	0.011693454460750059	2.3690533306935855	0.6172191811799168	True
ENSMUSG00000030284	0.0042951892731576	0.187870968844623	0.176726059706128	9984.66661928564	253	0.011740041928721174	2.367017693654215	0.6174821580768612	True
ENSMUSG00000017493	0.0043092437185143	0.187870968844623	-0.471132989021911	8392.62473296688	254	0.01178662939669229	2.365598942761788	0.617651487196157	True
ENSMUSG00000033102	0.004340308214368		0.227273035286696	1164.92571040238	255	0.011833216864663406	2.3624794292325437	0.6180790043814931	True
ENSMUSG00000032769	0.0043452264807861	0.187870968844623	0.262462957957634	4835.34583554498	256	0.011879804332634521	2.3619875824391845	0.618107622756348	True
ENSMUSG00000041737	0.0043499236790441	0.187870968844623	0.269466851468693	10984.8604111522	257	0.011926391800605637	2.3615183628294494	0.6181328061611175	True
ENSMUSG00000030201	0.0043627510907314	0.187870968844623	-0.331968439426149	3742.31869398584	258	0.011972979268576753	2.3602395642319554	0.6182808895100835	True
ENSMUSG00000059852	0.0043812196894829		0.390958738646934	772.756711449044	259	0.012019566736547868	2.358404969250945	0.6185133467688864	True
ENSMUSG00000027611	0.0044106136896268		-0.618920005532104	1010.27671808777	260	0.012066154204518984	2.3555009789049914	0.6189081459766071	True
ENSMUSG00000039910	0.0044623900975424		-0.471198036583904	1024.63374992411	261	0.0121127416724901	2.3504324668167005	0.6196315352359076	True
ENSMUSG00000037772	0.0044654565054127		-0.197883800242365	867.083242200155	262	0.012159329140461216	2.3501341364064845	0.6196307764245349	True
ENSMUSG00000028049	0.004481121246653	0.191260599757589	0.127518691628953	4401.711172644	263	0.012205916608432331	2.348613305129588	0.6198156020843095	True
ENSMUSG00000062421	0.0045393410892565		-0.340225424038585	1566.75855038582	264	0.012252504076403447	2.343007182840676	0.6206206044593838	True
ENSMUSG00000019823	0.0045586638154018	0.192313841220685	0.248172751173735	5925.29379485536	265	0.012299091544374563	2.3411624342291324	0.6208546031127198	True
ENSMUSG00000049420	0.0045855467013018	0.192313841220685	0.331320109793009	2902.53983952061	266	0.012345679012345678	2.338608879142363	0.6211962037141902	True
ENSMUSG00000067235	0.0046056096157603		-1.91346410595491	13.5710576489804	267	0.012392266480316794	2.336712876816063	0.6214379830520286	True
ENSMUSG00000032278	0.0046411973196717		0.270993505012837	2636.58731820663	268	0.01243885394828791	2.3333699672364507	0.6218994133731293	True
ENSMUSG00000075122	0.0046558196376623		-1.29254766863527	44.3449491132197	269	0.012485441416259027	2.3320038522166757	0.6220607519863599	True
ENSMUSG00000024525	0.0046707152735361		-0.215039255361434	632.204185068027	270	0.012532028884230143	2.330616606465386	0.6222252983974255	True
ENSMUSG00000020241	0.004710389262888	0.195846615645768	-1.58632550056991	4412.25175918381	271	0.012578616352201259	2.3269432016314435	0.6227369002878587	True
ENSMUSG00000049872	0.0047570500695791		-0.524278922517139	677.370378498257	272	0.012625203820172374	2.3226622774580723	0.6233407280068313	True
ENSMUSG00000026674	0.0048102251551234		-0.965641795784557	2225.68001254764	273	0.01267179128814349	2.3178345948654364	0.624027557607316	True
ENSMUSG00000046861	0.0048192651733056	0.19734932828728	0.136423451152807	4419.94943366897	274	0.012718378756114606	2.3170191765967036	0.6241052964717936	True
ENSMUSG00000052981	0.0048657497305083	0.19734932828728	0.166280142351218	5292.33344957661	275	0.012764966224085721	2.312850232736568	0.6246921247695166	True
ENSMUSG00000001034	0.0049134021573535		0.191455370987299	1374.71161275292	276	0.012811553692056837	2.308617687814776	0.6252886081682818	True
ENSMUSG00000031545	0.0049151909505657	0.19734932828728	0.101017925971633	6685.80763144893	277	0.012858141160027953	2.308459605570172	0.6252665586712711	True
ENSMUSG00000046733	0.0049177102055021		-1.42437500593327	60.6385977288063	278	0.012904728627999068	2.3082370672726826	0.6252542940691533	True
ENSMUSG00000064370	0.0049377502435013	0.19734932828728	-0.324671843485415	241652.824033374	279	0.012951316095970184	2.306470880911249	0.6254763664048595	True
ENSMUSG00000034115	0.004954693852578	0.19734932828728	0.37626460706467	26262.4384169347	280	0.0129979035639413	2.3049831751330223	0.6256561633744142	True
ENSMUSG00000141168	0.0049567666525013		-1.86691038979343	6.97657245973081	281	0.013044491031912415	2.3048015257017522	0.6256376915467478	True
ENSMUSG00000034361	0.0049920418932299	0.19734932828728	0.183431516330648	3846.5863270284	282	0.013091078499883531	2.3017217787098008	0.6260591718841814	True
ENSMUSG00000042961	0.0050435976620163		-0.361348439574429	719.874235829105	283	0.013137665967854647	2.2972595652661654	0.6266905206252354	True
ENSMUSG00000040033	0.0050764397535544	0.198185694902575	0.193941593579666	4621.45537581133	284	0.013184253435825763	2.2944407635927444	0.6270723875764888	True
ENSMUSG00000020702	0.0050898127390623		0.978882828664663	29.5154121203656	285	0.013230840903796878	2.293298195637299	0.6271997901289436	True
ENSMUSG00000032435	0.0050953817474433	0.198185694902575	0.148535772123705	13431.9994566842	286	0.013277428371767994	2.292823272973079	0.627225839298621	True
ENSMUSG00000032012	0.0051195967427057		0.327492536976967	2513.36616157243	287	0.01332401583973911	2.2907642459216073	0.6274923669685298	True
ENSMUSG00000070550	0.0051331626001324		0.429156835913424	834.40607242936	288	0.013370603307710225	2.2896149786338778	0.6276207865280665	True
ENSMUSG00000031737	0.0051770595431745		-2.53514970933649	8.25260001049251	289	0.013417190775681341	2.2859168400165193	0.6281361431856659	True
ENSMUSG00000060962	0.0052155133836458		-1.85179620222153	44.9499521655412	290	0.013463778243652457	2.282702935806826	0.6285779895588086	True
ENSMUSG00000028613	0.0052341801477633		0.269945245713269	2393.5564429936	291	0.013510365711623572	2.281151334078036	0.6287674863956739	True
ENSMUSG00000038141	0.0052798418205269		0.266576252197492	1517.5574693907	292	0.01355695317959469	2.277379088356595	0.629294093047522	True
ENSMUSG00000075602	0.0053139163648216		-0.947381669703526	1314.11036789855	293	0.013603540647565806	2.2745852851877486	0.629672165045023	True
ENSMUSG00000024172	0.0053270776235745		0.415224343125991	679.852678591183	294	0.013650128115536921	2.2735109748418916	0.6297892055987895	True
ENSMUSG00000040254	0.0053411111538353		-0.764380304157767	924.859011987032	295	0.013696715583508037	2.2723683838367044	0.6299166116503617	True
ENSMUSG00000058571	0.0053434286590358		-0.75824046107856	623.211363050681	296	0.013743303051479153	2.272179984569395	0.6298991644966122	True
ENSMUSG00000027716	0.0053572759454962	0.202370926424406	0.329550029552518	5586.78224616041	297	0.013789890519450268	2.271055983173562	0.6300237485110678	True
ENSMUSG00000024644	0.0053833860203192	0.202370926424406	0.126528350849447	6430.08523866604	298	0.013836477987421384	2.2689444776088394	0.6302982427987466	True
ENSMUSG00000024712	0.0053864652269764	0.202370926424406	-0.161456492173474	8630.35988751419	299	0.0138830654553925	2.2686961394534473	0.6302898948016106	True
ENSMUSG00000024913	0.0053932949083043		-0.561563219659413	868.946315258469	300	0.013929652923363615	2.268145831603642	0.6303273879875506	True
ENSMUSG00000054046	0.0054099247477372		2.25117273347027	6.95429375882809	301	0.013976240391334731	2.2668087759044813	0.6304843151857916	True
ENSMUSG00000032368	0.0054230663853423		-1.30511755845117	815.847413512723	302	0.014022827859305847	2.265755079206187	0.630598226438806	True
ENSMUSG00000035725	0.0054268871014052	0.202370926424406	0.171752821275036	7191.829720217	303	0.014069415327276963	2.265449213199729	0.6305986115854306	True
ENSMUSG00000029838	0.0054430910795023	0.202370926424406	-0.377979872002834	7660.55612866949	304	0.014116002795248078	2.2641543985518733	0.6307491262866496	True
ENSMUSG00000001833	0.0054547419521403	0.202370926424406	0.0568096267070572	17426.7881058396	305	0.014162590263219194	2.263225789789171	0.6308440482865628	True
ENSMUSG00000032766	0.0054732320909796		-0.826841625662293	519.553683154827	306	0.01420917773119031	2.261756135322761	0.6310211049364595	True
ENSMUSG00000031060	0.0054818315973142		0.156393227769122	1571.58403020571	307	0.014255765199161425	2.261074310182976	0.6310785633979858	True
ENSMUSG00000028199	0.0055096166877782		-0.21449023408832	529.37187545655	308	0.014302352667132541	2.2588786146098183	0.631365838337701	True
ENSMUSG00000033697	0.0055299813182031	0.202524917348648	0.227427485303162	5113.50766559721	309	0.014348940135103657	2.2572763358589563	0.6315630283129492	True
ENSMUSG00000081225	0.0055378709374874		0.279865794392712	586.298169948751	310	0.014395527603074772	2.256657169896003	0.6316109746583601	True
ENSMUSG00000042816	0.0055763528002791		0.554547732355059	871.386730841559	311	0.014442115071045888	2.2536497574409924	0.632021474090054	True
ENSMUSG00000029470	0.0056723238945264		0.14750378139209	2018.85409562986	312	0.014488702539017004	2.2462389785320784	0.6331004363890467	True
ENSMUSG00000039706	0.0057226045212723	0.202524917348648	0.181289981143188	7703.64844872969	313	0.01453529000698812	2.242406266351584	0.6336362222865964	True
ENSMUSG00000051758	0.0057723451168177		2.50714342421661	5.91093921891884	314	0.014581877474959235	2.2386477112152603	0.6341607506086308	True
ENSMUSG00000121005	0.0057936194933624		-2.08489939206202	13.6842245294145	315	0.014628464942930353	2.2370500312861283	0.6343572424494873	True
ENSMUSG00000032561	0.0058055349359451	0.202524917348648	0.302342591186657	33871.3771913472	316	0.014675052410901468	2.2361577571440896	0.6344466485912577	True
ENSMUSG00000047420	0.0058329784426972		-1.60349340402137	134.901517156996	317	0.014721639878872584	2.2341096286162645	0.6347115217864724	True
ENSMUSG00000038555	0.0058371675340376	0.202524917348648	0.157308158124397	10894.9212482159	318	0.0147682273468437	2.2337978417140114	0.6347128057678911	True
ENSMUSG00000053110	0.0058821770583557		-0.376631404958495	1860.77150279098	319	0.014814814814814815	2.2304619070119593	0.6351731772521447	True
ENSMUSG00000058587	0.0058829624595745		-0.421346679656138	2544.34622636816	320	0.014861402282785931	2.2304039229284913	0.6351359321304899	True
ENSMUSG00000038119	0.0059025871057287		-0.859978176175198	664.453717389993	321	0.014907989750757047	2.2289575952262477	0.6353094476089163	True
ENSMUSG00000026527	0.0059255299220634	0.202524917348648	0.18525838134834	4778.01697484392	322	0.014954577218728162	2.22727280448464	0.6355191635009824	True
ENSMUSG00000041801	0.0060160665582524	0.202524917348648	-0.227680389757375	2884.26202592472	323	0.015001164686699278	2.220687367608927	0.6364728329115018	True
ENSMUSG00000032346	0.0060285435145723		0.40203023485215	184.702711176352	324	0.015047752154670394	2.219787599964123	0.6365633766211756	True
ENSMUSG00000005124	0.0060308334921314		-0.40954255791076	396.701915575358	325	0.01509433962264151	2.2196226619861497	0.6365423678740623	True
ENSMUSG00000027603	0.0060423288049574	0.202524917348648	0.166604166325536	7482.61495080449	326	0.015140927090612625	2.2187956454491613	0.6366218674395252	True
ENSMUSG00000140213	0.0060465735474207		0.350775350491209	222.751366062181	327	0.015187514558583741	2.2184906602237144	0.6366221188772238	True
ENSMUSG00000050578	0.006056681836756		-5.19008908317154	153.771385778647	328	0.015234102026554857	2.217765239638733	0.636686195442558	True
ENSMUSG00000038954	0.0060585485820094		0.144133150122985	1292.54081451822	329	0.015280689494525972	2.217631405259845	0.6366604649442016	True
ENSMUSG00000024639	0.0060630039722185	0.202524917348648	0.203887357649426	28931.1776564602	330	0.015327276962497088	2.2173121472339417	0.6366628830962123	True
ENSMUSG00000020297	0.0060735143110475	0.202524917348648	0.125412318373787	12491.09311999	331	0.015373864430468204	2.216559940844772	0.6367310259403036	True
ENSMUSG00000025324	0.0060808213137492		-0.786565822536275	275.515446888652	332	0.01542045189843932	2.2160377582372033	0.6367642495111059	True
ENSMUSG00000040280	0.0061096334928745		-1.00543551188318	57.961432492487	333	0.015467039366410435	2.2139848416062713	0.637029849574994	True
ENSMUSG00000003559	0.0061200790753831		-0.317086811957693	594.376780373854	334	0.01551362683438155	2.213242966452368	0.6370964240628693	True
ENSMUSG00000029189	0.0061203274542339	0.202524917348648	0.250707246959808	3202.81411765768	335	0.015560214302352667	2.213225341291949	0.6370530521648707	True
ENSMUSG00000038855	0.0061494906937969	0.202524917348648	0.145066221756797	12133.9388867777	336	0.015606801770323782	2.211160851384401	0.6373204091358323	True
ENSMUSG00000022419	0.0061512783905599	0.202524917348648	0.187182682660877	12486.4029493268	337	0.015653389238294898	2.2110346175140427	0.6372935248253238	True
ENSMUSG00000071489	0.0061899454689494		0.313368563484803	2468.66609140109	338	0.015699976706266015	2.2083131769312043	0.6376606116590338	True
ENSMUSG00000007613	0.0062009077053914		-0.206730868949216	1706.99619628941	339	0.01574656417423713	2.2075447326649056	0.6377312195302851	True
ENSMUSG00000046491	0.0062039686797333		-0.967324868350725	156.915822749563	340	0.015793151642208247	2.2073304033557464	0.6377177087443818	True
ENSMUSG00000004698	0.006226292622482		0.198095486967928	2587.34594239078	341	0.01583973911017936	2.205770472258897	0.637908470039546	True
ENSMUSG00000045095	0.006237155937242	0.202524917348648	0.220851753846141	12215.5082880822	342	0.015886326578150478	2.2050133978701227	0.6379773518811767	True
ENSMUSG00000003352	0.0062398823021923	0.202524917348648	0.124368893974982	22284.2094017125	343	0.015932914046121592	2.2048236019827185	0.6379601167444561	True
ENSMUSG00000026634	0.0062700968059034		-0.125824562822386	1329.23515835353	344	0.01597950151409271	2.2027257539148803	0.6382325377253539	True
ENSMUSG00000054675	0.0062714366116076		-1.50512981480293	445.715517034017	345	0.016026088982063823	2.2026329629925905	0.6382005765335114	True
ENSMUSG00000038879	0.0063107796799725		0.16913303401969	1852.31431527851	346	0.01607267645003494	2.199916981517891	0.6385668346351324	True
ENSMUSG00000011256	0.0063362501518343	0.202524917348648	0.239487520221935	7634.32334987701	347	0.016119263918006055	2.1981676853616294	0.6387863429155648	True
ENSMUSG00000034614	0.0063583118918729	0.202524917348648	0.182268798510512	5228.18882582473	348	0.016165851385977172	2.196658172615468	0.6389694503405327	True
ENSMUSG00000024261	0.0063615560189301	0.202524917348648	0.196416559893403	37896.5902328474	349	0.016212438853948286	2.196436644134203	0.6389570324410102	True
ENSMUSG00000035864	0.0063881760152464	0.202524917348648	0.288744821848505	16782.0739961076	350	0.016259026321919404	2.194623126128246	0.6391862900625979	True
ENSMUSG00000061887	0.0063936093016376	0.202524917348648	0.182833540729922	12073.8394935537	351	0.01630561378989052	2.194253905963469	0.6391962928285528	True
ENSMUSG00000021939	0.0064370718074084	0.202524917348648	0.13280816779847	111837.897297077	352	0.016352201257861635	2.1913116461627373	0.6395969016162251	True
ENSMUSG00000053436	0.0064606169100268	0.202524917348648	0.131488064008891	4574.20580934998	353	0.016398788725832752	2.1897260102048404	0.6397915650951616	True
ENSMUSG00000033295	0.0064812208888681	0.202524917348648	0.204428376955224	20729.6799235028	354	0.016445376193803866	2.188343176944969	0.6399554416581241	True
ENSMUSG00000030074	0.0065113463862812		-1.96001406725062	470.4352731115	355	0.016491963661774984	2.186329200729109	0.6402151302854361	True
ENSMUSG00000033033	0.0065272779156453		-0.651273342006216	212.640943082832	356	0.016538551129746098	2.1852678957057923	0.6403301965372027	True
ENSMUSG00000025279	0.0065418269731289		0.504606285622454	1288.33657468181	357	0.016585138597717215	2.1843009468525985	0.6404309388400798	True
ENSMUSG00000037351	0.0065428447916078	0.202524917348648	0.120828534980564	23644.5374462417	358	0.01663172606568833	2.1842333818486295	0.6403951481714341	True
ENSMUSG00000023944	0.0065521564980675	0.202524917348648	0.172852468665655	148849.979893015	359	0.016678313533659447	2.183615738012679	0.64044286344696	True
ENSMUSG00000031250	0.0065897050239522		-1.8279327245263	32.3190506151592	360	0.01672490100163056	2.1811340253660867	0.6407735578465376	True
ENSMUSG00000086881	0.0066137543103368		-1.34916087130567	10.458740182404	361	0.016771488469601678	2.1795519424200265	0.6409676819525861	True
ENSMUSG00000032942	0.0066174102172418		-0.740869116011623	38.5386148432958	362	0.016818075937572792	2.1793119423456124	0.6409580681744672	True
ENSMUSG00000024524	0.0066419449292503	0.202524917348648	0.184056900514904	33534.0835083428	363	0.01686466340554391	2.1777047296141556	0.641156007163646	True
ENSMUSG00000035478	0.0066441144741937	0.202524917348648	-0.114182409869982	3134.32917554982	364	0.016911250873515023	2.1775628935170976	0.641131491383966	True
ENSMUSG00000062184	0.0067061628003527	0.202524917348648	0.231944459300205	5643.30442129748	365	0.01695783834148614	2.173525907746355	0.6416982874895646	True
ENSMUSG00000033149	0.0067254095853193		-0.799621525636488	612.353532621604	366	0.017004425809457255	2.17228126147762	0.6418411862680784	True
ENSMUSG00000035713	0.0067326468647683	0.202524917348648	0.223502165831737	4268.93224189215	367	0.017051013277428372	2.1718141641900823	0.6418660474889925	True
ENSMUSG00000028040	0.0067398345699891		-0.906348567669882	35.9246789324655	368	0.017097600745399486	2.1713507631416227	0.6418903475940878	True
ENSMUSG00000028173	0.0067491553097312	0.202524917348648	-0.387714981331672	3102.87874586816	369	0.017144188213370604	2.1707505778768112	0.6419354125322764	True
ENSMUSG00000027071	0.0067965237713522	0.202524917348648	0.211079723161121	17606.6866636215	370	0.017190775681341718	2.1677131597849177	0.642350467036612	True
ENSMUSG00000063904	0.0068080810692685	0.202524917348648	0.116120666875532	6440.84338421601	371	0.017237363149312835	2.1669752814007985	0.6424164347859346	True
ENSMUSG00000083240	0.0068089764639217		-1.09036449044098	18.0919558546483	372	0.01728395061728395	2.166918167012228	0.6423790576383057	True
ENSMUSG00000042010	0.0068316894664567		-0.332016154761575	533.236923229119	373	0.017330538085255066	2.16547188266878	0.6425525665345535	True
ENSMUSG00000024589	0.006844709631027	0.202524917348648	0.248648601225467	16183.5325520465	374	0.017377125553226184	2.164644970951102	0.6426320501876872	True
ENSMUSG00000028517	0.0068560291888784	0.202524917348648	-0.405086171688768	4598.13805263935	375	0.017423713021197298	2.163927342114345	0.642694943909301	True
ENSMUSG00000038611	0.0068895280284696		0.169456853451433	2371.24592908818	376	0.017470300489168415	2.1618105286949962	0.6429702439676918	True
ENSMUSG00000033767	0.0069033245578809		0.331449240789518	2353.98343179725	377	0.01751688795713953	2.1609417078976234	0.6430560897221568	True
ENSMUSG00000072568	0.0069127783060151		-0.416884464865627	150.61141522968	378	0.017563475425110647	2.160347370792695	0.6431002668673886	True
ENSMUSG00000048368	0.006915604413735		-1.12306887231509	227.061220162209	379	0.01761006289308176	2.160169857191867	0.6430811671907558	True
ENSMUSG00000081683	0.0069189844241606		-1.53587115665125	30.7846910238015	380	0.017656650361052878	2.1599576470679493	0.6430673346972094	True
ENSMUSG00000064341	0.0069599431953846	0.202524917348648	-0.278646788365595	163195.008134175	381	0.017703237829023992	2.1573943049342206	0.6434104210431759	True
ENSMUSG00000058355	0.0069739889354632	0.202524917348648	0.116532827394084	9117.25016212438	382	0.01774982529699511	2.156518745986582	0.6434972896975731	True
ENSMUSG00000015013	0.0069925428715665		-0.189898525522751	1643.74075594254	383	0.017796412764966223	2.1553648622710315	0.6436264100642332	True
ENSMUSG00000028266	0.0070272540305205		-0.42116294735655	2240.25730251524	384	0.01784300023293734	2.153214346724743	0.6439068263491846	True
ENSMUSG00000041762	0.0070896437861284	0.202524917348648	0.240090691460586	3148.81956847439	385	0.017889587700908455	2.1493755850715432	0.6444435306004331	True
ENSMUSG00000075590	0.0071023748523812	0.202524917348648	0.117874330677927	6458.24833710263	386	0.017936175168879572	2.1485964100371437	0.6445157674798736	True
ENSMUSG00000004846	0.0071241243125867	0.202524917348648	0.138952812064558	2878.22150137967	387	0.017982762636850686	2.14726851091017	0.6446713046442478	True
ENSMUSG00000035954	0.0071261911133807		0.243550509343338	2628.27597795405	388	0.018029350104821804	2.1471425347251536	0.6446443812152413	True
ENSMUSG00000046768	0.0071297411866693		-0.553785945828358	897.824752567298	389	0.018075937572792918	2.1469262349786327	0.6446311695559771	True
ENSMUSG00000039662	0.0071299679416629	0.202524917348648	0.20609287358579	9792.13005091281	390	0.018122525040764035	2.1469124228536325	0.644587218811631	True
ENSMUSG00000054843	0.007138551928109	0.202524917348648	0.215597158526791	21302.5842385256	391	0.01816911250873515	2.1463898769371603	0.6446204975353517	True
ENSMUSG00000044948	0.0071636604669148		-2.54145804997558	7.57209174276622	392	0.018215699976706266	2.1448650064131454	0.6448059363820458	True
ENSMUSG00000019539	0.0071877063895523		-0.612440966474967	1737.00787740487	393	0.01826228744467738	2.143409671685716	0.6449808191920228	True
ENSMUSG00000034533	0.007194951210529	0.202931284727379	0.293777147542619	54672.6550148186	394	0.018308874912648498	2.1429721466988663	0.6450011911238627	True
ENSMUSG00000043424	0.0071975766238821		0.818909209006087	35.8671946110889	395	0.01835546238061961	2.142813703017849	0.6449791964955129	True
ENSMUSG00000024654	0.0072689019086827	0.203825080846379	-0.15365339127767	3019.39266935049	396	0.01840204984859073	2.13853119175712	0.6455832651458223	True
ENSMUSG00000028137	0.0073207627969045		0.279805310538965	902.312518600253	397	0.018448637316561847	2.135443664675648	0.646005926557101	True
ENSMUSG00000079057	0.0073684118172823		-0.341532392450467	790.554876388333	398	0.01849522478453296	2.132626109606099	0.6463876042648725	True
ENSMUSG00000026213	0.0073910142060031		0.171086575730592	1869.31874908783	399	0.018541812252504078	2.1312959629788266	0.6465434826160433	True
ENSMUSG00000032725	0.0073971824742401		-1.67242228854031	47.6642350452423	400	0.018588399720475192	2.1309336679578035	0.6465524340951024	True
ENSMUSG00000027012	0.0074031110295842	0.206388465292975	0.138998705095255	22676.3519221202	401	0.01863498718844631	2.130585737153776	0.6465592049821576	True
ENSMUSG00000027656	0.007423330024378		-2.25715426936531	431.460307898868	402	0.018681574656417423	2.1294012312726958	0.6466929740149662	True
ENSMUSG00000027827	0.007466143182334	0.206949474531018	0.234440575157054	9614.98680750389	403	0.01872816212438854	2.1269036856257206	0.6470260719784859	True
ENSMUSG00000026271	0.0075661933996387		0.289597254427927	2009.89514067828	404	0.018774749592359655	2.1211225618904312	0.6478576408385103	True
ENSMUSG00000062444	0.0075723065809765	0.208514584076044	0.210103777883221	10158.5664132805	405	0.018821337060330772	2.1207718110142424	0.6478648398329109	True
ENSMUSG00000024462	0.0076090746003283	0.208514584076044	0.184560548848087	31715.2929054773	406	0.018867924528301886	2.1186681580006304	0.6481381420465512	True
ENSMUSG00000023805	0.0076386312021209		0.239560696953925	2247.58355853802	407	0.018914511996273004	2.1169844574746435	0.6483476924360029	True
ENSMUSG00000026042	0.0076545945942863		-0.857844781755706	1832.9111977136	408	0.018961099464244117	2.116077805635444	0.6484392812161637	True
ENSMUSG00000026765	0.0076553010932367		0.290367519011598	603.837196331744	409	0.019007686932215235	2.116037723246627	0.6483993184878182	True
ENSMUSG00000022262	0.0076626037467474		-1.79157627766036	15.4691586221221	410	0.01905427440018635	2.1156236323645707	0.6484161329531045	True
ENSMUSG00000071862	0.0076631461709948		0.172665605116874	2051.43753883847	411	0.019100861868157466	2.1155928903964636	0.6483747522813573	True
ENSMUSG00000105741	0.0076641200850163		0.379137696120023	181.100352484159	412	0.01914744933612858	2.115537699147236	0.6483370831872706	True
ENSMUSG00000022032	0.0076668209554242		-1.31012568319828	1151.18269735188	413	0.019194036804099698	2.1153846787783586	0.6483142652609233	True
ENSMUSG00000031748	0.007678171767272	0.209219335782785	0.214158522101106	52240.1981796598	414	0.01924062427207081	2.11474217657079	0.6483657542170053	True
ENSMUSG00000007021	0.0077322314064854	0.209432972496348	0.135284955596967	12491.5917057812	415	0.01928721174004193	2.1116951570935836	0.6487822662810565	True
ENSMUSG00000039286	0.0077431182080767		-0.296461091643236	1439.25266963941	416	0.019333799208013043	2.1110841106546445	0.6488289800240121	True
ENSMUSG00000051314	0.0077696661991353		-1.75946198607903	9.1566250702548	417	0.01938038667598416	2.109597638983849	0.6490085896471353	True
ENSMUSG00000026556	0.0077806408293157		-0.499277632795083	158.711760561953	418	0.019426974143955274	2.108984632165285	0.6490556009898927	True
ENSMUSG00000073747	0.0077844360226063		0.485078521375512	131.184844467752	419	0.019473561611926392	2.1087728463126085	0.6490417040889043	True
ENSMUSG00000048583	0.0078290830783697		-1.86855464374309	332.973733379999	420	0.01952014907989751	2.1062890983919105	0.6493727074578076	True
ENSMUSG00000022106	0.0078328299492398		-0.13188481405686	1842.08360728334	421	0.019566736547868623	2.10608130188947	0.6493582049446074	True
ENSMUSG00000020604	0.0078332865329325		-0.268566089102852	459.790357148434	422	0.01961332401583974	2.106055987156422	0.649316000379335	True
ENSMUSG00000008575	0.0078371757054789		-0.234598170077427	2128.1297465002	423	0.019659911483810855	2.1058404164623283	0.6493026780446409	True
ENSMUSG00000018339	0.0078640527877778	0.209432972496348	-0.417088605837935	6800.39026236945	424	0.019706498951781972	2.1043535799465634	0.6494823430538688	True
ENSMUSG00000032492	0.0078710430589084		-0.21253521198277	1454.04185475349	425	0.019753086419753086	2.1039677117690423	0.6494948731085355	True
ENSMUSG00000030218	0.0078982227190186	0.209432972496348	-1.58374935152754	3611.99053814742	426	0.019799673887724203	2.10247062391968	0.6496760943443279	True
ENSMUSG00000026904	0.0079246519810571		-1.72748930277522	1104.80549495314	427	0.019846261355695317	2.101019801163869	0.6498502922043885	True
ENSMUSG00000036972	0.0079266291670666		-1.48182781722516	125.550780398017	428	0.019892848823666435	2.100911459009055	0.64982069180209	True
ENSMUSG00000035448	0.0079393821054972		-1.86229585645059	8.09897277034187	429	0.01993943629163755	2.100213295887135	0.64988063048744	True
ENSMUSG00000039372	0.0079460785639048		0.253097656340445	1818.57517742306	430	0.019986023759608666	2.0998471453338077	0.6498901672641814	True
ENSMUSG00000042870	0.0079533350129914	0.209432972496348	0.108865710782853	2793.05517162579	431	0.02003261122757978	2.0994507236670468	0.6499042994148245	True
ENSMUSG00000026043	0.0079633567049185	0.209432972496348	-1.08791036862726	11647.3834978588	432	0.020079198695550898	2.09890383036088	0.6499412742483505	True
ENSMUSG00000029304	0.0079887274861352	0.209432972496348	-0.285044001892182	9020.94542456292	433	0.02012578616352201	2.097522393372166	0.6501049388472552	True
ENSMUSG00000004347	0.0079899786314178	0.209432972496348	0.260669358937584	8243.71431302787	434	0.02017237363149313	2.0974543821715836	0.6500692159144819	True
ENSMUSG00000025429	0.00800110345115		0.243529732638132	2286.35736273575	435	0.020218961099464243	2.096850114295731	0.6501149006225468	True
ENSMUSG00000021416	0.0080477727959671		-1.77063352953666	8.61003451852074	436	0.02026554856743536	2.094324293079725	0.6504522910218989	True
ENSMUSG00000071379	0.0080528404266476	0.209939726366063	0.125254965413831	8188.48565111642	437	0.020312136035406474	2.094050906708273	0.6504477455250778	True
ENSMUSG00000026176	0.0080700826310665		-0.395964934779382	2313.12233475343	438	0.020358723503377592	2.0931220184337547	0.6505427099569059	True
ENSMUSG00000039835	0.0080824850905375		-0.302411764515666	743.90675047486	439	0.020405310971348706	2.0924550878426995	0.6505979073182363	True
ENSMUSG00000063364	0.0081084258469124		-0.530836629520372	76.6343892106527	440	0.020451898439319823	2.091063450641635	0.650763120383131	True
ENSMUSG00000003032	0.0081137471755882		-1.19630926790762	692.641668859405	441	0.020498485907290937	2.090778529039581	0.6507603260177237	True
ENSMUSG00000050627	0.008137309204411	0.210348841909163	0.182230852024646	9903.5798949366	442	0.020545073375262055	2.0895191812124327	0.6509054565991077	True
ENSMUSG00000019775	0.0081655930929171	0.210348841909163	0.159314497901848	4221.02317826275	443	0.020591660843233172	2.0880122655964364	0.6510881697609373	True
ENSMUSG00000028004	0.0081911039264399		0.294118385332988	1560.62680865171	444	0.020638248311204286	2.0866575638252765	0.651247775760502	True
ENSMUSG00000048126	0.0082224372626503		-1.08165969288238	892.781348499248	445	0.020684835779175403	2.0849994315076645	0.6514534447110454	True
ENSMUSG00000026837	0.0082715844887487		-0.964984206612759	1428.80644031128	446	0.020731423247146517	2.0824112898661826	0.6518002958016075	True
ENSMUSG00000043131	0.0083157223913413		-0.229520607599518	2395.09066072411	447	0.020778010715117635	2.0801000174070676	0.6521051161483173	True
ENSMUSG00000044117	0.008325460826509	0.210348841909163	0.134717354236844	7767.50813041362	448	0.02082459818308875	2.079591718317618	0.6521362321006811	True
ENSMUSG00000017478	0.0083396788062441		0.120307311825258	1724.66868713332	449	0.020871185651059866	2.0788506754248486	0.6522026802452985	True
ENSMUSG00000052428	0.0083546424440249	0.210348841909163	-0.128210725407925	2675.96425250829	450	0.02091777311903098	2.0780721319955795	0.6522748212425131	True
ENSMUSG00000021732	0.0083668620914994		-1.22294595153491	16.958882309216	451	0.020964360587002098	2.0774373893021343	0.6523251322482442	True
ENSMUSG00000030483	0.008377243995028		-2.22364477196248	17.0232438622649	452	0.02101094805497321	2.0768988351424063	0.6523608411390427	True
ENSMUSG00000023484	0.0083937905020344	0.210348841909163	0.119085244010507	113798.192469308	453	0.02105753552294433	2.0760418744080456	0.6524448864501854	True
ENSMUSG00000018800	0.0084108653156084	0.210348841909163	0.350828471331808	5801.56304214391	454	0.021104122990915443	2.075159321388557	0.6525328168552619	True
ENSMUSG00000029503	0.0084198547165536		0.323369943457813	220.700754267413	455	0.02115071045888656	2.074695402127837	0.6525571956287253	True
ENSMUSG00000031886	0.0084214466157738		-1.37576814329105	15.4578032732906	456	0.021197297926857674	2.07461330003424	0.652523611795399	True
ENSMUSG00000020918	0.0084388543751407	0.210348841909163	0.133922168205536	3106.90988471001	457	0.021243885394828792	2.073716507441301	0.6526137038706878	True
ENSMUSG00000051220	0.0084423372927951		-0.767466402663301	36.2145682469771	458	0.021290472862799906	2.073537300668528	0.652594861229799	True
ENSMUSG00000047221	0.0084696803473983		0.182956837975583	844.728608052057	459	0.021337060330771023	2.0721329799857826	0.6527619997389239	True
ENSMUSG00000020917	0.0084803153086312	0.210348841909163	0.197065929812476	51870.1981020996	460	0.021383647798742137	2.07158799983611	0.6527986841414607	True
ENSMUSG00000056124	0.0084824992625661	0.210348841909163	0.194366469185577	8349.87268828648	461	0.021430235266713255	2.0714761694386343	0.6527696132796207	True
ENSMUSG00000039963	0.0085211356822292		0.200548770844283	683.609528630695	462	0.02147682273468437	2.0695025193581724	0.6530231801079914	True
ENSMUSG00000025432	0.0085370408573439	0.210348841909163	0.211144080952819	57146.7760329955	463	0.021523410202655486	2.0686926400874586	0.6531000781125189	True
ENSMUSG00000009487	0.0085476180604142		1.69621255848893	6.73062232481193	464	0.0215699976706266	2.0681548919783026	0.6531356646390123	True
ENSMUSG00000001901	0.0085674434533081		0.305405296183643	2227.34838710267	465	0.021616585138597717	2.067148753311554	0.6532423562389582	True
ENSMUSG00000030748	0.0085744781540456	0.210348841909163	0.165845114348656	4118.35590673666	466	0.02166317260656883	2.0667923018058683	0.6532504206301362	True
ENSMUSG00000029781	0.0086037507396218	0.210348841909163	-0.38571174151621	4129.03406207786	467	0.02170976007453995	2.065312180104065	0.6534290662820514	True
ENSMUSG00000025793	0.008635511237407	0.210348841909163	0.16334856567815	7926.19933242811	468	0.021756347542511066	2.0637119463405917	0.6536259458134271	True
ENSMUSG00000021709	0.0086423378179019		-0.290777086701446	2165.74823373137	469	0.02180293501048218	2.06336876167866	0.6536319962017941	True
ENSMUSG00000041552	0.0086793877610225		-0.67113779639331	103.277396277069	470	0.021849522478453298	2.061510908623882	0.653867984204368	True
ENSMUSG00000036062	0.0087270502487199	0.211510368590837	0.245907221856324	109698.182980973	471	0.02189610994642441	2.0591325234398385	0.6541829927479967	True
ENSMUSG00000041608	0.0087764599019878	0.211644330536436	0.232932432945764	8428.39433176978	472	0.02194269741439553	2.0566806270397437	0.6545091608257623	True
ENSMUSG00000054958	0.0087814317425951		-1.46269041072042	56.6557756213475	473	0.021989284882366643	2.0564346700601615	0.6545004513489207	True
ENSMUSG00000027463	0.008812564284265		-0.321370123989553	447.403159767565	474	0.02203587235033776	2.05489770197788	0.6546877266924339	True
ENSMUSG00000054484	0.0088451804480501		0.168386086409801	1976.943912536	475	0.022082459818308874	2.0532933027437386	0.6548852385723765	True
ENSMUSG00000027324	0.0089157405236275		0.311765424295787	351.584822480387	476	0.02212904728627999	2.0498425793569583	0.6553630358089789	True
ENSMUSG00000011832	0.008928457675137	0.214238564015851	0.177473892864479	8618.96592046471	477	0.022175634754251106	2.0492235557841822	0.6554109605385313	True
ENSMUSG00000048967	0.008977891951677		-0.349490589846531	178.123655888287	478	0.022222222222222223	2.046825625607659	0.6557289361533433	True
ENSMUSG00000017664	0.0090132186960812		0.116351561619463	1941.85500131646	479	0.022268809690193337	2.0451200911160368	0.6559418010966541	True
ENSMUSG00000024617	0.0091227911951112	0.217817930366444	0.247926303316273	12197.8782108002	480	0.022315397158164454	2.039872265270896	0.6566924114808157	True
ENSMUSG00000052369	0.0091480866391866		-0.15477201257617	1293.31043540568	481	0.02236198462613557	2.0386697309539556	0.6568289173605466	True
ENSMUSG00000066392	0.00918907867061	0.217857218652514	0.216108662354645	3381.83655324128	482	0.022408572094106686	2.0367280303253747	0.6570776340311036	True
ENSMUSG00000049401	0.009217592172938		-0.142828917704549	1722.92458501451	483	0.0224551595620778	2.0353825108958943	0.6572358460848063	True
ENSMUSG00000051379	0.0092327280442782	0.217857218652514	0.32098203911785	5691.6137247449	484	0.022501747030048917	2.0346699566638735	0.657297969444728	True
ENSMUSG00000028716	0.0092350120481138		-2.21850032102066	32.5513371166032	485	0.02254833449802003	2.034562533637283	0.6572682295121193	True
ENSMUSG00000118202	0.0092609194181342		0.241557455710379	2053.27152475556	486	0.02259492196599115	2.0333458947002954	0.6574068765751602	True
ENSMUSG00000021760	0.009261136913898		-0.495456964474095	828.610873156947	487	0.022641509433962263	2.033335695270128	0.6573623773976159	True
ENSMUSG00000036636	0.0092798476065533		0.135017568397783	2283.55663900193	488	0.02268809690193338	2.0324591556966993	0.6574493949180987	True
ENSMUSG00000060743	0.0093051138905343	0.217857218652514	-0.288832837236156	4186.38849243377	489	0.022734684369904494	2.0312783069257034	0.6575826087751527	True
ENSMUSG00000042035	0.0093051186071776	0.217857218652514	0.171662218528431	5094.46547728204	490	0.02278127183787561	2.031278086787437	0.6575365946689402	True
ENSMUSG00000039007	0.0093168421856033		-0.48767110498502	1248.0060021814	491	0.02282785930584673	2.030731260795507	0.6575735592836784	True
ENSMUSG00000025742	0.0093238480673038		-0.322422015698936	1954.51459083963	492	0.022874446773817843	2.0304048119499574	0.6575770690541063	True
ENSMUSG00000025746	0.0093422585744931		0.982239399369493	63.9019948519848	493	0.02292103424178896	2.0295481165043037	0.6576610740925051	True
ENSMUSG00000093405	0.0093486194706546		-1.1229885389571	13.9986912240769	494	0.022967621709760074	2.0292525175278535	0.6576599006297362	True
ENSMUSG00000028597	0.0093606641998273		-0.429079508657924	339.520828600114	495	0.02301420917773119	2.028693334158728	0.6576987411836858	True
ENSMUSG00000026587	0.0093693249846752	0.217871553656552	0.244234804993804	5288.95754856011	496	0.023060796645702306	2.0282916968380205	0.6577136651083108	True
ENSMUSG00000026223	0.0094518927131147	0.217871553656552	-0.196374849119313	16742.3628874803	497	0.023107384113673423	2.0244812166171875	0.6582460760336304	True
ENSMUSG00000032412	0.0094545045236809	0.217871553656552	0.172512455563407	26141.8712664477	498	0.023153971581644537	2.024361226022503	0.6582182439487312	True
ENSMUSG00000032332	0.0094612692904752		-1.25073731805757	2213.67905874436	499	0.023200559049615654	2.024050596275685	0.6582193522655878	True
ENSMUSG00000054263	0.0094902822665533	0.217871553656552	0.298274522037801	21490.7456904067	500	0.02324714651758677	2.0227208702931	0.6583751667598534	True
ENSMUSG00000027984	0.0095084459634763		-0.15781925195489	2364.84638178367	501	0.023293733985557886	2.0218904572620255	0.6584551819376778	True
ENSMUSG00000029671	0.0095327576763726		-0.86730313503243	163.880211562473	502	0.023340321453529	2.020781446645505	0.6585774902434396	True
ENSMUSG00000028830	0.0095881388084819	0.217871553656552	0.161747185906725	4880.17881047854	503	0.023386908921500117	2.018265687266527	0.6589133531831762	True
ENSMUSG00000035314	0.0096333075376603	0.217871553656552	0.19767647894435	3933.47626449633	504	0.02343349638947123	2.0162245748973833	0.6591771612747711	True
ENSMUSG00000027601	0.0096424751680612		-0.179529341732196	1006.37930451502	505	0.02348008385744235	2.015811470884309	0.6591938259262102	True
ENSMUSG00000027931	0.0096432524509266		-0.796248693114455	269.804710304375	506	0.023526671325413463	2.015776463684563	0.6591530927474665	True
ENSMUSG00000034579	0.0096479663566591		0.208946808895841	1654.26099477629	507	0.02357325879338458	2.015564219625854	0.6591392654054669	True
ENSMUSG00000038393	0.0096499960186076	0.217871553656552	-0.484679877062363	4189.83720242763	508	0.023619846261355694	2.0154728658372547	0.6591070860463386	True
ENSMUSG00000022974	0.0097161856916493		0.225980336461314	437.178632747283	509	0.02366643372932681	2.0125041937343426	0.6595117044124625	True
ENSMUSG00000056632	0.0097260530651518		-2.96394367755672	9.0985930316193	510	0.023713021197297925	2.0120633652593343	0.6595325778376916	True
ENSMUSG00000021943	0.0097776831952683		-1.05490398016542	150.407731960561	511	0.023759608665269043	2.00976403833172	0.6598355847663446	True
ENSMUSG00000085025	0.0097902535698885		-1.2770836888459	11.9224279118598	512	0.023806196133240157	2.00920605972115	0.659874242429234	True
ENSMUSG00000056145	0.0098189629171786		0.39975481509248	201.755153763489	513	0.023852783601211274	2.0079343801490435	0.6600212450586704	True
ENSMUSG00000026155	0.0098378157632357	0.217871553656552	0.129304581906293	5660.86472718257	514	0.02389937106918239	2.0071013149093684	0.6601016628609377	True
ENSMUSG00000020534	0.0098436841693035		-1.02673013696339	17.688467885916	515	0.023945958537153506	2.0068423289116466	0.6600949312832592	True
ENSMUSG00000052861	0.0098475191592823		-0.825165694800056	92.8814603913936	516	0.023992546005124623	2.006673165556903	0.6600745639788923	True
ENSMUSG00000047557	0.0098609491217789	0.217871553656552	0.164501917418922	18872.6794111547	517	0.024039133473095737	2.00608128196412	0.6601183686632398	True
ENSMUSG00000027673	0.0098900832874901	0.217871553656552	-0.147522242039497	4542.1155223026	518	0.024085720941066854	2.0048000510575164	0.6602668212543161	True
ENSMUSG00000010086	0.0098948282482804	0.217871553656552	0.317807835846833	4555.06883756042	519	0.02413230840903797	2.0045917397568713	0.6602523968912056	True
ENSMUSG00000030110	0.0099185152866494	0.217871553656552	0.25683696271062	57784.5576593071	520	0.024178895877009086	2.003553332994368	0.6603639870214094	True
ENSMUSG00000017969	0.0099293907812259		-1.64363822364628	484.785149917466	521	0.0242254833449802	2.003077396869007	0.6603901900418163	True
ENSMUSG00000026790	0.0099389359963093		0.172514993119293	1653.31104857234	522	0.024272070812951317	2.0026601061122515	0.6604074902712195	True
ENSMUSG00000017309	0.0099425182445966		-0.571514204635507	253.290596704357	523	0.02431865828092243	2.002503603407573	0.6603852009886269	True
ENSMUSG00000022848	0.0099523347131769	0.217871553656552	0.104310510890576	6054.87772448029	524	0.02436524574889355	2.0020750263790097	0.6604042145556984	True
ENSMUSG00000024036	0.0099526965378196		0.315265147700132	1560.28353455886	525	0.024411833216864662	2.002059237562225	0.6603605638874581	True
ENSMUSG00000064339	0.0099836342716635	0.217871553656552	-0.481118100313892	20976.2969239593	526	0.02445842068483578	2.0007113367870164	0.6605191374466611	True
ENSMUSG00000022012	0.009989550491615	0.217871553656552	0.183229560993034	2955.69371864223	527	0.024505008152806894	2.0004540536562327	0.6605121473614682	True
ENSMUSG00000030353	0.0099940396453466		-0.55543814273555	81.3626049872569	528	0.02455159562077801	2.0002589320876374	0.6604957207016612	True
ENSMUSG00000009687	0.009997285601985		-0.93288387905122	1517.1264287495	529	0.024598183088749125	2.000117900810171	0.6604710827445479	True
ENSMUSG00000039005	0.010062133277824		-0.330459950191011	372.983564795266	530	0.024644770556720243	1.9973099345316196	0.6608513048045118	True
ENSMUSG00000029106	0.0100891982755868	0.217871553656552	0.105635057365779	25258.4489656596	531	0.024691358024691357	1.9961433430120783	0.6609823543077046	True
ENSMUSG00000037295	0.0101100539626267		-0.688289229788104	230.023435471369	532	0.024737945492662474	1.9952465263468366	0.6610724500373429	True
ENSMUSG00000037492	0.0101183110957488	0.217871553656552	0.256482084766439	2716.13775002317	533	0.024784532960633588	1.9948919719831901	0.6610802264286416	True
ENSMUSG00000032440	0.010118853000014	0.217871553656552	-0.46505185466957	2999.65285789463	534	0.024831120428604705	1.994868713187537	0.661037709757207	True
ENSMUSG00000075592	0.0101426166836088		-0.365943976759879	669.436823200866	535	0.02487770789657582	1.9938499873450126	0.6611463121814503	True
ENSMUSG00000119960	0.010159418365619		1.02100980412013	19.1262940776511	536	0.024924295364546937	1.993131155027769	0.6612093886001039	True
ENSMUSG00000026466	0.0101768151074182		-0.284841686938053	1890.56886082055	537	0.024970882832518054	1.9923881156818148	0.6612761398207508	True
ENSMUSG00000026200	0.0101823785058063		-0.414465330991366	296.58566417105	538	0.025017470300489168	1.9921507631297812	0.661266124129591	True
ENSMUSG00000028228	0.0101941915917699	0.218518160209361	0.257344550257081	15053.2007180676	539	0.025064057768460286	1.99164720844924	0.6612965198463767	True
ENSMUSG00000034997	0.0102205882714614		0.248219869589232	1015.05634370333	540	0.0251106452364314	1.9905241065792978	0.6614209673062978	True
ENSMUSG00000036545	0.0102342600109121		-0.935868743129003	1428.25323382171	541	0.025157232704402517	1.9899435535677406	0.6614630519264867	True
ENSMUSG00000030314	0.0102478093098352		0.135003380887854	2057.58325247454	542	0.02520382017237363	1.989368964494521	0.6615042311777124	True
ENSMUSG00000005803	0.0102708172648618		-0.351882416093378	418.255748040051	543	0.02525040764034475	1.9883949975421522	0.6616060388787902	True
ENSMUSG00000021319	0.0102868611592538	0.218605510666134	-1.32266807332598	3829.18301998082	544	0.025296995108315862	1.9877171217554441	0.6616628977999627	True
ENSMUSG00000001657	0.0102873593401945		-0.320007706832955	349.405774395251	545	0.02534358257628698	1.9876960898788214	0.6616200430661169	True
ENSMUSG00000056427	0.0102952380429707		-0.673655548224797	370.778002311516	546	0.025390170044258094	1.9873636073214764	0.6616244687976236	True
ENSMUSG00000008305	0.0103365436818861	0.218605510666134	0.157358804698351	5583.73571932403	547	0.02543675751222921	1.9856246557118722	0.6618424067010745	True
ENSMUSG00000030862	0.0103519608761052		-0.853156416162255	479.50885990947	548	0.025483344980200325	1.9849773780319948	0.6618946206083832	True
ENSMUSG00000037685	0.0103857112395138	0.218605510666134	0.229193902530536	15001.1509945191	549	0.025529932448171443	1.9835637565367568	0.6620631710480962	True
ENSMUSG00000033949	0.0104245164059651	0.218605510666134	0.167430050279857	21850.1069221308	550	0.025576519916142557	1.9819440828378725	0.6622630017022324	True
ENSMUSG00000074939	0.0104354527283912		-2.11630941717821	20.4517147190849	551	0.025623107384113674	1.9814887048949295	0.6622860838418974	True
ENSMUSG00000058070	0.0104377766281678	0.218605510666134	0.207628381090811	32522.61254034	552	0.025669694852084788	1.981392001425006	0.6622547166030762	True
ENSMUSG00000112006	0.0104969075727461		2.58072796075479	4.24236307749338	553	0.025716282320055905	1.978938626825541	0.6625811090821948	True
ENSMUSG00000035279	0.0105081866914001		-0.642307053799928	166.800755020116	554	0.02576286978802702	1.9784722200195188	0.6626058654830219	True
ENSMUSG00000142874	0.0105245175688064		2.0202082636564	5.46462379846951	555	0.025809457255998137	1.9777978025713643	0.6626621994033958	True
ENSMUSG00000032352	0.0105471900927154		-0.384110212413818	227.87309004115	556	0.02585604472396925	1.9768632266003523	0.6627580272686777	True
ENSMUSG00000034145	0.0105529684143644	0.218605510666134	0.268875888005392	8049.89128890212	557	0.025902632191940368	1.9766253617266156	0.6627480893516567	True
ENSMUSG00000064351	0.0105644597601834	0.218605510666134	-0.261495953534403	508718.365992172	558	0.025949219659911482	1.97615270676786	0.6627737942672477	True
ENSMUSG00000000031	0.0105744511846522	0.218605510666134	-1.56021371121312	3576.12264699628	559	0.0259958071278826	1.9757421633063157	0.6627900702084498	True
ENSMUSG00000042613	0.0105831520779677		-0.461462737793182	1625.51178440907	560	0.026042394595853717	1.9753849630960019	0.6627982482584038	True
ENSMUSG00000064363	0.0106448150566207	0.218605510666134	-0.267097548284836	94407.994050474	561	0.02608898206382483	1.9728618796072304	0.6631352230509661	True
ENSMUSG00000045281	0.0106494872784118		-1.866164753388	13.4940189428935	562	0.02613556953179595	1.9726713009122594	0.6631181067500945	True
ENSMUSG00000018661	0.0106515229124075	0.218605510666134	0.125684549857497	3631.63191991135	563	0.026182156999767062	1.9725882940871107	0.6630846602615595	True
ENSMUSG00000024659	0.0106602444151175		-1.15400683136882	1005.11967769978	564	0.02622874446773818	1.9722328378122658	0.6630925735694998	True
ENSMUSG00000029193	0.0106680129501307		0.373206761370811	1883.8133754957	565	0.026275331935709294	1.9719164657824155	0.6630945536064417	True
ENSMUSG00000025537	0.0107241538173574		-3.11142323709288	42.6481961820446	566	0.02632191940368041	1.9696369655255563	0.6633945507031125	True
ENSMUSG00000030872	0.0107367946707308	0.219421867359893	0.15343235001853	8142.26778054075	567	0.026368506871651525	1.9691253522103715	0.663426169778907	True
ENSMUSG00000039168	0.0107822990489318		-0.338934054156747	1337.24190664867	568	0.026415094339622643	1.9672886271076584	0.6636589504055868	True
ENSMUSG00000031149	0.010791449103926	0.219608265941921	0.122930113579746	3533.06505810574	569	0.026461681807593757	1.966920233205661	0.6636688277388773	True
ENSMUSG00000035413	0.0108030585537158		-0.459502276076675	358.184040218478	570	0.026508269275564874	1.9664532699808146	0.6636936686081053	True
ENSMUSG00002076121	0.0108227460922929		-2.5526457866765	5.41372425111626	571	0.026554856743535988	1.965662530226311	0.663767661095679	True
ENSMUSG00000045377	0.0108600390904089		-0.657552673379173	133.697234657343	572	0.026601444211507105	1.96416861151344	0.6639484012336369	True
ENSMUSG00000034265	0.0108748495465416		0.192736374425447	1936.28496370384	573	0.02664803167947822	1.9635767427925215	0.6639922036603279	True
ENSMUSG00000021614	0.010889313002638		-0.677019936668188	400.668761585048	574	0.026694619147449337	1.962999518644116	0.6640337829350201	True
ENSMUSG00000046275	0.0108920053843719	0.220365016257158	0.162102489806555	45987.1980978618	575	0.02674120661542045	1.9628921526421697	0.664004034345658	True
ENSMUSG00000031007	0.010920016356098	0.220365016257158	0.134883050376818	14116.4168911248	576	0.026787794083391568	1.9617767111406417	0.664127318906264	True
ENSMUSG00000027016	0.0109816383124867		0.199458557828797	2542.24685268168	577	0.026834381551362682	1.9593328641667913	0.6644522650229224	True
ENSMUSG00000099764	0.0110146922985062		-0.537411860372277	110.729390740466	578	0.0268809690193338	1.9580276305992208	0.6646043613914906	True
ENSMUSG00000017943	0.0110434415392751	0.221684639262502	0.140099918134176	5051.38712375322	579	0.026927556487304913	1.9568955635090102	0.6647301698366737	True
ENSMUSG00000020251	0.0111219534187073		-0.56987499421288	191.031887349524	580	0.02697414395527603	1.9538189281802427	0.6651511778011363	True
ENSMUSG00000008540	0.0111349595777107		-0.288618452686088	835.511169420332	581	0.027020731423247145	1.9533113552091126	0.6651821835234888	True
ENSMUSG00000031391	0.0111443413618931	0.221684639262502	0.31755737031877	27864.5259361716	582	0.027067318891218262	1.9529455935227202	0.6651916612674175	True
ENSMUSG00000063063	0.0111486287546451	0.221684639262502	0.190991869742322	16944.5453858966	583	0.02711390635918938	1.952778546150641	0.6651709727415822	True
ENSMUSG00000061126	0.0111629780902764		0.304323756386866	970.617564306642	584	0.027160493827160494	1.9522199276534462	0.6652097275438881	True
ENSMUSG00000030231	0.0111736814458977		0.196292943048776	1604.03631269194	585	0.02720708129513161	1.9518037142413704	0.6652268642245789	True
ENSMUSG00000008206	0.01119016219532	0.221684639262502	0.161080598301389	6182.24920873742	586	0.027253668763102725	1.9511636185635208	0.6652779878520484	True
ENSMUSG00000032243	0.0111908809252973		-0.57498934378746	255.568118464477	587	0.027300256231073843	1.9511357252735124	0.6652361747303678	True
ENSMUSG00000071540	0.0112162594851203		-0.778057226705272	286.500375153651	588	0.027346843699044956	1.950151951976176	0.6653394711055188	True
ENSMUSG00000038034	0.0112365567916296	0.221684639262502	0.161675945146399	6270.88234731633	589	0.027393431167016074	1.9493667488633832	0.6654126230908468	True
ENSMUSG00000000902	0.0112638059640126	0.221684639262502	0.109045926081528	2781.20412702515	590	0.027440018634987188	1.9483148395127268	0.665526263011566	True
ENSMUSG00000010461	0.0112870242419124		-1.38002829136144	57.5040814122324	591	0.027486606102958305	1.9474205421904374	0.6656159762867274	True
ENSMUSG00000023279	0.011290668702513		0.467834742860938	280.519299386705	592	0.02753319357092942	1.9472803357356858	0.6655912131155619	True
ENSMUSG00000083672	0.011300167305247		0.950421857366917	20.1868463719633	593	0.027579781038900537	1.9469151264982016	0.6656006069937518	True
ENSMUSG00000046169	0.011308664697123		-0.860738732062228	40.8289386140242	594	0.02762636850687165	1.9465886726083506	0.6656041175299412	True
ENSMUSG00000035948	0.0113131504101361		-0.37794858310839	154.502822615493	595	0.027672955974842768	1.946416438822044	0.665584216339287	True
ENSMUSG00000028294	0.0113335703733693		0.25632065000692	533.512154920962	596	0.027719543442813882	1.945633254374196	0.6656570618766798	True
ENSMUSG00000027188	0.0113344982620349		-1.55036716543741	297.067362588493	597	0.027766130910785	1.9455976997855808	0.6656164117955247	True
ENSMUSG00000037034	0.0113491310414036		-1.61980443962461	38.8666070990756	598	0.027812718378756113	1.945037389428608	0.6656554234343782	True
ENSMUSG00000004961	0.0113706619183153	0.221684639262502	0.166579168373065	5496.0759214458	599	0.02785930584672723	1.9442142530691258	0.6657343339608391	True
ENSMUSG00000016534	0.0113763929445483	0.221684639262502	0.0805644058101368	24531.9663026977	600	0.027905893314698345	1.9439954156735768	0.6657215075350466	True
ENSMUSG00000024050	0.0114163425733058	0.221684639262502	0.154410031872215	3447.53602356267	601	0.027952480782669462	1.9424730077048908	0.6659065725480356	True
ENSMUSG00000026277	0.0114450497981263	0.221684639262502	0.0865630064594919	9057.35156481698	602	0.027999068250640576	1.941382313342919	0.6660261003139167	True
ENSMUSG00000035258	0.0114525650449988		-0.626479186642498	822.934855143614	603	0.028045655718611694	1.9410972329634628	0.666023330052067	True
ENSMUSG00000030882	0.0115028056607907		0.698386745349172	37.3529148726377	604	0.028092243186582808	1.939196217525805	0.6662658704164579	True
ENSMUSG00000031513	0.0115265611064198	0.221881605523252	0.13186563312714	9331.80651917957	605	0.028138830654553925	1.9383002430324217	0.6663558382983187	True
ENSMUSG00000026211	0.0115710317935777		-0.217760860441157	828.763069204284	606	0.028185418122525042	1.9366279131072015	0.6665636625483562	True
ENSMUSG00000022421	0.0115805232188696	0.221881605523252	0.162395344317615	10894.4405364175	607	0.028232005590496156	1.936271818334441	0.6665716727848967	True
ENSMUSG00000029016	0.0115975374919328	0.221881605523252	0.214568499995634	8639.23879009605	608	0.028278593058467274	1.9356342148416914	0.6666224180806478	True
ENSMUSG00000030137	0.0116078682058885		-0.580423667796463	164.79981628239	609	0.028325180526438388	1.9352475314611117	0.6666350718890335	True
ENSMUSG00000026435	0.0116245779140767		0.30335804622287	1607.65746764076	610	0.028371767994409505	1.9346228072909377	0.6666838620104906	True
ENSMUSG00000020810	0.0116392382743899	0.221881605523252	-0.222381014915736	3557.79539565134	611	0.02841835546238062	1.9340754409966054	0.6667209086470403	True
ENSMUSG00000036882	0.0116441103141189		0.259061310310215	816.14675110752	612	0.028464942930351737	1.9338936887892064	0.6667024524215333	True
ENSMUSG00000045440	0.011730869843054		0.329695175466761	962.408382806268	613	0.02851153039832285	1.9306697837896376	0.6671458169868921	True
ENSMUSG00000038400	0.0117727388507731	0.222880541881836	-0.301376791122751	4244.20784391452	614	0.028558117866293968	1.9291224896284576	0.6673346599038473	True
ENSMUSG00000028788	0.0117840634832818	0.222880541881836	-0.18337398099253	9383.65775853447	615	0.028604705334265082	1.9287049265214409	0.6673520014779893	True
ENSMUSG00000001173	0.0118664697358157	0.223509458602258	0.149375283435879	4627.52769522218	616	0.0286512928022362	1.9256784640522562	0.6677653928395806	True
ENSMUSG00000024074	0.0118942637936411		-0.429450138727786	1814.79784978105	617	0.028697880270207313	1.9246624338498348	0.6678735860461649	True
ENSMUSG00000027082	0.0118959469286368		-1.21927221181776	488.52351763848	618	0.02874446773817843	1.9246009819988459	0.6678368673566941	True
ENSMUSG00000027803	0.0119086679427294		-0.396384359425873	2061.77465962534	619	0.028791055206149545	1.9241368142918371	0.6678612838461008	True
ENSMUSG00000059713	0.011910000178474	0.223509458602258	0.154285169087192	6277.06476527224	620	0.028837642674120662	1.9240882320092232	0.6678226114630943	True
ENSMUSG00000045064	0.0119212987893022		-0.499253817081622	107.10819665303	621	0.028884230142091776	1.9236764269531788	0.6678390789234637	True
ENSMUSG00000047394	0.0119388671290036		-1.62193703562486	14.5505009784622	622	0.028930817610062894	1.9230368811601222	0.6678901190744456	True
ENSMUSG00000073889	0.0119713084294566		-0.442893951636453	955.192698527508	623	0.028977405078034008	1.9218583798660929	0.6680229765675222	True
ENSMUSG00000020044	0.0119953177946634	0.223924968450713	-0.59698978208593	19765.3047899349	624	0.029023992546005125	1.9209882416819426	0.6681090223108257	True
ENSMUSG00000046707	0.0120181567770618		0.0933244007795797	2290.43704528976	625	0.02907058001397624	1.9201621349068436	0.6681883837678555	True
ENSMUSG00000019842	0.0120244950959052		0.202410392530928	497.31235433999	626	0.029117167481947356	1.9199331504357007	0.6681770977415091	True
ENSMUSG00000025358	0.012027915214368		-0.461106782986527	96.8918896889355	627	0.02916375494991847	1.9198096419335007	0.6681497997004077	True
ENSMUSG00000054404	0.0120451781237421		-0.701630841949068	890.409707111063	628	0.029210342417889588	1.9191867732840435	0.6681983081404032	True
ENSMUSG00000045827	0.0120566593299046		-0.444614536123677	1131.76266954148	629	0.029256929885860705	1.9187730102364158	0.6682150728380528	True
ENSMUSG00000038766	0.0120626466679476		-0.251757703028313	766.945996254399	630	0.02930351735383182	1.918557393093285	0.6682017575546583	True
ENSMUSG00000019188	0.0120654187970331	0.223924968450713	0.138714736442519	8591.34588265464	631	0.029350104821802937	1.9184575989036512	0.6681708595094374	True
ENSMUSG00000097381	0.0120881021112296		0.871425926868654	28.9565597206001	632	0.02939669228977405	1.917641880059149	0.6682486440034903	True
ENSMUSG00000086517	0.0121226489575021		3.2157768452087	5.02819079139574	633	0.029443279757745168	1.9164024707699756	0.6683907477706396	True
ENSMUSG00000038077	0.0121333474598598	0.223924968450713	0.181245083073609	10697.5662955922	634	0.029489867225716282	1.916019365433058	0.6684028584061255	True
ENSMUSG00000021243	0.0121742506846025		-0.161502912975248	970.481386450318	635	0.0295364546936874	1.9145577597689267	0.6685786931896375	True
ENSMUSG00000020821	0.0122135500604271	0.223924968450713	-0.403598643484997	3594.27092313013	636	0.029583042161658513	1.913158083183528	0.6687451266912047	True
ENSMUSG00000027849	0.0122163267538413	0.223924968450713	0.256166219485891	5465.83090710658	637	0.02962962962962963	1.9130593595884737	0.6687140661219855	True
ENSMUSG00000025702	0.0122467730155001	0.223924968450713	-0.176413972474791	2869.85765559773	638	0.029676217097600745	1.9119783313962275	0.6688321264934086	True
ENSMUSG00000035799	0.0122517379016366		-1.01249769177153	182.758833994113	639	0.029722804565571862	1.9118023025192747	0.6688128014249559	True
ENSMUSG00000058793	0.012257141130207	0.223924968450713	0.198699187785598	74918.187807405	640	0.029769392033542976	1.911610813354262	0.66879582334002	True
ENSMUSG00000022123	0.01226588213		-1.11431390346379	65.024906077057	641	0.029815979501514094	1.9113012130169051	0.668796775385077	True
ENSMUSG00000044080	0.0123588357300591		-0.46130559702302	836.90520415056	642	0.029862566969485208	1.9080224402364319	0.669248469276312	True
ENSMUSG00000057003	0.0123600021447659	0.224654211490106	-5.7399206706309	2742.79445367008	643	0.029909154437456325	1.9079814538863684	0.66920864377582	True
ENSMUSG00000021814	0.0123902177599768	0.224654211490106	0.0878986511734256	16979.2524382341	644	0.02995574190542744	1.9069210607647564	0.6693235715943141	True
ENSMUSG00000056214	0.0123922509704695		-0.395674343301036	518.355735044082	645	0.030002329373398556	1.90684979973672	0.6692883420088468	True
ENSMUSG00000033933	0.0124513577053739		-0.147590751779661	1274.28729015973	646	0.03004891684136967	1.9047832901904813	0.6695560055755652	True
ENSMUSG00000051355	0.0124548547668339		-0.191592754804263	521.812323232503	647	0.030095504309340788	1.9046613323049433	0.6695284721396425	True
ENSMUSG00000049288	0.0124823949583454		-0.220860217375316	2280.32290627096	648	0.0301420917773119	1.9037020799255993	0.669628046062138	True
ENSMUSG00000001119	0.012502731174773	0.225845215190749	-1.33929646837893	3423.73844287712	649	0.03018867924528302	1.9029951066263184	0.6696893221961154	True
ENSMUSG00000060284	0.0125102354041277		-2.81917251918256	17.5623564578978	650	0.030235266713254133	1.902734518144166	0.6696828338871605	True
ENSMUSG00000002059	0.0125667113077405		-0.42906154593574	656.450852562442	651	0.03028185418122525	1.9007783617549097	0.6699337450467139	True
ENSMUSG00000031255	0.0126011581883234		-0.865914169877012	57.3813926005569	652	0.030328441649196364	1.8995895364950002	0.6700681697924611	True
ENSMUSG00000055865	0.0126120764871742		0.341723232764716	932.040990552031	653	0.030375029117167482	1.8992134040946875	0.6700792218857508	True
ENSMUSG00000047686	0.0126867797051432		-1.80155279564732	9.60971520512983	654	0.0304216165851386	1.8966486012125996	0.6704225299838805	True
ENSMUSG00000046743	0.0126940301297966		-0.383869371753629	466.08715580018	655	0.030468204053109713	1.8964004752052295	0.6704141497811406	True
ENSMUSG00000020827	0.0127056363643757	0.228654045467851	0.14817214365728	14330.1003555189	656	0.03051479152108083	1.8960035783416151	0.670428354070102	True
ENSMUSG00000025789	0.0127474243163996		-0.640894184614926	102.959039789619	657	0.030561378989051945	1.8945775578321578	0.6705987867698275	True
ENSMUSG00000032334	0.0127568296321144		-1.20618942122131	815.996346802793	658	0.030607966457023062	1.8942572444515815	0.6706013651323085	True
ENSMUSG00000021217	0.0127875500739644		0.191603630320533	1458.02994503295	659	0.030654553924994176	1.8932126526499615	0.6707138941961726	True
ENSMUSG00000022952	0.0128129567263541	0.229728216695933	0.249277245014078	4589.50116271596	660	0.030701141392965293	1.8923506406089463	0.6707987063321902	True
ENSMUSG00000024818	0.0128487300453208		-0.32164628654004	237.825811600826	661	0.030747728860936407	1.8911397954116809	0.6709364738636483	True
ENSMUSG00000112058	0.0128708260878177		0.610555580294301	123.449751410233	662	0.030794316328907525	1.890393577892254	0.6710037075540087	True
ENSMUSG00000047003	0.0128795560039027		-0.226394820823181	324.025043620165	663	0.03084090379687864	1.8900991081236158	0.671002362669329	True
ENSMUSG00000050953	0.0128808215387895		-0.556251212372947	1886.9407289797	664	0.030887491264849756	1.8900564367910606	0.6709627929613631	True
ENSMUSG00000108325	0.0128841935342346		0.389581284384895	134.884562551376	665	0.03093407873282087	1.8899427602402012	0.670934002358956	True
ENSMUSG00000040584	0.0128988697904042		-0.762513494731172	2014.26948576476	666	0.030980666200791988	1.8894483412739518	0.6709630112082543	True
ENSMUSG00000004031	0.0130022920610389		0.223093860652947	2545.96633968462	667	0.0310272536687631	1.8859800829455924	0.671443470375779	True
ENSMUSG00000053141	0.0130256752141457	0.230884642078933	0.293535191346131	19298.1067835798	668	0.03107384113673422	1.8851997548478592	0.6715158822985711	True
ENSMUSG00000018411	0.0130409094157424	0.230884642078933	0.199742463235631	22060.0464835914	669	0.031120428604705333	1.8846921217584565	0.6715468971473119	True
ENSMUSG00000036435	0.0130411810849559	0.230884642078933	0.186576630451727	3462.87821931613	670	0.03116701607267645	1.8846830745971235	0.6715022230470268	True
ENSMUSG00000071656	0.0130607652796105		-0.769489212023496	312.255673021462	671	0.031213603540647564	1.8840313753599691	0.6715551081787012	True
ENSMUSG00000020866	0.0130618140874356		-1.48338175960546	197.195847689872	672	0.03126019100861868	1.8839965019697986	0.6715143546866964	True
ENSMUSG00000025776	0.0130777375579637		-0.393441270629382	346.306682860092	673	0.031306778476589796	1.8834673822410184	0.671548631362659	True
ENSMUSG00000030339	0.0130810910989287		-0.287074363108103	1086.82514931377	674	0.03135336594456091	1.8833560298281855	0.6715194879392942	True
ENSMUSG00000068196	0.0130816684775245		-1.27194138788599	1795.38639088053	675	0.03139995341253203	1.8833368611821997	0.6714763503535651	True
ENSMUSG00000042532	0.0131718441690673	0.230884642078933	0.112651208783994	4672.42657312871	676	0.031446540880503145	1.8803534158977633	0.6718832113954655	True
ENSMUSG00000042272	0.0131773102354029	0.230884642078933	0.188485106096791	7559.98654718666	677	0.03149312834847426	1.8801732292819135	0.6718645175018408	True
ENSMUSG00000000957	0.0132480057932105		-0.5089204561962	2124.79281593123	678	0.03153971581644538	1.877849490646846	0.6721712303042	True
ENSMUSG00000032547	0.0132655236984659		-0.234474040402336	1400.71527365747	679	0.03158630328441649	1.8772756001962076	0.6722123034994663	True
ENSMUSG00000053897	0.0132938019153512		-0.347410764928515	246.126375887888	680	0.03163289075238761	1.8763507967301378	0.6723066478278354	True
ENSMUSG00000027455	0.0132998138008302	0.230884642078933	0.0850527673831925	6468.47151636964	681	0.03167947822035872	1.8761544391711127	0.6722904088003127	True
ENSMUSG00000026433	0.0133048930627256		-0.428636166927441	236.053868184159	682	0.03172606568832984	1.8759886117142324	0.6722695350825291	True
ENSMUSG00000056812	0.0133056392127751	0.230884642078933	0.17635589625053	9558.02591582432	683	0.031772653156300956	1.8759642567824406	0.6722271848124861	True
ENSMUSG00000049090	0.0133558773969083	0.230884642078933	0.112883957070309	3300.76747651626	684	0.03181924062427207	1.8743275762971052	0.6724295972197775	True
ENSMUSG00000022564	0.013361753288831	0.230884642078933	0.137594244921046	30892.4834166691	685	0.031865828092243184	1.8741365513136816	0.6724125486687199	True
ENSMUSG00000026725	0.0133953369683262		-2.19810304796026	14.8033573778741	686	0.031912415560214305	1.8730463569610394	0.6725320005295694	True
ENSMUSG00000000303	0.0134003909211926	0.230884642078933	0.184061640395282	10964.264610778	687	0.03195900302818542	1.872882532050087	0.6725108228108341	True
ENSMUSG00000025933	0.0134356047000432		-0.144583973054524	1316.62232297513	688	0.03200559049615653	1.8717427823769222	0.6726377975276605	True
ENSMUSG00000033411	0.0134374173007892		-0.21049065499848	559.75704190815	689	0.03205217796412765	1.871684195553077	0.6726006439063531	True
ENSMUSG00000022629	0.0134463705906071	0.230884642078933	0.21128866673883	58230.8432626298	690	0.03209876543209877	1.8713949234815772	0.6725985099736645	True
ENSMUSG00000027555	0.0134608376145252		-0.707264124790897	805.73588866718	691	0.03214535290006988	1.8709279148484463	0.6726233577361985	True
ENSMUSG00000016933	0.013579259016988		0.119400216925007	2569.71167117708	692	0.032191940368040996	1.8671239276706233	0.6731547829706397	True
ENSMUSG00000024317	0.0136419712335804		-0.33858511330208	364.87886069575	693	0.03223852783601211	1.8651228705877814	0.6734125103801448	True
ENSMUSG00000028656	0.0136705396321107	0.230884642078933	0.0875484137954058	22020.8076422082	694	0.03228511530398323	1.8642143417143786	0.6735043841076699	True
ENSMUSG00000028780	0.0136714435012346		-0.421447422274656	1951.77514584371	695	0.032331702771954345	1.8641856279688465	0.67346269553707	True
ENSMUSG00000040681	0.0136833949357542		-0.298904852134577	2008.59101015876	696	0.03237829023992546	1.8638061380731263	0.6734742573224399	True
ENSMUSG00000058914	0.0136944194348552		-2.43099233927036	87.5627641195535	697	0.03242487770789657	1.86345637462457	0.6734813064181859	True
ENSMUSG00000006498	0.0136997027243153		-0.401103789910234	1496.73493479322	698	0.03247146517586769	1.863288856682295	0.6734606893283088	True
ENSMUSG00000024529	0.0137256507128205		-0.745329059536949	2294.4058549616	699	0.03251805264383881	1.8624670571300896	0.6735393969177591	True
ENSMUSG00000038916	0.0137285350003797	0.230884642078933	0.195733428543618	9873.81163023277	700	0.03256464011180992	1.8623758047295356	0.6735072021671924	True
ENSMUSG00000054555	0.0137299885236713		-1.05267184136991	135.732385178922	701	0.03261122757978104	1.862329825771862	0.6734681345806359	True
ENSMUSG00000030319	0.0137448300617517		-0.356724370091576	256.735947822109	702	0.032657815047752156	1.8618606253148555	0.6734933150778828	True
ENSMUSG00000071342	0.0137489786437278		-1.85915246284438	15.5705001193518	703	0.03270440251572327	1.86172956262413	0.6734671638172219	True
ENSMUSG00000030259	0.0137523132566578		-0.365017047164826	1319.98407850619	704	0.032750989983694384	1.8616242436444164	0.6734371044750834	True
ENSMUSG00000117458	0.0137861292403749		-0.51200519809527	76.3434837913225	705	0.032797577451665505	1.8605576544564726	0.6735529729012488	True
ENSMUSG00000031872	0.0138608035424335	0.230884642078933	0.160849319192515	8519.80938973984	706	0.03284416491963662	1.8582115919515398	0.6738630746284717	True
ENSMUSG00000022551	0.0138770981509556	0.230884642078933	-0.109391461659652	8225.31799662215	707	0.03289075238760773	1.8577013399895717	0.6738944870410043	True
ENSMUSG00000024807	0.0139192060494132	0.230884642078933	0.194968415421555	3009.14939854671	708	0.03293733985557885	1.8563855361473307	0.6740481880536984	True
ENSMUSG00000047921	0.0139237477156171	0.230884642078933	0.161176734233404	6668.67408249677	709	0.03298392732354997	1.8562438542981174	0.6740236488580803	True
ENSMUSG00000034783	0.0139372097463903		1.19513735863882	54.757532016138	710	0.03303051479152108	1.8558241640456934	0.6740413133482761	True
ENSMUSG00000029392	0.013938628998092		-0.282253222482603	1086.75213100363	711	0.033077102259492196	1.8557799412914537	0.6740019791573397	True
ENSMUSG00000028412	0.0139672730380977	0.230884642078933	0.0905701693123694	15684.5542065994	712	0.03312368972746331	1.8548883770003817	0.6740912775386007	True
ENSMUSG00000026571	0.0139859348266849	0.230884642078933	0.111300053598465	5667.94988117681	713	0.03317027719543443	1.8543084998679136	0.6741332595554567	True
ENSMUSG00000002017	0.0139866013373945	0.230884642078933	0.121671577752736	4824.14196200267	714	0.033216864663405544	1.854287803716398	0.674090353856112	True
ENSMUSG00000004360	0.0139896400322446	0.230884642078933	0.208340255193129	2660.34947272899	715	0.03326345213137666	1.8541934602058927	0.674058628358387	True
ENSMUSG00000031644	0.0140087047844178	0.230884642078933	0.169536420995091	4451.44944971706	716	0.03331003959934777	1.8536020168186822	0.6741023662163456	True
ENSMUSG00000036099	0.0140255664825887	0.230884642078933	0.138408484381911	4698.70601033664	717	0.03335662706731889	1.8530795888743672	0.6741356270310399	True
ENSMUSG00000046223	0.0140603836200146		0.366907000146924	1607.30022271194	718	0.03340321453529001	1.8520028299717655	0.674253039293425	True
ENSMUSG00000120718	0.0140836246993902		0.346625923959022	1995.80835108643	719	0.03344980200326112	1.851285556532524	0.6743158790631262	True
ENSMUSG00000026889	0.0141118329164062	0.230884642078933	0.0946746267486179	3123.31821830735	720	0.033496389471232235	1.850416574212849	0.6744017493378445	True
ENSMUSG00000061039	0.0141175538193419		0.45771064822621	475.087971247752	721	0.033542976939203356	1.850240547958099	0.6743824238713224	True
ENSMUSG00000022604	0.0141610912751359		0.187586603748398	1029.31372312321	722	0.03358956440717447	1.8489032779662904	0.674539383600737	True
ENSMUSG00000064281	0.0141648468232172		-1.75047710940496	6.83719882470462	723	0.033636151875145584	1.8487881175213212	0.6745108182641854	True
ENSMUSG00000020585	0.014168937288272	0.230884642078933	-0.211679974710307	17622.4330166315	724	0.033682739343116705	1.8486627218871152	0.6744838067033677	True
ENSMUSG00000018965	0.0141809116465586	0.230884642078933	0.0950882389045568	98857.6181268139	725	0.03372932681108782	1.84829584881845	0.6744934531631617	True
ENSMUSG00000029484	0.0141887951283347		-1.05801461920153	625.14800407148	726	0.03377591427905893	1.8480544820148492	0.6744840468644157	True
ENSMUSG00000127740	0.0141918695141256		-1.61548161174666	12.3292538281413	727	0.03382250174703005	1.8479603905757462	0.674452283100429	True
ENSMUSG00000035158	0.0142146958920817		-0.324229233105202	221.413350603942	728	0.03386908921500117	1.8472624271310194	0.6745121914733374	True
ENSMUSG00000031691	0.014218684087687	0.230884642078933	0.149302615290269	14257.8285300286	729	0.03391567668297228	1.8471405948791575	0.6744846389653143	True
ENSMUSG00000031310	0.0142992130539582	0.230884642078933	0.173914512100449	3577.51605881459	730	0.033962264150943396	1.8446878629354808	0.6748109338846373	True
ENSMUSG00000096145	0.0143367506296496		-0.383403911050505	162.32899100935	731	0.03400885161891451	1.843549268718461	0.6749377331948659	True
ENSMUSG00000004056	0.0143863604910831	0.230884642078933	-0.141717632690256	4053.75722527259	732	0.03405543908688563	1.842049061418339	0.6751194279858397	True
ENSMUSG00000019261	0.0143907147064978	0.230884642078933	0.15343395641203	3090.17831234651	733	0.034102026554856744	1.8419176365442633	0.6750933317072304	True
ENSMUSG00000031278	0.0144397421610272	0.230884642078933	0.199563574047131	7330.58963848656	734	0.03414861402282786	1.8404405615477406	0.6752715148472539	True
ENSMUSG00000026023	0.0144621545290416		0.268106366068586	2517.18065308124	735	0.03419520149079897	1.8397670023131691	0.6753277184846003	True
ENSMUSG00000085843	0.0144716645831473		-0.705688322352543	48.3255061241187	736	0.03424178895877009	1.8394815118873513	0.6753250104707531	True
ENSMUSG00000004113	0.0144733305796234	0.230884642078933	0.287495312352307	9324.7610012837	737	0.03428837642674121	1.8394315182305432	0.6752865523445547	True
ENSMUSG00000049791	0.0144919778750664		-0.553845668638451	752.550060627235	738	0.03433496389471232	1.8388723376753084	0.675325392471335	True
ENSMUSG00000053965	0.0145205577417315		-1.11000403265197	541.373052039124	739	0.034381551362683435	1.8380167018518834	0.6754092366514177	True
ENSMUSG00000072647	0.0145435547223175		0.50243359012215	69.3618958832366	740	0.034428138830654556	1.8373294306430623	0.6754675218656028	True
ENSMUSG00000039108	0.0145441089460894	0.230884642078933	0.119667828283548	3896.36702204897	741	0.03447472629862567	1.8373128809243464	0.6754239867077775	True
ENSMUSG00000024270	0.014587369629028	0.230884642078933	0.219365818461331	8911.25379821354	742	0.034521313766596784	1.8360230123276702	0.6755737505626637	True
ENSMUSG00000021209	0.0146098521146181		0.239386160711653	1755.36217651367	743	0.0345679012345679	1.8353541801047428	0.6756292366054626	True
ENSMUSG00000029122	0.0146273443000299		-0.411343819975055	508.977442826532	744	0.03461448870253902	1.8348345160166104	0.6756620778468037	True
ENSMUSG00000022103	0.0146284514382309	0.230884642078933	0.332452754675623	10816.6676975307	745	0.03466107617051013	1.8348016456742053	0.6756210202776646	True
ENSMUSG00000035673	0.0146612691742031	0.230884642078933	0.285216999146535	4900.65767972314	746	0.03470766363848125	1.833828432730718	0.6757227135147422	True
ENSMUSG00000022377	0.0146825283767883	0.230884642078933	0.233964751407402	22194.6967418475	747	0.03475425110645237	1.8331991511272212	0.6757721954875312	True
ENSMUSG00000032500	0.0146965758072222	0.230884642078933	0.164985404623792	2929.37911088978	748	0.03480083857442348	1.83278384084757	0.6757891950661897	True
ENSMUSG00000014668	0.0147544505553346		0.172831120839956	1275.20751471054	749	0.034847426042394596	1.8310769586634639	0.6760022645989644	True
ENSMUSG00000024096	0.0147693087907036	0.231249269533101	0.106822212462241	8469.33331610894	750	0.03489401351036571	1.8306398293601982	0.6760225764631752	True
ENSMUSG00000030341	0.0148570807887484	0.231249269533101	-0.252328822321843	2679.24156145665	751	0.03494060097833683	1.8280665150628095	0.6763671766556912	True
ENSMUSG00000138276	0.0148734585296267		0.675698301750846	66.2527036656947	752	0.034987188446307944	1.827588033113135	0.6763937661506371	True
ENSMUSG00000022391	0.0148737491272713	0.231249269533101	0.142956388173264	17231.9942658009	753	0.03503377591427906	1.8275795479500927	0.6763490067349479	True
ENSMUSG00000024769	0.0148938112063312		-0.353954938550765	381.31886977987	754	0.03508036338225017	1.8269941555663867	0.6763918260068211	True
ENSMUSG00000018820	0.014911574295002	0.231249269533101	0.107134791223564	5846.53273576642	755	0.03512695085022129	1.8264765033250308	0.6764243618352744	True
ENSMUSG00000040026	0.0149235065986342		3.860589004921	6.91580932131623	756	0.03517353831819241	1.8261291180493793	0.6764310499071776	True
ENSMUSG00000121016	0.0149323103951575		-0.91844460776128	19.9716503374063	757	0.03522012578616352	1.825872991053325	0.6764238843123732	True
ENSMUSG00000015133	0.0149507367768557		-0.491989701537069	634.918693171181	758	0.035266713254134635	1.8253374046480206	0.6764591426765911	True
ENSMUSG00000100714	0.0149926214430195		1.20685249578798	11.2380347761526	759	0.035313300722105756	1.8241224246099346	0.6765975379067837	True
ENSMUSG00000042793	0.0149981996888002		-0.747416922260199	49.0258395314166	760	0.03535988819007687	1.8239608684205562	0.6765760157797089	True
ENSMUSG00000046500	0.0150209406094469	0.231845759505868	0.304656556070155	2799.26794861063	761	0.035406475658047984	1.8233028710134755	0.6766298570191186	True
ENSMUSG00000032178	0.0150461792920043	0.231845759505868	0.116851918784608	2833.14957731688	762	0.0354530631260191	1.8225737673829625	0.6766944926973957	True
ENSMUSG00000036006	0.0150704428128028		-0.536596664786514	253.393584207728	763	0.03549965059399022	1.8218739866812927	0.6767546769430481	True
ENSMUSG00000086824	0.0151616297982652		0.931675334984751	27.5572003360311	764	0.03554623806196133	1.8192541117416494	0.6771063453777264	True
ENSMUSG00000026721	0.0152329496401297	0.233576673386608	0.140623319674261	8578.44238127305	765	0.03559282552993245	1.8172159936830534	0.6773696989113291	True
ENSMUSG00000032023	0.0152471956323144		0.208696414097924	1348.38063032222	766	0.03563941299790356	1.8168100273603693	0.6773852800097563	True
ENSMUSG00000028469	0.0152553705404897	0.233576673386608	0.169502458488586	6601.06359416489	767	0.03568600046587468	1.8165772392352333	0.677374571405589	True
ENSMUSG00000041658	0.0152819652545535		0.108730774953766	2622.5831222168	768	0.035732587933845796	1.815820792074076	0.6774433580295321	True
ENSMUSG00000085928	0.0152939854041469		-1.18048569943358	14.5235877785295	769	0.03577917540181691	1.8154793286169126	0.6774491471265696	True
ENSMUSG00000003746	0.0153412565818446		-0.66155620466886	863.858597019535	770	0.03582576286978803	1.8141390664489223	0.6776065610899642	True
ENSMUSG00000113853	0.0153622325396417		0.503563811449128	91.3482418483017	771	0.035872350337759144	1.8135456652165645	0.6776505961629727	True
ENSMUSG00000026484	0.0153736224743194		-0.196468723381377	910.589692326303	772	0.03591893780573026	1.813223787982048	0.6776534119297898	True
ENSMUSG00000024614	0.0154306791253824	0.234826665987602	0.115007337156242	9133.15179337355	773	0.03596552527370137	1.8116149596195714	0.6778515961834394	True
ENSMUSG00000038803	0.0154388478006223		-0.186608951838313	2323.5750048982	774	0.03601211274167249	1.811385114136519	0.6778404408649266	True
ENSMUSG00000072601	0.0154417464335725		-1.88156661434409	32.8098199376097	775	0.03605870020964361	1.8113035833026572	0.6778067703102418	True
ENSMUSG00000001507	0.0154861700455775	0.234826665987602	0.250731239441124	6931.99566110059	776	0.03610528767761472	1.810055976284516	0.677950118551924	True
ENSMUSG00000034353	0.0154972292702985		-1.62858808966489	194.255238611201	777	0.036151875145585835	1.809745941841525	0.6779511364973553	True
ENSMUSG00000036781	0.0155285331450353		-0.207344321412053	1268.51173275097	778	0.036198462613556956	1.8088695666220092	0.6780381290677255	True
ENSMUSG00000021273	0.0155290896954723	0.234826665987602	0.140134065591406	18395.898021388	779	0.03624505008152807	1.808854001568305	0.6779944444306315	True
ENSMUSG00000021408	0.0155476163334028		-0.361368110194332	432.764261385745	780	0.036291637549499184	1.8083361849395312	0.6780270052142836	True
ENSMUSG00000031482	0.0155531560063461		-0.187496108789236	591.732971311217	781	0.0363382250174703	1.808181471777428	0.6780044442661883	True
ENSMUSG00000031871	0.0155803944649665		-0.571773426933616	1444.20559864054	782	0.03638481248544142	1.8074215510415308	0.6780737582038934	True
ENSMUSG00000020070	0.0155838188161559	0.234826665987602	0.131541819390521	8284.14930458711	783	0.03643139995341253	1.8073261097211788	0.678042199361641	True
ENSMUSG00000027808	0.0156390477135226	0.234826665987602	-0.21161605797239	3007.64742659648	784	0.03647798742138365	1.8057896953524895	0.678229390647427	True
ENSMUSG00000061322	0.0156590361180258		-0.909341712372101	20.8188722597614	785	0.03652457488935476	1.8052349741750058	0.6782675538084204	True
ENSMUSG00000045515	0.0156920609105795		-2.24474835326381	8.38877562996483	786	0.03657116235732588	1.804320014774134	0.6783604037365127	True
ENSMUSG00000038128	0.0156995827194904		0.229835216952665	846.85818713461	787	0.036617749825296995	1.8041118905863758	0.6783459509683131	True
ENSMUSG00000031312	0.0157131421647202		-4.54316224139491	7.58323398810688	788	0.03666433729326811	1.8037369601956872	0.6783568205878506	True
ENSMUSG00000083863	0.0157471330178419		-0.774229966257292	43.2569978508632	789	0.03671092476123922	1.8027985039613148	0.6784532375051678	True
ENSMUSG00000024899	0.0157652559505888		-0.875383940932849	196.954268748825	790	0.036757512229210344	1.8022989740422408	0.6784830222340608	True
ENSMUSG00000074743	0.0157853952597399	0.234826665987602	-1.05324855349852	3399.76607867962	791	0.03680409969718146	1.8017445390821976	0.6785211419451771	True
ENSMUSG00000032076	0.0157989468210126	0.234826665987602	0.184614768359228	24886.7818299815	792	0.03685068716515257	1.801371862733391	0.6785316693848584	True
ENSMUSG00000052516	0.0158079418921116	0.234826665987602	0.246089644779722	13199.3283104798	793	0.03689727463312369	1.80112466916217	0.678523147631569	True
ENSMUSG00000029864	0.015820399803285		-0.328593548494566	448.301494007996	794	0.03694386210109481	1.8007825454801538	0.6785290369555133	True
ENSMUSG00000026094	0.0158272905876959		-0.497834537175844	552.77820377885	795	0.03699044956906592	1.8005934239577959	0.6785116994453024	True
ENSMUSG00000015337	0.0158548759079521		-0.182773490028064	513.05135447804	796	0.037037037037037035	1.7998371527351298	0.6785804593605104	True
ENSMUSG00000078676	0.0158597502809264	0.234826665987602	0.132562584191128	3940.42569780623	797	0.037083624505008156	1.7997036551312457	0.6785546777372732	True
ENSMUSG00000003033	0.0158711557114152	0.234826665987602	0.116570983813465	8984.6693058619	798	0.03713021197297927	1.7993914474848878	0.6785560255906894	True
ENSMUSG00000004568	0.0158725882463111	0.234826665987602	0.171215541744608	2975.67858412683	799	0.037176799440950384	1.7993522497140342	0.6785159285709408	True
ENSMUSG00000023885	0.0159372909892947		-1.11186612426411	919.247725736929	800	0.0372233869089215	1.797585497769652	0.678738086766228	True
ENSMUSG00000028540	0.0159698304523601		0.198015013480546	704.798346150566	801	0.03726997437689262	1.7966996946314169	0.6788265105628308	True
ENSMUSG00000078532	0.0159989528474195		0.325055453843403	962.568400453881	802	0.03731656184486373	1.7959084415609397	0.678900580975481	True
ENSMUSG00000032570	0.0160110744021882	0.234965738949937	0.122672447007299	8592.96184737298	803	0.03736314931283485	1.7955795243401753	0.6789044654631147	True
ENSMUSG00000020151	0.0160209430240729	0.234965738949937	0.239183840670837	2741.94230297539	804	0.03740973678080596	1.7953119240759094	0.678899041593385	True
ENSMUSG00000026399	0.0160281418441902	0.234965738949937	0.223821718901398	23523.4774523725	805	0.03745632424877708	1.7951168228479906	0.6788826118457161	True
ENSMUSG00000014195	0.0161126268853806	0.235338392691118	0.0900343353066204	10692.7185018228	806	0.037502911716748195	1.7928336495979724	0.6791831665293071	True
ENSMUSG00000028292	0.0162404237454905		0.140193412062919	952.880838072319	807	0.03754949918471931	1.7894026433259167	0.679657970565325	True
ENSMUSG00000041073	0.0162638190989586	0.235338392691118	0.175293949401788	17194.7843618186	808	0.03759608665269042	1.7887774649627983	0.6797068296365552	True
ENSMUSG00000029156	0.016271139069518	0.235338392691118	0.0989488197649552	5767.64488655176	809	0.037642674120661544	1.7885820429887591	0.6796904485804666	True
ENSMUSG00000068798	0.0162907591342347		-0.139442183502721	2607.86439418763	810	0.03768926158863266	1.7880586775007317	0.6797238517210755	True
ENSMUSG00000067279	0.0163063542693849		-1.39235182408372	440.964154874372	811	0.03773584905660377	1.787643126493307	0.6797408878439505	True
ENSMUSG00000031780	0.0163088419063728		2.74551455642275	11.6390330125633	812	0.037782436524574886	1.7875768771895715	0.679704897442496	True
ENSMUSG00000047067	0.016343727816673		-0.149340227106489	860.48379825466	813	0.03782902399254601	1.7866488789197397	0.6797997267651771	True
ENSMUSG00000032852	0.0163861425313335		0.294919617407155	658.588949238496	814	0.03787561146051712	1.7855232718431298	0.679924554533585	True
ENSMUSG00000004127	0.0163964983825042		0.169636035984673	1209.68842494443	815	0.037922198928488235	1.7852488894844742	0.6799201602348233	True
ENSMUSG00000063297	0.0164167323194892	0.235338392691118	0.117606648863971	9680.27603076122	816	0.037968786396459356	1.7847132830778167	0.6799554216353911	True
ENSMUSG00000031610	0.0164208977599369		-1.95417432170649	9.59149582817563	817	0.03801537386443047	1.7846031029091223	0.6799261002568899	True
ENSMUSG00000024777	0.0164255190223441	0.235338392691118	0.109322968707305	26162.3146930976	818	0.038061961332401584	1.7844808984818072	0.6798986042477917	True
ENSMUSG00000022438	0.0164276178389375	0.235338392691118	0.171824425647971	10325.6264179953	819	0.0381085488003727	1.7844254088358638	0.6798609804524838	True
ENSMUSG00000032125	0.0164935494841288		-0.427375094527832	279.501328242786	820	0.03815513626834382	1.7826858722215961	0.6800790071638728	True
ENSMUSG00000084228	0.0165121999369919		-1.18494719528348	14.3009483603569	821	0.03820172373631493	1.782195061392114	0.6801074682719204	True
ENSMUSG00000041075	0.0165197925820287		-0.639144455996267	974.686777164228	822	0.038248311204286047	1.781995409863451	0.6800917292928065	True
ENSMUSG00000027954	0.0165255005136538		0.154694721174328	1877.40319641736	823	0.03829489867225716	1.7818453780132062	0.6800684576877218	True
ENSMUSG00000026102	0.0165274703953642		0.128820242186124	2632.93400564604	824	0.03834148614022828	1.7817936120911535	0.6800302686042021	True
ENSMUSG00000032020	0.016550723348818	0.235338392691118	0.161789048536586	21319.781355602	825	0.038388073608199395	1.7811830206474668	0.6800769132755884	True
ENSMUSG00000036622	0.0165739726664418	0.235338392691118	0.125480869296044	13721.2264289898	826	0.03843466107617051	1.7805733817239637	0.6801234133475235	True
ENSMUSG00000030678	0.016574847061509	0.235338392691118	0.107220805582979	8469.82308591307	827	0.03848124854414162	1.7805504702021724	0.6800808439574053	True
ENSMUSG00000027475	0.0165949661359292	0.235338392691118	0.155763824930904	7607.01280638066	828	0.038527836012112744	1.7800236294858134	0.6801147746628036	True
ENSMUSG00000074582	0.0166285722981173	0.235338392691118	0.219573220125501	12632.0670814687	829	0.03857442348008386	1.7791450369901403	0.6802021038317272	True
ENSMUSG00000027303	0.0166391026140724	0.235338392691118	0.0611713952886776	10857.6114877238	830	0.03862101094805497	1.77887009993627	0.6801977937397097	True
ENSMUSG00000006641	0.0166463540618964		-0.457601332448816	1432.10453436222	831	0.038667598416026086	1.7786808723191607	0.6801804723354494	True
ENSMUSG00000038893	0.0166560452182805		-0.354825266242364	370.531106858203	832	0.03871418588399721	1.7784281087975733	0.6801727961409006	True
ENSMUSG00000032058	0.0166838346154496		-0.524976974613897	245.132161104661	833	0.03876077335196832	1.7777041239061409	0.680236654757573	True
ENSMUSG00000032180	0.0166927193909948		-0.340161732557176	565.484113447151	834	0.038807360819939435	1.7774729071614388	0.6802257076064937	True
ENSMUSG00000024258	0.0167068250268273		-0.175119698500127	799.175535747356	835	0.03885394828791055	1.7771060758003057	0.6802353477347828	True
ENSMUSG00000041688	0.0167159547338059		-0.254454386137476	701.623802474386	836	0.03890053575588167	1.7768688135803938	0.6802253183305536	True
ENSMUSG00000097943	0.0167599111883863		2.6702207236975	4.73561849618669	837	0.038947123223852784	1.775728287047983	0.6803524109802308	True
ENSMUSG00000032120	0.0167750441029115	0.235889842681376	0.144286163505576	6121.05324235008	838	0.0389937106918239	1.7753363293630882	0.6803658654661485	True
ENSMUSG00000023048	0.0167759104374273	0.235889842681376	0.113334564718052	12107.649532227	839	0.03904029815979502	1.7753139011308705	0.6803232227091788	True
ENSMUSG00000000184	0.0168449024790594		-0.549711216167419	1023.24025455066	840	0.03908688562776613	1.773531498955878	0.6805477567226356	True
ENSMUSG00000110332	0.016851861748132		-0.521524986703766	117.222840340028	841	0.039133473095737246	1.7733521124617384	0.6805289413647498	True
ENSMUSG00000028149	0.0168958170812066	0.236885249368197	0.142006533565793	37512.7309593862	842	0.03918006056370836	1.7722208009131277	0.680654635113255	True
ENSMUSG00000023411	0.0169236864217771		-1.13186996513319	142.257503320356	843	0.03922664803167948	1.7715050302890725	0.6807172467447444	True
ENSMUSG00000039831	0.0169337286589203		-0.503068976158686	1208.60816088468	844	0.039273235499650595	1.7712474035154542	0.6807103088270188	True
ENSMUSG00000031994	0.016955810413857		0.298264247518203	516.665518629758	845	0.03931982296762171	1.7706814480059194	0.6807501774408498	True
ENSMUSG00000021835	0.0169715277587796		-1.67426951174546	292.939149400438	846	0.03936641043559282	1.7702790611977568	0.6807652151430901	True
ENSMUSG00000019933	0.0169936883722387		-1.52311710483053	12.7928214409832	847	0.039412997903563944	1.7697123500383516	0.6808051984700355	True
ENSMUSG00000019763	0.0170140072704309		0.138896941510411	908.219824929912	848	0.03945958537153506	1.7691933859482236	0.6808379334466179	True
ENSMUSG00000005802	0.0170437129809698		-0.185107822807659	1651.06917154095	849	0.03950617283950617	1.7684357880030666	0.6809068947678931	True
ENSMUSG00000034390	0.0171139798506153	0.238642701957835	0.163628572837844	12514.9499550742	850	0.039552760307477286	1.7666489836691366	0.6811320970609074	True
ENSMUSG00000045160	0.0171153018749585		-0.187225755461798	1026.67231233434	851	0.03959934777544841	1.7666154364926527	0.6810911422400755	True
ENSMUSG00000029134	0.0171365836318243		-1.35705111953611	16.4294146857004	852	0.03964593524341952	1.7660757552094393	0.681127022236369	True
ENSMUSG00000005493	0.0171475612530716		-1.38577820817199	10.7572006919552	853	0.039692522711390635	1.765797637116597	0.6811231950490688	True
ENSMUSG00000038530	0.0171652049768485	0.238642701957835	0.173867900752289	82173.3436143683	854	0.03973911017936175	1.765351006116314	0.6811449493395911	True
ENSMUSG00000047139	0.017169607625828	0.238642701957835	0.204297268623258	83126.3761758046	855	0.03978569764733287	1.7652396295848525	0.6811158095776084	True
ENSMUSG00000048776	0.0172386246735013		-0.715142732557744	383.210254030245	856	0.039832285115303984	1.7634973858741387	0.6813342472458124	True
ENSMUSG00000037280	0.0172432197786604		0.317721509522747	344.919228857203	857	0.0398788725832751	1.7633816363335975	0.681305771338228	True
ENSMUSG00000032468	0.0172686790455146	0.239329997231371	0.126730329612962	4486.67759936024	858	0.03992546005124621	1.762740882188478	0.6813569949257905	True
ENSMUSG00000024174	0.0172727178440868		0.252401193708753	269.340317898868	859	0.03997204751921733	1.7626393212732072	0.681326365082296	True
ENSMUSG00000070867	0.0173179642590882		-1.49308708258575	461.611441336927	860	0.040018634987188446	1.7615031609911047	0.6814527949036052	True
ENSMUSG00000096847	0.0173977528948258	0.240090147175457	0.192161631303145	4428.81964652798	861	0.04006522245515956	1.759506841855273	0.681709803058495	True
ENSMUSG00000031696	0.0174230876034439	0.240090147175457	0.1108177124222	16367.0469196049	862	0.04011180992313068	1.7588748797350313	0.6817596919531083	True
ENSMUSG00000071398	0.0174384934814174		-2.5470656316368	9.80445888014664	863	0.040158397391101795	1.7584910366607875	0.6817719145824547	True
ENSMUSG00000030946	0.0174552340685637		-0.253106200931983	289.333973178053	864	0.04020498485907291	1.7580743230741493	0.6817891271932606	True
ENSMUSG00000010830	0.0175050581668002		-0.451913254160218	407.134744069703	865	0.04025157232704402	1.7568364417982125	0.6819309989969519	True
ENSMUSG00000029563	0.0175051880349939		-0.703366074729982	355.16776249734	866	0.040298159795015144	1.756833219824875	0.6818854405910085	True
ENSMUSG00000036817	0.0175065101996401	0.240552417928388	0.127769771358341	2979.95877802487	867	0.04034474726298626	1.7568004188560995	0.6818443724904509	True
ENSMUSG00000062044	0.0175421681955839		0.316689436035758	266.249633995935	868	0.04039133473095737	1.7559167292605855	0.6819324754359861	True
ENSMUSG00000024511	0.0176181697247941	0.241398956200801	0.262119405607158	6169.50173083441	869	0.040437922198928486	1.7540392105499125	0.6821714488273221	True
ENSMUSG00000044534	0.0176656823233436		-1.1516122493467	22.6989664392206	870	0.04048450966689961	1.7528695836160488	0.6823029591283573	True
ENSMUSG00000032113	0.0176736671055077		-0.468535518419267	72.4660330012175	871	0.04053109713487072	1.7526733294716954	0.6822867044017396	True
ENSMUSG00000029777	0.0177217454773454	0.242130250530416	0.144034014359732	20004.0123693135	872	0.040577684602841835	1.7514935051438552	0.6824197627409151	True
ENSMUSG00000021764	0.0177782884166783	0.242216624388812	-0.138188093712801	3867.07466964485	873	0.04062427207081295	1.7501100525318591	0.6825837333260085	True
ENSMUSG00000039201	0.0177835936529491		0.2106331217156	1013.14190856667	874	0.04067085953878407	1.7499804736276727	0.6825573568158221	True
ENSMUSG00000078908	0.0177996154118999		0.129000987830632	2561.4118268871	875	0.040717447006755184	1.7495893811907732	0.682570679950838	True
ENSMUSG00000039155	0.0178023897743941		0.791017660145545	28.3914626412615	876	0.0407640344747263	1.7495216945355883	0.6825349077497265	True
ENSMUSG00000021136	0.0178155421343665		-1.05460877491522	1340.74323726576	877	0.04081062194269741	1.749200957349933	0.682537550448883	True
ENSMUSG00000052544	0.0178330619122056		0.316931921461529	749.311036017574	878	0.04085720941066853	1.7487740826570373	0.682556305589091	True
ENSMUSG00000022710	0.0178437324709578	0.242245516596203	0.135955766972845	8696.11975665324	879	0.040903796878639646	1.7485142967091565	0.6825496954496307	True
ENSMUSG00000044456	0.0179278707416004		-0.459833033713513	357.027302429975	880	0.04095038434661076	1.7464712876874113	0.6828137914668048	True
ENSMUSG00000055805	0.0179362305041872	0.242245516596203	0.226784459346735	5646.83665361207	881	0.040996971814581874	1.7462688234571027	0.6827984794761387	True
ENSMUSG00000032193	0.0179413143885511	0.242245516596203	0.245693057615996	15335.5323322997	882	0.041043559282552995	1.7461457435224386	0.6827711163753865	True
ENSMUSG00000038670	0.0179536257464814		-4.22412489645197	497.689729141335	883	0.04109014675052411	1.7458478321731836	0.6827702939475296	True
ENSMUSG00000059401	0.0179602504264201		0.265870626583381	1142.1929743915	884	0.04113673421849522	1.7456876120977713	0.6827485689886938	True
ENSMUSG00000036862	0.0179916206847683		-0.547158852419218	303.547211173381	885	0.041183321686466344	1.7449297136556032	0.6828175759275881	True
ENSMUSG00000051510	0.0180007499003494	0.242245516596203	0.140331868498175	6245.23854231592	886	0.04122990915443746	1.7447094020744793	0.6828049732938252	True
ENSMUSG00000047514	0.0180315447767026	0.242245516596203	0.0932351350633377	13358.3086295266	887	0.04127649662240857	1.7439670653319996	0.6828716178541842	True
ENSMUSG00000048796	0.0180351278265747		0.121552077801856	1824.28127443202	888	0.041323084090379686	1.74388077520981	0.6828386697938807	True
ENSMUSG00000021022	0.0180506358450724		0.103602809497981	2073.85873207138	889	0.04136967155835081	1.7435074951908685	0.6828492888750536	True
ENSMUSG00000019102	0.0180706269004893		-1.50406165799972	45.3530893948271	890	0.04141625902632192	1.7430267807705246	0.6828762172751895	True
ENSMUSG00000050295	0.018141602219839		-1.05533193371198	502.548487689924	891	0.041462846494293035	1.7413243598058696	0.6830886095625937	True
ENSMUSG00000025738	0.0181706359225905	0.242994624885955	0.175514606587427	8652.58607900223	892	0.04150943396226415	1.7406298733062098	0.6831479901100999	True
ENSMUSG00000030116	0.0181840184194564		-0.515275193487223	2295.50423799917	893	0.04155602143023527	1.7403101373653436	0.6831504808130576	True
ENSMUSG00000041977	0.0181919580530937	0.242994624885955	0.189042108515387	17573.5651296884	894	0.041602608898206384	1.7401205540487625	0.6831332134065491	True
ENSMUSG00000031274	0.0182211715729952		-0.62675796260759	144.594814460524	895	0.0416491963661775	1.7394237024821688	0.6831929529883172	True
ENSMUSG00000031070	0.0182950551035408		-0.714678165799651	295.343565712333	896	0.04169578383414861	1.7376662781080836	0.6834136951909882	True
ENSMUSG00000003421	0.0183044286297301	0.242994624885955	0.0922105821566625	4521.66380069881	897	0.04174237130211973	1.7374438230145275	0.6834014179579115	True
ENSMUSG00000004567	0.0183464050358359	0.242994624885955	0.14364877321922	3303.75876842196	898	0.041788958770090846	1.7364490227499987	0.6835063883064156	True
ENSMUSG00000128635	0.0183477414737517		-1.75450858151946	5.90210316135476	899	0.04183554623806196	1.7364173878617288	0.6834651431864056	True
ENSMUSG00000064326	0.0183616629381951		-0.253631022511733	309.644694344765	900	0.041882133706033074	1.7360879891381877	0.6834691007696423	True
ENSMUSG00000042251	0.0183645822026245		-0.81872956390025	57.7563163832471	901	0.041928721174004195	1.7360189474797925	0.6834335342678158	True
ENSMUSG00000035640	0.0183812832504019	0.242994624885955	0.132468467832699	8838.20715177528	902	0.04197530864197531	1.7356241725410755	0.6834474164332348	True
ENSMUSG00000034656	0.0184005232104943	0.242994624885955	0.2732197996748	5629.36086512129	903	0.04202189610994642	1.7351698278491612	0.6834703417179223	True
ENSMUSG00000030790	0.0184067832905607		-1.0514779664748	115.555214883764	904	0.04206848357791754	1.7350221007528985	0.683446720234518	True
ENSMUSG00000036452	0.0184579273567115	0.242994624885955	0.298188188955527	4558.93934079099	905	0.04211507104588866	1.7338170675614364	0.6835836054614701	True
ENSMUSG00000024960	0.0184903643651556	0.242994624885955	0.226232241007091	31870.6412126201	906	0.04216165851385977	1.733054530689538	0.6836533165475367	True
ENSMUSG00000000148	0.0184968240968635		0.177736760876879	1384.52949192983	907	0.042208245981830886	1.7329028335219243	0.6836302977496701	True
ENSMUSG00000069378	0.018525368360704		-1.9079516580407	126.626854784101	908	0.04225483344980201	1.7322331476978605	0.6836859133752935	True
ENSMUSG00000029019	0.0185506264917828		0.387634082545311	631.389170714504	909	0.04230142091777312	1.7316414188074367	0.6837296945747044	True
ENSMUSG00000058443	0.0185608162003822		-1.2152173498504	11.9948832153714	910	0.042348008385744235	1.7314029298667164	0.683719851395564	True
ENSMUSG00000040007	0.0186001846371958	0.243773615503248	0.206702780575463	3679.61468306176	911	0.04239459585371535	1.7304827446790032	0.6838134946358853	True
ENSMUSG00000029321	0.0186699801520363		0.276488595678397	668.561526583977	912	0.04244118332168647	1.7288561437469954	0.6840143768940986	True
ENSMUSG00000032118	0.0187054451537292	0.244488785843999	0.135844555200572	27771.9357673742	913	0.042487770789657583	1.7280319519668317	0.6840934476410505	True
ENSMUSG00000028893	0.0187144839451198		-0.323501292742069	556.648040576708	914	0.0425343582576287	1.7278221441240649	0.6840792504638553	True
ENSMUSG00000074207	0.0187650372412467		-0.818131097580576	353.576524456043	915	0.04258094572559981	1.7266505693456553	0.6842110564617769	True
ENSMUSG00000014313	0.018777732533946	0.244577829952933	-0.178819296739639	8242.05439049797	916	0.04262753319357093	1.7263568512311624	0.684209597470563	True
ENSMUSG00000003153	0.0188136792271487	0.244577829952933	0.127756756272703	7363.47907798268	917	0.042674120661542046	1.7255262649601153	0.6842896389474679	True
ENSMUSG00000026147	0.0188575218659629		-2.6820285240748	13.9304246379508	918	0.04272070812951316	1.7245153800319295	0.6843970510642189	True
ENSMUSG00000121513	0.0189333289051697	0.245471627176434	0.177159216047639	5318.42257514169	919	0.042767295597484274	1.7227730205822662	0.6846155063024322	True
ENSMUSG00000020122	0.018965731286237		-0.817274813505201	485.343243947078	920	0.042813883065455395	1.7220304069841588	0.6846821928914774	True
ENSMUSG00000012017	0.0189806915020538		-1.09192913563493	459.716937977864	921	0.04286047053342651	1.7216879694611185	0.6846881298587583	True
ENSMUSG00000097006	0.0190112763631225		-0.333896234546495	143.058114339702	922	0.04290705800139762	1.7209887248571796	0.6847482327208988	True
ENSMUSG00000001761	0.0190176545571011		-0.449578875767225	1233.11519529665	923	0.04295364546936874	1.7208430455331305	0.6847243003708655	True
ENSMUSG00000061758	0.0190194499848022		-0.304021986361433	319.668024815037	924	0.04300023293733986	1.7208020463901508	0.6846844768124308	True
ENSMUSG00000019935	0.0190951727788332		0.379257542111162	942.947827120785	925	0.04304682040531097	1.7190764076465488	0.684900393726561	True
ENSMUSG00000027366	0.0191288824145838		-0.180615765191522	2154.39475818015	926	0.043093407873282086	1.7183104024430336	0.6849706313304456	True
ENSMUSG00000026979	0.0191530155320051		0.202644980744196	569.547920316029	927	0.0431399953412532	1.7177628391466566	0.6850077078733301	True
ENSMUSG00000121154	0.0191579395430089		-1.51730842012972	6.87192660812532	928	0.04318658280922432	1.717651201584222	0.6849786077377366	True
ENSMUSG00000070348	0.0191909772333839	0.248144995165176	-0.331372571712878	3105.82261421062	929	0.043233170277195435	1.7169029097741557	0.6850461563204148	True
ENSMUSG00000023013	0.0192161139281981		-1.41435816167589	10.752985901187	930	0.04327975774516655	1.7163344350951504	0.685086407362387	True
ENSMUSG00000031489	0.0192938736452056		-2.43958303356346	17.9444310435353	931	0.04332634521313766	1.7145805699793524	0.6853066092439141	True
ENSMUSG00000021091	0.0193173172516002	0.249110751616224	0.19007379525229	16083.9390977412	932	0.04337293268110878	1.7140531876371994	0.6853406221720241	True
ENSMUSG00000009633	0.0193259474903657		-0.290258467435345	324.405510160619	933	0.0434195201490799	1.7138592047964272	0.6853240226450996	True
ENSMUSG00000095304	0.0193446648948431		-0.85723560918454	1661.55771130696	934	0.04346610761705101	1.7134387891053637	0.6853417972621263	True
ENSMUSG00000030443	0.0193867102887519		0.294946294810596	277.604776923012	935	0.04351269508502213	1.7124958796604834	0.6854388902089986	True
ENSMUSG00000131987	0.0194108045948711		0.797177317652522	42.2025271498917	936	0.043559282552993246	1.7119564623514376	0.6854747301321048	True
ENSMUSG00000086567	0.0194333223718873		-0.167906079745874	784.304124876599	937	0.04360587002096436	1.711452944926182	0.6855051201932688	True
ENSMUSG00000028476	0.0194686209985022		-0.470243677000464	660.155332172172	938	0.043652457488935474	1.7106648093403134	0.6855787173492137	True
ENSMUSG00000034463	0.0194782263245154		-1.18313595030616	2167.7047102223	939	0.043699044956906595	1.710450592249292	0.6855651895277857	True
ENSMUSG00000022416	0.0194840779647556		0.486971869514007	764.565518211885	940	0.04374563242487771	1.7103201412848603	0.6855389454026503	True
ENSMUSG00000058835	0.0195094257100447	0.250419719205813	0.0865728707745455	6452.34013430338	941	0.04379221989284882	1.7097555145434349	0.6855786122998744	True
ENSMUSG00000075415	0.0195667189379848	0.250419719205813	0.158791116935837	16847.6460689742	942	0.04383880736081994	1.7084819932787922	0.6857258945115547	True
ENSMUSG00000028759	0.0195745872155487	0.250419719205813	0.0655316562134765	9828.86463812972	943	0.04388539482879106	1.7083073874768953	0.6857063534100185	True
ENSMUSG00000048387	0.0196341555688015		-1.85824217999893	227.201638473751	944	0.04393198229676217	1.7069877722492286	0.6858606330185792	True
ENSMUSG00000084843	0.0197118856962873		-0.330451494177579	197.451963097293	945	0.043978569764733286	1.7052718278606165	0.6860750782595245	True
ENSMUSG00000087410	0.0197247064258986		-1.64326705418042	19.012284615218	946	0.0440251572327044	1.7049894519239197	0.6860718974437088	True
ENSMUSG00000049907	0.0197484081974658		-0.321090317336987	577.699377968875	947	0.04407174470067552	1.7044679045396671	0.6861050245830186	True
ENSMUSG00000032228	0.0197537935823829		-0.176555017939516	1798.20191233902	948	0.044118332168646635	1.7043494887116104	0.6860769534371585	True
ENSMUSG00000056856	0.0197694729023461		0.247719498008475	1144.98156272105	949	0.04416491963661775	1.7040049097785979	0.6860832154859572	True
ENSMUSG00000022052	0.0197739975966507	0.252301561927636	0.118088179656767	6760.11765724552	950	0.04421150710458886	1.7039055229644127	0.6860522555981976	True
ENSMUSG00000040283	0.0198059345467853		-1.00599509307826	25.43628456787	951	0.04425809457255998	1.70320466050855	0.6861126040619583	True
ENSMUSG00000105044	0.019816040274081		-0.938553334204334	16.4475220959115	952	0.0443046820405311	1.7029831237620776	0.6861001874171542	True
ENSMUSG00000027864	0.0199227351540132	0.252525524473934	-0.230629417027538	3925.2725880256	953	0.04435126950850221	1.7006510383645446	0.6864081673184088	True
ENSMUSG00000033152	0.0199305669638714	0.252525524473934	-0.259169751953468	3310.23375296446	954	0.044397856976473325	1.7004803467697323	0.6863880320119348	True
ENSMUSG00000039217	0.0199836636544148		-0.496956894449132	180.122041704162	955	0.044444444444444446	1.6993248885306351	0.6865173914026541	True
ENSMUSG00000079466	0.0199902917172704	0.252525524473934	0.222314061149672	9552.96898992588	956	0.04449103191241556	1.6991808681992213	0.6864932072055432	True
ENSMUSG00000020846	0.0199931163608151		-0.211534008819193	1010.92005658816	957	0.044537619380386674	1.6991195063911209	0.686456474846911	True
ENSMUSG00000010122	0.0200392580990735		-1.5456363813304	732.778083655003	958	0.044584206848357795	1.6981183611203006	0.686562408413249	True
ENSMUSG00000103529	0.0200494627863756		-0.472977133438178	74.5859145722862	959	0.04463079431632891	1.6978972595544393	0.6865499257048815	True
ENSMUSG00000021318	0.0200628031731958		-0.835231906876669	74.5937950041243	960	0.04467738178430002	1.6976083874871313	0.6865477310486644	True
ENSMUSG00000051590	0.0201104112571131		-1.92917799548879	9.65293891128212	961	0.04472396925227114	1.6965790480075047	0.6866579446997643	True
ENSMUSG00000047045	0.0201135959993436	0.252525524473934	0.137457386248285	4341.24598070283	962	0.04477055672024226	1.6965102773367426	0.6866223370600558	True
ENSMUSG00000086537	0.0201146325945216		-1.44237844744911	17.6510198639742	963	0.04481714418821337	1.6964878956619036	0.6865796872353391	True
ENSMUSG00000059412	0.0201212809523212	0.252525524473934	0.14131208674503	36069.2687323526	964	0.044863731656184486	1.6963443748677751	0.6865554272048563	True
ENSMUSG00000029048	0.0201445193270226	0.252525524473934	-0.0756365911079055	4602.91689281945	965	0.0449103191241556	1.695843090951812	0.6865854782031597	True
ENSMUSG00000029675	0.0201592350785835		-1.31156809416331	1051.43769205465	966	0.04495690659212672	1.6955259507707936	0.6865875748510033	True
ENSMUSG00000141506	0.0201798205721396		-1.10041751529318	11.4917102033623	967	0.045003494060097834	1.6950826995894999	0.6866088160605645	True
ENSMUSG00000026970	0.0202331423776039	0.252525524473934	0.152866719110556	7959.77292149666	968	0.04505008152806895	1.6939366623961802	0.6867367452684137	True
ENSMUSG00000010362	0.0202420800730039		-0.335901466807757	274.138241229392	969	0.04509666899604006	1.6937448615055994	0.6867198145056731	True
ENSMUSG00000020773	0.0202729115374966		-0.546956804244737	450.111769160306	970	0.04514325646401118	1.6930838746979688	0.6867741095577018	True
ENSMUSG00000031785	0.0202800123948646	0.252525524473934	0.216398197442046	10868.3238555723	971	0.0451898439319823	1.6929317839038074	0.6867511505151913	True
ENSMUSG00000003363	0.0203081129233182	0.252525524473934	0.136870914687545	10224.327615753	972	0.04523643139995341	1.6923304303650482	0.6867963928058127	True
ENSMUSG00000055435	0.0203151365324252	0.252525524473934	-0.17382930881208	4339.74305542957	973	0.045283018867924525	1.6921802545544236	0.6867731430549544	True
ENSMUSG00000020589	0.0203204655149392		-0.270177980301841	949.697333825443	974	0.045329606335895646	1.6920663471630402	0.686744387495808	True
ENSMUSG00000036918	0.0203838770638198		-0.479170754882911	464.933925733404	975	0.04537619380386676	1.690713208588547	0.6869037561908157	True
ENSMUSG00000022098	0.0204204082084609		-0.48381095927184	953.36871364926	976	0.045422781271837874	1.6899355805199183	0.6869757582296665	True
ENSMUSG00000027799	0.0205562141838707	0.254746794289208	0.162531429987605	2642.92152633883	977	0.04546936873980899	1.6870568658658025	0.6873667204046042	True
ENSMUSG00000019892	0.0205855205281785		0.357508465304442	186.328633589392	978	0.04551595620778011	1.6864381469002843	0.6874145988925725	True
ENSMUSG00000020869	0.0206146462087698	0.254746794289208	0.129292188224484	11710.344142504	979	0.04556254367575122	1.6858241142168546	0.6874617659690344	True
ENSMUSG00000032360	0.0206399815329005		0.274744716305054	764.609970156264	980	0.04560913114372234	1.6852906956186149	0.687496695244465	True
ENSMUSG00000039697	0.0206522903933404	0.254746794289208	0.132230194663684	17779.3202055071	981	0.04565571861169346	1.6850317769359398	0.6874899534478756	True
ENSMUSG00000022849	0.0206528697071689		0.268506821750434	508.023990456223	982	0.04570230607966457	1.6850195947873456	0.687445755261325	True
ENSMUSG00000041559	0.02074588425322		-2.04553542531551	1424.71459858455	983	0.045748893547635686	1.683068049477585	0.6876959664256694	True
ENSMUSG00000014633	0.0207495639596609		-0.139061619785236	1016.47072588213	984	0.0457954810156068	1.6829910253086544	0.6876616117266616	True
ENSMUSG00000049562	0.0207816714623869		0.179418139415222	675.304552702327	985	0.04584206848357792	1.682319525224542	0.687717502770079	True
ENSMUSG00000043391	0.0207834270553723	0.254751931863386	0.164384116809031	9811.82483013995	986	0.045888655951549034	1.6822828384669655	0.6876770245603585	True
ENSMUSG00000021451	0.0207976450463796	0.254751931863386	0.17760967922071	3736.41263553163	987	0.04593524341952015	1.681985838174921	0.6876760638274294	True
ENSMUSG00000024087	0.0208393045938101	0.254751931863386	-0.282405830230264	3729.82132705603	988	0.04598183088749126	1.681116777508307	0.6877619459957797	True
ENSMUSG00000130020	0.0208595953286789		-0.310169148011132	148.25505724916	989	0.04602841835546238	1.68069412104019	0.6877800607789656	True
ENSMUSG00000036461	0.0208746169618887		0.165957398151501	1718.56540251566	990	0.0460750058234335	1.6803814848438485	0.687781473689368	True
ENSMUSG00000054469	0.0208930039921152	0.254751931863386	0.169240588257	4905.45664783176	991	0.04612159329140461	1.679999112752769	0.6877934730128338	True
ENSMUSG00000049551	0.0209100759225302		-0.715975919935348	44.8461134754941	992	0.046168180759375725	1.6796443902968161	0.68780127492176	True
ENSMUSG00000095589	0.020929909532785		-2.61500122708455	13.26683832795	993	0.046214768227346846	1.6792326488470364	0.6878177327262387	True
ENSMUSG00000052310	0.0209328184292976		-0.305009507804609	1967.7821606569	994	0.04626135569531796	1.679172293597038	0.6877808475648083	True
ENSMUSG00000035047	0.0209466032954098		0.143798781060535	1481.83415543263	995	0.046307943163289074	1.6788863922518922	0.6877782019314864	True
ENSMUSG00000020458	0.0209645907536682	0.254751931863386	0.167036846435043	74785.929697026	996	0.04635453063126019	1.6785136109688976	0.6877887453009364	True
ENSMUSG00000058806	0.0209670441417747		-1.01218218004914	47.8554673372493	997	0.04640111809923131	1.6784627904883467	0.6877504126925605	True
ENSMUSG00000036737	0.020969628229269	0.254751931863386	0.104264180728799	4694.52364990418	998	0.04644770556720242	1.6784092690772523	0.6877124901049708	True
ENSMUSG00000050965	0.0210349289784363	0.254903172017584	0.246729998028626	22173.5061955024	999	0.04649429303517354	1.67705894998049	0.6878714307828719	True
ENSMUSG00000039405	0.0210653855769724		-0.634929576868569	1666.06556745381	1000	0.04654088050314465	1.6764305872174596	0.6879207732690344	True
ENSMUSG00000071064	0.0211121112329452		0.246169980744701	1568.7885819056	1001	0.04658746797111577	1.6754683346235957	0.6880208026457878	True
ENSMUSG00000139592	0.0211676845105812		1.29604385408401	11.1108572447487	1002	0.046634055439086886	1.6743266459615032	0.6881480717151538	True
ENSMUSG00000034653	0.0212071195228643		0.226991006217812	1156.18711264949	1003	0.046680642907058	1.6735183159378886	0.6882247345327692	True
ENSMUSG00000028803	0.0212392145159481	0.256733663184005	0.211427992697235	39753.7889065799	1004	0.04672723037502912	1.6728615486874268	0.6882783890255092	True
ENSMUSG00000013858	0.0213581783492355	0.257526235445907	0.0713933397771654	5814.32251189243	1005	0.046773817843000234	1.670435791278879	0.6886005890153537	True
ENSMUSG00000021803	0.0214129287633827	0.257542532233903	0.167123172669072	4153.53056790187	1006	0.04682040531097135	1.6693239278112857	0.6887233304045364	True
ENSMUSG00000036867	0.0214133365527021		-0.684535167378732	191.210536284299	1007	0.04686699277894246	1.6693156571554209	0.6886785384251066	True
ENSMUSG00000089941	0.0214519419948879		-1.48457245978086	7.36848089972888	1008	0.04691358024691358	1.6685333860206497	0.6887512453149707	True
ENSMUSG00000056316	0.0214899453791254		0.904376323257728	20.060036882159	1009	0.0469601677148847	1.667764688351022	0.6888218916546796	True
ENSMUSG00000021196	0.0215222567125487	0.258213542598564	0.170347092362963	29673.3418071802	1010	0.04700675518285581	1.6671121927443844	0.6888748976809999	True
ENSMUSG00000107761	0.0215685532268166		0.325051599912098	305.839208003712	1011	0.047053342650826925	1.6661789854808127	0.6889705177665957	True
ENSMUSG00000038527	0.0216477637038355		-0.746198062537206	42.7561833230804	1012	0.047099930118798046	1.6645869612619928	0.689166151029732	True
ENSMUSG00000033022	0.021653469565573		-0.367692461762809	707.406798519805	1013	0.04714651758676916	1.6644725061255294	0.6891374786222493	True
ENSMUSG00000032402	0.0216624878985724		-0.666503946522971	416.581875269701	1014	0.047193105054740274	1.6642916668901304	0.6891188838009912	True
ENSMUSG00000062175	0.0217014320222899		-0.26713083795419	286.718163593614	1015	0.04723969252271139	1.6635116072178955	0.6891912549748516	True
ENSMUSG00000059149	0.0217703044559783		0.357217623720688	331.17897861477	1016	0.04728627999068251	1.6621354973426086	0.6893541108794193	True
ENSMUSG00000098923	0.0217803142412999		-0.177859685570739	603.683289835612	1017	0.04733286745865362	1.661935858635431	0.6893383699539112	True
ENSMUSG00000052852	0.0217968819209883	0.260839496646314	0.144606697824768	44541.5780876166	1018	0.04737945492662474	1.661605628476221	0.6893424537550944	True
ENSMUSG00000029401	0.0218130696816905		-0.283350592296728	439.184493967113	1019	0.04742604239459585	1.6612832132837314	0.6893453511878215	True
ENSMUSG00000040705	0.0218207710742519		-1.42074179798977	35.6491810595754	1020	0.04747262986256697	1.6611299069385106	0.6893225766747512	True
ENSMUSG00000024663	0.0218288563313293		-0.455258916505999	698.92100165222	1021	0.047519217330538085	1.6609690174747351	0.689300953333909	True
ENSMUSG00000025221	0.0218492964223742	0.260839496646314	0.187570957224438	6532.9061431797	1022	0.0475658047985092	1.660562543352605	0.6893166115199637	True
ENSMUSG00000029096	0.021974836753287		-1.36163412216755	1282.27847022594	1023	0.04761239226648031	1.6580743425299578	0.6896482908715806	True
ENSMUSG00000030351	0.0219852002108813		-1.37307486758432	585.041488774389	1024	0.047658979734451434	1.657869575071109	0.6896333285276609	True
ENSMUSG00000027079	0.0220025581349756		-0.243576296464539	380.140538927696	1025	0.04770556720242255	1.6575268228452074	0.6896393132691118	True
ENSMUSG00000018398	0.0220032061494202	0.261680585440065	0.0982773230221137	9997.52115100078	1026	0.04775215467039366	1.6575140322891482	0.6895952074432136	True
ENSMUSG00000022969	0.0220259770636784		-0.810191773409472	26.8798120102837	1027	0.04779874213836478	1.657064817356222	0.6896173539933949	True
ENSMUSG00000032507	0.0220356473597603	0.261680585440065	0.148827695389916	4713.67983129891	1028	0.0478453296063359	1.6568741863320995	0.6896002456364668	True
ENSMUSG00000029174	0.0220709953944287		0.235674031643478	2024.56329646602	1029	0.04789191707430701	1.656178079862387	0.6896598721071406	True
ENSMUSG00000028883	0.0220773802140539		-1.4893095817269	17.15854695446	1030	0.047938504542278125	1.6560524629212297	0.6896328941423187	True
ENSMUSG00000041164	0.0220825208944861	0.261680585440065	0.159593799415675	7772.57704172013	1031	0.047985092010249246	1.6559513499613283	0.68960219629596	True
ENSMUSG00000070814	0.0221246325945		0.143872279599324	1161.27091373601	1032	0.04803167947822036	1.6551239325400182	0.6896817567185616	True
ENSMUSG00000082927	0.0221571210177696		1.02824908971811	17.1785430478617	1033	0.048078266946191474	1.6544866702668528	0.6897324502147125	True
ENSMUSG00000027744	0.0222028756071543		-1.95553459075983	8.38715812739878	1034	0.04812485441416259	1.653590774223117	0.6898224061873495	True
ENSMUSG00000034435	0.0222173865050591		-0.550877982419463	183.601287960127	1035	0.04817144188213371	1.653307029696992	0.689819433133305	True
ENSMUSG00000009640	0.0222265294122198		0.132451345607165	932.811013619544	1036	0.04821802935010482	1.653128345433803	0.6898005111716833	True
ENSMUSG00000052997	0.0222572171645162	0.262394202329612	0.0775194860142	5477.73068913279	1037	0.04826461681807594	1.6525291367508925	0.6898454278576779	True
ENSMUSG00000025613	0.0222827375341539	0.262394202329612	0.0896925396417644	16432.0831295142	1038	0.04831120428604705	1.6520314551974349	0.6898749319913055	True
ENSMUSG00000021215	0.0222933700839004		-0.299167394972555	1706.37403064228	1039	0.04835779175401817	1.6518242743547016	0.6898603360165099	True
ENSMUSG00000085704	0.0223056252022808		-0.438245226844816	87.2209863199925	1040	0.048404379221989285	1.6515855994523867	0.6898505210676843	True
ENSMUSG00000019087	0.0223059554126355	0.262394202329612	0.099617516789151	19835.3249016528	1041	0.0484509666899604	1.6515791702457572	0.6898054495429454	True
ENSMUSG00000019326	0.0223386172864248		-0.841783707362012	219.505533084909	1042	0.04849755415793151	1.650943712306371	0.6898558691281819	True
ENSMUSG00000062031	0.0224236455619494		-0.339192881523909	312.47222044743	1043	0.048544141625902634	1.6492937798440106	0.6900602932814072	True
ENSMUSG00000038903	0.022424125976982		0.25115925125978	1599.5789822732	1044	0.04859072909387375	1.6492844754085603	0.6900156582371932	True
ENSMUSG00000037166	0.0224956413043803		-0.77330950132413	38.9624270657014	1045	0.04863731656184486	1.6479016214811393	0.6901795379376393	True
ENSMUSG00000031904	0.022498524376919		0.172785660967478	2105.83760854685	1046	0.048683904029815976	1.647845965265395	0.6901419394288317	True
ENSMUSG00000041649	0.0225189595981855		0.223220647896645	901.981416031701	1047	0.0487304914977871	1.647451678261394	0.6901557475222327	True
ENSMUSG00000027339	0.0225229515049284		-0.657557348964295	1757.02798399425	1048	0.04877707896575821	1.647374698265084	0.6901213861175016	True
ENSMUSG00000025089	0.0225525327094147	0.262680261299902	0.186855417907421	18094.3565992795	1049	0.048823666433729325	1.6468046786216053	0.6901618716962522	True
ENSMUSG00000036990	0.0225830924955145	0.262680261299902	0.150044277175147	3731.37415476795	1050	0.048870253901700446	1.6462165866902734	0.6902051007789749	True
ENSMUSG00000055301	0.0226030278010835		-0.933050667052342	195.574023376998	1051	0.04891684136967156	1.6458333807983505	0.6902172266794376	True
ENSMUSG00000029247	0.0226562633985443	0.262680261299902	-0.0799387659296863	7441.09150136806	1052	0.048963428837642674	1.6448117149141697	0.6903262754232632	True
ENSMUSG00000025586	0.0227016476152687	0.262680261299902	0.113154316838018	12713.523328601	1053	0.04901001630561379	1.6439426219146898	0.6904121624999763	True
ENSMUSG00000017221	0.0227248956801086	0.262680261299902	0.0802948399303728	8503.67243508269	1054	0.04905660377358491	1.6434981017542756	0.6904335963497436	True
ENSMUSG00000000938	0.0227440320140445		-0.242121708326757	1900.26041728118	1055	0.04910319124155602	1.6431325420129588	0.6904430434369495	True
ENSMUSG00000009376	0.0227456219634346		-0.577614499539523	257.532953230028	1056	0.04914977870952714	1.6431021831868728	0.690401604601473	True
ENSMUSG00000004880	0.0227461671807535		-0.330747389968773	811.547475546809	1057	0.04919636617749825	1.6430917731820125	0.6903571373906897	True
ENSMUSG00000069227	0.0227654756550021		0.251547851386377	1285.8057474068	1058	0.04924295364546937	1.6427232712426951	0.6903670311248266	True
ENSMUSG00000054150	0.0227681459851883		-0.388356224845239	731.17530857022	1059	0.049289541113440485	1.642672332634068	0.6903287164491468	True
ENSMUSG00000019854	0.0227778759805765		0.127757271918183	1865.60160209303	1060	0.0493361285814116	1.6424867759954003	0.6903108377638152	True
ENSMUSG00000024743	0.0227912216292065	0.262680261299902	0.262903738992951	17777.7432007961	1061	0.04938271604938271	1.6422323956355886	0.6903034070169995	True
ENSMUSG00000030098	0.0228107954931835		0.284380483585181	363.093331316338	1062	0.049429303517353834	1.6418595690733782	0.6903139572601619	True
ENSMUSG00000010936	0.0228298357394149		0.124810111960318	1848.49849698616	1063	0.04947589098532495	1.641497213245741	0.6903229179701046	True
ENSMUSG00000048582	0.0228394700744012		-2.04804681460135	9.36951041689032	1064	0.04952247845329606	1.6413139768899931	0.6903046870490483	True
ENSMUSG00000030759	0.0228693358865131	0.262680261299902	0.143069165934264	8087.58719855719	1065	0.049569065921267176	1.6407464468934907	0.6903447946813859	True
ENSMUSG00000003992	0.0228714975104854	0.262680261299902	0.092099700339976	3699.73454512888	1066	0.0496156533892383	1.6407053990465628	0.6903049785165628	True
ENSMUSG00000025132	0.0228731478286076	0.262680261299902	0.0834378564276834	36496.114452257	1067	0.04966224085720941	1.6406740631798684	0.6902636880029154	True
ENSMUSG00000031137	0.0228759287825517	0.262680261299902	0.10680089127596	34994.7706211321	1068	0.049708828325180525	1.6406212641708695	0.690225655749464	True
ENSMUSG00000112143	0.0229230342177463		-0.291820232117901	168.361375316594	1069	0.04975541579315164	1.6397278973151026	0.6903152277730795	True
ENSMUSG00000004364	0.0229602839353371	0.262680261299902	0.0961523159241913	9903.08659598638	1070	0.04980200326112276	1.6390227455951591	0.6903762273781423	True
ENSMUSG00000042821	0.0229859837800317		-1.02907353320384	107.435509364143	1071	0.049848590729093874	1.6385369040913493	0.6904039341066208	True
ENSMUSG00000064140	0.0230419465388486		-1.01576741756832	18.0309085210945	1072	0.04989517819706499	1.6374808353455226	0.6905182054536023	True
ENSMUSG00000036026	0.0230788931396626	0.262680261299902	0.158118401413046	9399.22834897498	1073	0.04994176566503611	1.6367850237166448	0.6905777871653055	True
ENSMUSG00000101759	0.0230800982366039		0.550363986452732	135.594758261616	1074	0.04998835313300722	1.6367623470100583	0.6905351821285416	True
ENSMUSG00000028337	0.0230872974338391	0.262680261299902	0.153136913146191	14113.7920966319	1075	0.050034940600978337	1.636626902001159	0.6905096961354671	True
ENSMUSG00000074968	0.0230927702241672	0.262680261299902	0.243583780757011	17005.7526291242	1076	0.05008152806894945	1.6365239657010722	0.6904792750853326	True
ENSMUSG00000033857	0.0231414235992279		-0.178600119422513	846.507509039574	1077	0.05012811553692057	1.6356099279135765	0.6905719851058505	True
ENSMUSG00000085007	0.0231556746031876		0.24633860323512	812.551094294379	1078	0.050174703004891685	1.6353425620173514	0.6905665256573575	True
ENSMUSG00000030703	0.0231733890905985		0.361518449765091	188.722713672451	1079	0.0502212904728628	1.635010446326084	0.6905708956959409	True
ENSMUSG00000085763	0.0231895615753935		-1.24040388518702	9.0248804662272	1080	0.05026787794083391	1.6347074621074735	0.6905708433663328	True
ENSMUSG00000030934	0.0232761340215798	0.263040444246384	-0.17030351055319	6772.373381555	1081	0.050314465408805034	1.633089150848579	0.6907704671922271	True
ENSMUSG00000120881	0.0233061469606226		-1.11021886351444	80.2547060404962	1082	0.05036105287677615	1.6325295193603486	0.690809375773897	True
ENSMUSG00000024897	0.0233315797269677	0.263040444246384	0.202637124050991	29495.2858451574	1083	0.05040764034474726	1.632055855142018	0.6908352339023891	True
ENSMUSG00000059810	0.0233975314113361	0.263040444246384	0.15305394066276	6940.48626718332	1084	0.050454227812718376	1.6308299610082002	0.6909752859712307	True
ENSMUSG00000010476	0.0234137356104663	0.263040444246384	0.210122094323661	5821.58608742045	1085	0.0505008152806895	1.6305292900375248	0.6909748824738595	True
ENSMUSG00000106662	0.0234139610915956		-0.528966499689116	59.7259767276096	1086	0.05054740274866061	1.6305251076746445	0.6909294698619932	True
ENSMUSG00000040569	0.0234187620554234		-1.21020457596763	758.534447346949	1087	0.050593990216631725	1.630436065997568	0.6908969395076174	True
ENSMUSG00000003038	0.0234315606203539		-0.287855770701942	1380.42595162675	1088	0.05064057768460284	1.6301987849738138	0.6908869129579477	True
ENSMUSG00000039936	0.0234469132715175	0.263040444246384	0.168348141381261	4448.27013902648	1089	0.05068716515257396	1.6299143229865616	0.69088404881969	True
ENSMUSG00000026496	0.0234516672249523	0.263040444246384	0.176633671638082	7738.80028230263	1090	0.050733752620545074	1.6298262770061	0.6908513673113684	True
ENSMUSG00000049115	0.0234971419304942		0.349517573440287	1023.77507508646	1091	0.05078034008851619	1.628984959826196	0.6909330378178301	True
ENSMUSG00000029648	0.0235420258305213		-0.374135764778839	1517.13786366834	1092	0.0508269275564873	1.6281561681212522	0.6910128068666246	True
ENSMUSG00000049670	0.0235757406977731	0.263818555418468	0.101951647767258	3704.83880437264	1093	0.05087351502445842	1.6275346538015647	0.6910611097095681	True
ENSMUSG00000031239	0.023581748758501		-0.382247100218597	2308.11946786015	1094	0.050920102492429536	1.6274239919463527	0.6910318614545632	True
ENSMUSG00000002688	0.0237003487704273		0.227820876551983	1682.48271593519	1095	0.05096668996040065	1.625245262936836	0.6913165607472369	True
ENSMUSG00000029752	0.0237082332085529	0.264234463286607	0.130266088715127	10676.6557296507	1096	0.05101327742837177	1.625100809428231	0.6912924423095557	True
ENSMUSG00000028249	0.0237224803240931	0.264234463286607	0.111320157600234	43277.5974131667	1097	0.051059864896342885	1.62483990490509	0.691286001977908	True
ENSMUSG00000019849	0.0238019403462514	0.26450865965431	0.122216006925732	5187.65000087587	1098	0.051106452364314	1.6233876375938614	0.6914604191319261	True
ENSMUSG00000027935	0.0238142978481091		-0.326524965694421	311.499465109275	1099	0.05115303983228511	1.6231622189051573	0.6914485917940222	True
ENSMUSG00000035930	0.0238362730448602		1.70162969369581	16.0857205442814	1100	0.051199627300256234	1.622761648369045	0.691463353773032	True
ENSMUSG00000113390	0.0238484179517111		0.293779167926791	321.321586754322	1101	0.05124621476822735	1.6225404257488543	0.6914508894415871	True
ENSMUSG00000020696	0.0238716484566262		0.192963910254953	1079.60905626416	1102	0.05129280223619846	1.6221175897533178	0.6914690314783334	True
ENSMUSG00000022353	0.0238836904339315	0.264806986121498	0.146251865454648	4279.73649120374	1103	0.051339389704169576	1.6218985665183356	0.6914562332643105	True
ENSMUSG00000007207	0.0239059930956684		0.151714264746319	2265.19720503654	1104	0.0513859771721407	1.6214932102610058	0.6914717217504056	True
ENSMUSG00000036103	0.0239922050611766		-1.02664808263725	759.678695533029	1105	0.05143256464011181	1.619929835321351	0.6916630058458092	True
ENSMUSG00000023232	0.0240312809140487	0.265490332413749	0.196461203534341	2681.23112171963	1106	0.051479152108082925	1.6192230798379181	0.691724248913766	True
ENSMUSG00000032128	0.0240551676185996		1.55484009559767	7.25003415888581	1107	0.05152573957605404	1.6187916125473556	0.6917437012435079	True
ENSMUSG00000054920	0.0240554168079636	0.265490332413749	0.188071480332749	7128.93831746558	1108	0.05157232704402516	1.6187871136801304	0.6916983366792896	True
ENSMUSG00000006611	0.0240958843647837		-0.35411801369987	588.691059325425	1109	0.051618914511996274	1.6180571296367994	0.6917631060105988	True
ENSMUSG00000029713	0.0241203293874574	0.265598969487915	0.0686450407721661	11561.8295580666	1110	0.05166550197996739	1.6176167657616376	0.6917839089062117	True
ENSMUSG00000116940	0.0241319652966007		1.59685775811729	9.632317330448	1111	0.0517120894479385	1.6174073079000413	0.6917696585993441	True
ENSMUSG00000039182	0.0241381448000656		-0.127314310265575	1280.42330037489	1112	0.05175867691590962	1.6172961117886178	0.6917404914482951	True
ENSMUSG00000035139	0.0241507334299593		0.167880626989651	626.212693324636	1113	0.051805264383880736	1.617069675688969	0.6917288185607292	True
ENSMUSG00000086591	0.0241596599694146		-1.07007189519979	14.8748443878159	1114	0.05185185185185185	1.6169091824038078	0.6917071350771087	True
ENSMUSG00000054414	0.0241721252945601		-0.187406227666451	928.469724126474	1115	0.051898439319822964	1.6166851632819697	0.6916950952748345	True
ENSMUSG00000041361	0.0242082686422305		-0.915942580065494	113.482854452678	1116	0.051945026787794085	1.6160362698731456	0.6917475544614802	True
ENSMUSG00000025144	0.0242105552959396		-0.328843533923046	199.668030964237	1117	0.0519916142557652	1.6159952494183782	0.691707734138329	True
ENSMUSG00000085030	0.024250933681111		0.803019760354063	24.1250248075873	1118	0.05203820172373631	1.6152715360411665	0.6917715515371795	True
ENSMUSG00000028328	0.024326288930681	0.266472839385582	0.152783466204985	15938.6813194174	1119	0.052084789191707434	1.6139241393164585	0.6919300485778719	True
ENSMUSG00000039476	0.0243520818731864		-0.993916134869467	168.173174709224	1120	0.05213137665967855	1.6134639047824968	0.6919538679831703	True
ENSMUSG00000030521	0.0243629675918425		0.165292373818852	1018.19144002381	1121	0.05217796412764966	1.6132698124978948	0.6919372850706104	True
ENSMUSG00000022822	0.0244058431187439	0.266472839385582	0.233405086734697	9167.29605352345	1122	0.052224551595620776	1.6125061847092292	0.6920071617657304	True
ENSMUSG00000014773	0.0244073921421837		-0.766722166246742	52.1217170601209	1123	0.0522711390635919	1.6124786211876199	0.6919652985828222	True
ENSMUSG00000043020	0.0244182687169164		1.5559564251532	11.1760013312188	1124	0.05231772653156301	1.6122851312733641	0.6919486242260883	True
ENSMUSG00000035919	0.0244236321058306		0.154346571053261	916.64305056033	1125	0.052364313999534125	1.6121897504556701	0.691917056199095	True
ENSMUSG00000058351	0.0244356917214325		-0.287641220546689	222.318718934952	1126	0.05241090146750524	1.6119753625269853	0.6919035543120594	True
ENSMUSG00000121141	0.0244442697893032	0.266472839385582	0.155944691753583	9566.59813943474	1127	0.05245748893547636	1.6118229316549166	0.6918806468958344	True
ENSMUSG00000032353	0.0244731465104038		-0.159044891426881	2152.64008713826	1128	0.052504076403447474	1.6113101898531277	0.6919124372840553	True
ENSMUSG00000020265	0.0244835201770031	0.266472839385582	-0.0897482082922001	4819.62373808902	1129	0.05255066387141859	1.6111261403034567	0.6918943298117166	True
ENSMUSG00000040896	0.0244873290655852	0.266472839385582	0.330927546881887	9228.16233740171	1130	0.0525972513393897	1.6110585825901513	0.6918585380362954	True
ENSMUSG00000006276	0.024531192346506	0.266472839385582	0.13866793758333	2998.50921155971	1131	0.05264383880736082	1.6102813422574043	0.6919304812140358	True
ENSMUSG00000000131	0.0246358066093902	0.267007854555256	0.131662915591154	5023.7354122017	1132	0.052690426275331936	1.608433213771763	0.6921649929566988	True
ENSMUSG00000031169	0.0247072782446298		0.143720484534252	1678.72270558654	1133	0.05273701374330305	1.6071750938712093	0.6923099371299472	True
ENSMUSG00000022108	0.0247240530885212	0.267363470955017	-0.129773470335908	45232.0346194588	1134	0.052783601211274164	1.6068803325439294	0.6923086365059775	True
ENSMUSG00000024925	0.0247478173716829		-0.18719168957297	753.918434657351	1135	0.052830188679245285	1.6064630975479075	0.692325928270498	True
ENSMUSG00000048612	0.0247973468488291		-0.783159348365956	454.659086996384	1136	0.0528767761472164	1.6055947833089637	0.6924116971257307	True
ENSMUSG00000000552	0.0248014111546469	0.267600013420273	-0.193503459585327	2723.132202279	1137	0.05292336361518751	1.6055236079140773	0.692376454540532	True
ENSMUSG00000023022	0.0248030804906709		-0.433324678153784	1693.80824580283	1138	0.05296995108315863	1.605494377358541	0.6923348444254278	True
ENSMUSG00000031616	0.0248136065741967		-0.358447529891696	430.492394393927	1139	0.05301653855112975	1.6053101078987961	0.6923167703370285	True
ENSMUSG00000041845	0.0248172411954485		-0.556707983087667	87.2167166157228	1140	0.05306312601910086	1.6052464984289916	0.6922803791896952	True
ENSMUSG00000043668	0.0248368846215531		0.259088648193142	976.750443985541	1141	0.053109713487071976	1.6049028801750167	0.6922864954004696	True
ENSMUSG00000037347	0.0248414006620565		-0.610083177110074	45.1870740949767	1142	0.0531563009550431	1.6048239204659653	0.6922524345304475	True
ENSMUSG00000041731	0.0248726547034812		-0.976166864202431	209.629441620278	1143	0.05320288842301421	1.6042778592196498	0.6922892830512717	True
ENSMUSG00000021756	0.0249263050163646	0.2683472524418	0.219203556737808	33059.2942391199	1144	0.053249475890985325	1.6033420949393042	0.692385291310503	True
ENSMUSG00000028583	0.0249865715134162		-0.370175684848877	1574.70597822184	1145	0.05329606335895644	1.6022933307064147	0.6924984537796036	True
ENSMUSG00000064373	0.0249997998628439	0.268392441177416	-0.288738275008426	20417.2505963189	1146	0.05334265082692756	1.6020634680803796	0.6924873010635194	True
ENSMUSG00000029661	0.025041799404901	0.268392441177416	-1.05973240955943	18598.2818367777	1147	0.053389238294898674	1.6013344676524304	0.692551921074901	True
ENSMUSG00000027574	0.0250965484784644		-0.384517185371784	418.315602022362	1148	0.05343582576286979	1.6003860028149495	0.6926498573705399	True
ENSMUSG00000037242	0.025114116577679	0.268570696794115	-0.316235957161299	9489.71782765587	1149	0.0534824132308409	1.6000820941194862	0.6926499453832028	True
ENSMUSG00000039205	0.0251724060612368		0.123206202250222	1574.40318716487	1150	0.05352900069881202	1.5990752711748268	0.6927567408614834	True
ENSMUSG00000069520	0.0251727820028232	0.268602494689416	0.11938641966667	3082.3821812849	1151	0.053575588166783136	1.5990687851783385	0.6927116779578558	True
ENSMUSG00000000555	0.0251930422439521		-0.642855028934241	328.58371781805	1152	0.05362217563475425	1.5987193851027717	0.6927186718909547	True
ENSMUSG00000022114	0.0252023163285523		0.171796610117863	1206.71130349878	1153	0.053668763102725364	1.5985595416597989	0.692696889756591	True
ENSMUSG00000022371	0.0252507526667584		-0.393446122630107	1275.9709433197	1154	0.053715350570696485	1.5977256720345048	0.6927774296704117	True
ENSMUSG00000033470	0.0252585397926656		0.324673725777219	814.929140417065	1155	0.0537619380386676	1.597591759810694	0.6927517109894774	True
ENSMUSG00000016239	0.0252791863393539		-0.57258880256218	59.5190734548498	1156	0.05380852550663871	1.597236908792169	0.6927595324151319	True
ENSMUSG00000049538	0.0253086299771228		-1.51230296718401	21.3236021269833	1157	0.05385511297460983	1.5967313637109533	0.6927902302891321	True
ENSMUSG00000040339	0.0254075563285376	0.269541336652598	0.149472441411402	15204.6224037424	1158	0.05390170044258095	1.5950371029176007	0.6930013838035284	True
ENSMUSG00000040462	0.0254213335165174	0.269541336652598	0.139834537315028	7517.9082580762	1159	0.05394828791055206	1.5948016715760727	0.692991076458722	True
ENSMUSG00000031428	0.0254284279860942	0.269541336652598	0.131115367336729	12829.3251327049	1160	0.053994875378523176	1.5946804875658362	0.6929634255429328	True
ENSMUSG00000096982	0.0254316819921037		0.288086231906254	306.770944236633	1161	0.05404146284649429	1.594624915650772	0.6929258142366723	True
ENSMUSG00000078485	0.025476194791184		0.517025828139162	58.6995901806798	1162	0.05408805031446541	1.593865439154687	0.6929950607355617	True
ENSMUSG00000032289	0.02555399898699		-1.24546583288543	962.112349567745	1163	0.054134637782436525	1.5925411267588814	0.6931500534082099	True
ENSMUSG00000143596	0.0255567466906914		-0.961684471098064	15.1573924959698	1164	0.05418122525040764	1.5924944315858507	0.6931110945483235	True
ENSMUSG00000027860	0.0255622543090587		-0.242582344299012	536.600877277692	1165	0.05422781271837876	1.5924008488386208	0.6930792535612323	True
ENSMUSG00000021483	0.0255935878949614		0.17266407083749	902.933797980214	1166	0.05427440018634987	1.5918688272914712	0.6931139707542059	True
ENSMUSG00000135262	0.025594729296225		-0.857854411539615	20.4287063120561	1167	0.05432098765432099	1.5918494594240475	0.6930708634117316	True
ENSMUSG00000034981	0.025628238305577	0.270705830758399	0.217560520368259	36516.293368514	1168	0.0543675751222921	1.5912812463503847	0.6931110747401212	True
ENSMUSG00000026833	0.0256505421224525	0.270705830758399	0.10593750367057	19776.3000041262	1169	0.05441416259026322	1.5909034516710105	0.6931223791793921	True
ENSMUSG00000037217	0.0257551009720121	0.271215834034966	0.205617677511656	26700.2369603097	1170	0.054460750058234336	1.5891367431430714	0.6933445307837495	True
ENSMUSG00000044813	0.0257631252553817		-0.500355100606218	161.358438486286	1171	0.05450733752620545	1.5890014550218754	0.693319020973987	True
ENSMUSG00000085645	0.0257989524675683		-0.854519131687419	36.0944915060184	1172	0.054553924994176564	1.5883979276333065	0.6933645932707281	True
ENSMUSG00000044022	0.0258046711960725		0.301303687322927	242.525660901013	1173	0.054600512462147685	1.588301670352646	0.6933331582971506	True
ENSMUSG00000095115	0.025809000163923		-0.307762785450662	1637.56321962682	1174	0.0546470999301188	1.5882288196212535	0.6932981700401474	True
ENSMUSG00000043987	0.0258374990958301		0.156964726555297	1269.07654193414	1175	0.05469368739808991	1.5877495255625655	0.6933248828191138	True
ENSMUSG00000029438	0.0259011858275617		0.149473834303963	1852.98037995976	1176	0.05474027486606103	1.5866803522671136	0.6934411435314838	True
ENSMUSG00000137759	0.0259234171531311		0.315647914839423	774.678017610411	1177	0.05478686233403215	1.5863077515308954	0.6934516594926275	True
ENSMUSG00000023009	0.025940712350568		0.182938371001659	1992.44560664692	1178	0.05483344980200326	1.5860181020502016	0.6934495828533838	True
ENSMUSG00000027907	0.0259503682248132	0.27181610265233	-0.277547102883953	4086.26799465343	1179	0.054880037269974376	1.5858564753157205	0.6934280714355656	True
ENSMUSG00000015176	0.0259573287858568		0.13127648281954	2573.79029723958	1180	0.05492662473794549	1.5857400019044774	0.6933997054167881	True
ENSMUSG00000064367	0.0259593039182384	0.27181610265233	-0.267149120761114	149611.018368951	1181	0.05497321220591661	1.585706957038118	0.6933586743416471	True
ENSMUSG00000025579	0.0259811783791674	0.27181610265233	0.179225116475049	17882.3386833258	1182	0.055019799673887725	1.5853411553428882	0.6933681581592066	True
ENSMUSG00000035105	0.0260637889967371		-0.546783539642447	481.828877680731	1183	0.05506638714185884	1.5839624489166153	0.693531408238989	True
ENSMUSG00000034768	0.0260882399993417		-0.88483456796848	46.7457117626667	1184	0.05511297460982995	1.5835552188820166	0.6935471811780223	True
ENSMUSG00000020847	0.0260903567864242		-0.554898624758924	53.0968462514609	1185	0.05515956207780107	1.5835199818688952	0.6935064828866107	True
ENSMUSG00000086425	0.0261264109363312		0.346253632338865	165.244977994612	1186	0.05520614954577219	1.5829202465146963	0.693551479525115	True
ENSMUSG00000015711	0.0261513796910687	0.272955137897358	0.0982266293579493	3804.84125052005	1187	0.0552527370137433	1.5825053937408164	0.6935684096510893	True
ENSMUSG00000096020	0.0261924744623391		4.46481417779744	3.91466860244517	1188	0.05529932448171442	1.58182347085404	0.6936258829513157	True
ENSMUSG00000045237	0.0261977795499994		-0.159546406073061	890.855657266068	1189	0.055345911949685536	1.5817355166973674	0.693593187503479	True
ENSMUSG00000000581	0.0262253746300242	0.272955137897358	-0.151838014775789	3331.08906144625	1190	0.05539249941765665	1.5812782991843501	0.6936165489031827	True
ENSMUSG00000069920	0.0262442626374411		-0.744370410985023	224.387996708559	1191	0.055439086885627764	1.580965624724345	0.6936179676222859	True
ENSMUSG00000022139	0.0262993718175743	0.272955137897358	0.155749688461979	30556.35356397	1192	0.055485674353598885	1.580054624872193	0.6937102164622522	True
ENSMUSG00000036686	0.0263153671980699		0.119694572521002	1996.00303743248	1193	0.05553226182157	1.579790565567551	0.6937042550492477	True
ENSMUSG00000021775	0.02642398597079	0.272955137897358	-0.200300898679619	2934.00061562825	1194	0.05557884928954111	1.5780016698952868	0.6939297748225431	True
ENSMUSG00000024909	0.0264305948410077		-0.342596996126497	857.020606040201	1195	0.05562543675751223	1.5778930626246195	0.6939002146667481	True
ENSMUSG00000031563	0.026498028967299		-0.225558576245284	1500.5653141423	1196	0.05567202422548335	1.5767864294768386	0.6940221620555643	True
ENSMUSG00000048349	0.0265158868382245	0.272955137897358	0.151401427841346	13531.7201945583	1197	0.05571861169345446	1.5764938430878883	0.6940205312602298	True
ENSMUSG00000042364	0.0265272482911321	0.272955137897358	-0.10926360676359	3128.955745266	1198	0.055765199161425576	1.576307797660234	0.6940027267766007	True
ENSMUSG00000020460	0.0265592959204815	0.272955137897358	-0.166728594786232	8611.04084483943	1199	0.05581178662939669	1.5757834421768633	0.6940362802056611	True
ENSMUSG00000026097	0.0265671302333219		0.203920116764608	517.728258451964	1200	0.05585837409736781	1.5756553553053352	0.6940096771941286	True
ENSMUSG00000043192	0.0265821811319786		0.377815047134125	113.245176924847	1201	0.055904961565338925	1.575409387023109	0.6940009694331102	True
ENSMUSG00000006457	0.0265829300970124		-3.70149123568591	933.028547267247	1202	0.05595154903331004	1.5753971507510944	0.6939567794628861	True
ENSMUSG00000029163	0.0265861701719052		-0.997896907388816	491.574797101252	1203	0.05599813650128115	1.5753442197576595	0.6939187672456267	True
ENSMUSG00000029482	0.0266712022639231	0.272955137897358	0.204009586238014	9828.28008604212	1204	0.05604472396925227	1.5739574070765587	0.6940832479135061	True
ENSMUSG00000019951	0.0266821706743912	0.272955137897358	0.169595791456136	8839.28832069135	1205	0.05609131143722339	1.573778842163178	0.6940643078337204	True
ENSMUSG00000032517	0.0266856813462015		-1.90406591770411	57.937037233188	1206	0.0561378989051945	1.573721704191929	0.6940269342661127	True
ENSMUSG00000020424	0.0267225053053701		-0.397555442949708	177.765031760224	1207	0.056184486373165615	1.5731228280343363	0.6940718004723596	True
ENSMUSG00000086144	0.0267240641397723		-1.76317707301014	8.85698744289837	1208	0.056231073841136736	1.573097494577529	0.6940295987494896	True
ENSMUSG00000040850	0.0267689289472468	0.272955137897358	0.146576212402625	7403.63513174083	1209	0.05627766130910785	1.5723690050404127	0.6940941412039489	True
ENSMUSG00000073680	0.0267857273949633		0.464097705370289	829.441405581674	1210	0.056324248777078964	1.5720965554016562	0.6940894535043314	True
ENSMUSG00000027878	0.026817790114436		-0.577261604252003	1025.56125397653	1211	0.056370836245050085	1.5715770124891968	0.694122276350329	True
ENSMUSG00000030849	0.0268241028800119		-0.86916353352365	243.427505983267	1212	0.0564174237130212	1.5714747939016422	0.6940917463462426	True
ENSMUSG00000020303	0.0268350008161831		-1.02994878462811	20.5746610024321	1213	0.05646401118099231	1.5712983871679347	0.6940724786391774	True
ENSMUSG00000021696	0.0268687749182878	0.272955137897358	0.160547875921003	13292.0591544709	1214	0.05651059864896343	1.5707521347710232	0.6941093561780443	True
ENSMUSG00000051920	0.0268702026311383	0.272955137897358	0.174768582031944	4645.00519957006	1215	0.05655718611693455	1.5707290584922722	0.6940668117992241	True
ENSMUSG00000068874	0.0268907376764702		-0.533944435329897	242.284133364506	1216	0.05660377358490566	1.5703972838895224	0.6940711300581042	True
ENSMUSG00000029191	0.0269128747720897	0.272955137897358	0.10966210385708	3266.45001458925	1217	0.056650361052876776	1.5700399094093382	0.6940793345634848	True
ENSMUSG00000042216	0.0269315384271654	0.272955137897358	0.172179370062881	4304.97977941174	1218	0.05669694852084789	1.5697388374037378	0.6940789919461151	True
ENSMUSG00000004451	0.0269331927027426		-0.160430359797072	1585.03437658025	1219	0.05674353598881901	1.5697121615904597	0.6940369940026635	True
ENSMUSG00000118056	0.0269575775965993		-0.646671664015558	31.4138336399554	1220	0.056790123456790124	1.5693191360126955	0.6940506106024406	True
ENSMUSG00000049516	0.0269593513124535		0.13740567156514	2292.62040946658	1221	0.05683671092476124	1.5692905618700725	0.6940089008391098	True
ENSMUSG00000128256	0.0269711623666958		0.418790143628683	81.041831169347	1222	0.05688329839273235	1.5691003365072875	0.6939917308998574	True
ENSMUSG00000032006	0.0269901508899831		-0.4663170519387	265.749158895165	1223	0.05692988586070347	1.5687946874885423	0.6939920831061783	True
ENSMUSG00000040297	0.0270891990036303	0.272955137897358	0.146851073615859	3305.45599534961	1224	0.05697647332867459	1.5672038363638923	0.6941875382851374	True
ENSMUSG00000057596	0.0270941313149851		-0.938545160629627	75.2382122844734	1225	0.0570230607966457	1.5671247686654788	0.6941534938086812	True
ENSMUSG00000082229	0.0271058515437804	0.272955137897358	0.163134528670606	6671.24970299547	1226	0.057069648264616815	1.5669369445923589	0.6941359593362948	True
ENSMUSG00000002210	0.027109801172134		0.136268547496318	1867.3623750254	1227	0.057116235732587936	1.5668736675970025	0.6940995177169361	True
ENSMUSG00000074364	0.0271157921991641	0.272955137897358	-0.294871301125194	2905.51579299204	1228	0.05716282320055905	1.5667777029489858	0.6940680383196074	True
ENSMUSG00000025020	0.0271419553665454	0.272955137897358	0.345740132369395	7019.69910017628	1229	0.057209410668530164	1.5663588680133955	0.6940855729665232	True
ENSMUSG00000019843	0.0271653465044022	0.272955137897358	0.123398216252944	5159.97069245548	1230	0.05725599813650128	1.5659847510024274	0.6940963191091377	True
ENSMUSG00000066026	0.0271818509564801		-0.651080744968383	630.230284655134	1231	0.0573025856044724	1.5657209731805894	0.6940903149650082	True
ENSMUSG00000025532	0.0272396958792406	0.273133166789142	0.109421059933056	2821.29316041695	1232	0.05734917307244351	1.5647977454635453	0.6941844200832817	True
ENSMUSG00000040697	0.0272988393821887		0.210777733873661	1997.38482844767	1233	0.05739576054041463	1.563855816718431	0.6942813641528383	True
ENSMUSG00000026989	0.0273900513448416		-2.1759858245394	75.285094476523	1234	0.05744234800838575	1.5624071536255393	0.6944552341604517	True
ENSMUSG00000023089	0.027440024101472	0.274571029546472	-0.148492579612522	3960.27924723721	1235	0.05748893547635686	1.5616155115100492	0.6945293636329481	True
ENSMUSG00000041117	0.0274741722193422		-0.408182153929785	261.137469977517	1236	0.057535522944327976	1.5610753837447857	0.6945653114084452	True
ENSMUSG00000023460	0.027480798771305		-0.231725996011258	1398.71464087246	1237	0.05758211041229909	1.5609706479979166	0.6945351635273437	True
ENSMUSG00000031207	0.0275371033629315	0.274971945174779	0.124998720590759	28387.2530263816	1238	0.05762869788027021	1.5600817452576348	0.6946240578659496	True
ENSMUSG00000037440	0.0276328317482378		-1.68869082170925	62.7177207385368	1239	0.057675285348241324	1.5585746073159354	0.6948068047784284	True
ENSMUSG00000056947	0.0276825212123395		0.382476160563064	382.707381042689	1240	0.05772187281621244	1.557794358624836	0.6948792046467193	True
ENSMUSG00000024782	0.0277256446256938	0.275575876582626	-0.159326575721659	4743.25606339851	1241	0.05776846028418355	1.5571183476449102	0.6949357804767381	True
ENSMUSG00000024112	0.0277578943134938	0.275575876582626	0.269534579565221	2916.80697207942	1242	0.05781504775215467	1.5566134821190367	0.6949663751893238	True
ENSMUSG00000006369	0.0277684049965648		-1.30820988302694	581.560390253531	1243	0.05786163522012579	1.5564490651933631	0.694945287342704	True
ENSMUSG00000029767	0.0277689977232338	0.275575876582626	-0.170794051950675	9426.60626142285	1244	0.0579082226880969	1.556439795119178	0.6949006470822016	True
ENSMUSG00000142256	0.0278303891144922		0.78560610850229	30.3607298089814	1245	0.057954810156068015	1.5554807214742428	0.6950001938715213	True
ENSMUSG00000024392	0.0278336743656534	0.275650536890238	0.131821729665776	9038.21141140723	1246	0.058001397624039136	1.5554294580068124	0.694961928511757	True
ENSMUSG00000028214	0.0278384246100834		-0.488285065489843	103.039882303663	1247	0.05804798509201025	1.555355345300929	0.6949271318316067	True
ENSMUSG00000098098	0.0279408807108819		-0.332303788504433	181.575124798297	1248	0.058094572559981364	1.5537599088214078	0.6951232831005906	True
ENSMUSG00000053317	0.0279606038668346		-0.251675139334374	1175.3543115726	1249	0.05814116002795248	1.5534534533411606	0.6951237577335987	True
ENSMUSG00000054690	0.0279864783806083		-0.40952100235381	492.318598302609	1250	0.0581877474959236	1.553051746624613	0.6951386921930142	True
ENSMUSG00000021234	0.0279898785325943		0.19519588993622	496.662740561904	1251	0.05823433496389471	1.5529989862333193	0.6951006540771161	True
ENSMUSG00000027641	0.028062820021352		-0.516960073265684	125.333987259212	1252	0.05828092243186583	1.5518686890391569	0.6952261938392816	True
ENSMUSG00000043716	0.0281024186509142	0.277233289151854	-0.15827455485107	15427.3326538078	1253	0.05832750989983694	1.5512563006805977	0.6952731112953384	True
ENSMUSG00000024063	0.0281084549855394	0.277233289151854	0.165524629808017	5966.56853573593	1254	0.05837409736780806	1.5511630252461799	0.6952412236559403	True
ENSMUSG00000030787	0.0281104323762324		-0.534273813361752	425.317315676672	1255	0.058420684835779176	1.55113247430833	0.6951998139844187	True
ENSMUSG00000072594	0.0281253474030004		0.95832314181252	15.0933342980228	1256	0.05846727230375029	1.5509021044619407	0.6951887382680517	True
ENSMUSG00000027868	0.0281589953169777		-1.23228236496502	263.02004044229	1257	0.05851385977172141	1.5503828444190029	0.6952215181724107	True
ENSMUSG00000086749	0.0281943740596354		-1.4169989324008	7.54453743700031	1258	0.058560447239692524	1.5498375426952022	0.6952582513922252	True
ENSMUSG00000046876	0.028196541040855		0.241777574075617	1486.87506815109	1259	0.05860703470766364	1.5498041646950458	0.6952172708892036	True
ENSMUSG00000070031	0.0282084083950578		-0.9104217357067	87.4770862262307	1260	0.05865362217563475	1.5496214173803986	0.6951989657281722	True
ENSMUSG00000005628	0.0282097775841081		-2.92724604166902	39.027848442098	1261	0.05870020964360587	1.5496003379628658	0.6951561182113801	True
ENSMUSG00000006958	0.0282325198564641		-1.05325779877331	80.9835645226309	1262	0.05874679711157699	1.5492503577397874	0.6951632002150663	True
ENSMUSG00000031921	0.0282480306264112		0.113549895096814	1325.56140025181	1263	0.0587933845795481	1.5490118245842197	0.6951533637480594	True
ENSMUSG00000027447	0.0282838984483899	0.277518481851506	-0.2655618466433	20377.8261632686	1264	0.058839972047519215	1.5484607307330673	0.6951909762546873	True
ENSMUSG00000021594	0.0282972404731896		0.156320366386506	661.844638009729	1265	0.058886559515490336	1.5482559145004584	0.6951760213149771	True
ENSMUSG00000015575	0.0283634364811502		-0.250209189569905	1251.75383141644	1266	0.05893314698346145	1.5472411516841191	0.69528402212319	True
ENSMUSG00000115100	0.0284251763328218		-0.692087403964502	44.4784443707155	1267	0.058979734451432564	1.5462968325282151	0.6953813290743889	True
ENSMUSG00000016494	0.0284411588962333	0.277518481851506	-0.274113692153284	3695.20044629349	1268	0.05902632191940368	1.5460527113183256	0.695372340914434	True
ENSMUSG00000025241	0.028442275796136		-0.270527527667746	819.486319372692	1269	0.0590729093873748	1.5460356566707902	0.6953288824084545	True
ENSMUSG00000041703	0.0284811400127767		-1.46110943750912	45.4213853637156	1270	0.05911949685534591	1.545442631209711	0.6953728604366658	True
ENSMUSG00000002006	0.0284909024549307	0.277518481851506	0.093611946869648	6267.42565102267	1271	0.05916608432331703	1.5452937941796436	0.6953494074492387	True
ENSMUSG00000015143	0.0284976285205535	0.277518481851506	0.179365626145492	3367.15053696072	1272	0.05921267179128814	1.5451912790542854	0.6953189224617351	True
ENSMUSG00000117059	0.0285157794431598		0.885785975224843	24.6259767416016	1273	0.05925925925925926	1.5449147530202443	0.6953148535883972	True
ENSMUSG00000041000	0.0285647774248384		0.191982195637827	1593.76586748258	1274	0.059305846727230375	1.5441691555887669	0.6953819931449232	True
ENSMUSG00000008475	0.0285800326442773	0.277518481851506	0.0829937161643621	12341.5941759472	1275	0.05935243419520149	1.5439372794911157	0.6953711460883891	True
ENSMUSG00000052560	0.0285811407443013	0.277518481851506	0.106297319742951	2645.27576639023	1276	0.0593990216631726	1.5439204414278866	0.6953276547033458	True
ENSMUSG00000026159	0.0285923869373749	0.277518481851506	0.146435512264368	9527.37386110368	1277	0.059445609131143724	1.5437495875430445	0.6953075440336717	True
ENSMUSG00000038042	0.028597695517354	0.277518481851506	0.115473734623842	3333.44603086276	1278	0.05949219659911484	1.543668962130409	0.6952737360294979	True
ENSMUSG00000020363	0.0286318293884768		-0.631615077507047	235.049113934855	1279	0.05953878406708595	1.5431509024870043	0.6953063337045282	True
ENSMUSG00000032735	0.0287454619301391	0.278392294957954	0.184526107188445	3609.04773182571	1280	0.059585371535057066	1.5414307079921399	0.6955214241423339	True
ENSMUSG00000108181	0.0288431545348275		0.489272266854859	75.7582002030284	1281	0.05963195900302819	1.5399572431846298	0.6956990592295611	True
ENSMUSG00000024299	0.0288468293581694		-0.660633105345227	126.165910919868	1282	0.0596785464709993	1.5399019144986494	0.6956614109993671	True
ENSMUSG00000029759	0.0288907283214724		-0.519936057383167	239.687405895032	1283	0.059725133938970415	1.539241509661185	0.6957156177041164	True
ENSMUSG00000033885	0.028903895793502		0.108778890325858	2454.80132888433	1284	0.059771721406941536	1.5390436171883264	0.6956996116876122	True
ENSMUSG00000023045	0.0289081815142527		0.468346542974733	80.0773624975503	1285	0.05981830887491265	1.5389792270137093	0.6956633390569146	True
ENSMUSG00000110710	0.0289337817034304		0.652836921743891	71.1704504517393	1286	0.059864896342883764	1.5385947994803746	0.6956756504113769	True
ENSMUSG00000026815	0.0289398137743636		-2.42045823436212	7.83245107469162	1287	0.05991148381085488	1.538504267861988	0.6956433462408655	True
ENSMUSG00000026707	0.0289481183491411		0.164212806495367	514.009840828223	1288	0.059958071278826	1.53837966050799	0.6956162150134126	True
ENSMUSG00000042462	0.0289882191493976		-0.241384581947506	332.874177505675	1289	0.06000465874679711	1.537778464098125	0.6956614334507317	True
ENSMUSG00000042506	0.0290033688664949	0.280013350040262	0.144358521117693	14179.9972912691	1290	0.06005124621476823	1.537551553992279	0.695649832520734	True
ENSMUSG00000036620	0.0290289601949266	0.280013350040262	0.0948522595681204	5107.18653496383	1291	0.06009783368273934	1.5371685201343361	0.6956619323051946	True
ENSMUSG00000022676	0.0290968901555203		-0.762562831802947	42.0821971559133	1292	0.06014442115071046	1.536153425463208	0.6957699834913639	True
ENSMUSG00000059970	0.0291090859762944		0.151819634787429	1554.87799497125	1293	0.060191008618681575	1.5359714311700452	0.6957515640162262	True
ENSMUSG00000004885	0.0291256467276642		-1.48922481744525	393.716906424161	1294	0.06023759608665269	1.5357244224590574	0.6957430141998168	True
ENSMUSG00000071984	0.0291323071891214		-0.483973963231883	330.383756189217	1295	0.0602841835546238	1.5356251192231585	0.6957120416242688	True
ENSMUSG00000029553	0.0291528018580183		-1.50461180854225	11.097609757519	1296	0.060330771022594924	1.5353196991210876	0.6957123590793833	True
ENSMUSG00000066839	0.0291798983045159		0.102339182728171	1548.65342875942	1297	0.06037735849056604	1.534916226008864	0.6957275616904348	True
ENSMUSG00000021400	0.0292022825743301	0.280761551465768	0.100507818466363	3866.20160604624	1298	0.06042394595853715	1.5345832009251223	0.6957320697813713	True
ENSMUSG00000122389	0.029206139661348		-0.95008487869062	19.0191180531968	1299	0.060470533426508266	1.534525842361189	0.6956947297013281	True
ENSMUSG00000020740	0.0292229522777971	0.280761551465768	0.148006498036151	4376.64184909387	1300	0.06051712089447939	1.5342759111536555	0.695686623541026	True
ENSMUSG00000039109	0.0292247304537541		-0.757834560022245	818.376707566295	1301	0.0605637083624505	1.534249485743096	0.695644587584631	True
ENSMUSG00000038388	0.029305434448278		-0.303025517203522	969.617352799449	1302	0.060610295830421615	1.5330518358898957	0.6957803519674479	True
ENSMUSG00000063626	0.02935673878541		0.296260805278413	330.867518254012	1303	0.06065688329839273	1.532292191472831	0.6958496239579561	True
ENSMUSG00000107481	0.0294020555769728		-0.957268946484979	14.3927099873811	1304	0.06070347076636385	1.5316223058283442	0.6959052699177647	True
ENSMUSG00000023336	0.0294547187898315		-0.894803614984643	440.057441772262	1305	0.060750058234334964	1.5308451192056123	0.6959772049419365	True
ENSMUSG00000018169	0.0295667288398015		-0.509142197864007	121.607819469529	1306	0.06079664570230608	1.5291967216493456	0.6961813960853181	True
ENSMUSG00000033510	0.0295670052254344		0.159587770560531	2171.5335774591	1307	0.0608432331702772	1.5291926619444363	0.6961359648530849	True
ENSMUSG00000050751	0.0295740504575837	0.28341846754641	0.144055338523331	3111.41683864497	1308	0.06088982063824831	1.5290891904921495	0.696105625042924	True
ENSMUSG00000061787	0.0296809244704027	0.28341846754641	-0.211554605843012	5739.77011829795	1309	0.06093640810621943	1.527522576231896	0.6962974008906172	True
ENSMUSG00000061132	0.0297105492479677		-0.610127149377312	62.5157276610366	1310	0.06098299557419054	1.52708931948019	0.6963171248734997	True
ENSMUSG00000036459	0.029737320977912		-0.309962091252606	414.161955551584	1311	0.06102958304216166	1.5266981594494728	0.6963304582697458	True
ENSMUSG00000036158	0.0297405177887083		-0.299591213922897	498.813205849853	1312	0.061076170510132775	1.526651474589409	0.6962914978442765	True
ENSMUSG00000005716	0.0297754266746689	0.28341846754641	-0.64845983014351	4907.4090561253	1313	0.06112275797810389	1.5261420064656184	0.6963227912645059	True
ENSMUSG00000041633	0.0297924719639209		-0.28580271560914	206.740038780451	1314	0.061169345446075	1.5258934606738137	0.6963144747880787	True
ENSMUSG00000090223	0.0298183488706801		-0.169614399105744	1052.42345577485	1315	0.061215932914046124	1.5255164083748245	0.6963256665286391	True
ENSMUSG00000083678	0.0298250961151425		-0.932217000271484	19.816371444773	1316	0.06126252038201724	1.5254181480864972	0.6962945356261087	True
ENSMUSG00000000753	0.0298297468699834	0.28341846754641	-0.198316389399247	5927.99665806843	1317	0.06130910784998835	1.5253504319693436	0.6962587678975372	True
ENSMUSG00000030753	0.0298319075462424	0.28341846754641	-0.147260801121512	2719.37782207527	1318	0.061355695317959466	1.525318975591338	0.6962174956783781	True
ENSMUSG00000026353	0.0298914553030092	0.28341846754641	0.0740962238310802	6306.98190932662	1319	0.06140228278593059	1.5244529402741835	0.6963029185768048	True
ENSMUSG00000001424	0.029910843869194	0.28341846754641	0.0997034640230413	4522.94400278674	1320	0.0614488702539017	1.5241713341246654	0.6962996209017293	True
ENSMUSG00000041126	0.0299289341717223		-0.214002900465	984.464332487478	1321	0.061495457721872815	1.5239087489660785	0.6962934357026945	True
ENSMUSG00000112515	0.0299292785421476		-1.07210470947145	10.7885894017789	1322	0.06154204518984393	1.523903751884854	0.6962481467709639	True
ENSMUSG00000001333	0.0299534574837627		0.1224908449948	2060.08865517281	1323	0.06158863265781505	1.5235530404047437	0.6962553397847548	True
ENSMUSG00000036281	0.0299605680213021		0.16308557647826	633.262861416915	1324	0.061635220125786164	1.5234499571214826	0.6962249410477291	True
ENSMUSG00000001555	0.0300687468102595		-0.496610893465283	754.572024347715	1325	0.06168180759375728	1.5218846718240078	0.6964165151492632	True
ENSMUSG00000050663	0.0301071900039402		0.30249681241494	330.381960114138	1326	0.06172839506172839	1.5213297766271079	0.6964547047276621	True
ENSMUSG00000038175	0.0301119609649422		-0.362397638769163	727.416507801741	1327	0.06177498252969951	1.5212609612417183	0.6964191038759572	True
ENSMUSG00000050777	0.0302146459351297		-0.779904540876762	50.2573228450263	1328	0.061821569997670626	1.51978249058714	0.6965974988869653	True
ENSMUSG00000032648	0.0302445973692369		-3.00758626914239	839.193464183212	1329	0.06186815746564174	1.5193521926571285	0.6966167736993203	True
ENSMUSG00000060703	0.0302832109529413		-0.574437245111653	396.02890769534	1330	0.06191474493361286	1.5187980781412014	0.6966548447647026	True
ENSMUSG00000006464	0.0303041830843406		0.150110113858013	814.721712431214	1331	0.061961332401583975	1.5184974188555873	0.6966544394934547	True
ENSMUSG00000033722	0.0303142410867228		-0.225794812548053	325.246475560812	1332	0.06200791986955509	1.5183532998015743	0.6966302702831482	True
ENSMUSG00000021815	0.030328967945843		2.47567581406223	11.5353431419985	1333	0.0620545073375262	1.5181423678974277	0.696616243746598	True
ENSMUSG00000095571	0.030356185552912		4.33715636956482	15.9782267467404	1334	0.062101094805497324	1.5177528012020578	0.6966293352630175	True
ENSMUSG00000034165	0.0304675728890483		-0.470554879224472	1489.28024292091	1335	0.06214768227346844	1.5161621412114363	0.6968247614264489	True
ENSMUSG00000030672	0.0304895298993826		-3.99049450548069	831.823860161151	1336	0.06219426974143955	1.5158492717211394	0.6968262097525606	True
ENSMUSG00000061535	0.0305090055360242		-0.574131559226891	509.703602584126	1337	0.062240857209410666	1.5155719482820753	0.696822261931071	True
ENSMUSG00000001665	0.0305134345184095		-0.697334952602744	124.577609002066	1338	0.06228744467738179	1.515508906469521	0.6967857846092624	True
ENSMUSG00000109511	0.030535488639377		0.130210441713541	1781.42059844649	1339	0.0623340321453529	1.5151951258830458	0.696787371246362	True
ENSMUSG00000030898	0.0305447735123928		0.68314042439116	448.701168850465	1340	0.062380619613324015	1.5150630907867664	0.6967613676038955	True
ENSMUSG00000028194	0.030618642658259	0.28955630106036	0.140952717824486	4233.40496903245	1341	0.06242720708129513	1.5140140657309682	0.6968745696677996	True
ENSMUSG00000030036	0.0306585499607218		0.147681144721046	1360.76024653835	1342	0.06247379454926625	1.5134483895647861	0.6969143958752899	True
ENSMUSG00000030539	0.0307208154680076		0.18556786880167	1908.6974943415	1343	0.06252038201723736	1.512567260367237	0.6970021101339005	True
ENSMUSG00000062380	0.0307331796788959	0.289860812065341	0.119895733908338	184144.08504949	1344	0.06256696948520848	1.5123925049710585	0.6969825917418582	True
ENSMUSG00000041482	0.0307710420438429	0.289860812065341	0.286532150820378	23627.0293768969	1345	0.06261355695317959	1.5118577963678146	0.697017716849376	True
ENSMUSG00000044217	0.0308395625444691		-1.62428474811479	29.6270226719502	1346	0.06266014442115071	1.5108917909930195	0.6971183159254101	True
ENSMUSG00000034799	0.0308724365723751	0.290128461696488	0.191036600349858	9210.03174537668	1347	0.06270673188912182	1.5104290929611202	0.6971425093075082	True
ENSMUSG00000060681	0.0309600608107877	0.290128461696488	0.162284575254441	12160.5794948843	1348	0.06275331935709294	1.509198194960605	0.6972833209994963	True
ENSMUSG00000035357	0.0309861481888085		-0.422708032021142	412.66351052958	1349	0.06279990682506406	1.5088324064749334	0.6972928028117494	True
ENSMUSG00000029338	0.0310202831779229	0.290128461696488	0.126042387605063	4405.25476259235	1350	0.06284649429303517	1.5083542419173859	0.6973193441242753	True
ENSMUSG00000040035	0.0310874152359509	0.290128461696488	0.253583979171662	16252.090231609	1351	0.06289308176100629	1.5074153858831327	0.6974158217341053	True
ENSMUSG00000064337	0.031116097899179	0.290128461696488	-0.486274217106409	14009.8922679803	1352	0.06293966922897741	1.5070148707796833	0.6974305752980362	True
ENSMUSG00000075707	0.0311288394822078		-1.23244375231699	12.6292288159645	1353	0.06298625669694852	1.5068370699974767	0.6974115192176132	True
ENSMUSG00000024526	0.0311419621415651		-0.508836531280792	163.322194877871	1354	0.06303284416491964	1.5066540275929299	0.6973932588533623	True
ENSMUSG00000047343	0.031148621882751		-3.59005194475789	6.39636743183134	1355	0.06307943163289076	1.5065611631928197	0.6973613088159842	True
ENSMUSG00000056158	0.0311603863070248	0.290128461696488	0.211620508085167	4763.80035159593	1356	0.06312601910086187	1.5063971668541194	0.6973401571212207	True
ENSMUSG00000050541	0.031166761117352		-0.671322305689401	188.146556498322	1357	0.06317260656883299	1.5063083277182903	0.697307596019619	True
ENSMUSG00000037474	0.0312662060080924		-1.4292705952754	23.3947030295028	1358	0.0632191940368041	1.5049248149424306	0.6974715757380219	True
ENSMUSG00000060924	0.0312889078132255		0.217490847347159	2467.21052148835	1359	0.06326578150477521	1.5046095962966923	0.6974733806829158	True
ENSMUSG00000060572	0.0312913787978326		-0.990528090861372	102.700265591462	1360	0.06331236897274634	1.5045753000338147	0.6974325395788149	True
ENSMUSG00000058799	0.0313004888743682	0.290871402391287	0.0877982905391196	16535.4054662094	1361	0.06335895644071744	1.5044488792656157	0.6974056836407501	True
ENSMUSG00000092241	0.0313369575038097		-1.15427752390486	10.419919570728	1362	0.06340554390868856	1.5039431713469695	0.6974364062346495	True
ENSMUSG00000046186	0.0313887336390202		-0.586271368720487	665.513653808942	1363	0.06345213137665968	1.503226205315557	0.6974991993376196	True
ENSMUSG00000127449	0.0313905338104627		1.65504081718616	5.46518580207897	1364	0.06349871884463079	1.5032012988597816	0.6974569327929053	True
ENSMUSG00000027546	0.0313977859838227	0.291214464999955	0.112963849709308	38361.082489476	1365	0.06354530631260191	1.5031009751404536	0.6974261151341209	True
ENSMUSG00000014932	0.0314318820677407		-0.172780288533116	1108.47737926897	1366	0.06359189378057302	1.5026296136638482	0.6974516236897685	True
ENSMUSG00000018363	0.0314525742177094		-0.135001965605925	2532.22948012217	1367	0.06363848124854414	1.5023438041838817	0.6974489641106482	True
ENSMUSG00000021497	0.0315461819074121	0.292029242494143	-0.0952692713539959	2980.11119077386	1368	0.06368506871651526	1.5010531967014429	0.697598840133736	True
ENSMUSG00000090210	0.031592118398085		-1.54211564749344	58.1411958783738	1369	0.06373165618448637	1.5004212516588689	0.6976487264358355	True
ENSMUSG00000086266	0.0315944513769918		-1.89160365200521	21.1953733254653	1370	0.06377824365245749	1.5003891815569568	0.6976075473844032	True
ENSMUSG00000004665	0.0316379658916266		-0.484398353241749	866.55334168412	1371	0.06382483112042861	1.4997914464904152	0.6976522403647778	True
ENSMUSG00000034926	0.0316825163596132	0.292559634818916	0.167365185937995	32362.6954323837	1372	0.06387141858839972	1.4991803322058297	0.697698964407193	True
ENSMUSG00000006731	0.0317399490728784		0.123694935961774	1993.32836608656	1373	0.06391800605637084	1.4983937744112157	0.6977723220430168	True
ENSMUSG00000028560	0.0317424361346387		-0.175859537103376	893.497463723002	1374	0.06396459352434196	1.4983597455323174	0.6977314403480944	True
ENSMUSG00000025355	0.0318031139397626		-0.541351033008145	163.435591948747	1375	0.06401118099231307	1.4975303548380032	0.6978113003278062	True
ENSMUSG00000031214	0.0318580460373725	0.292559634818916	0.127037937723952	2745.01056216424	1376	0.06405776846028419	1.4967808644799612	0.6978790308587335	True
ENSMUSG00000028793	0.0318867110308685	0.292559634818916	0.145946419828378	5509.71245759808	1377	0.0641043559282553	1.496390273946377	0.6978922778011969	True
ENSMUSG00000021592	0.0318960561179241		-0.270052919923494	381.671967878783	1378	0.06415094339622641	1.4962630132472379	0.6978655493707221	True
ENSMUSG00000050390	0.031900943703029	0.292559634818916	0.15642793374356	13271.3629881976	1379	0.06419753086419754	1.496196469326646	0.6978296036942366	True
ENSMUSG00000021360	0.0319067733598901	0.292559634818916	0.124548719911945	32396.0028826047	1380	0.06424411833216864	1.4961171125362844	0.6977956031040287	True
ENSMUSG00000078350	0.0319223715121739		-0.346034834505896	518.869507849637	1381	0.06429070580013976	1.4959048523967144	0.6977817782032201	True
ENSMUSG00000030399	0.0319382531663769		-4.60750158726334	2076.75197722609	1382	0.06433729326811088	1.4956888408885034	0.6977685227872963	True
ENSMUSG00000120893	0.0319923706048847		-1.39900113290495	7.71710341278885	1383	0.06438388073608199	1.4949535779066634	0.6978340934996417	True
ENSMUSG00000022738	0.032030001267539		2.4557325477641	6.16164604756074	1384	0.06443046820405311	1.4944430441496286	0.697865548690703	True
ENSMUSG00000024914	0.0320592301869384	0.292857583653053	-0.166978897920754	4786.17120369885	1385	0.06447705567202422	1.4940469102282452	0.6978796371595171	True
ENSMUSG00000033628	0.0320607099665793	0.292857583653053	0.145764711092092	4391.73632292344	1386	0.06452364313999534	1.4940268646657868	0.6978366326960493	True
ENSMUSG00000041205	0.0320664332615492		0.27076860406023	210.966648932486	1387	0.06457023060796646	1.4939493438125193	0.6978023533973153	True
ENSMUSG00000097643	0.0320786045647909		0.641769198505365	50.7713607463534	1388	0.06461681807593757	1.4937845320023464	0.6977813254970177	True
ENSMUSG00000134668	0.0320987000910222		1.28581004240824	8.72265763015152	1389	0.06466340554390869	1.493512554969804	0.6977765660523597	True
ENSMUSG00000041945	0.0321169660525244		0.152885990796665	849.159820163019	1390	0.06470999301187981	1.493265487331098	0.6977680251816039	True
ENSMUSG00000024501	0.0321416131552393	0.292969912743525	0.149793127381743	43313.9220958813	1391	0.06475658047985092	1.4929323302224013	0.6977725533148833	True
ENSMUSG00000083899	0.0321610114943279		0.284530590621751	311.097326748935	1392	0.06480316794782204	1.492670300735246	0.6977662837609072	True
ENSMUSG00000028086	0.0321944959058819	0.292969912743525	0.148936119806543	4889.60699837455	1393	0.06484975541579314	1.4922183706031593	0.6977888424979539	True
ENSMUSG00000018697	0.0322811654561902		0.14568802525545	810.768662020034	1394	0.06489634288376427	1.491050794208476	0.6979200415123146	True
ENSMUSG00000097730	0.0322848711118742		-0.670758969314876	29.3734387990643	1395	0.06494293035173539	1.4910009430513445	0.6978815617536347	True
ENSMUSG00000047419	0.0322864597659002		-2.79545204016461	403.630872642253	1396	0.0649895178197065	1.4909795730821056	0.6978387583446928	True
ENSMUSG00000110260	0.0323130587529259		0.895854864395077	20.9636972502098	1397	0.06503610528767761	1.4906219297371652	0.6978470036656875	True
ENSMUSG00000075316	0.0323825496241309	0.293484896770045	0.230196359076997	22475.2089568536	1398	0.06508269275564874	1.4896889602738446	0.6979425876514856	True
ENSMUSG00000107985	0.0324090608981858		2.1447144929326	6.14942861860957	1399	0.06512928022361984	1.489333553128382	0.6979504935012303	True
ENSMUSG00000074698	0.0324183539011147	0.293484896770045	0.124806513283182	9129.64792728303	1400	0.06517586769159096	1.4892090409931233	0.6979233478188842	True
ENSMUSG00000042410	0.032433640882943	0.293484896770045	0.112263764231106	4089.06079031301	1401	0.06522245515956208	1.4890042962663634	0.697908382024069	True
ENSMUSG00000080743	0.0324789697823843		1.32996404498716	11.9171718805892	1402	0.06526904262753319	1.4883977548286924	0.6979544118752575	True
ENSMUSG00000120580	0.0324890715733174		0.765386108815391	25.0218868272377	1403	0.06531563009550431	1.4882626991304324	0.6979288667820128	True
ENSMUSG00000007783	0.0325045824988119	0.293576032568858	0.112506419107325	2920.12634150829	1404	0.06536221756347542	1.48805540783175	0.6979142875752292	True
ENSMUSG00000010492	0.0325472418182181		-0.826217168837356	39.6418199153598	1405	0.06540880503144654	1.4874858093656005	0.6979547092162157	True
ENSMUSG00000029710	0.0325493824303641		-0.433439048998192	743.710059064738	1406	0.06545539249941766	1.4874572470229608	0.6979129976615621	True
ENSMUSG00000039208	0.0325500714340744		-0.288051686872623	860.480254175429	1407	0.06550197996738877	1.4874480539962411	0.6978683457046974	True
ENSMUSG00000022463	0.0326485945800239	0.294325554503654	0.11701037396993	16594.6225697992	1408	0.06554856743535989	1.486135509006897	0.6980215519999577	True
ENSMUSG00000118161	0.0327170008684255		-1.42970177453574	8.72056533122412	1409	0.06559515490333101	1.4852265144747716	0.698113496417844	True
ENSMUSG00000071847	0.0327448332315867		-0.490834290315013	578.846523162355	1410	0.06564174237130212	1.484857217077784	0.6981235109082069	True
ENSMUSG00000045318	0.0327665574185784		-0.205567977483489	1075.52869080862	1411	0.06568832983927324	1.4845691848810463	0.6981211887535643	True
ENSMUSG00000029782	0.032791726116539		0.120152424323954	2076.35300644782	1412	0.06573491730724434	1.4842357219961573	0.6981257633058807	True
ENSMUSG00000020521	0.0328189329562273		-0.29351040705922	335.065237852452	1413	0.06578150477521547	1.4838755432937667	0.698134393512469	True
ENSMUSG00000053617	0.0328303186077733	0.294589870800511	-0.3064956478663	11888.5893894195	1414	0.06582809224318659	1.4837249025607477	0.698111214340192	True
ENSMUSG00000020142	0.0328487566614954	0.294589870800511	0.161298757454409	5620.53263195213	1415	0.0658746797111577	1.483481064011984	0.6981021832702342	True
ENSMUSG00000058656	0.0328832707643212	0.294589870800511	0.212548468997681	4663.9036245834	1416	0.06592126717912881	1.483024991489361	0.6981253708521169	True
ENSMUSG00000085348	0.0329399907460849		-4.0994774481665	7.65181473988517	1417	0.06596785464709994	1.482276527173697	0.6981929456223921	True
ENSMUSG00000033960	0.0330015018169815	0.294589870800511	-0.426588566406463	2880.04547211526	1418	0.06601444211507104	1.4814662960012956	0.6982698970481401	True
ENSMUSG00000004929	0.0330288008716744	0.294589870800511	0.109144355928446	3560.26806225806	1419	0.06606102958304216	1.4811071933164057	0.6982783639074913	True
ENSMUSG00000035699	0.0330333306905756		0.410540668580165	91.4387564784212	1420	0.06610761705101328	1.4810476349791444	0.6982413577689452	True
ENSMUSG00000037410	0.0330916569435697		-0.22159064656995	1302.82619949825	1421	0.06615420451898439	1.4802814865895233	0.6983116171095161	True
ENSMUSG00000048012	0.033116600155557		-0.579680700816664	37.7786277686308	1422	0.06620079198695551	1.479954255506448	0.6983152456292565	True
ENSMUSG00000000197	0.0331714186070986	0.294589870800511	0.193406098982758	3553.65022377069	1423	0.06624737945492662	1.4792359550689766	0.698378241304715	True
ENSMUSG00000014077	0.0331907823085726	0.294589870800511	0.0758168003221984	23352.8016273652	1424	0.06629396692289774	1.478982511125828	0.6983706684030789	True
ENSMUSG00000033044	0.0331908621277878		-3.93575339785212	18.7534094396563	1425	0.06634055439086886	1.4789814667092576	0.6983247794282731	True
ENSMUSG00000026628	0.0332207184887931	0.294589870800511	0.281594886480801	14650.8125638744	1426	0.06638714185883997	1.4785909789784288	0.6983380107645349	True
ENSMUSG00000042638	0.0332344236488775		-1.56831091643905	68.3481620131994	1427	0.06643372932681109	1.478411848356142	0.6983191565634519	True
ENSMUSG00000060166	0.033239235760211	0.294589870800511	0.128460321122707	8507.48114964401	1428	0.06648031679478221	1.4783489701147252	0.698282654410362	True
ENSMUSG00000054978	0.0332747528985711		-1.92816504501467	6.080622193572	1429	0.06652690426275332	1.4778851609527766	0.6983070164700359	True
ENSMUSG00000010608	0.0332887164806714	0.294589870800511	0.135845295573626	3666.11040662548	1430	0.06657349173072444	1.4777029496948817	0.6982886299317134	True
ENSMUSG00000040133	0.0333294731272782		0.305791053297086	679.02568824113	1431	0.06662007919869554	1.477171551617727	0.6983232524774335	True
ENSMUSG00000028789	0.0334109592442984	0.294898197518497	0.111444210548494	8909.57985564902	1432	0.06666666666666667	1.4761110553847594	0.6984381959489768	True
ENSMUSG00000074240	0.0334495392289841		1.20054629774252	9.14169129671565	1433	0.06671325413463779	1.475609860308352	0.6984682334607933	True
ENSMUSG00000055839	0.033455991893837	0.294898197518497	-0.105679216659535	10600.2738800665	1434	0.0667598416026089	1.475526089753038	0.6984349029120202	True
ENSMUSG00000087575	0.0334650738819314		0.681120899491484	29.9970096120144	1435	0.06680642907058001	1.475408211853378	0.6984067501047397	True
ENSMUSG00000033653	0.0335069898901381	0.294898197518497	0.16786021028502	2910.93445603627	1436	0.06685301653855114	1.4748645853793168	0.6984432290095306	True
ENSMUSG00000033063	0.0335095930933183		0.224843311035069	522.591053634558	1437	0.06689960400652224	1.474830845766622	0.6984023034019069	True
ENSMUSG00000061723	0.0335270727522238		-4.23838421538399	1704.26986547446	1438	0.06694619147449336	1.4746043631549197	0.6983906375752069	True
ENSMUSG00000029994	0.0335511888751235		-0.216109550690612	1466.96197566989	1439	0.06699277894246447	1.4742920861430413	0.6983919959588106	True
ENSMUSG00000038074	0.0336150289947827		-0.179673422898767	1306.97771453854	1440	0.06703936641043559	1.473466509806589	0.6984712768914185	True
ENSMUSG00000059534	0.0336173493914302	0.295111815569233	-0.179556196063059	4664.23147806013	1441	0.06708595387840671	1.4734365321236802	0.6984297801956517	True
ENSMUSG00000038909	0.0336536385160851	0.295111815569233	0.120566701380502	7547.45022347821	1442	0.06713254134637782	1.4729679744702342	0.6984548631106702	True
ENSMUSG00000007039	0.0336890195136251		-0.243988068818495	1328.2371424002	1443	0.06717912881434894	1.4725116285563888	0.6984780921953172	True
ENSMUSG00000110056	0.0337941050949304		1.00608678589852	17.3748173719088	1444	0.06722571628232006	1.4711590496637335	0.6986373759265748	True
ENSMUSG00000041189	0.0337942420456062		-0.451015359641883	59.255280128727	1445	0.06727230375029117	1.4711572896880776	0.6985915955788122	True
ENSMUSG00000030255	0.0338301835235509		-0.239221566545465	1534.73111198784	1446	0.06731889121826229	1.4706956462247518	0.6986156288697756	True
ENSMUSG00000032194	0.0338411518046428		-0.444772963938349	1607.84109380499	1447	0.06736547868623341	1.4705548638987407	0.6985909531200314	True
ENSMUSG00000035437	0.0338951730227689	0.29569332618932	0.116201896488702	5835.46838379397	1448	0.06741206615420452	1.46986214483045	0.6986500653586759	True
ENSMUSG00000070047	0.0338993540942393		-0.347124879283458	1777.92972328896	1449	0.06745865362217564	1.4698085766045899	0.6986121498779062	True
ENSMUSG00000017631	0.0339221962618598	0.29569332618932	0.133876482715674	15793.8836393128	1450	0.06750524109014674	1.4695160375023342	0.6986105119041096	True
ENSMUSG00000028161	0.0339639213805686	0.29569332618932	0.157618337420123	45139.049341172	1451	0.06755182855811787	1.4689821730916655	0.6986455088570905	True
ENSMUSG00000020473	0.0339651882042055	0.29569332618932	-1.4430623915662	2957.98155789316	1452	0.06759841602608899	1.4689659746012547	0.6986019203802688	True
ENSMUSG00000038793	0.0339869085328932		-0.523277705893507	68.6358485551265	1453	0.0676450034940601	1.4686883372753028	0.6985980202090784	True
ENSMUSG00000030498	0.0340082654324821		-0.176664898898235	858.980446313514	1454	0.06769159096203121	1.4684155183851928	0.6985933885644863	True
ENSMUSG00000024236	0.0340265028802959		-0.330864939186798	1231.56922522639	1455	0.06773817843000234	1.4681826838114693	0.6985826870115506	True
ENSMUSG00000048832	0.0341288414386805	0.295962650487484	0.111147931671914	4029.16999936748	1456	0.06778476589797344	1.4668784543327928	0.6987346309521643	True
ENSMUSG00000037949	0.0341785164468946	0.295962650487484	0.0968333175736115	3931.48421119509	1457	0.06783135336594456	1.4662467921977953	0.6987844743068482	True
ENSMUSG00000001552	0.0341802190175261	0.295962650487484	0.134300091059642	15391.2974234177	1458	0.06787794083391567	1.4662251587657127	0.6987417108934708	True
ENSMUSG00000033909	0.0342584890522582		0.158929580371178	1001.58760325281	1459	0.06792452830188679	1.4652317952157226	0.6988464631383194	True
ENSMUSG00000085433	0.03425917550133		0.339323420319871	148.623106454742	1460	0.06797111576985791	1.4652230931957124	0.6988017366430859	True
ENSMUSG00000048216	0.0342596550317105		0.14020421498282	1081.6373102224	1461	0.06801770323782902	1.4652170143587988	0.6987566119296906	True
ENSMUSG00000004032	0.0342610626343408	0.296131012697896	-0.122675196885673	4993.12204685404	1462	0.06806429070580014	1.4651991711698784	0.6987132731299951	True
ENSMUSG00000068270	0.0343023903880672		-0.219119915582679	363.185769082789	1463	0.06811087817377126	1.464675614762628	0.6987467052535226	True
ENSMUSG00000095700	0.0343240343717006		4.63533295915999	4.5858598140553	1464	0.06815746564174237	1.464401671802523	0.6987422442508837	True
ENSMUSG00000021337	0.0343355716406708		-0.552779221465088	82.0631162769569	1465	0.06820405310971349	1.4642557177958468	0.6987183535996594	True
ENSMUSG00000022433	0.0343693038756977	0.296347978543672	0.12085247319077	4375.39432327619	1466	0.0682506405776846	1.4638292640805475	0.6987370448324245	True
ENSMUSG00000063524	0.0344090541124728	0.296347978543672	0.107190687009367	31793.3220094658	1467	0.06829722804565572	1.463327265751048	0.6987672042838685	True
ENSMUSG00000107838	0.0344217769665206		-0.471865984408334	59.1379710467274	1468	0.06834381551362684	1.4631667137053055	0.6987455297205292	True
ENSMUSG00000046318	0.0344250675340857		-0.611831633108285	61.1027734253619	1469	0.06839040298159794	1.4631251990840528	0.6987057844154236	True
ENSMUSG00000051671	0.034501170275943		-0.199386595678601	627.813965410954	1470	0.06843699044956907	1.4621661734552924	0.6988053239155408	True
ENSMUSG00000023809	0.0345230104399666	0.296799428434864	0.172650408765614	11830.7789361418	1471	0.06848357791754019	1.461891340405846	0.6988009980348999	True
ENSMUSG00000029306	0.0345306486089307		-1.39632980530744	430.717621361779	1472	0.0685301653855113	1.4617952639721805	0.6987695356074409	True
ENSMUSG00000031558	0.0346298599335469		-0.30818551531262	1760.22966352965	1473	0.06857675285348241	1.4605492650260719	0.698912639732161	True
ENSMUSG00000031672	0.0346375251932765	0.297254064069702	0.130177021088506	16858.6294747251	1474	0.06862334032145354	1.4604531453296112	0.6988811838723071	True
ENSMUSG00000032359	0.0346531110204496		-0.914218027935192	857.331369470439	1475	0.06866992778942464	1.4602577700459884	0.6988647957282756	True
ENSMUSG00000060441	0.0347019426048072		-0.857783216554483	36.6210763353567	1476	0.06871651525739576	1.4596462128479202	0.6989115870081601	True
ENSMUSG00000030170	0.0347561337214473		-0.827090847312628	92.7473087140494	1477	0.06876310272536687	1.4589685405326163	0.6989684150409022	True
ENSMUSG00000035621	0.0347925894205243	0.297609499418694	0.140015172366422	5082.5328188002	1478	0.06880969019333799	1.4585132479067318	0.6989914842288207	True
ENSMUSG00000019872	0.0348093417431269	0.297609499418694	-0.184061288086172	2708.12183489398	1479	0.06885627766130911	1.4583041892991837	0.6989771733123017	True
ENSMUSG00000034845	0.0348637705859236		-0.543282118539225	1009.21950111705	1480	0.06890286512928022	1.4576256448764813	0.6990341337372529	True
ENSMUSG00000030691	0.0348640612008215	0.297609499418694	0.118972864114231	3175.27914892791	1481	0.06894945259725134	1.4576220247310305	0.6989886357767154	True
ENSMUSG00000021903	0.0348794582750152		-0.63294536836246	499.197802195784	1482	0.06899604006522246	1.4574302688655774	0.6989716981788349	True
ENSMUSG00000039637	0.0349291356558732	0.29763820012063	0.159868608370116	5402.24325423846	1483	0.06904262753319357	1.456812161128148	0.6990194838779596	True
ENSMUSG00000076434	0.0349543478817299		0.618318711334678	52.1200893779821	1484	0.06908921500116469	1.4564987957809488	0.6990210074787346	True
ENSMUSG00000031097	0.0349779087323391		-4.31522169165514	847.110476973067	1485	0.0691358024691358	1.4562061597845974	0.6990193842141622	True
ENSMUSG00000023966	0.0350154010189207		-0.339269013607934	248.157124463005	1486	0.06918238993710692	1.4557408954674362	0.6990439671769194	True
ENSMUSG00000037060	0.0350311669695846	0.297981161012886	-0.245532285273727	2911.95299340655	1487	0.06922897740507804	1.4555453950828339	0.6990275980241213	True
ENSMUSG00000040219	0.0350471376584397		0.221883497810307	515.141950617133	1488	0.06927556487304914	1.4553474455976443	0.6990116006625009	True
ENSMUSG00000064325	0.0350494276981787		-0.918249705445683	207.432166992679	1489	0.06932215234102027	1.4553190689826907	0.6989698609130418	True
ENSMUSG00000028601	0.0350878615911733		-0.4043035448724	88.3342961437302	1490	0.06936873980899139	1.454843098796632	0.6989960691041088	True
ENSMUSG00000063428	0.0351075547926205		-0.970321750447487	40.6165090207051	1491	0.0694153272769625	1.454599417673718	0.6989870141357687	True
ENSMUSG00000022802	0.0351612349435383		0.190612787369615	1530.49355943894	1492	0.06946191474493361	1.4539358799081212	0.699041696441662	True
ENSMUSG00000085071	0.0351918126789938		-0.591117629775141	45.8061015791654	1493	0.06950850221290474	1.4535583627127078	0.6990529587568612	True
ENSMUSG00000049409	0.0352059549782404		0.251875784314335	1355.45449147821	1494	0.06955508968087584	1.453383870741975	0.6990334003749312	True
ENSMUSG00000018326	0.0352279513065073	0.299127480900149	0.0785612352180359	49612.5544790899	1495	0.06960167714884696	1.4531126126277256	0.699028531793278	True
ENSMUSG00000120849	0.035240024362425		-0.427196130175072	737.591977621	1496	0.06964826461681807	1.452963800019834	0.699005075098388	True
ENSMUSG00000138982	0.0352444772014607		0.578668213515727	44.174177680486	1497	0.06969485208478919	1.4529089271504323	0.6989673576719415	True
ENSMUSG00000056666	0.0352885920560156		-0.236446857698754	386.765384149131	1498	0.06974143955276031	1.4523656687723956	0.6990037806970941	True
ENSMUSG00000046598	0.0353672687372488		0.107812353289976	1705.86262845468	1499	0.06978802702073142	1.4513984775938378	0.6991045597867137	True
ENSMUSG00000047719	0.0353689592245574		-0.209784353697974	285.19064356022	1500	0.06983461448870254	1.4513777196503865	0.6990616634678318	True
ENSMUSG00000064307	0.0354406589275398		-0.276618052675136	167.140864018405	1501	0.06988120195667366	1.4504982121254437	0.6991491315448148	True
ENSMUSG00000072825	0.035474476180312	0.299845244452204	0.177380672126202	11650.7033422516	1502	0.06992778942464477	1.4500840086592013	0.6991659631011946	True
ENSMUSG00000052188	0.0354793877872121		-0.553510650687735	65.4285021201774	1503	0.06997437689261589	1.4500238827222014	0.6991290431283932	True
ENSMUSG00000049517	0.0354926526262802	0.299845244452204	-0.211942324770612	6752.52251436143	1504	0.070020964360587	1.449861541427119	0.6991076401860411	True
ENSMUSG00000032925	0.0355019915046212		-0.927532231626065	962.089765815409	1505	0.07006755182855812	1.4497472842629706	0.6990789377249296	True
ENSMUSG00000035900	0.0355585785300795		0.140670214044045	2567.72299697185	1506	0.07011413929652924	1.4490556084690245	0.699137891586985	True
ENSMUSG00000053046	0.0355681805790853	0.299845244452204	0.143947390824585	7749.97026693021	1507	0.07016072676450034	1.4489383497333321	0.6991096447861372	True
ENSMUSG00000021957	0.0355750407126059	0.299845244452204	0.125324313965697	16948.0312870328	1508	0.07020731423247147	1.4488545942303268	0.6990763119523146	True
ENSMUSG00000026090	0.0355948336095867		-0.309280800844687	246.571734810355	1509	0.07025390170044259	1.4486130328606288	0.699066935190109	True
ENSMUSG00000070469	0.0356002222384992		-0.901578280021327	529.131723770418	1510	0.0703004891684137	1.4485472908851975	0.6990308677725495	True
ENSMUSG00000036067	0.0356272838077347		0.147618579864481	2486.24057911974	1511	0.07034707663638481	1.4482172866099254	0.6990349172829177	True
ENSMUSG00000054509	0.0356297917468469		0.199502922104953	2415.46853249359	1512	0.07039366410435592	1.4481867160564934	0.6989935105891832	True
ENSMUSG00000048070	0.0356369666730478	0.299845244452204	0.125356309725918	65899.4112347354	1513	0.07044025157232704	1.4480992690914083	0.6989607381459961	True
ENSMUSG00000009378	0.0357271537777264		0.218016530684741	1230.93654136132	1514	0.07048683904029816	1.4470015807150973	0.6990813276538258	True
ENSMUSG00000032724	0.0357491813707275	0.299845244452204	0.163317863474681	4752.83864364041	1515	0.07053342650826927	1.4467338987648972	0.6990759161846115	True
ENSMUSG00000030345	0.0357519993580146		0.459544215638606	94.5732180701734	1516	0.07058001397624039	1.4466996661461622	0.6990350654188696	True
ENSMUSG00000037331	0.0357542042668669	0.299845244452204	0.166291063562922	15684.7091759917	1517	0.07062660144421151	1.4466728830224775	0.6989930837659136	True
ENSMUSG00000138862	0.0357617461905209		-1.17716842817712	9.40250997922417	1518	0.07067318891218262	1.446581283433377	0.6989609417210786	True
ENSMUSG00000021033	0.0357637825651084		-0.101062508706385	2016.12257270244	1519	0.07071977638015374	1.4465565541860141	0.698918648274846	True
ENSMUSG00000123184	0.0358023267109264		-0.97652395184781	12.6277897424937	1520	0.07076636384812486	1.446088748638771	0.6989436170147044	True
ENSMUSG00000026585	0.0358098405151295	0.299845244452204	0.155895085691466	23704.6350556263	1521	0.07081295131609597	1.4459976131839487	0.69891140451093	True
ENSMUSG00000097040	0.0358289263588278		-0.359227150409818	89.0012261520719	1522	0.07085953878406709	1.445766205605107	0.698900486329853	True
ENSMUSG00000031935	0.0358729522813301		0.105196564646472	1584.94588378022	1523	0.0709061262520382	1.4452328801757341	0.698935401461576	True
ENSMUSG00000018362	0.0359179256389838	0.299873365349576	0.140202828534154	2653.56349201422	1524	0.07095271372000932	1.4446887530057517	0.698971956375628	True
ENSMUSG00000017897	0.0359228411016411		-0.850287680253594	738.896887604408	1525	0.07099930118798044	1.4446293227293712	0.6989349307965145	True
ENSMUSG00000020432	0.0359294026922683		-0.249585643516666	1615.93337191724	1526	0.07104588865595154	1.444550002656417	0.6989009246323384	True
ENSMUSG00000025026	0.0359375503155827	0.299873365349576	-0.236966075542191	4549.0313860658	1527	0.07109247612392267	1.4444515299171918	0.6988698259813904	True
ENSMUSG00000034112	0.035971017193127		-1.01891708021031	20.3710445248358	1528	0.07113906359189379	1.4440472809717049	0.6988851463695411	True
ENSMUSG00000021388	0.0360529863721864		-0.837104258066248	330.731806900914	1529	0.0711856510598649	1.443058755597969	0.6989891641442506	True
ENSMUSG00000027848	0.036059470120314		-0.372534123327723	2258.24673053176	1530	0.07123223852783601	1.4429806593527872	0.6989549721941697	True
ENSMUSG00000053768	0.0361379563633727	0.300765576415292	-0.112907648866454	3643.39359923467	1531	0.07127882599580712	1.4420364108565868	0.6990522684187148	True
ENSMUSG00000056004	0.0361749529985646	0.300765576415292	0.196424878536975	6540.33767126222	1532	0.07132541346377824	1.4415920244792026	0.6990736819592508	True
ENSMUSG00000031286	0.0362081815750917		-1.12172161567185	22.6085006518143	1533	0.07137200093174936	1.4411932855042755	0.6990881658940292	True
ENSMUSG00000050640	0.0362516889107427	0.300765576415292	0.137505323103171	5572.32125347648	1534	0.07141858839972047	1.4406717555059598	0.699121290394028	True
ENSMUSG00000032531	0.0362848970812609		-0.389747554944907	1279.94365548944	1535	0.07146517586769159	1.440274104416637	0.6991356091799056	True
ENSMUSG00000030844	0.0362939177843043	0.300765576415292	0.14986323889711	8979.66046868486	1536	0.07151176333566271	1.4401661489042172	0.699105950082496	True
ENSMUSG00000083465	0.0363494552111679		-1.16895123220348	8.73365066586264	1537	0.07155835080363382	1.4395020937611083	0.6991607109300367	True
ENSMUSG00000026471	0.0364004244909348		-0.269577154427832	499.01367350541	1538	0.07160493827160494	1.4388935517082062	0.6992070444890831	True
ENSMUSG00000067081	0.0364094127524996		-0.644186400338587	63.6538252588465	1539	0.07165152573957606	1.4387863257462452	0.6991772746406387	True
ENSMUSG00000050132	0.0364221423827429	0.301294313632894	0.161755318082865	3310.21745549739	1540	0.07169811320754717	1.4386345122028612	0.6991542735094555	True
ENSMUSG00000021822	0.0364596741737276		-0.275186027729266	659.08538530116	1541	0.07174470067551829	1.4381872167886796	0.6991761286628116	True
ENSMUSG00000013921	0.0364826620695854	0.301294313632894	0.150117124683743	34891.0859462	1542	0.0717912881434894	1.4379134795555086	0.6991716364293367	True
ENSMUSG00000030657	0.0365049761780168		-0.389017477761226	276.77463129628	1543	0.07183787561146052	1.437647930629829	0.6991659011515768	True
ENSMUSG00000102545	0.0365386552179805		-0.57336216877432	41.8958761669448	1544	0.07188446307943164	1.4372474406221716	0.699180650905785	True
ENSMUSG00000020695	0.0365556945531718		-1.14249136998803	1231.65275362144	1545	0.07193105054740274	1.4370449601457436	0.6991653413813972	True
ENSMUSG00000068040	0.0365995051559519	0.30140325484431	0.114561935989284	2970.02218758709	1546	0.07197763801537387	1.4365247864496418	0.6991982599849129	True
ENSMUSG00000029718	0.0366091391393593		-0.673913864171102	2173.26995846889	1547	0.07202422548334499	1.4364104833943945	0.6991695644904019	True
ENSMUSG00000006205	0.0366208391745315	0.30140325484431	-0.147926857380924	7315.21979208864	1548	0.0720708129513161	1.4362717079673468	0.6991445840788837	True
ENSMUSG00000001313	0.0366352359868524		-0.131376783828002	1849.26289906685	1549	0.07211740041928721	1.4361010065964452	0.6991244502564905	True
ENSMUSG00000032172	0.0366766019015216		-0.261659717017103	821.47923868315	1550	0.07216398788725832	1.4356109086558209	0.6991528031428547	True
ENSMUSG00000043461	0.0366832543694898		-0.705773714151456	112.637541004887	1551	0.07221057535522944	1.4355321426853187	0.6991187128619201	True
ENSMUSG00000032231	0.0366839875836438	0.301408640742613	0.0477576450989881	80011.6233770914	1552	0.07225716282320056	1.4355234622210495	0.6990739830943691	True
ENSMUSG00000016024	0.0367802490722943		-1.08472485709001	2233.1797792643	1553	0.07230375029117167	1.434385334087698	0.699200711649727	True
ENSMUSG00000046761	0.0368561647849554		0.16847743055084	981.811246798083	1554	0.07235033775914279	1.4334898590081213	0.6992906037169607	True
ENSMUSG00000036832	0.0368795852533643	0.302116581288866	0.316547126033245	4262.09370155452	1555	0.07239692522711391	1.4332139716527925	0.699286437887576	True
ENSMUSG00000052062	0.0368897571313906		-0.267532880484823	437.691769553696	1556	0.07244351269508502	1.4330942039991141	0.6992585719586201	True
ENSMUSG00000021585	0.03692827959965	0.302116581288866	0.108531263735672	12337.5682815926	1557	0.07249010016305614	1.432640924620416	0.6992813355210584	True
ENSMUSG00000031787	0.0369639954731844		0.109957467842438	2453.93933625787	1558	0.07253668763102725	1.4322210916139209	0.6992990216823544	True
ENSMUSG00000074486	0.0369666915434011		-3.190105925435	34.5699363847875	1559	0.07258327509899837	1.43218941631194	0.6992577826974378	True
ENSMUSG00000018593	0.0369681313607114	0.302116581288866	-0.369825250357839	58935.9351029846	1560	0.07262986256696949	1.432172501286291	0.6992143029958463	True
ENSMUSG00000002014	0.0370128787503881		-0.217561961620157	2159.15203973901	1561	0.0726764500349406	1.4316471354726352	0.6992480098003496	True
ENSMUSG00000051331	0.0370207131539955	0.302116581288866	0.21978586649159	4627.80503757149	1562	0.07272303750291172	1.4315552194064043	0.6992159157990314	True
ENSMUSG00000031488	0.0370345137361839		-0.683635517069523	71.8336300746091	1563	0.07276962497088284	1.4313933532691296	0.6991944407242885	True
ENSMUSG00000020290	0.0370939507008161	0.302202912550736	0.133584548942151	4816.92698650511	1564	0.07281621243885394	1.4306969095618804	0.6992541183900589	True
ENSMUSG00000029635	0.0372499687415535		0.125516065962053	1514.34495844267	1565	0.07286279990682507	1.4288740873553265	0.6994847884565734	True
ENSMUSG00000030711	0.0372623636568364		-0.417008935926937	1219.673740472	1566	0.07290938737479619	1.4287296000419543	0.6994606751507002	True
ENSMUSG00000034324	0.037265792008101		0.329626542747046	810.001658302224	1567	0.0729559748427673	1.4286896442957264	0.6994206931970941	True
ENSMUSG00000002500	0.0373094515477888		-3.13473686593573	43.2664040315421	1568	0.07300256231073841	1.4281811350792355	0.6994518410482621	True
ENSMUSG00000129972	0.0373134137042552		1.39325660012624	8.59602974683395	1569	0.07304914977870952	1.4281350167029014	0.6994127946264664	True
ENSMUSG00000120113	0.0373459050490074		-0.356856783150936	271.112803186181	1570	0.07309573724668064	1.4277570113082105	0.6994241310538458	True
ENSMUSG00000028497	0.0374381556994758		-0.968957956069447	457.99690154297	1571	0.07314232471465176	1.4266855538780892	0.6995407385143748	True
ENSMUSG00000006585	0.0374447524841458		-0.480921303407804	115.387049504853	1572	0.07318891218262287	1.4266090358245735	0.6995063069833876	True
ENSMUSG00000042628	0.0374743479615333	0.304787150452741	0.0987569073524883	3888.40026419784	1573	0.07323549965059399	1.4262659149619148	0.6995123476865637	True
ENSMUSG00000097183	0.0374872049600192		-0.667753572513363	41.0516616398258	1574	0.07328208711856511	1.4261169392981674	0.6994889157447315	True
ENSMUSG00000006219	0.0375011801527602		-0.494789537938769	125.989966683148	1575	0.07332867458653622	1.4259550649184993	0.6994674419212434	True
ENSMUSG00000039497	0.0375472343900937		-0.345648972654965	1146.30206153422	1576	0.07337526205450734	1.4254220462325031	0.6995023104871039	True
ENSMUSG00000044674	0.0375746647699219		-0.278750220182241	1598.76799261901	1577	0.07342184952247845	1.4251048853710617	0.6995044102743853	True
ENSMUSG00000086847	0.0376008075746879		0.320882526446895	377.477873600573	1578	0.07346843699044957	1.4248028273738207	0.699504217337676	True
ENSMUSG00000101253	0.037692027621439		-1.16897338580124	8.03380797406209	1579	0.07351502445842069	1.423750499294448	0.699617920824442	True
ENSMUSG00000032855	0.0376982876003715	0.306092325078437	-0.283267422556381	3630.28227944846	1580	0.0735616119263918	1.4236783766536165	0.699582822038027	True
ENSMUSG00000022309	0.0377545088754225		-0.616271296161454	399.820880734733	1581	0.07360819939436292	1.4230311748220248	0.6996350244310174	True
ENSMUSG00000015653	0.0378626304393515		0.215152495347974	1365.39921536881	1582	0.07365478686233404	1.4217892174823166	0.6997775150106621	True
ENSMUSG00000040451	0.0378677710028566		-0.149386267140435	1756.50785419352	1583	0.07370137433030514	1.4217302578485356	0.6997404179845986	True
ENSMUSG00000076533	0.0379364914170721		-9.36141169475337	4.14366717938942	1584	0.07374796179827627	1.420942837618828	0.6998139065443059	True
ENSMUSG00000001569	0.038014762978678		0.0768073097295832	2239.81614389773	1585	0.07379454926624739	1.4200477129865963	0.6999037454110987	True
ENSMUSG00000033904	0.0380384922549135	0.308335543101593	0.169878850248647	5273.9510538241	1586	0.0738411367342185	1.4197767056764845	0.6998988387555637	True
ENSMUSG00000074155	0.0380710180750206		0.399185290957504	130.711073758039	1587	0.07388772420218961	1.4194055093571127	0.6999091415160752	True
ENSMUSG00000099377	0.0381036180587791		-1.50744666702617	7.19272476672985	1588	0.07393431167016072	1.419033784734866	0.6999195244767831	True
ENSMUSG00000078302	0.0381168382738681		-1.03387291531264	417.288713555073	1589	0.07398089913813184	1.4188831305195395	0.6998963473512179	True
ENSMUSG00000003477	0.0381272601636452		-0.705596391186896	412.120629899843	1590	0.07402748660610296	1.4187644021368282	0.6998683236534143	True
ENSMUSG00000008683	0.0381373645388681	0.308609566232681	-0.155704900797801	7267.97718293743	1591	0.07407407407407407	1.41864932192906	0.6998397461362754	True
ENSMUSG00000028696	0.0382214927576124		-0.183527490152973	415.579951751007	1592	0.07412066154204519	1.4176923553832046	0.6999389730527191	True
ENSMUSG00000004231	0.0382225056148402		0.412791964604352	98.7243861396414	1593	0.07416724901001631	1.417680846872023	0.6998946726031383	True
ENSMUSG00000030613	0.0383614286904678		-0.225270076011121	656.973425271217	1594	0.07421383647798742	1.4161052268185723	0.7000878155953573	True
ENSMUSG00000011263	0.0384112769793578		-0.602542084659476	169.349090068236	1595	0.07426042394595854	1.415541254514857	0.7001273831442051	True
ENSMUSG00000068220	0.0384403340168531	0.308609566232681	-0.137026195043418	9856.52563793498	1596	0.07430701141392965	1.4152128473030259	0.700131190208795	True
ENSMUSG00000132697	0.0384725863567441		0.257048691043534	196.599433485748	1597	0.07435359888190077	1.4148486168461378	0.700140435501013	True
ENSMUSG00000030621	0.0384903107737129		-0.2022376689719	430.894802670478	1598	0.07440018634987189	1.4146485823643915	0.7001247546569462	True
ENSMUSG00000062168	0.0385161946096209	0.308609566232681	0.131424298229471	7693.70927043235	1599	0.074446773817843	1.4143566276140047	0.7001230279743106	True
ENSMUSG00000033855	0.03853869393869		-0.269294914953855	1343.10751486728	1600	0.07449336128581412	1.4141030075018217	0.7001154818164078	True
ENSMUSG00000030522	0.0385700187455167		-0.160069843820656	1038.52349863715	1601	0.07453994875378524	1.4137501500612983	0.7001230006025063	True
ENSMUSG00000033460	0.0386208103088075	0.308609566232681	0.127667889705318	9576.02790830748	1602	0.07458653622175634	1.4131786184656883	0.700163715706523	True
ENSMUSG00000040563	0.0386245059840105	0.308609566232681	0.123600494293353	2895.17339381064	1603	0.07463312368972747	1.4131370622542356	0.7001239767151105	True
ENSMUSG00000020085	0.0386360227374625		-0.219786261490432	301.121887555279	1604	0.07467971115769857	1.4130075870204142	0.7000975844670132	True
ENSMUSG00000041958	0.0386475724893212	0.308609566232681	0.116479676004896	5530.86145701523	1605	0.0747262986256697	1.4128777795619953	0.700071242653012	True
ENSMUSG00000040842	0.0386970859221763	0.308609566232681	-0.166168741035749	2705.60552599334	1606	0.07477288609364081	1.41232173822577	0.7001096062236479	True
ENSMUSG00000040025	0.0387698172624788	0.308609566232681	0.101304600044322	4293.09119421864	1607	0.07481947356161192	1.4115062459900591	0.7001873563168477	True
ENSMUSG00000058057	0.0388022885226479	0.308609566232681	0.147739588856419	2710.14158221253	1608	0.07486606102958304	1.4111426593684813	0.7001965038702103	True
ENSMUSG00000039230	0.0388253625304182	0.308609566232681	0.105330201734316	10297.9542356941	1609	0.07491264849755416	1.410884480371456	0.7001896497839907	True
ENSMUSG00000058589	0.0388288232991425	0.308609566232681	0.17371698648404	4066.4883457014	1610	0.07495923596552527	1.4108457704746218	0.7001494787014382	True
ENSMUSG00000002957	0.0388401423809324	0.308609566232681	0.133572618731796	20339.2063833511	1611	0.07500582343349639	1.4107191867161457	0.7001226475064759	True
ENSMUSG00000033542	0.0388819137992295		-0.898333383686306	152.941477648817	1612	0.07505241090146751	1.410252366894181	0.7001474666061095	True
ENSMUSG00000049504	0.0389891385611427		0.194873664887842	972.661241776081	1613	0.07509899836943862	1.4090563601512074	0.7002829815529131	True
ENSMUSG00000035674	0.0389981127961678	0.309355095420916	-0.120257784388702	2989.96072400033	1614	0.07514558583740974	1.4089564089232802	0.7002521073472407	True
ENSMUSG00000044951	0.0390030234514094		-3.49598567029761	103.2159973375	1615	0.07519217330538085	1.4089017258614849	0.7002143611066269	True
ENSMUSG00000118012	0.0390057976597976		0.235889898687589	290.566051939335	1616	0.07523876077335197	1.4088708364472367	0.7001730028182702	True
ENSMUSG00000130678	0.0390354905135767		-1.13276828447321	11.7106846024383	1617	0.07528534824132309	1.4085403589917178	0.7001771241608211	True
ENSMUSG00000022440	0.0391137957404498		-0.636414923519112	255.031092728599	1618	0.0753319357092942	1.4076700365371848	0.7002631978777011	True
ENSMUSG00000086283	0.0391260766236019		-1.1199438953918	38.9921481488133	1619	0.07537852317726532	1.4075336988958134	0.7002378473926901	True
ENSMUSG00000120154	0.0391464116152192		-0.5971501542133	29.6553497483069	1620	0.07542511064523644	1.4073080417065162	0.7002260562609007	True
ENSMUSG00000020261	0.0391998869069315	0.310445081366389	0.172213480250498	21695.593875418	1621	0.07547169811320754	1.4067151859327682	0.7002700085293483	True
ENSMUSG00000033845	0.0392184851324801		-0.112346937878179	2131.61747602221	1622	0.07551828558117867	1.4065091855614182	0.7002552333504611	True
ENSMUSG00000027435	0.0392706359895617		-0.339957413456663	683.501558140902	1623	0.07556487304914977	1.405932065255668	0.7002967968610876	True
ENSMUSG00000054091	0.0393146953165075		-0.189657057833732	1896.37412363569	1624	0.0756114605171209	1.4054450857073013	0.7003246763529588	True
ENSMUSG00000100548	0.0393181160377132		0.985602916230465	18.8905397469757	1625	0.07565804798509201	1.4054072999453753	0.700284364980045	True
ENSMUSG00000018559	0.0393203875087817		-0.109957631486587	2336.51518408102	1626	0.07570463545306312	1.4053822107764151	0.7002421261725132	True
ENSMUSG00000067276	0.0393271000365652		-0.482694739527421	131.514515419838	1627	0.07575122292103424	1.4053080770977928	0.7002073326761763	True
ENSMUSG00000042515	0.0393612495851594		-0.441373052260213	94.5454237207224	1628	0.07579781038900536	1.404931122656218	0.7002185095612736	True
ENSMUSG00000030816	0.0395350445637295	0.311682920880643	0.113563917876748	2730.9324651189	1629	0.07584439785697647	1.403017767331361	0.700462923209768	True
ENSMUSG00000032288	0.03953654796061		-0.158981459719721	1261.29806192	1630	0.07589098532494759	1.4030012527539117	0.7004193827172442	True
ENSMUSG00000055538	0.0395499757410883	0.311682920880643	-0.366473098548493	3161.94728679437	1631	0.07593757279291871	1.4028537785510005	0.7003957228428006	True
ENSMUSG00000020627	0.0395825632676743	0.311682920880643	0.193245519442396	2887.20650982011	1632	0.07598416026088982	1.402496085395884	0.7004039757253401	True
ENSMUSG00000026787	0.0396135101442615		-1.2142468914868	17.5088916011249	1633	0.07603074772886094	1.4021566731538622	0.7004094534330875	True
ENSMUSG00000004105	0.0396404802063835		-0.36969382016345	1975.25647285144	1634	0.07607733519683205	1.4018610930939437	0.7004082770986525	True
ENSMUSG00000106379	0.0397419937326594	0.311682920880643	0.209281240263694	2778.07096603038	1635	0.07612392266480317	1.400750349471471	0.7005308484872486	True
ENSMUSG00000031972	0.039828774183774	0.311682920880643	-4.16790245710809	3110.20876190607	1636	0.07617051013277429	1.3998030597321491	0.7006286063944899	True
ENSMUSG00000047789	0.0399023817417096		0.198663011095655	2373.86055997597	1637	0.0762170976007454	1.3990011808443144	0.7007042898830476	True
ENSMUSG00000021390	0.0399106148443577	0.311682920880643	-0.4272176758958	8032.72296654683	1638	0.07626368506871652	1.3989115816257751	0.7006718441674973	True
ENSMUSG00000028673	0.039923461852872		-0.220251958920591	2595.15735255424	1639	0.07631027253668764	1.3987718071037738	0.7006470154258172	True
ENSMUSG00000030647	0.0399251967367078	0.311682920880643	-0.120296075697209	4862.81297170952	1640	0.07635686000465874	1.3987529351404857	0.7006038328015093	True
ENSMUSG00000114210	0.0399267004220403		0.200357503137687	832.762424624444	1641	0.07640344747262987	1.3987365788041748	0.7005602682868366	True
ENSMUSG00000023191	0.0399363494496057		-0.599030395811386	508.171216635153	1642	0.07645003494060097	1.3986316361691387	0.7005301518128548	True
ENSMUSG00000027654	0.0399566928592898		0.274503730670493	254.205846373472	1643	0.07649662240857209	1.3984104647002717	0.700517679716269	True
ENSMUSG00000032290	0.0399791110601566	0.311682920880643	0.105639467560533	6965.19825160618	1644	0.07654320987654321	1.3981668666951597	0.7005086121300456	True
ENSMUSG00000024603	0.0399896234423518	0.311682920880643	0.100973409075164	13896.2227263237	1645	0.07658979734451432	1.3980526853308117	0.7004798981619762	True
ENSMUSG00000022687	0.0400189952197165		-0.268128697157075	1834.35588208758	1646	0.07663638481248544	1.397733819648101	0.7004822567534533	True
ENSMUSG00000062234	0.0400546229547613	0.311682920880643	0.102281734901097	7428.5631902079	1647	0.07668297228045656	1.3973473520422532	0.7004948778056744	True
ENSMUSG00000040412	0.0401860076205183		0.212713760558462	960.896511144896	1648	0.07672955974842767	1.3959251377368893	0.7006647326960969	True
ENSMUSG00000042388	0.0401947312219156	0.311682920880643	0.177516162119015	5184.63887283267	1649	0.07677614721639879	1.3958308710750345	0.700632995532191	True
ENSMUSG00000085950	0.0402186414879689		-0.694275921234711	31.2794110469533	1650	0.0768227346843699	1.3955726031635198	0.7006261549438338	True
ENSMUSG00000028834	0.0402213694176743		-2.97885610686269	26.8374394481542	1651	0.07686932215234102	1.3955431470556654	0.7005845790692024	True
ENSMUSG00000023908	0.0402288949656318		0.171349437636134	474.282134199256	1652	0.07691590962031214	1.3954618967580852	0.7005508659270818	True
ENSMUSG00000085683	0.0402560212797316		0.317836819554281	251.140686491677	1653	0.07696249708828325	1.3951691509984183	0.7005492593253744	True
ENSMUSG00000025959	0.0402796533766918	0.311682920880643	0.189139277084378	25597.5824478089	1654	0.07700908455625437	1.3949142753884733	0.7005419037611101	True
ENSMUSG00000027247	0.0402840687236883	0.311682920880643	0.0955790968162821	4584.9743675535	1655	0.07705567202422549	1.3948666718074023	0.7005030828041325	True
ENSMUSG00000001924	0.0403249216332651	0.311682920880643	0.167380487197634	30795.1797582974	1656	0.0771022594921966	1.3944264679383462	0.7005238614096617	True
ENSMUSG00000002602	0.0404069295944317	0.311682920880643	-0.419280709516255	2861.85572241799	1657	0.07714884696016772	1.3935441490836356	0.7006117562668315	True
ENSMUSG00000055214	0.0404349070153464	0.311682920880643	0.238462273380449	3059.94263537539	1658	0.07719543442813884	1.3932435512616226	0.7006113416649645	True
ENSMUSG00000117927	0.0404698204419062		1.0483170750614	12.6038111854935	1659	0.07724202189610994	1.3928687224990266	0.7006221958566227	True
ENSMUSG00000022664	0.0405787198039297	0.311682920880643	0.115402553933875	4636.33370331408	1660	0.07728860936408107	1.3917016584081234	0.7007533170995652	True
ENSMUSG00000033669	0.0405845675966616		0.226318386619138	282.058298985526	1661	0.07733519683205217	1.3916390768099522	0.7007167699138857	True
ENSMUSG00000031865	0.0405947992667055	0.311682920880643	0.164783273001514	35150.4887439522	1662	0.07738178430002329	1.3915296017540129	0.7006873414941698	True
ENSMUSG00000031665	0.0405992074285748		-1.79638838174364	18.9118780149979	1663	0.07742837176799441	1.3914824445695118	0.7006484527709651	True
ENSMUSG00000018819	0.0406403306129931		-0.964662910576484	666.113726907284	1664	0.07747495923596552	1.3910427676824413	0.7006691513768184	True
ENSMUSG00000020277	0.0406463121365923	0.311682920880643	0.133161286303294	4615.75089542274	1665	0.07752154670393664	1.3909788520719715	0.7006328067038518	True
ENSMUSG00000001419	0.0406942333552103	0.311682920880643	0.138558801989494	5534.42498820414	1666	0.07756813417190776	1.3904671288447934	0.7006644424650816	True
ENSMUSG00000028621	0.0407113271074088		-0.235941977917124	291.525872397761	1667	0.07761472163987887	1.3902847402629386	0.7006460828458184	True
ENSMUSG00000105076	0.0407282299589229		0.387027602543038	100.897640800266	1668	0.07766130910784999	1.3901044638589195	0.7006274025826872	True
ENSMUSG00000039470	0.0407580883280596	0.311682920880643	0.12312129842671	21550.5110174962	1669	0.0777078965758211	1.3897861938521834	0.700629670746244	True
ENSMUSG00000021066	0.0407866773151167	0.311682920880643	0.107477540574451	10424.956261508	1670	0.07775448404379222	1.389481673022848	0.7006298516852548	True
ENSMUSG00000050666	0.0408340220886362		-0.482420344891037	627.04607664248	1671	0.07780107151176334	1.3889778406287914	0.7006602895609604	True
ENSMUSG00000037306	0.0408425473764393	0.311682920880643	0.107491305090483	3695.5551369947	1672	0.07784765897973445	1.3888871785089885	0.7006280052015075	True
ENSMUSG00000027661	0.0408749065098074		-0.638153115427628	83.0689900975634	1673	0.07789424644770557	1.3885432276606162	0.7006341719025163	True
ENSMUSG00000040852	0.0409076307734279		-0.339575525115703	213.499798796491	1674	0.07794083391567669	1.388195672587239	0.7006408857509421	True
ENSMUSG00000111761	0.0410118375575005		-0.403653009084661	88.5845424285605	1675	0.0779874213836478	1.3870907714780834	0.700762570203771	True
ENSMUSG00000051669	0.0410119275642691		-0.526053431632449	65.7468257984649	1676	0.07803400885161892	1.3870898183532694	0.7007166673702164	True
ENSMUSG00000021838	0.0410341484427939		-0.388509707693631	1126.49143888502	1677	0.07808059631959004	1.3868545748015488	0.7007063315175593	True
ENSMUSG00000116838	0.0410650970956105		1.39929244252763	8.4498161171534	1678	0.07812718378756114	1.3865271459758852	0.7007099900560545	True
ENSMUSG00000047496	0.0411091436479372		-0.819434486628137	285.956097808667	1679	0.07817377125553227	1.3860615699929186	0.7007346203319343	True
ENSMUSG00000101505	0.0411284532236427		0.971027232696266	12.0684302513916	1680	0.07822035872350337	1.3858576233152453	0.7007195333874974	True
ENSMUSG00000031997	0.0411323995659588		0.281544601579972	1184.13839704086	1681	0.07826694619147449	1.3858159540488864	0.7006798115586371	True
ENSMUSG00000050493	0.0411338734241591		-0.625275416249409	45.6927373826428	1682	0.07831353365944561	1.385800392666067	0.7006361263642764	True
ENSMUSG00000035547	0.0411415687474263	0.31304590728387	0.126812441816114	17928.1968623033	1683	0.07836012112741672	1.3857191524720809	0.7006024116883569	True
ENSMUSG00000034813	0.0411434796119742		0.194687208113945	2118.61446018256	1684	0.07840670859538784	1.3856989816647347	0.7005594262379687	True
ENSMUSG00000132712	0.0412064795440927		1.15454998360305	9.04436307430471	1685	0.07845329606335896	1.385034487632255	0.7006142537120894	True
ENSMUSG00000022354	0.0412415702290122		-0.141485227253377	2230.09805576302	1686	0.07849988353133007	1.3846648077722976	0.7006243262630966	True
ENSMUSG00000037523	0.0412464317458462		-0.240252679309463	466.273359673706	1687	0.07854647099930119	1.3846136165714786	0.700586049932738	True
ENSMUSG00000037851	0.0412619484344179	0.31304590728387	0.186808982121274	8541.18767342149	1688	0.0785930584672723	1.384450268017336	0.7005647998995945	True
ENSMUSG00000047749	0.0412728624300738		-0.301534977777688	242.056748363443	1689	0.07863964593524342	1.3843354101030365	0.7005361886366998	True
ENSMUSG00000019302	0.041283950765326	0.31304590728387	0.15915841146421	21783.9785184042	1690	0.07868623340321454	1.384218748554314	0.700507851178552	True
ENSMUSG00000058897	0.0412887069659609		-0.66306520569629	475.243449154532	1691	0.07873282087118565	1.3841687176663762	0.7004693987043081	True
ENSMUSG00000015837	0.0413072708794042	0.31304590728387	0.103261574848198	49257.2640525198	1692	0.07877940833915677	1.3839734973780031	0.7004529870308771	True
ENSMUSG00000064360	0.0413290277837148		-0.645550161098112	38.9548918090974	1693	0.07882599580712789	1.3837448108599335	0.7004416557730996	True
ENSMUSG00000121868	0.0413407904354392		0.587446116655938	47.0590169295786	1694	0.078872583275099	1.3836212239238308	0.7004143696388319	True
ENSMUSG00000072244	0.0413464755316483		0.505453223034407	46.330151497427	1695	0.07891917074307012	1.383561504790837	0.7003773879102406	True
ENSMUSG00000113604	0.0413526032381602		-1.43558991978859	8.51628855715289	1696	0.07896575821104122	1.3834971454492506	0.7003411105988661	True
ENSMUSG00000073563	0.0413666350421495	0.31304590728387	0.0901371915482211	5323.81975457248	1697	0.07901234567901234	1.3833498052360467	0.7003174303838159	True
ENSMUSG00000027166	0.0413679685796357		-0.233923672645103	323.910749081993	1698	0.07905893314698346	1.3833358050971358	0.7002735081813407	True
ENSMUSG00000061130	0.0414105927528736	0.31304590728387	0.0897740527755321	6361.61163428766	1699	0.07910552061495457	1.3828885529446227	0.7002953567672631	True
ENSMUSG00000049760	0.0414146622953946		-0.165164886016116	1926.84757592377	1700	0.07915210808292569	1.38284587562691	0.7002557879678872	True
ENSMUSG00000049699	0.0414361190406783		2.01952661100389	7.99067026484491	1701	0.07919869555089681	1.3826209279285449	0.700243889130244	True
ENSMUSG00000120996	0.0414399217119983		0.363169740521297	99.5402033551508	1702	0.07924528301886792	1.3825810737280564	0.7002038917612605	True
ENSMUSG00000025381	0.0414593576339886		-0.237864828540107	1318.65585934401	1703	0.07929187048683904	1.382377431093468	0.7001887586608847	True
ENSMUSG00000043004	0.0415134399963979	0.313077646314342	0.111670584005606	23726.026019524	1704	0.07933845795481016	1.3818112774730114	0.7002286573493863	True
ENSMUSG00000037020	0.0415181225979424		0.266276376348111	320.724287089915	1705	0.07938504542278127	1.3817622930157678	0.7001900460193966	True
ENSMUSG00000032265	0.0415221557419831		-0.447498384952415	352.728130965544	1706	0.07943163289075239	1.381720106928775	0.7001504026476456	True
ENSMUSG00000040562	0.0415421086872845		-0.518927382272674	677.498076260998	1707	0.0794782203587235	1.3815114623505482	0.7001360288784819	True
ENSMUSG00000016252	0.0415633600021997	0.313077646314342	-0.225023056510664	3955.84955563271	1708	0.07952480782669462	1.3812893511189392	0.7001236994446756	True
ENSMUSG00000018340	0.0416212178718189	0.313077646314342	0.143308965640716	39356.5666859758	1709	0.07957139529466574	1.3806852161168885	0.7001693639815365	True
ENSMUSG00000121001	0.0416349065485639		0.266524712582147	502.745898044466	1710	0.07961798276263685	1.3805424057982514	0.7001449960957368	True
ENSMUSG00000009090	0.0416744451448907	0.313077646314342	0.143603474773299	11618.0383345908	1711	0.07966457023060797	1.3801301736743148	0.7001615283881003	True
ENSMUSG00000078521	0.0418524370814546		-0.911644458149712	17.8166115784964	1712	0.07971115769857909	1.3782792478209895	0.7003964647914048	True
ENSMUSG00000022892	0.0418877890782242	0.313191765981517	0.131989099739675	62920.9988548789	1713	0.0797577451665502	1.3779125619702943	0.7004060828301572	True
ENSMUSG00000005677	0.0418975433653146		-0.487065233247952	45.2854141306042	1714	0.07980433263452132	1.3778114408562794	0.700375386221652	True
ENSMUSG00000026407	0.0419271214586663		-3.03931667113884	150.729832115306	1715	0.07985092010249242	1.377504953421156	0.7003758657056414	True
ENSMUSG00000021178	0.0419603052153243	0.313191765981517	0.065082466825771	12399.9173082895	1716	0.07989750757046354	1.3771613614496656	0.7003819779265446	True
ENSMUSG00000028609	0.041982772635328		-0.182862711227976	953.969871825126	1717	0.07994409503843466	1.3769288830366018	0.7003712223058454	True
ENSMUSG00000028152	0.0419994288721491	0.313191765981517	0.148159074910672	5745.51795891528	1718	0.07999068250640577	1.3767566153011606	0.7003513262689154	True
ENSMUSG00000086796	0.0420439161353613		-0.591634714570217	37.0295158093151	1719	0.08003726997437689	1.3762968388672066	0.7003750761313201	True
ENSMUSG00000030986	0.0420512732368539		0.157456928282577	1961.54106697484	1720	0.08008385744234801	1.3762208500118858	0.7003405642642203	True
ENSMUSG00000033382	0.0420538012554152	0.313191765981517	0.1162779916197	5981.35292642427	1721	0.08013044491031912	1.3761947420863347	0.7002984801113054	True
ENSMUSG00000009145	0.0420610871889915		-1.28386077336088	8.05430995542755	1722	0.08017703237829024	1.3761195059226987	0.7002638539801653	True
ENSMUSG00000037119	0.0421103238331764	0.313191765981517	0.115696318558654	8072.24301823746	1723	0.08022361984626136	1.375611418792967	0.7002949377555112	True
ENSMUSG00000047714	0.0421219463111646	0.313191765981517	0.0946224628231106	35632.6664436407	1724	0.08027020731423247	1.3754915697593435	0.7002670841806193	True
ENSMUSG00000036782	0.04212618735875		-0.232696105785913	1395.64879049348	1725	0.08031679478220359	1.3754478450265775	0.7002276743864222	True
ENSMUSG00000136199	0.0421423956368366		-1.55100443240599	6.39558367292156	1726	0.0803633822501747	1.3752807800168017	0.7002069885381166	True
ENSMUSG00000130298	0.0421560912010638		-1.13488716355922	8.60753484745663	1727	0.08040996971814582	1.3751396646007161	0.7001823633538541	True
ENSMUSG00000043388	0.0421584627709196	0.313191765981517	0.176756931021421	7853.92066306877	1728	0.08045655718611694	1.3751152332385475	0.7001400246864949	True
ENSMUSG00000067274	0.0422317727102998	0.313191765981517	-0.181422615273085	21309.5755097635	1729	0.08050314465408805	1.3743606883562223	0.7002085225307563	True
ENSMUSG00000000838	0.0422740700091162	0.313191765981517	0.107140856649463	3203.58360116009	1730	0.08054973212205917	1.3739259377066044	0.7002284732981439	True
ENSMUSG00000059277	0.0422890148359201		-0.419488936344707	87.7057320098176	1731	0.08059631959003029	1.37377243205119	0.700205729041802	True
ENSMUSG00000056656	0.0423273037635167		-0.303881154463581	171.95851659312	1732	0.0806429070580014	1.373379395072428	0.7002193473723332	True
ENSMUSG00000024642	0.0424116671894403	0.313729249777102	0.163025318235913	3720.56423635563	1733	0.08068949452597252	1.372514655223787	0.7003045736092725	True
ENSMUSG00000020086	0.0424523640171999		0.139663030219532	964.250799352572	1734	0.08073608199394362	1.3720981204721254	0.7003217590716357	True
ENSMUSG00000003665	0.0424643892897483		-1.17615367722103	38.5582111515937	1735	0.08078266946191474	1.3719751174287287	0.7002943842982333	True
ENSMUSG00000028047	0.0426070718799108		-0.594023585553767	245.549849628774	1736	0.08082925692988586	1.3705183111431978	0.7004694905013705	True
ENSMUSG00000024787	0.0426147778064894		0.110824300362139	1733.27869398138	1737	0.08087584439785697	1.3704397716275107	0.7004353658429575	True
ENSMUSG00000027778	0.0426333062823007		0.107433711778492	2570.22601735494	1738	0.08092243186582809	1.3702509858028051	0.7004179773714159	True
ENSMUSG00000110924	0.0426832311589751		0.392787839798709	914.202412500141	1739	0.08096901933379921	1.3697427115203624	0.7004490895578965	True
ENSMUSG00000060538	0.0426875090920577		-0.187998032490724	690.617553878669	1740	0.08101560680177032	1.3696991864735415	0.7004096494499291	True
ENSMUSG00000079654	0.0426888822336778		0.574763542663999	68.7712127540921	1741	0.08106219426974144	1.3696852166203004	0.7003657226498703	True
ENSMUSG00000039086	0.0427329898857046		0.152685760687408	879.972898310432	1742	0.08110878173771255	1.3692367199739006	0.7003877601589631	True
ENSMUSG00000036256	0.0427403655338218	0.315522473032578	-0.553696266007713	4227.25915072719	1743	0.08115536920568367	1.3691617678845627	0.7003530909032906	True
ENSMUSG00000044177	0.042771852926694		-0.918412324931638	64.5542264106052	1744	0.08120195667365479	1.3688419351907524	0.7003555962940448	True
ENSMUSG00000025193	0.0428066636174301		-0.261501572504536	168.644501716715	1745	0.0812485441416259	1.3684886200751778	0.7003631845585254	True
ENSMUSG00000086013	0.042841670002527		-0.367919032271763	98.2584631050122	1746	0.08129513160959702	1.3681336083643136	0.7003710303784386	True
ENSMUSG00000057137	0.0428501460705963		-0.386284578657506	480.952996953291	1747	0.08134171907756814	1.368047693284638	0.7003380253839699	True
ENSMUSG00000031246	0.0428508261310737	0.315522473032578	-0.134834090543689	6858.671986743	1748	0.08138830654553925	1.368040800795437	0.7002930241888753	True
ENSMUSG00000037706	0.0429262381750486	0.315522473032578	-0.238646212883564	6072.14332915571	1749	0.08143489401351037	1.3672771690887484	0.7003629014787794	True
ENSMUSG00000029684	0.0429513019981215	0.315522473032578	0.129398050376779	8839.8766334185	1750	0.08148148148148149	1.3670236667098243	0.7003553374481166	True
ENSMUSG00000019878	0.0429745785713005		0.0994612471607195	1904.11990000439	1751	0.0815280689494526	1.3667883735136526	0.7003450091318464	True
ENSMUSG00000142325	0.0429761527869784		-1.28789768742782	8.86833187280977	1752	0.08157465641742372	1.366772465023486	0.7003013766308905	True
ENSMUSG00000045573	0.0429772490132158		-0.980088625170408	896.019008039326	1753	0.08162124388539482	1.366761387276803	0.7002570107881443	True
ENSMUSG00000036948	0.042983309187711	0.315522473032578	0.119390021450013	4548.88338026173	1754	0.08166783135336594	1.3667001522080207	0.7002202591895671	True
ENSMUSG00000032369	0.0429895025707065		-0.41695620139834	197.38578168089	1755	0.08171441882133706	1.3666375800527335	0.7001837105703894	True
ENSMUSG00000001098	0.0430466073513241	0.315522473032578	0.0734150735846863	12673.4200107334	1756	0.08176100628930817	1.3660610710781456	0.7002251812765251	True
ENSMUSG00000110020	0.0430879290077676		-0.319401642913487	150.943677017085	1757	0.08180759375727929	1.3656443794812139	0.7002423905491346	True
ENSMUSG00000028015	0.043106618235506		-0.207352746212132	906.581426031216	1758	0.08185418122525041	1.3654560467185366	0.7002249332995011	True
ENSMUSG00000031981	0.0431262151029359		0.216878387355574	531.805490364485	1759	0.08190076869322152	1.3652586552794659	0.700208851222445	True
ENSMUSG00000042812	0.0432306626404422		-0.756308614427964	35.6914989061851	1760	0.08194735616119264	1.3642081075410195	0.7003222844405852	True
ENSMUSG00000028820	0.0432411644361978	0.315848127185275	0.126121699565348	5847.06935497269	1761	0.08199394362916375	1.3641026194965697	0.700292250763696	True
ENSMUSG00000052105	0.043267432035563	0.315848127185275	0.179105419316255	8675.49062336607	1762	0.08204053109713487	1.36383887983894	0.7002862408259639	True
ENSMUSG00000087343	0.0432864787076407		-1.44198895995755	7.05824438235334	1763	0.08208711856510599	1.3636477419771273	0.700269209410662	True
ENSMUSG00000000915	0.0433193445521155	0.315848127185275	0.12944086587869	3912.09018520998	1764	0.0821337060330771	1.3633181231351965	0.700273200409462	True
ENSMUSG00000020694	0.0433529878077239	0.315848127185275	0.0772460727303982	3451.22784049046	1765	0.08218029350104822	1.3629809663840164	0.7002783357173907	True
ENSMUSG00000020873	0.0433756479018142		-0.112076428719893	2008.15746988118	1766	0.08222688096901934	1.3627540250983328	0.7002667395207176	True
ENSMUSG00000129238	0.0433878042948198		0.608157360511011	33.7007229550282	1767	0.08227346843699045	1.3626323274410113	0.70023916658027	True
ENSMUSG00000036304	0.0434119740305957		0.333704751190994	927.958259115914	1768	0.08232005590496157	1.3623904654604777	0.7002298354529628	True
ENSMUSG00000034591	0.0434547055291885	0.316111681398607	0.166725979831638	4085.95160616298	1769	0.08236664337293269	1.3619631887271368	0.7002486516258176	True
ENSMUSG00000097393	0.0434758107045157		-0.552512269536514	42.620923762318	1770	0.0824132308409038	1.3617523108499217	0.7002346168875888	True
ENSMUSG00000032348	0.04354599868675		-0.377349749773024	821.3173339813	1771	0.08245981830887492	1.3610517448606962	0.7002949203455704	True
ENSMUSG00000079477	0.0435801326097254	0.316546655989015	0.0517580928024215	22075.3352941078	1772	0.08250640577684602	1.3607114525756658	0.7003005316502097	True
ENSMUSG00000112390	0.043642109730112		0.57683485069735	36.3975745363961	1773	0.08255299324481714	1.3600942630791304	0.7003481779537272	True
ENSMUSG00000025278	0.0436474208613324	0.316558662878506	-0.260946439191578	2781.21241915082	1774	0.08259958071278826	1.3600414137862336	0.7003101533337353	True
ENSMUSG00000032487	0.0438041798537186		-1.48052659063653	20.0495660021384	1775	0.08264616818075937	1.3584844465554025	0.7005004646926069	True
ENSMUSG00000023387	0.0438054188897327		0.543107479251126	97.8304266714923	1776	0.08269275564873049	1.3584721623648215	0.7004562819967677	True
ENSMUSG00000062393	0.0438295776499623		0.488027900976116	337.960465448034	1777	0.08273934311670161	1.3582327142690287	0.7004465844243029	True
ENSMUSG00000033080	0.0438404917455154		-1.44278992172634	21.0465965461256	1778	0.08278593058467272	1.3581245831467232	0.7004169519857436	True
ENSMUSG00000020253	0.0438410369051725		-0.384024434581552	397.388572976486	1779	0.08283251805264384	1.3581191826972903	0.7003717242882237	True
ENSMUSG00000027080	0.0438548563860679		0.0912492670314195	2414.99323704118	1780	0.08287910552061495	1.3579823068614885	0.7003464555050188	True
ENSMUSG00000123144	0.0438579431230453		-0.813585058033965	16.5568813149174	1781	0.08292569298858607	1.3579517399922418	0.7003050482519982	True
ENSMUSG00000015850	0.0439368319267606		-0.524363063198911	586.074763101325	1782	0.08297228045655719	1.35717126116901	0.7003774830560109	True
ENSMUSG00000001506	0.0439592764545401	0.318271119806568	-1.33166327557815	12382.6363101429	1783	0.0830188679245283	1.3569494644375066	0.7003651058788144	True
ENSMUSG00000042558	0.0439774081964248		-0.173824631250927	854.296864812593	1784	0.08306545539249942	1.3567703693171784	0.7003462462882772	True
ENSMUSG00000027765	0.0440155166723991	0.318271119806568	0.325716170954121	3348.84477142376	1785	0.08311204286047054	1.3563941958489412	0.7003573046159749	True
ENSMUSG00000000094	0.0442515945245983		1.21591002106955	12.3248218417327	1786	0.08315863032844165	1.3540710756834937	0.7006639235301738	True
ENSMUSG00000021843	0.0442830610663222	0.319292741989698	0.150215911039043	6721.74828012363	1787	0.08320521779641277	1.3537623661523057	0.7006647403444132	True
ENSMUSG00000030500	0.0442892067989027	0.319292741989698	0.134542733033519	17935.1962945248	1788	0.08325180526438387	1.3537020976774077	0.7006278420098953	True
ENSMUSG00000042190	0.0443078642608167		-1.28401703373696	543.665182386216	1789	0.083298392732355	1.3535191834393085	0.7006095621890508	True
ENSMUSG00000074218	0.0443191677886675		-0.69679460807105	104.421703135029	1790	0.08334498020032612	1.3534084032476505	0.7005803318983741	True
ENSMUSG00000026600	0.044332140428335		-0.15143127090807	1696.19093827471	1791	0.08339156766829722	1.353281299745698	0.7005535796042296	True
ENSMUSG00000115970	0.0443527705131393		-1.29434865296924	10.3702130803115	1792	0.08343815513626834	1.3530792466104307	0.7005382052063637	True
ENSMUSG00000022754	0.0443964674002405		-0.9034947268879	98.0114112860047	1793	0.08348474260423946	1.3526515850569552	0.7005570797976974	True
ENSMUSG00000075595	0.044496193175398		-0.197422772974973	1326.232691974	1794	0.08353133007221057	1.3516771430334198	0.7006589596180135	True
ENSMUSG00000021368	0.044520910507213		0.10530568447828	1778.82207413895	1795	0.08357791754018169	1.3514359623918033	0.7006495250585322	True
ENSMUSG00000097640	0.0445424074551295		-0.599318040189243	35.7122916616582	1796	0.08362450500815281	1.3512263136553135	0.7006353037278535	True
ENSMUSG00000087501	0.0445637269504663		0.18739469469299	493.042743456154	1797	0.08367109247612392	1.3510184954299989	0.7006208045123428	True
ENSMUSG00000031870	0.0446440350801119		-0.327599062203557	624.200111373177	1798	0.08371767994409504	1.3502365592803853	0.7006934605490376	True
ENSMUSG00000025076	0.0446999396559089		-0.447170089672865	137.738571600543	1799	0.08376426741206615	1.3496930631571793	0.700729919665626	True
ENSMUSG00000036534	0.044726993519931	0.321408469523294	0.110322450692703	2642.10602013698	1800	0.08381085488003727	1.3494302934568185	0.7007237624813669	True
ENSMUSG00000020570	0.0447349718336575		-0.141194306287156	2173.93386614916	1801	0.08385744234800839	1.3493528317640913	0.7006894742016352	True
ENSMUSG00000071054	0.0447887822749068	0.321408469523294	0.179822710643885	2995.24929917272	1802	0.0839040298159795	1.3488307450676507	0.7007226832124347	True
ENSMUSG00000003279	0.0447903907860707	0.321408469523294	0.185571797537544	3210.04116980041	1803	0.08395061728395062	1.3488151484172515	0.7006790033719474	True
ENSMUSG00000115149	0.0448038274101919		0.48624383303861	54.6804175384259	1804	0.08399720475192174	1.3486848843919053	0.7006527308681072	True
ENSMUSG00000035798	0.0448492432073765	0.321408469523294	0.14342983496757	7894.26161464802	1805	0.08404379221989285	1.3482448809060281	0.7006734790540208	True
ENSMUSG00000010803	0.0449267077644143	0.321485922177701	0.294319681278547	3513.8600530454	1806	0.08409037968786397	1.34749540540285	0.7007412073298722	True
ENSMUSG00000028195	0.0450676475722412		-1.10213960747746	500.494736871717	1807	0.08413696715583507	1.346135110512516	0.70090166240537	True
ENSMUSG00000044749	0.0450921247320803	0.322074358911371	0.268303886904884	5128.89515626566	1808	0.0841835546238062	1.3458993003404125	0.7008914125697842	True
ENSMUSG00000125145	0.0451010802195153		-1.6325143813842	6.8548738525218	1809	0.08423014209177732	1.3458130561762176	0.7008584575327249	True
ENSMUSG00000044348	0.0451289061075696		0.142921535674702	1965.73717257929	1810	0.08427672955974842	1.3455451933401237	0.7008530735232972	True
ENSMUSG00000024843	0.04514249774499	0.322074358911371	0.171848928697003	4235.85333835973	1811	0.08432331702771954	1.3454144149778873	0.7008268790995159	True
ENSMUSG00000034192	0.0451891716901616		-0.179144614017349	442.93469236409	1812	0.08436990449569066	1.344965619139898	0.7008489620280554	True
ENSMUSG00000032667	0.0452194930818319		-0.187232167547671	2173.06870816923	1813	0.08441649196366177	1.344674310477991	0.7008471372645168	True
ENSMUSG00000049536	0.0452246925540403		-0.109578420260932	1370.61892335115	1814	0.08446307943163289	1.3446243768736243	0.7008086700219234	True
ENSMUSG00000074483	0.0452752855758832		-4.00113223643902	55.1582328639993	1815	0.08450966689960401	1.344138801673449	0.7008363363235847	True
ENSMUSG00000062382	0.0453366739312917		-0.815984588360776	83.2386359407423	1816	0.08455625436757512	1.3435503445154537	0.7008796208503557	True
ENSMUSG00000044026	0.0453674981638702		-0.969664008636996	307.114675564366	1817	0.08460284183554624	1.3432551696778723	0.7008783830002399	True
ENSMUSG00000072769	0.0453964026819514		0.14599068341485	2021.040422953	1818	0.08464942930351735	1.3429785602987663	0.7008743267792854	True
ENSMUSG00000120231	0.0454556604554828		-0.585115961515362	30.229788621026	1819	0.08469601677148847	1.3424120277002694	0.7009142829993937	True
ENSMUSG00000117250	0.0454688337830564		-0.980327758664677	12.0062184301173	1820	0.08474260423945959	1.3422861847453769	0.700887339345091	True
ENSMUSG00000120913	0.0455605318265694		-1.36835962736935	54.3515105150298	1821	0.0847891917074307	1.3414112150583375	0.7009741185454683	True
ENSMUSG00000124420	0.0456040457115817		0.700575400559616	31.4323103319761	1822	0.08483577917540182	1.3409966276803782	0.7009910083824228	True
ENSMUSG00000100665	0.0456482432511116		0.484517171744245	78.3037310243032	1823	0.08488236664337294	1.340575931405234	0.7010088255941418	True
