stage,srr,module,rank,status,module_key,issue,desc,possible_causes,possible_solutions
raw,SRR30333743,Adapter Content,2,fail,adapter_content,Adapter sequence detected in reads,Adapters inflate k-mer signals and can create artificial sequence content bias.,"Short inserts/read-through, adapter dimers, incomplete cleanup.",Clip adapters with FASTX fastx_clipper (correct adapter sequence) and run FastQC again.
trimmed,SRR30333743,Adapter Content,2,fail,adapter_content,Adapter sequence detected in reads,Adapters inflate k-mer signals and can create artificial sequence content bias.,"Short inserts/read-through, adapter dimers, incomplete cleanup.",Clip adapters with FASTX fastx_clipper (correct adapter sequence) and run FastQC again.
raw,SRR30333744,Adapter Content,2,fail,adapter_content,Adapter sequence detected in reads,Adapters inflate k-mer signals and can create artificial sequence content bias.,"Short inserts/read-through, adapter dimers, incomplete cleanup.",Clip adapters with FASTX fastx_clipper (correct adapter sequence) and run FastQC again.
trimmed,SRR30333744,Adapter Content,2,fail,adapter_content,Adapter sequence detected in reads,Adapters inflate k-mer signals and can create artificial sequence content bias.,"Short inserts/read-through, adapter dimers, incomplete cleanup.",Clip adapters with FASTX fastx_clipper (correct adapter sequence) and run FastQC again.
raw,SRR30333745,Adapter Content,2,fail,adapter_content,Adapter sequence detected in reads,Adapters inflate k-mer signals and can create artificial sequence content bias.,"Short inserts/read-through, adapter dimers, incomplete cleanup.",Clip adapters with FASTX fastx_clipper (correct adapter sequence) and run FastQC again.
trimmed,SRR30333745,Adapter Content,2,fail,adapter_content,Adapter sequence detected in reads,Adapters inflate k-mer signals and can create artificial sequence content bias.,"Short inserts/read-through, adapter dimers, incomplete cleanup.",Clip adapters with FASTX fastx_clipper (correct adapter sequence) and run FastQC again.
raw,SRR30333746,Adapter Content,2,fail,adapter_content,Adapter sequence detected in reads,Adapters inflate k-mer signals and can create artificial sequence content bias.,"Short inserts/read-through, adapter dimers, incomplete cleanup.",Clip adapters with FASTX fastx_clipper (correct adapter sequence) and run FastQC again.
trimmed,SRR30333746,Adapter Content,2,fail,adapter_content,Adapter sequence detected in reads,Adapters inflate k-mer signals and can create artificial sequence content bias.,"Short inserts/read-through, adapter dimers, incomplete cleanup.",Clip adapters with FASTX fastx_clipper (correct adapter sequence) and run FastQC again.
raw,SRR30333747,Adapter Content,2,fail,adapter_content,Adapter sequence detected in reads,Adapters inflate k-mer signals and can create artificial sequence content bias.,"Short inserts/read-through, adapter dimers, incomplete cleanup.",Clip adapters with FASTX fastx_clipper (correct adapter sequence) and run FastQC again.
trimmed,SRR30333747,Adapter Content,2,fail,adapter_content,Adapter sequence detected in reads,Adapters inflate k-mer signals and can create artificial sequence content bias.,"Short inserts/read-through, adapter dimers, incomplete cleanup.",Clip adapters with FASTX fastx_clipper (correct adapter sequence) and run FastQC again.
raw,SRR30333748,Adapter Content,2,fail,adapter_content,Adapter sequence detected in reads,Adapters inflate k-mer signals and can create artificial sequence content bias.,"Short inserts/read-through, adapter dimers, incomplete cleanup.",Clip adapters with FASTX fastx_clipper (correct adapter sequence) and run FastQC again.
trimmed,SRR30333748,Adapter Content,2,fail,adapter_content,Adapter sequence detected in reads,Adapters inflate k-mer signals and can create artificial sequence content bias.,"Short inserts/read-through, adapter dimers, incomplete cleanup.",Clip adapters with FASTX fastx_clipper (correct adapter sequence) and run FastQC again.
raw,SRR30333749,Adapter Content,2,fail,adapter_content,Adapter sequence detected in reads,Adapters inflate k-mer signals and can create artificial sequence content bias.,"Short inserts/read-through, adapter dimers, incomplete cleanup.",Clip adapters with FASTX fastx_clipper (correct adapter sequence) and run FastQC again.
trimmed,SRR30333749,Adapter Content,2,fail,adapter_content,Adapter sequence detected in reads,Adapters inflate k-mer signals and can create artificial sequence content bias.,"Short inserts/read-through, adapter dimers, incomplete cleanup.",Clip adapters with FASTX fastx_clipper (correct adapter sequence) and run FastQC again.
raw,SRR30333750,Adapter Content,2,fail,adapter_content,Adapter sequence detected in reads,Adapters inflate k-mer signals and can create artificial sequence content bias.,"Short inserts/read-through, adapter dimers, incomplete cleanup.",Clip adapters with FASTX fastx_clipper (correct adapter sequence) and run FastQC again.
trimmed,SRR30333750,Adapter Content,2,fail,adapter_content,Adapter sequence detected in reads,Adapters inflate k-mer signals and can create artificial sequence content bias.,"Short inserts/read-through, adapter dimers, incomplete cleanup.",Clip adapters with FASTX fastx_clipper (correct adapter sequence) and run FastQC again.
raw,SRR30333751,Adapter Content,2,fail,adapter_content,Adapter sequence detected in reads,Adapters inflate k-mer signals and can create artificial sequence content bias.,"Short inserts/read-through, adapter dimers, incomplete cleanup.",Clip adapters with FASTX fastx_clipper (correct adapter sequence) and run FastQC again.
trimmed,SRR30333751,Adapter Content,2,fail,adapter_content,Adapter sequence detected in reads,Adapters inflate k-mer signals and can create artificial sequence content bias.,"Short inserts/read-through, adapter dimers, incomplete cleanup.",Clip adapters with FASTX fastx_clipper (correct adapter sequence) and run FastQC again.
raw,SRR30333752,Adapter Content,2,fail,adapter_content,Adapter sequence detected in reads,Adapters inflate k-mer signals and can create artificial sequence content bias.,"Short inserts/read-through, adapter dimers, incomplete cleanup.",Clip adapters with FASTX fastx_clipper (correct adapter sequence) and run FastQC again.
trimmed,SRR30333752,Adapter Content,2,fail,adapter_content,Adapter sequence detected in reads,Adapters inflate k-mer signals and can create artificial sequence content bias.,"Short inserts/read-through, adapter dimers, incomplete cleanup.",Clip adapters with FASTX fastx_clipper (correct adapter sequence) and run FastQC again.
raw,SRR30333753,Adapter Content,2,fail,adapter_content,Adapter sequence detected in reads,Adapters inflate k-mer signals and can create artificial sequence content bias.,"Short inserts/read-through, adapter dimers, incomplete cleanup.",Clip adapters with FASTX fastx_clipper (correct adapter sequence) and run FastQC again.
trimmed,SRR30333753,Adapter Content,2,fail,adapter_content,Adapter sequence detected in reads,Adapters inflate k-mer signals and can create artificial sequence content bias.,"Short inserts/read-through, adapter dimers, incomplete cleanup.",Clip adapters with FASTX fastx_clipper (correct adapter sequence) and run FastQC again.
raw,SRR30333754,Adapter Content,2,fail,adapter_content,Adapter sequence detected in reads,Adapters inflate k-mer signals and can create artificial sequence content bias.,"Short inserts/read-through, adapter dimers, incomplete cleanup.",Clip adapters with FASTX fastx_clipper (correct adapter sequence) and run FastQC again.
trimmed,SRR30333754,Adapter Content,2,fail,adapter_content,Adapter sequence detected in reads,Adapters inflate k-mer signals and can create artificial sequence content bias.,"Short inserts/read-through, adapter dimers, incomplete cleanup.",Clip adapters with FASTX fastx_clipper (correct adapter sequence) and run FastQC again.
raw,SRR30333755,Adapter Content,2,fail,adapter_content,Adapter sequence detected in reads,Adapters inflate k-mer signals and can create artificial sequence content bias.,"Short inserts/read-through, adapter dimers, incomplete cleanup.",Clip adapters with FASTX fastx_clipper (correct adapter sequence) and run FastQC again.
trimmed,SRR30333755,Adapter Content,2,fail,adapter_content,Adapter sequence detected in reads,Adapters inflate k-mer signals and can create artificial sequence content bias.,"Short inserts/read-through, adapter dimers, incomplete cleanup.",Clip adapters with FASTX fastx_clipper (correct adapter sequence) and run FastQC again.
raw,SRR30333756,Adapter Content,2,fail,adapter_content,Adapter sequence detected in reads,Adapters inflate k-mer signals and can create artificial sequence content bias.,"Short inserts/read-through, adapter dimers, incomplete cleanup.",Clip adapters with FASTX fastx_clipper (correct adapter sequence) and run FastQC again.
trimmed,SRR30333756,Adapter Content,2,fail,adapter_content,Adapter sequence detected in reads,Adapters inflate k-mer signals and can create artificial sequence content bias.,"Short inserts/read-through, adapter dimers, incomplete cleanup.",Clip adapters with FASTX fastx_clipper (correct adapter sequence) and run FastQC again.
raw,SRR30333757,Adapter Content,2,fail,adapter_content,Adapter sequence detected in reads,Adapters inflate k-mer signals and can create artificial sequence content bias.,"Short inserts/read-through, adapter dimers, incomplete cleanup.",Clip adapters with FASTX fastx_clipper (correct adapter sequence) and run FastQC again.
trimmed,SRR30333757,Adapter Content,2,fail,adapter_content,Adapter sequence detected in reads,Adapters inflate k-mer signals and can create artificial sequence content bias.,"Short inserts/read-through, adapter dimers, incomplete cleanup.",Clip adapters with FASTX fastx_clipper (correct adapter sequence) and run FastQC again.
raw,SRR30333758,Adapter Content,2,fail,adapter_content,Adapter sequence detected in reads,Adapters inflate k-mer signals and can create artificial sequence content bias.,"Short inserts/read-through, adapter dimers, incomplete cleanup.",Clip adapters with FASTX fastx_clipper (correct adapter sequence) and run FastQC again.
trimmed,SRR30333758,Adapter Content,2,fail,adapter_content,Adapter sequence detected in reads,Adapters inflate k-mer signals and can create artificial sequence content bias.,"Short inserts/read-through, adapter dimers, incomplete cleanup.",Clip adapters with FASTX fastx_clipper (correct adapter sequence) and run FastQC again.
raw,SRR30333759,Adapter Content,2,fail,adapter_content,Adapter sequence detected in reads,Adapters inflate k-mer signals and can create artificial sequence content bias.,"Short inserts/read-through, adapter dimers, incomplete cleanup.",Clip adapters with FASTX fastx_clipper (correct adapter sequence) and run FastQC again.
trimmed,SRR30333759,Adapter Content,2,fail,adapter_content,Adapter sequence detected in reads,Adapters inflate k-mer signals and can create artificial sequence content bias.,"Short inserts/read-through, adapter dimers, incomplete cleanup.",Clip adapters with FASTX fastx_clipper (correct adapter sequence) and run FastQC again.
raw,SRR30333760,Adapter Content,2,fail,adapter_content,Adapter sequence detected in reads,Adapters inflate k-mer signals and can create artificial sequence content bias.,"Short inserts/read-through, adapter dimers, incomplete cleanup.",Clip adapters with FASTX fastx_clipper (correct adapter sequence) and run FastQC again.
trimmed,SRR30333760,Adapter Content,2,fail,adapter_content,Adapter sequence detected in reads,Adapters inflate k-mer signals and can create artificial sequence content bias.,"Short inserts/read-through, adapter dimers, incomplete cleanup.",Clip adapters with FASTX fastx_clipper (correct adapter sequence) and run FastQC again.
raw,SRR30333761,Adapter Content,2,fail,adapter_content,Adapter sequence detected in reads,Adapters inflate k-mer signals and can create artificial sequence content bias.,"Short inserts/read-through, adapter dimers, incomplete cleanup.",Clip adapters with FASTX fastx_clipper (correct adapter sequence) and run FastQC again.
trimmed,SRR30333761,Adapter Content,2,fail,adapter_content,Adapter sequence detected in reads,Adapters inflate k-mer signals and can create artificial sequence content bias.,"Short inserts/read-through, adapter dimers, incomplete cleanup.",Clip adapters with FASTX fastx_clipper (correct adapter sequence) and run FastQC again.
raw,SRR30333762,Adapter Content,2,fail,adapter_content,Adapter sequence detected in reads,Adapters inflate k-mer signals and can create artificial sequence content bias.,"Short inserts/read-through, adapter dimers, incomplete cleanup.",Clip adapters with FASTX fastx_clipper (correct adapter sequence) and run FastQC again.
trimmed,SRR30333762,Adapter Content,2,fail,adapter_content,Adapter sequence detected in reads,Adapters inflate k-mer signals and can create artificial sequence content bias.,"Short inserts/read-through, adapter dimers, incomplete cleanup.",Clip adapters with FASTX fastx_clipper (correct adapter sequence) and run FastQC again.
raw,SRR30333763,Adapter Content,2,fail,adapter_content,Adapter sequence detected in reads,Adapters inflate k-mer signals and can create artificial sequence content bias.,"Short inserts/read-through, adapter dimers, incomplete cleanup.",Clip adapters with FASTX fastx_clipper (correct adapter sequence) and run FastQC again.
raw,SRR30333764,Adapter Content,2,fail,adapter_content,Adapter sequence detected in reads,Adapters inflate k-mer signals and can create artificial sequence content bias.,"Short inserts/read-through, adapter dimers, incomplete cleanup.",Clip adapters with FASTX fastx_clipper (correct adapter sequence) and run FastQC again.
raw,SRR30333765,Adapter Content,2,fail,adapter_content,Adapter sequence detected in reads,Adapters inflate k-mer signals and can create artificial sequence content bias.,"Short inserts/read-through, adapter dimers, incomplete cleanup.",Clip adapters with FASTX fastx_clipper (correct adapter sequence) and run FastQC again.
raw,SRR30333766,Adapter Content,2,fail,adapter_content,Adapter sequence detected in reads,Adapters inflate k-mer signals and can create artificial sequence content bias.,"Short inserts/read-through, adapter dimers, incomplete cleanup.",Clip adapters with FASTX fastx_clipper (correct adapter sequence) and run FastQC again.
raw,SRR30333767,Adapter Content,2,fail,adapter_content,Adapter sequence detected in reads,Adapters inflate k-mer signals and can create artificial sequence content bias.,"Short inserts/read-through, adapter dimers, incomplete cleanup.",Clip adapters with FASTX fastx_clipper (correct adapter sequence) and run FastQC again.
raw,SRR30333768,Adapter Content,2,fail,adapter_content,Adapter sequence detected in reads,Adapters inflate k-mer signals and can create artificial sequence content bias.,"Short inserts/read-through, adapter dimers, incomplete cleanup.",Clip adapters with FASTX fastx_clipper (correct adapter sequence) and run FastQC again.
raw,SRR30333754,Overrepresented sequences,2,fail,overrepresented_sequences,Specific sequences appear far more often than expected,Often indicates adapters/primers or a small number of very frequent sequences.,"Residual adapters/primers, rRNA/contamination, low-complexity, real highly expressed transcripts.",Identify sequences first (FastQC list); if adapters/primers clip; if rRNA/contaminant consider filtering/flagging; if biological transcript document as expected.
trimmed,SRR30333754,Overrepresented sequences,2,fail,overrepresented_sequences,Specific sequences appear far more often than expected,Often indicates adapters/primers or a small number of very frequent sequences.,"Residual adapters/primers, rRNA/contamination, low-complexity, real highly expressed transcripts.",Identify sequences first (FastQC list); if adapters/primers clip; if rRNA/contaminant consider filtering/flagging; if biological transcript document as expected.
raw,SRR30333756,Overrepresented sequences,2,fail,overrepresented_sequences,Specific sequences appear far more often than expected,Often indicates adapters/primers or a small number of very frequent sequences.,"Residual adapters/primers, rRNA/contamination, low-complexity, real highly expressed transcripts.",Identify sequences first (FastQC list); if adapters/primers clip; if rRNA/contaminant consider filtering/flagging; if biological transcript document as expected.
trimmed,SRR30333756,Overrepresented sequences,2,fail,overrepresented_sequences,Specific sequences appear far more often than expected,Often indicates adapters/primers or a small number of very frequent sequences.,"Residual adapters/primers, rRNA/contamination, low-complexity, real highly expressed transcripts.",Identify sequences first (FastQC list); if adapters/primers clip; if rRNA/contaminant consider filtering/flagging; if biological transcript document as expected.
raw,SRR30333743,Overrepresented sequences,1,warn,overrepresented_sequences,Specific sequences appear far more often than expected,Often indicates adapters/primers or a small number of very frequent sequences.,"Residual adapters/primers, rRNA/contamination, low-complexity, real highly expressed transcripts.",Identify sequences first (FastQC list); if adapters/primers clip; if rRNA/contaminant consider filtering/flagging; if biological transcript document as expected.
trimmed,SRR30333743,Overrepresented sequences,1,warn,overrepresented_sequences,Specific sequences appear far more often than expected,Often indicates adapters/primers or a small number of very frequent sequences.,"Residual adapters/primers, rRNA/contamination, low-complexity, real highly expressed transcripts.",Identify sequences first (FastQC list); if adapters/primers clip; if rRNA/contaminant consider filtering/flagging; if biological transcript document as expected.
raw,SRR30333744,Overrepresented sequences,1,warn,overrepresented_sequences,Specific sequences appear far more often than expected,Often indicates adapters/primers or a small number of very frequent sequences.,"Residual adapters/primers, rRNA/contamination, low-complexity, real highly expressed transcripts.",Identify sequences first (FastQC list); if adapters/primers clip; if rRNA/contaminant consider filtering/flagging; if biological transcript document as expected.
trimmed,SRR30333744,Overrepresented sequences,1,warn,overrepresented_sequences,Specific sequences appear far more often than expected,Often indicates adapters/primers or a small number of very frequent sequences.,"Residual adapters/primers, rRNA/contamination, low-complexity, real highly expressed transcripts.",Identify sequences first (FastQC list); if adapters/primers clip; if rRNA/contaminant consider filtering/flagging; if biological transcript document as expected.
raw,SRR30333745,Overrepresented sequences,1,warn,overrepresented_sequences,Specific sequences appear far more often than expected,Often indicates adapters/primers or a small number of very frequent sequences.,"Residual adapters/primers, rRNA/contamination, low-complexity, real highly expressed transcripts.",Identify sequences first (FastQC list); if adapters/primers clip; if rRNA/contaminant consider filtering/flagging; if biological transcript document as expected.
trimmed,SRR30333745,Overrepresented sequences,1,warn,overrepresented_sequences,Specific sequences appear far more often than expected,Often indicates adapters/primers or a small number of very frequent sequences.,"Residual adapters/primers, rRNA/contamination, low-complexity, real highly expressed transcripts.",Identify sequences first (FastQC list); if adapters/primers clip; if rRNA/contaminant consider filtering/flagging; if biological transcript document as expected.
raw,SRR30333746,Overrepresented sequences,1,warn,overrepresented_sequences,Specific sequences appear far more often than expected,Often indicates adapters/primers or a small number of very frequent sequences.,"Residual adapters/primers, rRNA/contamination, low-complexity, real highly expressed transcripts.",Identify sequences first (FastQC list); if adapters/primers clip; if rRNA/contaminant consider filtering/flagging; if biological transcript document as expected.
trimmed,SRR30333746,Overrepresented sequences,1,warn,overrepresented_sequences,Specific sequences appear far more often than expected,Often indicates adapters/primers or a small number of very frequent sequences.,"Residual adapters/primers, rRNA/contamination, low-complexity, real highly expressed transcripts.",Identify sequences first (FastQC list); if adapters/primers clip; if rRNA/contaminant consider filtering/flagging; if biological transcript document as expected.
raw,SRR30333747,Overrepresented sequences,1,warn,overrepresented_sequences,Specific sequences appear far more often than expected,Often indicates adapters/primers or a small number of very frequent sequences.,"Residual adapters/primers, rRNA/contamination, low-complexity, real highly expressed transcripts.",Identify sequences first (FastQC list); if adapters/primers clip; if rRNA/contaminant consider filtering/flagging; if biological transcript document as expected.
trimmed,SRR30333747,Overrepresented sequences,1,warn,overrepresented_sequences,Specific sequences appear far more often than expected,Often indicates adapters/primers or a small number of very frequent sequences.,"Residual adapters/primers, rRNA/contamination, low-complexity, real highly expressed transcripts.",Identify sequences first (FastQC list); if adapters/primers clip; if rRNA/contaminant consider filtering/flagging; if biological transcript document as expected.
raw,SRR30333748,Overrepresented sequences,1,warn,overrepresented_sequences,Specific sequences appear far more often than expected,Often indicates adapters/primers or a small number of very frequent sequences.,"Residual adapters/primers, rRNA/contamination, low-complexity, real highly expressed transcripts.",Identify sequences first (FastQC list); if adapters/primers clip; if rRNA/contaminant consider filtering/flagging; if biological transcript document as expected.
trimmed,SRR30333748,Overrepresented sequences,1,warn,overrepresented_sequences,Specific sequences appear far more often than expected,Often indicates adapters/primers or a small number of very frequent sequences.,"Residual adapters/primers, rRNA/contamination, low-complexity, real highly expressed transcripts.",Identify sequences first (FastQC list); if adapters/primers clip; if rRNA/contaminant consider filtering/flagging; if biological transcript document as expected.
raw,SRR30333749,Overrepresented sequences,1,warn,overrepresented_sequences,Specific sequences appear far more often than expected,Often indicates adapters/primers or a small number of very frequent sequences.,"Residual adapters/primers, rRNA/contamination, low-complexity, real highly expressed transcripts.",Identify sequences first (FastQC list); if adapters/primers clip; if rRNA/contaminant consider filtering/flagging; if biological transcript document as expected.
trimmed,SRR30333749,Overrepresented sequences,1,warn,overrepresented_sequences,Specific sequences appear far more often than expected,Often indicates adapters/primers or a small number of very frequent sequences.,"Residual adapters/primers, rRNA/contamination, low-complexity, real highly expressed transcripts.",Identify sequences first (FastQC list); if adapters/primers clip; if rRNA/contaminant consider filtering/flagging; if biological transcript document as expected.
raw,SRR30333750,Overrepresented sequences,1,warn,overrepresented_sequences,Specific sequences appear far more often than expected,Often indicates adapters/primers or a small number of very frequent sequences.,"Residual adapters/primers, rRNA/contamination, low-complexity, real highly expressed transcripts.",Identify sequences first (FastQC list); if adapters/primers clip; if rRNA/contaminant consider filtering/flagging; if biological transcript document as expected.
trimmed,SRR30333750,Overrepresented sequences,1,warn,overrepresented_sequences,Specific sequences appear far more often than expected,Often indicates adapters/primers or a small number of very frequent sequences.,"Residual adapters/primers, rRNA/contamination, low-complexity, real highly expressed transcripts.",Identify sequences first (FastQC list); if adapters/primers clip; if rRNA/contaminant consider filtering/flagging; if biological transcript document as expected.
raw,SRR30333751,Overrepresented sequences,1,warn,overrepresented_sequences,Specific sequences appear far more often than expected,Often indicates adapters/primers or a small number of very frequent sequences.,"Residual adapters/primers, rRNA/contamination, low-complexity, real highly expressed transcripts.",Identify sequences first (FastQC list); if adapters/primers clip; if rRNA/contaminant consider filtering/flagging; if biological transcript document as expected.
trimmed,SRR30333751,Overrepresented sequences,1,warn,overrepresented_sequences,Specific sequences appear far more often than expected,Often indicates adapters/primers or a small number of very frequent sequences.,"Residual adapters/primers, rRNA/contamination, low-complexity, real highly expressed transcripts.",Identify sequences first (FastQC list); if adapters/primers clip; if rRNA/contaminant consider filtering/flagging; if biological transcript document as expected.
raw,SRR30333752,Overrepresented sequences,1,warn,overrepresented_sequences,Specific sequences appear far more often than expected,Often indicates adapters/primers or a small number of very frequent sequences.,"Residual adapters/primers, rRNA/contamination, low-complexity, real highly expressed transcripts.",Identify sequences first (FastQC list); if adapters/primers clip; if rRNA/contaminant consider filtering/flagging; if biological transcript document as expected.
trimmed,SRR30333752,Overrepresented sequences,1,warn,overrepresented_sequences,Specific sequences appear far more often than expected,Often indicates adapters/primers or a small number of very frequent sequences.,"Residual adapters/primers, rRNA/contamination, low-complexity, real highly expressed transcripts.",Identify sequences first (FastQC list); if adapters/primers clip; if rRNA/contaminant consider filtering/flagging; if biological transcript document as expected.
raw,SRR30333753,Overrepresented sequences,1,warn,overrepresented_sequences,Specific sequences appear far more often than expected,Often indicates adapters/primers or a small number of very frequent sequences.,"Residual adapters/primers, rRNA/contamination, low-complexity, real highly expressed transcripts.",Identify sequences first (FastQC list); if adapters/primers clip; if rRNA/contaminant consider filtering/flagging; if biological transcript document as expected.
trimmed,SRR30333753,Overrepresented sequences,1,warn,overrepresented_sequences,Specific sequences appear far more often than expected,Often indicates adapters/primers or a small number of very frequent sequences.,"Residual adapters/primers, rRNA/contamination, low-complexity, real highly expressed transcripts.",Identify sequences first (FastQC list); if adapters/primers clip; if rRNA/contaminant consider filtering/flagging; if biological transcript document as expected.
raw,SRR30333755,Overrepresented sequences,1,warn,overrepresented_sequences,Specific sequences appear far more often than expected,Often indicates adapters/primers or a small number of very frequent sequences.,"Residual adapters/primers, rRNA/contamination, low-complexity, real highly expressed transcripts.",Identify sequences first (FastQC list); if adapters/primers clip; if rRNA/contaminant consider filtering/flagging; if biological transcript document as expected.
trimmed,SRR30333755,Overrepresented sequences,1,warn,overrepresented_sequences,Specific sequences appear far more often than expected,Often indicates adapters/primers or a small number of very frequent sequences.,"Residual adapters/primers, rRNA/contamination, low-complexity, real highly expressed transcripts.",Identify sequences first (FastQC list); if adapters/primers clip; if rRNA/contaminant consider filtering/flagging; if biological transcript document as expected.
raw,SRR30333743,Per base sequence content,2,fail,per_base_sequence_content,A/C/G/T positional bias across cycles,Position-specific base composition bias is common in RNA-seq but outliers can indicate prep artifacts.,"Random-priming bias, library prep artifacts, poly-A/T signal, adapters/primers.","Usually document; if tied to adapters/primers, clip; investigate only if a subset are strong outliers."
trimmed,SRR30333743,Per base sequence content,2,fail,per_base_sequence_content,A/C/G/T positional bias across cycles,Position-specific base composition bias is common in RNA-seq but outliers can indicate prep artifacts.,"Random-priming bias, library prep artifacts, poly-A/T signal, adapters/primers.","Usually document; if tied to adapters/primers, clip; investigate only if a subset are strong outliers."
raw,SRR30333744,Per base sequence content,2,fail,per_base_sequence_content,A/C/G/T positional bias across cycles,Position-specific base composition bias is common in RNA-seq but outliers can indicate prep artifacts.,"Random-priming bias, library prep artifacts, poly-A/T signal, adapters/primers.","Usually document; if tied to adapters/primers, clip; investigate only if a subset are strong outliers."
trimmed,SRR30333744,Per base sequence content,2,fail,per_base_sequence_content,A/C/G/T positional bias across cycles,Position-specific base composition bias is common in RNA-seq but outliers can indicate prep artifacts.,"Random-priming bias, library prep artifacts, poly-A/T signal, adapters/primers.","Usually document; if tied to adapters/primers, clip; investigate only if a subset are strong outliers."
raw,SRR30333745,Per base sequence content,2,fail,per_base_sequence_content,A/C/G/T positional bias across cycles,Position-specific base composition bias is common in RNA-seq but outliers can indicate prep artifacts.,"Random-priming bias, library prep artifacts, poly-A/T signal, adapters/primers.","Usually document; if tied to adapters/primers, clip; investigate only if a subset are strong outliers."
trimmed,SRR30333745,Per base sequence content,2,fail,per_base_sequence_content,A/C/G/T positional bias across cycles,Position-specific base composition bias is common in RNA-seq but outliers can indicate prep artifacts.,"Random-priming bias, library prep artifacts, poly-A/T signal, adapters/primers.","Usually document; if tied to adapters/primers, clip; investigate only if a subset are strong outliers."
raw,SRR30333746,Per base sequence content,2,fail,per_base_sequence_content,A/C/G/T positional bias across cycles,Position-specific base composition bias is common in RNA-seq but outliers can indicate prep artifacts.,"Random-priming bias, library prep artifacts, poly-A/T signal, adapters/primers.","Usually document; if tied to adapters/primers, clip; investigate only if a subset are strong outliers."
trimmed,SRR30333746,Per base sequence content,2,fail,per_base_sequence_content,A/C/G/T positional bias across cycles,Position-specific base composition bias is common in RNA-seq but outliers can indicate prep artifacts.,"Random-priming bias, library prep artifacts, poly-A/T signal, adapters/primers.","Usually document; if tied to adapters/primers, clip; investigate only if a subset are strong outliers."
raw,SRR30333747,Per base sequence content,2,fail,per_base_sequence_content,A/C/G/T positional bias across cycles,Position-specific base composition bias is common in RNA-seq but outliers can indicate prep artifacts.,"Random-priming bias, library prep artifacts, poly-A/T signal, adapters/primers.","Usually document; if tied to adapters/primers, clip; investigate only if a subset are strong outliers."
trimmed,SRR30333747,Per base sequence content,2,fail,per_base_sequence_content,A/C/G/T positional bias across cycles,Position-specific base composition bias is common in RNA-seq but outliers can indicate prep artifacts.,"Random-priming bias, library prep artifacts, poly-A/T signal, adapters/primers.","Usually document; if tied to adapters/primers, clip; investigate only if a subset are strong outliers."
raw,SRR30333748,Per base sequence content,2,fail,per_base_sequence_content,A/C/G/T positional bias across cycles,Position-specific base composition bias is common in RNA-seq but outliers can indicate prep artifacts.,"Random-priming bias, library prep artifacts, poly-A/T signal, adapters/primers.","Usually document; if tied to adapters/primers, clip; investigate only if a subset are strong outliers."
trimmed,SRR30333748,Per base sequence content,2,fail,per_base_sequence_content,A/C/G/T positional bias across cycles,Position-specific base composition bias is common in RNA-seq but outliers can indicate prep artifacts.,"Random-priming bias, library prep artifacts, poly-A/T signal, adapters/primers.","Usually document; if tied to adapters/primers, clip; investigate only if a subset are strong outliers."
raw,SRR30333749,Per base sequence content,2,fail,per_base_sequence_content,A/C/G/T positional bias across cycles,Position-specific base composition bias is common in RNA-seq but outliers can indicate prep artifacts.,"Random-priming bias, library prep artifacts, poly-A/T signal, adapters/primers.","Usually document; if tied to adapters/primers, clip; investigate only if a subset are strong outliers."
trimmed,SRR30333749,Per base sequence content,2,fail,per_base_sequence_content,A/C/G/T positional bias across cycles,Position-specific base composition bias is common in RNA-seq but outliers can indicate prep artifacts.,"Random-priming bias, library prep artifacts, poly-A/T signal, adapters/primers.","Usually document; if tied to adapters/primers, clip; investigate only if a subset are strong outliers."
raw,SRR30333750,Per base sequence content,2,fail,per_base_sequence_content,A/C/G/T positional bias across cycles,Position-specific base composition bias is common in RNA-seq but outliers can indicate prep artifacts.,"Random-priming bias, library prep artifacts, poly-A/T signal, adapters/primers.","Usually document; if tied to adapters/primers, clip; investigate only if a subset are strong outliers."
trimmed,SRR30333750,Per base sequence content,2,fail,per_base_sequence_content,A/C/G/T positional bias across cycles,Position-specific base composition bias is common in RNA-seq but outliers can indicate prep artifacts.,"Random-priming bias, library prep artifacts, poly-A/T signal, adapters/primers.","Usually document; if tied to adapters/primers, clip; investigate only if a subset are strong outliers."
raw,SRR30333751,Per base sequence content,2,fail,per_base_sequence_content,A/C/G/T positional bias across cycles,Position-specific base composition bias is common in RNA-seq but outliers can indicate prep artifacts.,"Random-priming bias, library prep artifacts, poly-A/T signal, adapters/primers.","Usually document; if tied to adapters/primers, clip; investigate only if a subset are strong outliers."
trimmed,SRR30333751,Per base sequence content,2,fail,per_base_sequence_content,A/C/G/T positional bias across cycles,Position-specific base composition bias is common in RNA-seq but outliers can indicate prep artifacts.,"Random-priming bias, library prep artifacts, poly-A/T signal, adapters/primers.","Usually document; if tied to adapters/primers, clip; investigate only if a subset are strong outliers."
raw,SRR30333752,Per base sequence content,2,fail,per_base_sequence_content,A/C/G/T positional bias across cycles,Position-specific base composition bias is common in RNA-seq but outliers can indicate prep artifacts.,"Random-priming bias, library prep artifacts, poly-A/T signal, adapters/primers.","Usually document; if tied to adapters/primers, clip; investigate only if a subset are strong outliers."
trimmed,SRR30333752,Per base sequence content,2,fail,per_base_sequence_content,A/C/G/T positional bias across cycles,Position-specific base composition bias is common in RNA-seq but outliers can indicate prep artifacts.,"Random-priming bias, library prep artifacts, poly-A/T signal, adapters/primers.","Usually document; if tied to adapters/primers, clip; investigate only if a subset are strong outliers."
raw,SRR30333753,Per base sequence content,2,fail,per_base_sequence_content,A/C/G/T positional bias across cycles,Position-specific base composition bias is common in RNA-seq but outliers can indicate prep artifacts.,"Random-priming bias, library prep artifacts, poly-A/T signal, adapters/primers.","Usually document; if tied to adapters/primers, clip; investigate only if a subset are strong outliers."
trimmed,SRR30333753,Per base sequence content,2,fail,per_base_sequence_content,A/C/G/T positional bias across cycles,Position-specific base composition bias is common in RNA-seq but outliers can indicate prep artifacts.,"Random-priming bias, library prep artifacts, poly-A/T signal, adapters/primers.","Usually document; if tied to adapters/primers, clip; investigate only if a subset are strong outliers."
raw,SRR30333754,Per base sequence content,2,fail,per_base_sequence_content,A/C/G/T positional bias across cycles,Position-specific base composition bias is common in RNA-seq but outliers can indicate prep artifacts.,"Random-priming bias, library prep artifacts, poly-A/T signal, adapters/primers.","Usually document; if tied to adapters/primers, clip; investigate only if a subset are strong outliers."
trimmed,SRR30333754,Per base sequence content,2,fail,per_base_sequence_content,A/C/G/T positional bias across cycles,Position-specific base composition bias is common in RNA-seq but outliers can indicate prep artifacts.,"Random-priming bias, library prep artifacts, poly-A/T signal, adapters/primers.","Usually document; if tied to adapters/primers, clip; investigate only if a subset are strong outliers."
raw,SRR30333755,Per base sequence content,2,fail,per_base_sequence_content,A/C/G/T positional bias across cycles,Position-specific base composition bias is common in RNA-seq but outliers can indicate prep artifacts.,"Random-priming bias, library prep artifacts, poly-A/T signal, adapters/primers.","Usually document; if tied to adapters/primers, clip; investigate only if a subset are strong outliers."
trimmed,SRR30333755,Per base sequence content,2,fail,per_base_sequence_content,A/C/G/T positional bias across cycles,Position-specific base composition bias is common in RNA-seq but outliers can indicate prep artifacts.,"Random-priming bias, library prep artifacts, poly-A/T signal, adapters/primers.","Usually document; if tied to adapters/primers, clip; investigate only if a subset are strong outliers."
raw,SRR30333756,Per base sequence content,2,fail,per_base_sequence_content,A/C/G/T positional bias across cycles,Position-specific base composition bias is common in RNA-seq but outliers can indicate prep artifacts.,"Random-priming bias, library prep artifacts, poly-A/T signal, adapters/primers.","Usually document; if tied to adapters/primers, clip; investigate only if a subset are strong outliers."
trimmed,SRR30333756,Per base sequence content,2,fail,per_base_sequence_content,A/C/G/T positional bias across cycles,Position-specific base composition bias is common in RNA-seq but outliers can indicate prep artifacts.,"Random-priming bias, library prep artifacts, poly-A/T signal, adapters/primers.","Usually document; if tied to adapters/primers, clip; investigate only if a subset are strong outliers."
raw,SRR30333757,Per base sequence content,2,fail,per_base_sequence_content,A/C/G/T positional bias across cycles,Position-specific base composition bias is common in RNA-seq but outliers can indicate prep artifacts.,"Random-priming bias, library prep artifacts, poly-A/T signal, adapters/primers.","Usually document; if tied to adapters/primers, clip; investigate only if a subset are strong outliers."
trimmed,SRR30333757,Per base sequence content,2,fail,per_base_sequence_content,A/C/G/T positional bias across cycles,Position-specific base composition bias is common in RNA-seq but outliers can indicate prep artifacts.,"Random-priming bias, library prep artifacts, poly-A/T signal, adapters/primers.","Usually document; if tied to adapters/primers, clip; investigate only if a subset are strong outliers."
raw,SRR30333758,Per base sequence content,2,fail,per_base_sequence_content,A/C/G/T positional bias across cycles,Position-specific base composition bias is common in RNA-seq but outliers can indicate prep artifacts.,"Random-priming bias, library prep artifacts, poly-A/T signal, adapters/primers.","Usually document; if tied to adapters/primers, clip; investigate only if a subset are strong outliers."
trimmed,SRR30333758,Per base sequence content,2,fail,per_base_sequence_content,A/C/G/T positional bias across cycles,Position-specific base composition bias is common in RNA-seq but outliers can indicate prep artifacts.,"Random-priming bias, library prep artifacts, poly-A/T signal, adapters/primers.","Usually document; if tied to adapters/primers, clip; investigate only if a subset are strong outliers."
raw,SRR30333759,Per base sequence content,2,fail,per_base_sequence_content,A/C/G/T positional bias across cycles,Position-specific base composition bias is common in RNA-seq but outliers can indicate prep artifacts.,"Random-priming bias, library prep artifacts, poly-A/T signal, adapters/primers.","Usually document; if tied to adapters/primers, clip; investigate only if a subset are strong outliers."
trimmed,SRR30333759,Per base sequence content,2,fail,per_base_sequence_content,A/C/G/T positional bias across cycles,Position-specific base composition bias is common in RNA-seq but outliers can indicate prep artifacts.,"Random-priming bias, library prep artifacts, poly-A/T signal, adapters/primers.","Usually document; if tied to adapters/primers, clip; investigate only if a subset are strong outliers."
raw,SRR30333760,Per base sequence content,2,fail,per_base_sequence_content,A/C/G/T positional bias across cycles,Position-specific base composition bias is common in RNA-seq but outliers can indicate prep artifacts.,"Random-priming bias, library prep artifacts, poly-A/T signal, adapters/primers.","Usually document; if tied to adapters/primers, clip; investigate only if a subset are strong outliers."
trimmed,SRR30333760,Per base sequence content,2,fail,per_base_sequence_content,A/C/G/T positional bias across cycles,Position-specific base composition bias is common in RNA-seq but outliers can indicate prep artifacts.,"Random-priming bias, library prep artifacts, poly-A/T signal, adapters/primers.","Usually document; if tied to adapters/primers, clip; investigate only if a subset are strong outliers."
raw,SRR30333761,Per base sequence content,2,fail,per_base_sequence_content,A/C/G/T positional bias across cycles,Position-specific base composition bias is common in RNA-seq but outliers can indicate prep artifacts.,"Random-priming bias, library prep artifacts, poly-A/T signal, adapters/primers.","Usually document; if tied to adapters/primers, clip; investigate only if a subset are strong outliers."
trimmed,SRR30333761,Per base sequence content,2,fail,per_base_sequence_content,A/C/G/T positional bias across cycles,Position-specific base composition bias is common in RNA-seq but outliers can indicate prep artifacts.,"Random-priming bias, library prep artifacts, poly-A/T signal, adapters/primers.","Usually document; if tied to adapters/primers, clip; investigate only if a subset are strong outliers."
raw,SRR30333762,Per base sequence content,2,fail,per_base_sequence_content,A/C/G/T positional bias across cycles,Position-specific base composition bias is common in RNA-seq but outliers can indicate prep artifacts.,"Random-priming bias, library prep artifacts, poly-A/T signal, adapters/primers.","Usually document; if tied to adapters/primers, clip; investigate only if a subset are strong outliers."
trimmed,SRR30333762,Per base sequence content,2,fail,per_base_sequence_content,A/C/G/T positional bias across cycles,Position-specific base composition bias is common in RNA-seq but outliers can indicate prep artifacts.,"Random-priming bias, library prep artifacts, poly-A/T signal, adapters/primers.","Usually document; if tied to adapters/primers, clip; investigate only if a subset are strong outliers."
raw,SRR30333763,Per base sequence content,2,fail,per_base_sequence_content,A/C/G/T positional bias across cycles,Position-specific base composition bias is common in RNA-seq but outliers can indicate prep artifacts.,"Random-priming bias, library prep artifacts, poly-A/T signal, adapters/primers.","Usually document; if tied to adapters/primers, clip; investigate only if a subset are strong outliers."
raw,SRR30333764,Per base sequence content,2,fail,per_base_sequence_content,A/C/G/T positional bias across cycles,Position-specific base composition bias is common in RNA-seq but outliers can indicate prep artifacts.,"Random-priming bias, library prep artifacts, poly-A/T signal, adapters/primers.","Usually document; if tied to adapters/primers, clip; investigate only if a subset are strong outliers."
raw,SRR30333765,Per base sequence content,2,fail,per_base_sequence_content,A/C/G/T positional bias across cycles,Position-specific base composition bias is common in RNA-seq but outliers can indicate prep artifacts.,"Random-priming bias, library prep artifacts, poly-A/T signal, adapters/primers.","Usually document; if tied to adapters/primers, clip; investigate only if a subset are strong outliers."
raw,SRR30333766,Per base sequence content,2,fail,per_base_sequence_content,A/C/G/T positional bias across cycles,Position-specific base composition bias is common in RNA-seq but outliers can indicate prep artifacts.,"Random-priming bias, library prep artifacts, poly-A/T signal, adapters/primers.","Usually document; if tied to adapters/primers, clip; investigate only if a subset are strong outliers."
raw,SRR30333767,Per base sequence content,2,fail,per_base_sequence_content,A/C/G/T positional bias across cycles,Position-specific base composition bias is common in RNA-seq but outliers can indicate prep artifacts.,"Random-priming bias, library prep artifacts, poly-A/T signal, adapters/primers.","Usually document; if tied to adapters/primers, clip; investigate only if a subset are strong outliers."
raw,SRR30333768,Per base sequence content,2,fail,per_base_sequence_content,A/C/G/T positional bias across cycles,Position-specific base composition bias is common in RNA-seq but outliers can indicate prep artifacts.,"Random-priming bias, library prep artifacts, poly-A/T signal, adapters/primers.","Usually document; if tied to adapters/primers, clip; investigate only if a subset are strong outliers."
raw,SRR30333743,Per sequence GC content,1,warn,per_sequence_gc_content,GC distribution differs from expectation,FastQC may warn/fail due to transcriptome composition; worry mainly about shifts/second peaks in a subset.,"Transcriptome composition/expression bias, library bias; sometimes contamination.","Compare GC curves across SRRs; if outliers persist after trimming, flag as possible contamination/batch effect."
trimmed,SRR30333743,Per sequence GC content,1,warn,per_sequence_gc_content,GC distribution differs from expectation,FastQC may warn/fail due to transcriptome composition; worry mainly about shifts/second peaks in a subset.,"Transcriptome composition/expression bias, library bias; sometimes contamination.","Compare GC curves across SRRs; if outliers persist after trimming, flag as possible contamination/batch effect."
raw,SRR30333744,Per sequence GC content,1,warn,per_sequence_gc_content,GC distribution differs from expectation,FastQC may warn/fail due to transcriptome composition; worry mainly about shifts/second peaks in a subset.,"Transcriptome composition/expression bias, library bias; sometimes contamination.","Compare GC curves across SRRs; if outliers persist after trimming, flag as possible contamination/batch effect."
trimmed,SRR30333744,Per sequence GC content,1,warn,per_sequence_gc_content,GC distribution differs from expectation,FastQC may warn/fail due to transcriptome composition; worry mainly about shifts/second peaks in a subset.,"Transcriptome composition/expression bias, library bias; sometimes contamination.","Compare GC curves across SRRs; if outliers persist after trimming, flag as possible contamination/batch effect."
raw,SRR30333745,Per sequence GC content,1,warn,per_sequence_gc_content,GC distribution differs from expectation,FastQC may warn/fail due to transcriptome composition; worry mainly about shifts/second peaks in a subset.,"Transcriptome composition/expression bias, library bias; sometimes contamination.","Compare GC curves across SRRs; if outliers persist after trimming, flag as possible contamination/batch effect."
trimmed,SRR30333745,Per sequence GC content,1,warn,per_sequence_gc_content,GC distribution differs from expectation,FastQC may warn/fail due to transcriptome composition; worry mainly about shifts/second peaks in a subset.,"Transcriptome composition/expression bias, library bias; sometimes contamination.","Compare GC curves across SRRs; if outliers persist after trimming, flag as possible contamination/batch effect."
raw,SRR30333748,Per sequence GC content,1,warn,per_sequence_gc_content,GC distribution differs from expectation,FastQC may warn/fail due to transcriptome composition; worry mainly about shifts/second peaks in a subset.,"Transcriptome composition/expression bias, library bias; sometimes contamination.","Compare GC curves across SRRs; if outliers persist after trimming, flag as possible contamination/batch effect."
trimmed,SRR30333748,Per sequence GC content,1,warn,per_sequence_gc_content,GC distribution differs from expectation,FastQC may warn/fail due to transcriptome composition; worry mainly about shifts/second peaks in a subset.,"Transcriptome composition/expression bias, library bias; sometimes contamination.","Compare GC curves across SRRs; if outliers persist after trimming, flag as possible contamination/batch effect."
raw,SRR30333751,Per sequence GC content,1,warn,per_sequence_gc_content,GC distribution differs from expectation,FastQC may warn/fail due to transcriptome composition; worry mainly about shifts/second peaks in a subset.,"Transcriptome composition/expression bias, library bias; sometimes contamination.","Compare GC curves across SRRs; if outliers persist after trimming, flag as possible contamination/batch effect."
trimmed,SRR30333751,Per sequence GC content,1,warn,per_sequence_gc_content,GC distribution differs from expectation,FastQC may warn/fail due to transcriptome composition; worry mainly about shifts/second peaks in a subset.,"Transcriptome composition/expression bias, library bias; sometimes contamination.","Compare GC curves across SRRs; if outliers persist after trimming, flag as possible contamination/batch effect."
raw,SRR30333752,Per sequence GC content,1,warn,per_sequence_gc_content,GC distribution differs from expectation,FastQC may warn/fail due to transcriptome composition; worry mainly about shifts/second peaks in a subset.,"Transcriptome composition/expression bias, library bias; sometimes contamination.","Compare GC curves across SRRs; if outliers persist after trimming, flag as possible contamination/batch effect."
trimmed,SRR30333752,Per sequence GC content,1,warn,per_sequence_gc_content,GC distribution differs from expectation,FastQC may warn/fail due to transcriptome composition; worry mainly about shifts/second peaks in a subset.,"Transcriptome composition/expression bias, library bias; sometimes contamination.","Compare GC curves across SRRs; if outliers persist after trimming, flag as possible contamination/batch effect."
raw,SRR30333753,Per sequence GC content,1,warn,per_sequence_gc_content,GC distribution differs from expectation,FastQC may warn/fail due to transcriptome composition; worry mainly about shifts/second peaks in a subset.,"Transcriptome composition/expression bias, library bias; sometimes contamination.","Compare GC curves across SRRs; if outliers persist after trimming, flag as possible contamination/batch effect."
trimmed,SRR30333753,Per sequence GC content,1,warn,per_sequence_gc_content,GC distribution differs from expectation,FastQC may warn/fail due to transcriptome composition; worry mainly about shifts/second peaks in a subset.,"Transcriptome composition/expression bias, library bias; sometimes contamination.","Compare GC curves across SRRs; if outliers persist after trimming, flag as possible contamination/batch effect."
raw,SRR30333754,Per sequence GC content,1,warn,per_sequence_gc_content,GC distribution differs from expectation,FastQC may warn/fail due to transcriptome composition; worry mainly about shifts/second peaks in a subset.,"Transcriptome composition/expression bias, library bias; sometimes contamination.","Compare GC curves across SRRs; if outliers persist after trimming, flag as possible contamination/batch effect."
trimmed,SRR30333754,Per sequence GC content,1,warn,per_sequence_gc_content,GC distribution differs from expectation,FastQC may warn/fail due to transcriptome composition; worry mainly about shifts/second peaks in a subset.,"Transcriptome composition/expression bias, library bias; sometimes contamination.","Compare GC curves across SRRs; if outliers persist after trimming, flag as possible contamination/batch effect."
raw,SRR30333755,Per sequence GC content,1,warn,per_sequence_gc_content,GC distribution differs from expectation,FastQC may warn/fail due to transcriptome composition; worry mainly about shifts/second peaks in a subset.,"Transcriptome composition/expression bias, library bias; sometimes contamination.","Compare GC curves across SRRs; if outliers persist after trimming, flag as possible contamination/batch effect."
trimmed,SRR30333755,Per sequence GC content,1,warn,per_sequence_gc_content,GC distribution differs from expectation,FastQC may warn/fail due to transcriptome composition; worry mainly about shifts/second peaks in a subset.,"Transcriptome composition/expression bias, library bias; sometimes contamination.","Compare GC curves across SRRs; if outliers persist after trimming, flag as possible contamination/batch effect."
raw,SRR30333756,Per sequence GC content,1,warn,per_sequence_gc_content,GC distribution differs from expectation,FastQC may warn/fail due to transcriptome composition; worry mainly about shifts/second peaks in a subset.,"Transcriptome composition/expression bias, library bias; sometimes contamination.","Compare GC curves across SRRs; if outliers persist after trimming, flag as possible contamination/batch effect."
trimmed,SRR30333756,Per sequence GC content,1,warn,per_sequence_gc_content,GC distribution differs from expectation,FastQC may warn/fail due to transcriptome composition; worry mainly about shifts/second peaks in a subset.,"Transcriptome composition/expression bias, library bias; sometimes contamination.","Compare GC curves across SRRs; if outliers persist after trimming, flag as possible contamination/batch effect."
raw,SRR30333757,Per sequence GC content,1,warn,per_sequence_gc_content,GC distribution differs from expectation,FastQC may warn/fail due to transcriptome composition; worry mainly about shifts/second peaks in a subset.,"Transcriptome composition/expression bias, library bias; sometimes contamination.","Compare GC curves across SRRs; if outliers persist after trimming, flag as possible contamination/batch effect."
trimmed,SRR30333757,Per sequence GC content,1,warn,per_sequence_gc_content,GC distribution differs from expectation,FastQC may warn/fail due to transcriptome composition; worry mainly about shifts/second peaks in a subset.,"Transcriptome composition/expression bias, library bias; sometimes contamination.","Compare GC curves across SRRs; if outliers persist after trimming, flag as possible contamination/batch effect."
raw,SRR30333758,Per sequence GC content,1,warn,per_sequence_gc_content,GC distribution differs from expectation,FastQC may warn/fail due to transcriptome composition; worry mainly about shifts/second peaks in a subset.,"Transcriptome composition/expression bias, library bias; sometimes contamination.","Compare GC curves across SRRs; if outliers persist after trimming, flag as possible contamination/batch effect."
trimmed,SRR30333758,Per sequence GC content,1,warn,per_sequence_gc_content,GC distribution differs from expectation,FastQC may warn/fail due to transcriptome composition; worry mainly about shifts/second peaks in a subset.,"Transcriptome composition/expression bias, library bias; sometimes contamination.","Compare GC curves across SRRs; if outliers persist after trimming, flag as possible contamination/batch effect."
raw,SRR30333759,Per sequence GC content,1,warn,per_sequence_gc_content,GC distribution differs from expectation,FastQC may warn/fail due to transcriptome composition; worry mainly about shifts/second peaks in a subset.,"Transcriptome composition/expression bias, library bias; sometimes contamination.","Compare GC curves across SRRs; if outliers persist after trimming, flag as possible contamination/batch effect."
trimmed,SRR30333759,Per sequence GC content,1,warn,per_sequence_gc_content,GC distribution differs from expectation,FastQC may warn/fail due to transcriptome composition; worry mainly about shifts/second peaks in a subset.,"Transcriptome composition/expression bias, library bias; sometimes contamination.","Compare GC curves across SRRs; if outliers persist after trimming, flag as possible contamination/batch effect."
raw,SRR30333760,Per sequence GC content,1,warn,per_sequence_gc_content,GC distribution differs from expectation,FastQC may warn/fail due to transcriptome composition; worry mainly about shifts/second peaks in a subset.,"Transcriptome composition/expression bias, library bias; sometimes contamination.","Compare GC curves across SRRs; if outliers persist after trimming, flag as possible contamination/batch effect."
trimmed,SRR30333760,Per sequence GC content,1,warn,per_sequence_gc_content,GC distribution differs from expectation,FastQC may warn/fail due to transcriptome composition; worry mainly about shifts/second peaks in a subset.,"Transcriptome composition/expression bias, library bias; sometimes contamination.","Compare GC curves across SRRs; if outliers persist after trimming, flag as possible contamination/batch effect."
raw,SRR30333761,Per sequence GC content,1,warn,per_sequence_gc_content,GC distribution differs from expectation,FastQC may warn/fail due to transcriptome composition; worry mainly about shifts/second peaks in a subset.,"Transcriptome composition/expression bias, library bias; sometimes contamination.","Compare GC curves across SRRs; if outliers persist after trimming, flag as possible contamination/batch effect."
trimmed,SRR30333761,Per sequence GC content,1,warn,per_sequence_gc_content,GC distribution differs from expectation,FastQC may warn/fail due to transcriptome composition; worry mainly about shifts/second peaks in a subset.,"Transcriptome composition/expression bias, library bias; sometimes contamination.","Compare GC curves across SRRs; if outliers persist after trimming, flag as possible contamination/batch effect."
raw,SRR30333762,Per sequence GC content,1,warn,per_sequence_gc_content,GC distribution differs from expectation,FastQC may warn/fail due to transcriptome composition; worry mainly about shifts/second peaks in a subset.,"Transcriptome composition/expression bias, library bias; sometimes contamination.","Compare GC curves across SRRs; if outliers persist after trimming, flag as possible contamination/batch effect."
trimmed,SRR30333762,Per sequence GC content,1,warn,per_sequence_gc_content,GC distribution differs from expectation,FastQC may warn/fail due to transcriptome composition; worry mainly about shifts/second peaks in a subset.,"Transcriptome composition/expression bias, library bias; sometimes contamination.","Compare GC curves across SRRs; if outliers persist after trimming, flag as possible contamination/batch effect."
raw,SRR30333763,Per sequence GC content,1,warn,per_sequence_gc_content,GC distribution differs from expectation,FastQC may warn/fail due to transcriptome composition; worry mainly about shifts/second peaks in a subset.,"Transcriptome composition/expression bias, library bias; sometimes contamination.","Compare GC curves across SRRs; if outliers persist after trimming, flag as possible contamination/batch effect."
raw,SRR30333764,Per sequence GC content,1,warn,per_sequence_gc_content,GC distribution differs from expectation,FastQC may warn/fail due to transcriptome composition; worry mainly about shifts/second peaks in a subset.,"Transcriptome composition/expression bias, library bias; sometimes contamination.","Compare GC curves across SRRs; if outliers persist after trimming, flag as possible contamination/batch effect."
raw,SRR30333765,Per sequence GC content,1,warn,per_sequence_gc_content,GC distribution differs from expectation,FastQC may warn/fail due to transcriptome composition; worry mainly about shifts/second peaks in a subset.,"Transcriptome composition/expression bias, library bias; sometimes contamination.","Compare GC curves across SRRs; if outliers persist after trimming, flag as possible contamination/batch effect."
raw,SRR30333766,Per sequence GC content,1,warn,per_sequence_gc_content,GC distribution differs from expectation,FastQC may warn/fail due to transcriptome composition; worry mainly about shifts/second peaks in a subset.,"Transcriptome composition/expression bias, library bias; sometimes contamination.","Compare GC curves across SRRs; if outliers persist after trimming, flag as possible contamination/batch effect."
raw,SRR30333767,Per sequence GC content,1,warn,per_sequence_gc_content,GC distribution differs from expectation,FastQC may warn/fail due to transcriptome composition; worry mainly about shifts/second peaks in a subset.,"Transcriptome composition/expression bias, library bias; sometimes contamination.","Compare GC curves across SRRs; if outliers persist after trimming, flag as possible contamination/batch effect."
raw,SRR30333768,Per sequence GC content,1,warn,per_sequence_gc_content,GC distribution differs from expectation,FastQC may warn/fail due to transcriptome composition; worry mainly about shifts/second peaks in a subset.,"Transcriptome composition/expression bias, library bias; sometimes contamination.","Compare GC curves across SRRs; if outliers persist after trimming, flag as possible contamination/batch effect."
raw,SRR30333743,Per tile sequence quality,2,fail,per_tile_sequence_quality,Tile-level quality variation,"A small subset of tiles have worse quality, usually an instrument/flowcell effect.",Flowcell/instrument tile issues.,Mostly note and proceed; flag if it co-occurs with other strong QC issues.
trimmed,SRR30333743,Per tile sequence quality,2,fail,per_tile_sequence_quality,Tile-level quality variation,"A small subset of tiles have worse quality, usually an instrument/flowcell effect.",Flowcell/instrument tile issues.,Mostly note and proceed; flag if it co-occurs with other strong QC issues.
raw,SRR30333744,Per tile sequence quality,2,fail,per_tile_sequence_quality,Tile-level quality variation,"A small subset of tiles have worse quality, usually an instrument/flowcell effect.",Flowcell/instrument tile issues.,Mostly note and proceed; flag if it co-occurs with other strong QC issues.
trimmed,SRR30333744,Per tile sequence quality,2,fail,per_tile_sequence_quality,Tile-level quality variation,"A small subset of tiles have worse quality, usually an instrument/flowcell effect.",Flowcell/instrument tile issues.,Mostly note and proceed; flag if it co-occurs with other strong QC issues.
raw,SRR30333745,Per tile sequence quality,2,fail,per_tile_sequence_quality,Tile-level quality variation,"A small subset of tiles have worse quality, usually an instrument/flowcell effect.",Flowcell/instrument tile issues.,Mostly note and proceed; flag if it co-occurs with other strong QC issues.
trimmed,SRR30333745,Per tile sequence quality,2,fail,per_tile_sequence_quality,Tile-level quality variation,"A small subset of tiles have worse quality, usually an instrument/flowcell effect.",Flowcell/instrument tile issues.,Mostly note and proceed; flag if it co-occurs with other strong QC issues.
raw,SRR30333746,Per tile sequence quality,2,fail,per_tile_sequence_quality,Tile-level quality variation,"A small subset of tiles have worse quality, usually an instrument/flowcell effect.",Flowcell/instrument tile issues.,Mostly note and proceed; flag if it co-occurs with other strong QC issues.
trimmed,SRR30333746,Per tile sequence quality,2,fail,per_tile_sequence_quality,Tile-level quality variation,"A small subset of tiles have worse quality, usually an instrument/flowcell effect.",Flowcell/instrument tile issues.,Mostly note and proceed; flag if it co-occurs with other strong QC issues.
raw,SRR30333747,Per tile sequence quality,2,fail,per_tile_sequence_quality,Tile-level quality variation,"A small subset of tiles have worse quality, usually an instrument/flowcell effect.",Flowcell/instrument tile issues.,Mostly note and proceed; flag if it co-occurs with other strong QC issues.
trimmed,SRR30333747,Per tile sequence quality,2,fail,per_tile_sequence_quality,Tile-level quality variation,"A small subset of tiles have worse quality, usually an instrument/flowcell effect.",Flowcell/instrument tile issues.,Mostly note and proceed; flag if it co-occurs with other strong QC issues.
raw,SRR30333748,Per tile sequence quality,2,fail,per_tile_sequence_quality,Tile-level quality variation,"A small subset of tiles have worse quality, usually an instrument/flowcell effect.",Flowcell/instrument tile issues.,Mostly note and proceed; flag if it co-occurs with other strong QC issues.
trimmed,SRR30333748,Per tile sequence quality,2,fail,per_tile_sequence_quality,Tile-level quality variation,"A small subset of tiles have worse quality, usually an instrument/flowcell effect.",Flowcell/instrument tile issues.,Mostly note and proceed; flag if it co-occurs with other strong QC issues.
raw,SRR30333749,Per tile sequence quality,2,fail,per_tile_sequence_quality,Tile-level quality variation,"A small subset of tiles have worse quality, usually an instrument/flowcell effect.",Flowcell/instrument tile issues.,Mostly note and proceed; flag if it co-occurs with other strong QC issues.
trimmed,SRR30333749,Per tile sequence quality,2,fail,per_tile_sequence_quality,Tile-level quality variation,"A small subset of tiles have worse quality, usually an instrument/flowcell effect.",Flowcell/instrument tile issues.,Mostly note and proceed; flag if it co-occurs with other strong QC issues.
raw,SRR30333750,Per tile sequence quality,2,fail,per_tile_sequence_quality,Tile-level quality variation,"A small subset of tiles have worse quality, usually an instrument/flowcell effect.",Flowcell/instrument tile issues.,Mostly note and proceed; flag if it co-occurs with other strong QC issues.
trimmed,SRR30333750,Per tile sequence quality,2,fail,per_tile_sequence_quality,Tile-level quality variation,"A small subset of tiles have worse quality, usually an instrument/flowcell effect.",Flowcell/instrument tile issues.,Mostly note and proceed; flag if it co-occurs with other strong QC issues.
raw,SRR30333751,Per tile sequence quality,2,fail,per_tile_sequence_quality,Tile-level quality variation,"A small subset of tiles have worse quality, usually an instrument/flowcell effect.",Flowcell/instrument tile issues.,Mostly note and proceed; flag if it co-occurs with other strong QC issues.
trimmed,SRR30333751,Per tile sequence quality,2,fail,per_tile_sequence_quality,Tile-level quality variation,"A small subset of tiles have worse quality, usually an instrument/flowcell effect.",Flowcell/instrument tile issues.,Mostly note and proceed; flag if it co-occurs with other strong QC issues.
raw,SRR30333752,Per tile sequence quality,2,fail,per_tile_sequence_quality,Tile-level quality variation,"A small subset of tiles have worse quality, usually an instrument/flowcell effect.",Flowcell/instrument tile issues.,Mostly note and proceed; flag if it co-occurs with other strong QC issues.
trimmed,SRR30333752,Per tile sequence quality,2,fail,per_tile_sequence_quality,Tile-level quality variation,"A small subset of tiles have worse quality, usually an instrument/flowcell effect.",Flowcell/instrument tile issues.,Mostly note and proceed; flag if it co-occurs with other strong QC issues.
raw,SRR30333753,Per tile sequence quality,2,fail,per_tile_sequence_quality,Tile-level quality variation,"A small subset of tiles have worse quality, usually an instrument/flowcell effect.",Flowcell/instrument tile issues.,Mostly note and proceed; flag if it co-occurs with other strong QC issues.
trimmed,SRR30333753,Per tile sequence quality,2,fail,per_tile_sequence_quality,Tile-level quality variation,"A small subset of tiles have worse quality, usually an instrument/flowcell effect.",Flowcell/instrument tile issues.,Mostly note and proceed; flag if it co-occurs with other strong QC issues.
raw,SRR30333754,Per tile sequence quality,2,fail,per_tile_sequence_quality,Tile-level quality variation,"A small subset of tiles have worse quality, usually an instrument/flowcell effect.",Flowcell/instrument tile issues.,Mostly note and proceed; flag if it co-occurs with other strong QC issues.
trimmed,SRR30333754,Per tile sequence quality,2,fail,per_tile_sequence_quality,Tile-level quality variation,"A small subset of tiles have worse quality, usually an instrument/flowcell effect.",Flowcell/instrument tile issues.,Mostly note and proceed; flag if it co-occurs with other strong QC issues.
raw,SRR30333755,Per tile sequence quality,2,fail,per_tile_sequence_quality,Tile-level quality variation,"A small subset of tiles have worse quality, usually an instrument/flowcell effect.",Flowcell/instrument tile issues.,Mostly note and proceed; flag if it co-occurs with other strong QC issues.
trimmed,SRR30333755,Per tile sequence quality,2,fail,per_tile_sequence_quality,Tile-level quality variation,"A small subset of tiles have worse quality, usually an instrument/flowcell effect.",Flowcell/instrument tile issues.,Mostly note and proceed; flag if it co-occurs with other strong QC issues.
raw,SRR30333756,Per tile sequence quality,2,fail,per_tile_sequence_quality,Tile-level quality variation,"A small subset of tiles have worse quality, usually an instrument/flowcell effect.",Flowcell/instrument tile issues.,Mostly note and proceed; flag if it co-occurs with other strong QC issues.
trimmed,SRR30333756,Per tile sequence quality,2,fail,per_tile_sequence_quality,Tile-level quality variation,"A small subset of tiles have worse quality, usually an instrument/flowcell effect.",Flowcell/instrument tile issues.,Mostly note and proceed; flag if it co-occurs with other strong QC issues.
raw,SRR30333743,Sequence Duplication Levels,2,fail,sequence_duplication_levels,Many duplicate reads / low unique fraction,"In RNA-seq, duplication can be biological (high expression) but extreme outliers can indicate low complexity/PCR artifacts.","Highly expressed genes (common), PCR duplication, low library complexity.",Do not trim to fix; compare across SRRs and flag extreme outliers; consider excluding/redownloading or redoing a library if clearly worse.
trimmed,SRR30333743,Sequence Duplication Levels,2,fail,sequence_duplication_levels,Many duplicate reads / low unique fraction,"In RNA-seq, duplication can be biological (high expression) but extreme outliers can indicate low complexity/PCR artifacts.","Highly expressed genes (common), PCR duplication, low library complexity.",Do not trim to fix; compare across SRRs and flag extreme outliers; consider excluding/redownloading or redoing a library if clearly worse.
raw,SRR30333744,Sequence Duplication Levels,2,fail,sequence_duplication_levels,Many duplicate reads / low unique fraction,"In RNA-seq, duplication can be biological (high expression) but extreme outliers can indicate low complexity/PCR artifacts.","Highly expressed genes (common), PCR duplication, low library complexity.",Do not trim to fix; compare across SRRs and flag extreme outliers; consider excluding/redownloading or redoing a library if clearly worse.
trimmed,SRR30333744,Sequence Duplication Levels,2,fail,sequence_duplication_levels,Many duplicate reads / low unique fraction,"In RNA-seq, duplication can be biological (high expression) but extreme outliers can indicate low complexity/PCR artifacts.","Highly expressed genes (common), PCR duplication, low library complexity.",Do not trim to fix; compare across SRRs and flag extreme outliers; consider excluding/redownloading or redoing a library if clearly worse.
raw,SRR30333745,Sequence Duplication Levels,2,fail,sequence_duplication_levels,Many duplicate reads / low unique fraction,"In RNA-seq, duplication can be biological (high expression) but extreme outliers can indicate low complexity/PCR artifacts.","Highly expressed genes (common), PCR duplication, low library complexity.",Do not trim to fix; compare across SRRs and flag extreme outliers; consider excluding/redownloading or redoing a library if clearly worse.
trimmed,SRR30333745,Sequence Duplication Levels,2,fail,sequence_duplication_levels,Many duplicate reads / low unique fraction,"In RNA-seq, duplication can be biological (high expression) but extreme outliers can indicate low complexity/PCR artifacts.","Highly expressed genes (common), PCR duplication, low library complexity.",Do not trim to fix; compare across SRRs and flag extreme outliers; consider excluding/redownloading or redoing a library if clearly worse.
raw,SRR30333746,Sequence Duplication Levels,2,fail,sequence_duplication_levels,Many duplicate reads / low unique fraction,"In RNA-seq, duplication can be biological (high expression) but extreme outliers can indicate low complexity/PCR artifacts.","Highly expressed genes (common), PCR duplication, low library complexity.",Do not trim to fix; compare across SRRs and flag extreme outliers; consider excluding/redownloading or redoing a library if clearly worse.
trimmed,SRR30333746,Sequence Duplication Levels,2,fail,sequence_duplication_levels,Many duplicate reads / low unique fraction,"In RNA-seq, duplication can be biological (high expression) but extreme outliers can indicate low complexity/PCR artifacts.","Highly expressed genes (common), PCR duplication, low library complexity.",Do not trim to fix; compare across SRRs and flag extreme outliers; consider excluding/redownloading or redoing a library if clearly worse.
raw,SRR30333747,Sequence Duplication Levels,2,fail,sequence_duplication_levels,Many duplicate reads / low unique fraction,"In RNA-seq, duplication can be biological (high expression) but extreme outliers can indicate low complexity/PCR artifacts.","Highly expressed genes (common), PCR duplication, low library complexity.",Do not trim to fix; compare across SRRs and flag extreme outliers; consider excluding/redownloading or redoing a library if clearly worse.
trimmed,SRR30333747,Sequence Duplication Levels,2,fail,sequence_duplication_levels,Many duplicate reads / low unique fraction,"In RNA-seq, duplication can be biological (high expression) but extreme outliers can indicate low complexity/PCR artifacts.","Highly expressed genes (common), PCR duplication, low library complexity.",Do not trim to fix; compare across SRRs and flag extreme outliers; consider excluding/redownloading or redoing a library if clearly worse.
raw,SRR30333748,Sequence Duplication Levels,2,fail,sequence_duplication_levels,Many duplicate reads / low unique fraction,"In RNA-seq, duplication can be biological (high expression) but extreme outliers can indicate low complexity/PCR artifacts.","Highly expressed genes (common), PCR duplication, low library complexity.",Do not trim to fix; compare across SRRs and flag extreme outliers; consider excluding/redownloading or redoing a library if clearly worse.
trimmed,SRR30333748,Sequence Duplication Levels,2,fail,sequence_duplication_levels,Many duplicate reads / low unique fraction,"In RNA-seq, duplication can be biological (high expression) but extreme outliers can indicate low complexity/PCR artifacts.","Highly expressed genes (common), PCR duplication, low library complexity.",Do not trim to fix; compare across SRRs and flag extreme outliers; consider excluding/redownloading or redoing a library if clearly worse.
raw,SRR30333749,Sequence Duplication Levels,2,fail,sequence_duplication_levels,Many duplicate reads / low unique fraction,"In RNA-seq, duplication can be biological (high expression) but extreme outliers can indicate low complexity/PCR artifacts.","Highly expressed genes (common), PCR duplication, low library complexity.",Do not trim to fix; compare across SRRs and flag extreme outliers; consider excluding/redownloading or redoing a library if clearly worse.
trimmed,SRR30333749,Sequence Duplication Levels,2,fail,sequence_duplication_levels,Many duplicate reads / low unique fraction,"In RNA-seq, duplication can be biological (high expression) but extreme outliers can indicate low complexity/PCR artifacts.","Highly expressed genes (common), PCR duplication, low library complexity.",Do not trim to fix; compare across SRRs and flag extreme outliers; consider excluding/redownloading or redoing a library if clearly worse.
raw,SRR30333750,Sequence Duplication Levels,2,fail,sequence_duplication_levels,Many duplicate reads / low unique fraction,"In RNA-seq, duplication can be biological (high expression) but extreme outliers can indicate low complexity/PCR artifacts.","Highly expressed genes (common), PCR duplication, low library complexity.",Do not trim to fix; compare across SRRs and flag extreme outliers; consider excluding/redownloading or redoing a library if clearly worse.
trimmed,SRR30333750,Sequence Duplication Levels,2,fail,sequence_duplication_levels,Many duplicate reads / low unique fraction,"In RNA-seq, duplication can be biological (high expression) but extreme outliers can indicate low complexity/PCR artifacts.","Highly expressed genes (common), PCR duplication, low library complexity.",Do not trim to fix; compare across SRRs and flag extreme outliers; consider excluding/redownloading or redoing a library if clearly worse.
raw,SRR30333751,Sequence Duplication Levels,2,fail,sequence_duplication_levels,Many duplicate reads / low unique fraction,"In RNA-seq, duplication can be biological (high expression) but extreme outliers can indicate low complexity/PCR artifacts.","Highly expressed genes (common), PCR duplication, low library complexity.",Do not trim to fix; compare across SRRs and flag extreme outliers; consider excluding/redownloading or redoing a library if clearly worse.
trimmed,SRR30333751,Sequence Duplication Levels,2,fail,sequence_duplication_levels,Many duplicate reads / low unique fraction,"In RNA-seq, duplication can be biological (high expression) but extreme outliers can indicate low complexity/PCR artifacts.","Highly expressed genes (common), PCR duplication, low library complexity.",Do not trim to fix; compare across SRRs and flag extreme outliers; consider excluding/redownloading or redoing a library if clearly worse.
raw,SRR30333752,Sequence Duplication Levels,2,fail,sequence_duplication_levels,Many duplicate reads / low unique fraction,"In RNA-seq, duplication can be biological (high expression) but extreme outliers can indicate low complexity/PCR artifacts.","Highly expressed genes (common), PCR duplication, low library complexity.",Do not trim to fix; compare across SRRs and flag extreme outliers; consider excluding/redownloading or redoing a library if clearly worse.
trimmed,SRR30333752,Sequence Duplication Levels,2,fail,sequence_duplication_levels,Many duplicate reads / low unique fraction,"In RNA-seq, duplication can be biological (high expression) but extreme outliers can indicate low complexity/PCR artifacts.","Highly expressed genes (common), PCR duplication, low library complexity.",Do not trim to fix; compare across SRRs and flag extreme outliers; consider excluding/redownloading or redoing a library if clearly worse.
raw,SRR30333753,Sequence Duplication Levels,2,fail,sequence_duplication_levels,Many duplicate reads / low unique fraction,"In RNA-seq, duplication can be biological (high expression) but extreme outliers can indicate low complexity/PCR artifacts.","Highly expressed genes (common), PCR duplication, low library complexity.",Do not trim to fix; compare across SRRs and flag extreme outliers; consider excluding/redownloading or redoing a library if clearly worse.
trimmed,SRR30333753,Sequence Duplication Levels,2,fail,sequence_duplication_levels,Many duplicate reads / low unique fraction,"In RNA-seq, duplication can be biological (high expression) but extreme outliers can indicate low complexity/PCR artifacts.","Highly expressed genes (common), PCR duplication, low library complexity.",Do not trim to fix; compare across SRRs and flag extreme outliers; consider excluding/redownloading or redoing a library if clearly worse.
raw,SRR30333754,Sequence Duplication Levels,2,fail,sequence_duplication_levels,Many duplicate reads / low unique fraction,"In RNA-seq, duplication can be biological (high expression) but extreme outliers can indicate low complexity/PCR artifacts.","Highly expressed genes (common), PCR duplication, low library complexity.",Do not trim to fix; compare across SRRs and flag extreme outliers; consider excluding/redownloading or redoing a library if clearly worse.
trimmed,SRR30333754,Sequence Duplication Levels,2,fail,sequence_duplication_levels,Many duplicate reads / low unique fraction,"In RNA-seq, duplication can be biological (high expression) but extreme outliers can indicate low complexity/PCR artifacts.","Highly expressed genes (common), PCR duplication, low library complexity.",Do not trim to fix; compare across SRRs and flag extreme outliers; consider excluding/redownloading or redoing a library if clearly worse.
raw,SRR30333755,Sequence Duplication Levels,2,fail,sequence_duplication_levels,Many duplicate reads / low unique fraction,"In RNA-seq, duplication can be biological (high expression) but extreme outliers can indicate low complexity/PCR artifacts.","Highly expressed genes (common), PCR duplication, low library complexity.",Do not trim to fix; compare across SRRs and flag extreme outliers; consider excluding/redownloading or redoing a library if clearly worse.
trimmed,SRR30333755,Sequence Duplication Levels,2,fail,sequence_duplication_levels,Many duplicate reads / low unique fraction,"In RNA-seq, duplication can be biological (high expression) but extreme outliers can indicate low complexity/PCR artifacts.","Highly expressed genes (common), PCR duplication, low library complexity.",Do not trim to fix; compare across SRRs and flag extreme outliers; consider excluding/redownloading or redoing a library if clearly worse.
raw,SRR30333756,Sequence Duplication Levels,2,fail,sequence_duplication_levels,Many duplicate reads / low unique fraction,"In RNA-seq, duplication can be biological (high expression) but extreme outliers can indicate low complexity/PCR artifacts.","Highly expressed genes (common), PCR duplication, low library complexity.",Do not trim to fix; compare across SRRs and flag extreme outliers; consider excluding/redownloading or redoing a library if clearly worse.
trimmed,SRR30333756,Sequence Duplication Levels,2,fail,sequence_duplication_levels,Many duplicate reads / low unique fraction,"In RNA-seq, duplication can be biological (high expression) but extreme outliers can indicate low complexity/PCR artifacts.","Highly expressed genes (common), PCR duplication, low library complexity.",Do not trim to fix; compare across SRRs and flag extreme outliers; consider excluding/redownloading or redoing a library if clearly worse.
raw,SRR30333757,Sequence Duplication Levels,2,fail,sequence_duplication_levels,Many duplicate reads / low unique fraction,"In RNA-seq, duplication can be biological (high expression) but extreme outliers can indicate low complexity/PCR artifacts.","Highly expressed genes (common), PCR duplication, low library complexity.",Do not trim to fix; compare across SRRs and flag extreme outliers; consider excluding/redownloading or redoing a library if clearly worse.
trimmed,SRR30333757,Sequence Duplication Levels,2,fail,sequence_duplication_levels,Many duplicate reads / low unique fraction,"In RNA-seq, duplication can be biological (high expression) but extreme outliers can indicate low complexity/PCR artifacts.","Highly expressed genes (common), PCR duplication, low library complexity.",Do not trim to fix; compare across SRRs and flag extreme outliers; consider excluding/redownloading or redoing a library if clearly worse.
raw,SRR30333758,Sequence Duplication Levels,2,fail,sequence_duplication_levels,Many duplicate reads / low unique fraction,"In RNA-seq, duplication can be biological (high expression) but extreme outliers can indicate low complexity/PCR artifacts.","Highly expressed genes (common), PCR duplication, low library complexity.",Do not trim to fix; compare across SRRs and flag extreme outliers; consider excluding/redownloading or redoing a library if clearly worse.
trimmed,SRR30333758,Sequence Duplication Levels,2,fail,sequence_duplication_levels,Many duplicate reads / low unique fraction,"In RNA-seq, duplication can be biological (high expression) but extreme outliers can indicate low complexity/PCR artifacts.","Highly expressed genes (common), PCR duplication, low library complexity.",Do not trim to fix; compare across SRRs and flag extreme outliers; consider excluding/redownloading or redoing a library if clearly worse.
raw,SRR30333759,Sequence Duplication Levels,2,fail,sequence_duplication_levels,Many duplicate reads / low unique fraction,"In RNA-seq, duplication can be biological (high expression) but extreme outliers can indicate low complexity/PCR artifacts.","Highly expressed genes (common), PCR duplication, low library complexity.",Do not trim to fix; compare across SRRs and flag extreme outliers; consider excluding/redownloading or redoing a library if clearly worse.
trimmed,SRR30333759,Sequence Duplication Levels,2,fail,sequence_duplication_levels,Many duplicate reads / low unique fraction,"In RNA-seq, duplication can be biological (high expression) but extreme outliers can indicate low complexity/PCR artifacts.","Highly expressed genes (common), PCR duplication, low library complexity.",Do not trim to fix; compare across SRRs and flag extreme outliers; consider excluding/redownloading or redoing a library if clearly worse.
raw,SRR30333760,Sequence Duplication Levels,2,fail,sequence_duplication_levels,Many duplicate reads / low unique fraction,"In RNA-seq, duplication can be biological (high expression) but extreme outliers can indicate low complexity/PCR artifacts.","Highly expressed genes (common), PCR duplication, low library complexity.",Do not trim to fix; compare across SRRs and flag extreme outliers; consider excluding/redownloading or redoing a library if clearly worse.
trimmed,SRR30333760,Sequence Duplication Levels,2,fail,sequence_duplication_levels,Many duplicate reads / low unique fraction,"In RNA-seq, duplication can be biological (high expression) but extreme outliers can indicate low complexity/PCR artifacts.","Highly expressed genes (common), PCR duplication, low library complexity.",Do not trim to fix; compare across SRRs and flag extreme outliers; consider excluding/redownloading or redoing a library if clearly worse.
raw,SRR30333761,Sequence Duplication Levels,2,fail,sequence_duplication_levels,Many duplicate reads / low unique fraction,"In RNA-seq, duplication can be biological (high expression) but extreme outliers can indicate low complexity/PCR artifacts.","Highly expressed genes (common), PCR duplication, low library complexity.",Do not trim to fix; compare across SRRs and flag extreme outliers; consider excluding/redownloading or redoing a library if clearly worse.
trimmed,SRR30333761,Sequence Duplication Levels,2,fail,sequence_duplication_levels,Many duplicate reads / low unique fraction,"In RNA-seq, duplication can be biological (high expression) but extreme outliers can indicate low complexity/PCR artifacts.","Highly expressed genes (common), PCR duplication, low library complexity.",Do not trim to fix; compare across SRRs and flag extreme outliers; consider excluding/redownloading or redoing a library if clearly worse.
raw,SRR30333762,Sequence Duplication Levels,2,fail,sequence_duplication_levels,Many duplicate reads / low unique fraction,"In RNA-seq, duplication can be biological (high expression) but extreme outliers can indicate low complexity/PCR artifacts.","Highly expressed genes (common), PCR duplication, low library complexity.",Do not trim to fix; compare across SRRs and flag extreme outliers; consider excluding/redownloading or redoing a library if clearly worse.
trimmed,SRR30333762,Sequence Duplication Levels,2,fail,sequence_duplication_levels,Many duplicate reads / low unique fraction,"In RNA-seq, duplication can be biological (high expression) but extreme outliers can indicate low complexity/PCR artifacts.","Highly expressed genes (common), PCR duplication, low library complexity.",Do not trim to fix; compare across SRRs and flag extreme outliers; consider excluding/redownloading or redoing a library if clearly worse.
raw,SRR30333763,Sequence Duplication Levels,2,fail,sequence_duplication_levels,Many duplicate reads / low unique fraction,"In RNA-seq, duplication can be biological (high expression) but extreme outliers can indicate low complexity/PCR artifacts.","Highly expressed genes (common), PCR duplication, low library complexity.",Do not trim to fix; compare across SRRs and flag extreme outliers; consider excluding/redownloading or redoing a library if clearly worse.
raw,SRR30333764,Sequence Duplication Levels,2,fail,sequence_duplication_levels,Many duplicate reads / low unique fraction,"In RNA-seq, duplication can be biological (high expression) but extreme outliers can indicate low complexity/PCR artifacts.","Highly expressed genes (common), PCR duplication, low library complexity.",Do not trim to fix; compare across SRRs and flag extreme outliers; consider excluding/redownloading or redoing a library if clearly worse.
raw,SRR30333765,Sequence Duplication Levels,2,fail,sequence_duplication_levels,Many duplicate reads / low unique fraction,"In RNA-seq, duplication can be biological (high expression) but extreme outliers can indicate low complexity/PCR artifacts.","Highly expressed genes (common), PCR duplication, low library complexity.",Do not trim to fix; compare across SRRs and flag extreme outliers; consider excluding/redownloading or redoing a library if clearly worse.
raw,SRR30333766,Sequence Duplication Levels,2,fail,sequence_duplication_levels,Many duplicate reads / low unique fraction,"In RNA-seq, duplication can be biological (high expression) but extreme outliers can indicate low complexity/PCR artifacts.","Highly expressed genes (common), PCR duplication, low library complexity.",Do not trim to fix; compare across SRRs and flag extreme outliers; consider excluding/redownloading or redoing a library if clearly worse.
raw,SRR30333767,Sequence Duplication Levels,2,fail,sequence_duplication_levels,Many duplicate reads / low unique fraction,"In RNA-seq, duplication can be biological (high expression) but extreme outliers can indicate low complexity/PCR artifacts.","Highly expressed genes (common), PCR duplication, low library complexity.",Do not trim to fix; compare across SRRs and flag extreme outliers; consider excluding/redownloading or redoing a library if clearly worse.
raw,SRR30333768,Sequence Duplication Levels,2,fail,sequence_duplication_levels,Many duplicate reads / low unique fraction,"In RNA-seq, duplication can be biological (high expression) but extreme outliers can indicate low complexity/PCR artifacts.","Highly expressed genes (common), PCR duplication, low library complexity.",Do not trim to fix; compare across SRRs and flag extreme outliers; consider excluding/redownloading or redoing a library if clearly worse.
trimmed,SRR30333743,Sequence Length Distribution,1,warn,sequence_length_distribution,Read lengths are consistent or vary across reads,Unexpected variability pre-trim can indicate mixed inputs or prior processing; post-trim variability is normal.,"Prior trimming, mixed read types, partial reads.","If pre-trim variability is unexpected, inspect inputs; after trimming, ensure lengths are not extremely shortened (mappability risk)."
trimmed,SRR30333744,Sequence Length Distribution,1,warn,sequence_length_distribution,Read lengths are consistent or vary across reads,Unexpected variability pre-trim can indicate mixed inputs or prior processing; post-trim variability is normal.,"Prior trimming, mixed read types, partial reads.","If pre-trim variability is unexpected, inspect inputs; after trimming, ensure lengths are not extremely shortened (mappability risk)."
trimmed,SRR30333745,Sequence Length Distribution,1,warn,sequence_length_distribution,Read lengths are consistent or vary across reads,Unexpected variability pre-trim can indicate mixed inputs or prior processing; post-trim variability is normal.,"Prior trimming, mixed read types, partial reads.","If pre-trim variability is unexpected, inspect inputs; after trimming, ensure lengths are not extremely shortened (mappability risk)."
trimmed,SRR30333746,Sequence Length Distribution,1,warn,sequence_length_distribution,Read lengths are consistent or vary across reads,Unexpected variability pre-trim can indicate mixed inputs or prior processing; post-trim variability is normal.,"Prior trimming, mixed read types, partial reads.","If pre-trim variability is unexpected, inspect inputs; after trimming, ensure lengths are not extremely shortened (mappability risk)."
trimmed,SRR30333747,Sequence Length Distribution,1,warn,sequence_length_distribution,Read lengths are consistent or vary across reads,Unexpected variability pre-trim can indicate mixed inputs or prior processing; post-trim variability is normal.,"Prior trimming, mixed read types, partial reads.","If pre-trim variability is unexpected, inspect inputs; after trimming, ensure lengths are not extremely shortened (mappability risk)."
trimmed,SRR30333748,Sequence Length Distribution,1,warn,sequence_length_distribution,Read lengths are consistent or vary across reads,Unexpected variability pre-trim can indicate mixed inputs or prior processing; post-trim variability is normal.,"Prior trimming, mixed read types, partial reads.","If pre-trim variability is unexpected, inspect inputs; after trimming, ensure lengths are not extremely shortened (mappability risk)."
trimmed,SRR30333749,Sequence Length Distribution,1,warn,sequence_length_distribution,Read lengths are consistent or vary across reads,Unexpected variability pre-trim can indicate mixed inputs or prior processing; post-trim variability is normal.,"Prior trimming, mixed read types, partial reads.","If pre-trim variability is unexpected, inspect inputs; after trimming, ensure lengths are not extremely shortened (mappability risk)."
trimmed,SRR30333750,Sequence Length Distribution,1,warn,sequence_length_distribution,Read lengths are consistent or vary across reads,Unexpected variability pre-trim can indicate mixed inputs or prior processing; post-trim variability is normal.,"Prior trimming, mixed read types, partial reads.","If pre-trim variability is unexpected, inspect inputs; after trimming, ensure lengths are not extremely shortened (mappability risk)."
trimmed,SRR30333751,Sequence Length Distribution,1,warn,sequence_length_distribution,Read lengths are consistent or vary across reads,Unexpected variability pre-trim can indicate mixed inputs or prior processing; post-trim variability is normal.,"Prior trimming, mixed read types, partial reads.","If pre-trim variability is unexpected, inspect inputs; after trimming, ensure lengths are not extremely shortened (mappability risk)."
trimmed,SRR30333752,Sequence Length Distribution,1,warn,sequence_length_distribution,Read lengths are consistent or vary across reads,Unexpected variability pre-trim can indicate mixed inputs or prior processing; post-trim variability is normal.,"Prior trimming, mixed read types, partial reads.","If pre-trim variability is unexpected, inspect inputs; after trimming, ensure lengths are not extremely shortened (mappability risk)."
trimmed,SRR30333753,Sequence Length Distribution,1,warn,sequence_length_distribution,Read lengths are consistent or vary across reads,Unexpected variability pre-trim can indicate mixed inputs or prior processing; post-trim variability is normal.,"Prior trimming, mixed read types, partial reads.","If pre-trim variability is unexpected, inspect inputs; after trimming, ensure lengths are not extremely shortened (mappability risk)."
trimmed,SRR30333754,Sequence Length Distribution,1,warn,sequence_length_distribution,Read lengths are consistent or vary across reads,Unexpected variability pre-trim can indicate mixed inputs or prior processing; post-trim variability is normal.,"Prior trimming, mixed read types, partial reads.","If pre-trim variability is unexpected, inspect inputs; after trimming, ensure lengths are not extremely shortened (mappability risk)."
trimmed,SRR30333755,Sequence Length Distribution,1,warn,sequence_length_distribution,Read lengths are consistent or vary across reads,Unexpected variability pre-trim can indicate mixed inputs or prior processing; post-trim variability is normal.,"Prior trimming, mixed read types, partial reads.","If pre-trim variability is unexpected, inspect inputs; after trimming, ensure lengths are not extremely shortened (mappability risk)."
trimmed,SRR30333756,Sequence Length Distribution,1,warn,sequence_length_distribution,Read lengths are consistent or vary across reads,Unexpected variability pre-trim can indicate mixed inputs or prior processing; post-trim variability is normal.,"Prior trimming, mixed read types, partial reads.","If pre-trim variability is unexpected, inspect inputs; after trimming, ensure lengths are not extremely shortened (mappability risk)."
trimmed,SRR30333757,Sequence Length Distribution,1,warn,sequence_length_distribution,Read lengths are consistent or vary across reads,Unexpected variability pre-trim can indicate mixed inputs or prior processing; post-trim variability is normal.,"Prior trimming, mixed read types, partial reads.","If pre-trim variability is unexpected, inspect inputs; after trimming, ensure lengths are not extremely shortened (mappability risk)."
trimmed,SRR30333758,Sequence Length Distribution,1,warn,sequence_length_distribution,Read lengths are consistent or vary across reads,Unexpected variability pre-trim can indicate mixed inputs or prior processing; post-trim variability is normal.,"Prior trimming, mixed read types, partial reads.","If pre-trim variability is unexpected, inspect inputs; after trimming, ensure lengths are not extremely shortened (mappability risk)."
trimmed,SRR30333759,Sequence Length Distribution,1,warn,sequence_length_distribution,Read lengths are consistent or vary across reads,Unexpected variability pre-trim can indicate mixed inputs or prior processing; post-trim variability is normal.,"Prior trimming, mixed read types, partial reads.","If pre-trim variability is unexpected, inspect inputs; after trimming, ensure lengths are not extremely shortened (mappability risk)."
trimmed,SRR30333760,Sequence Length Distribution,1,warn,sequence_length_distribution,Read lengths are consistent or vary across reads,Unexpected variability pre-trim can indicate mixed inputs or prior processing; post-trim variability is normal.,"Prior trimming, mixed read types, partial reads.","If pre-trim variability is unexpected, inspect inputs; after trimming, ensure lengths are not extremely shortened (mappability risk)."
trimmed,SRR30333761,Sequence Length Distribution,1,warn,sequence_length_distribution,Read lengths are consistent or vary across reads,Unexpected variability pre-trim can indicate mixed inputs or prior processing; post-trim variability is normal.,"Prior trimming, mixed read types, partial reads.","If pre-trim variability is unexpected, inspect inputs; after trimming, ensure lengths are not extremely shortened (mappability risk)."
trimmed,SRR30333762,Sequence Length Distribution,1,warn,sequence_length_distribution,Read lengths are consistent or vary across reads,Unexpected variability pre-trim can indicate mixed inputs or prior processing; post-trim variability is normal.,"Prior trimming, mixed read types, partial reads.","If pre-trim variability is unexpected, inspect inputs; after trimming, ensure lengths are not extremely shortened (mappability risk)."
