Sample	0	1	2	3	4	5	6	7	8	9	10	11	12	13	14	15	16	17	18	19	20	21	22	23	24	25	26	27	28	29	30	31	32	33	34	35	36	37	38	39	40	41	42	43	44	45	46	47	48	49	50	51	52	53	54	55	56	57	58	59	60	61	62	63	64	65	66	67	68	69	70	71	72	73	74	75	76	77	78	79	80	81	82	83	84	85	86	87	88	89	90	91	92	93	94	95	96	97	98	99	100
fastp | SRR35329977_1	(0.0, 9.85142847272664e-06)	(1.0, 7.662222145454054e-06)	(2.0, 6.56761898181776e-06)	(3.0, 6.56761898181776e-06)	(4.0, 4.92571423636332e-06)	(5.0, 4.92571423636332e-06)	(6.0, 9.304126890908494e-06)	(7.0, 1.313523796363552e-05)	(8.0, 1.477714270908996e-05)	(9.0, 2.1344761690907722e-05)	(10.0, 3.666920598181583e-05)	(11.0, 5.801396767272355e-05)	(12.0, 0.0002063326963454413)	(13.0, 0.00035082031394543205)	(14.0, 0.0004077396784545193)	(15.0, 0.0006441739617999586)	(16.0, 0.0012341650669999208)	(17.0, 0.00217935489879986)	(18.0, 0.0036559745665452202)	(19.0, 0.0062704342228905065)	(20.0, 0.011683246867071976)	(21.0, 0.01994202773670781)	(22.0, 0.031051155244452552)	(23.0, 0.04838474364221508)	(24.0, 0.0757317617809224)	(25.0, 0.11384365473241088)	(26.0, 0.16447452406640764)	(27.0, 0.23075493483091244)	(28.0, 0.3148899650990707)	(29.0, 0.42526318050117273)	(30.0, 0.5562795169662915)	(31.0, 0.6962781669922098)	(32.0, 0.84947718387)	(33.0, 1.0223872672169707)	(34.0, 1.1922871918639415)	(35.0, 1.363720655543167)	(36.0, 1.5749402077126626)	(37.0, 1.7841637510132673)	(38.0, 1.955861561356511)	(39.0, 2.129176100572445)	(40.0, 2.2863764393149077)	(41.0, 2.4335540441895347)	(42.0, 2.6104731116233233)	(43.0, 2.804579090630947)	(44.0, 2.9987474620188985)	(45.0, 3.193608717209431)	(46.0, 3.392241974901855)	(47.0, 3.5839108199656424)	(48.0, 3.769305946997049)	(49.0, 3.916116312510276)	(50.0, 4.02742924472836)	(51.0, 4.151684764753279)	(52.0, 4.253401311035764)	(53.0, 4.267746085495217)	(54.0, 4.218181906944183)	(55.0, 4.1142854584613175)	(56.0, 3.9374151008683107)	(57.0, 3.6988479832585264)	(58.0, 3.3945389996407456)	(59.0, 3.037863106071441)	(60.0, 2.666277622810247)	(61.0, 2.281060499050708)	(62.0, 1.9143257497091681)	(63.0, 1.5771228464209535)	(64.0, 1.255929609004083)	(65.0, 0.9827073552335733)	(66.0, 0.7777067909382773)	(67.0, 0.6296179289299232)	(68.0, 0.513060752954858)	(69.0, 0.4228643576680638)	(70.0, 0.3467007749390868)	(71.0, 0.2960534865576355)	(72.0, 0.2650231287732921)	(73.0, 0.22706010185205816)	(74.0, 0.19181716379246042)	(75.0, 0.16876591576944372)	(76.0, 0.14940785882053587)	(77.0, 0.1289179822004281)	(78.0, 0.10950300588701116)	(79.0, 0.09403899969273942)	(80.0, 0.0834552817035401)	(81.0, 0.07131284880932269)	(82.0, 0.05983867114650525)	(83.0, 0.04731860016083333)	(84.0, 0.03135819143185253)	(85.0, 0.019880182657962358)	(86.0, 0.011505921154562898)	(87.0, 0.005751592323326904)	(88.0, 0.002798900289418002)	(89.0, 0.0013332266533090053)	(90.0, 0.0005248622169636028)	(91.0, 0.00016637968087271658)	(92.0, 5.089904710908764e-05)	(93.0, 2.0250158527271426e-05)	(94.0, 1.0946031636362934e-05)	(95.0, 1.149333321818108e-05)	(96.0, 1.5324444290908108e-05)	(97.0, 2.298666643636216e-05)	(98.0, 0.00020414349001816873)	(99.0, 0.00029827936209088997)	(100.0, 0.00011766984009090155)
fastp | SRR35329977_2	(0.0, 3.2827142085095374e-05)	(1.0, 4.5410879884381935e-05)	(2.0, 3.5562737258853315e-05)	(3.0, 1.5866452007796098e-05)	(4.0, 1.8602047181554042e-05)	(5.0, 1.8054928146802454e-05)	(6.0, 2.297899945956676e-05)	(7.0, 3.3374261119846966e-05)	(8.0, 4.322240374537557e-05)	(9.0, 5.635326057941372e-05)	(10.0, 7.604954583047094e-05)	(11.0, 0.0001154421163325854)	(12.0, 0.00016030587718221572)	(13.0, 0.00025495747019424074)	(14.0, 0.0004562972749828256)	(15.0, 0.0006910113408912576)	(16.0, 0.0010931438314336758)	(17.0, 0.00185528064684264)	(18.0, 0.003120219855188315)	(19.0, 0.005325656684271972)	(20.0, 0.0096550096062613)	(21.0, 0.01689722426926809)	(22.0, 0.028099486505806886)	(23.0, 0.04384666656402714)	(24.0, 0.06613684315884165)	(25.0, 0.09819637723818055)	(26.0, 0.1460955544926127)	(27.0, 0.21309356301215335)	(28.0, 0.29642854590937645)	(29.0, 0.40237705275095226)	(30.0, 0.5238035570856505)	(31.0, 0.6611391887128555)	(32.0, 0.8177208266255173)	(33.0, 0.9736595996723458)	(34.0, 1.1261537112763782)	(35.0, 1.2924226388183515)	(36.0, 1.4832719832346095)	(37.0, 1.6714212952143683)	(38.0, 1.8479497988960036)	(39.0, 2.0233019966529224)	(40.0, 2.1756784776644835)	(41.0, 2.320329637905352)	(42.0, 2.4923000929084718)	(43.0, 2.6725161788843326)	(44.0, 2.865152961187124)	(45.0, 3.0785901149531014)	(46.0, 3.2763074446125957)	(47.0, 3.4503968916373084)	(48.0, 3.616191466976152)	(49.0, 3.800272948932533)	(50.0, 3.968997893821506)	(51.0, 4.063829488995965)	(52.0, 4.132620953711421)	(53.0, 4.18158263613134)	(54.0, 4.178879868099668)	(55.0, 4.108130264358835)	(56.0, 3.9596476295176015)	(57.0, 3.7496283283617178)	(58.0, 3.475145274055262)	(59.0, 3.1417938529666403)	(60.0, 2.778266628635328)	(61.0, 2.4234041284573777)	(62.0, 2.0748438924407306)	(63.0, 1.7240218663344211)	(64.0, 1.3967943486017733)	(65.0, 1.129981903162535)	(66.0, 0.9223693786405233)	(67.0, 0.7550346632188538)	(68.0, 0.6212651534601596)	(69.0, 0.5156700855150335)	(70.0, 0.4361933860508785)	(71.0, 0.37943252179057485)	(72.0, 0.33624568078245815)	(73.0, 0.2987018254987693)	(74.0, 0.2642940565222766)	(75.0, 0.2344667681047242)	(76.0, 0.21226413055546994)	(77.0, 0.19008666048181425)	(78.0, 0.1652611342799609)	(79.0, 0.1407983479981478)	(80.0, 0.12106212305755372)	(81.0, 0.1061848622645885)	(82.0, 0.09048856427660015)	(83.0, 0.0718887055711851)	(84.0, 0.052892732684609915)	(85.0, 0.03785844872867099)	(86.0, 0.02525775023930713)	(87.0, 0.014518350706168179)	(88.0, 0.0072547984008060765)	(89.0, 0.0030912225463464813)	(90.0, 0.0013453657064541587)	(91.0, 0.000666390984327436)	(92.0, 0.000470522369886367)	(93.0, 0.0003993968953686604)	(94.0, 0.00039501994309064766)	(95.0, 0.0003807948481871063)	(96.0, 0.00037368230073533563)	(97.0, 0.00037258806266583246)	(98.0, 0.00037422941977008725)	(99.0, 0.0004448077752530423)	(100.0, 0.0017491395541008319)
fastp | SRR35329978_1	(0.0, 2.238437749525851e-05)	(1.0, 1.4389956961237614e-05)	(2.0, 5.5960943738146275e-06)	(3.0, 4.796652320412538e-06)	(4.0, 6.395536427216718e-06)	(5.0, 7.194978480618807e-06)	(6.0, 6.395536427216718e-06)	(7.0, 6.395536427216718e-06)	(8.0, 1.758772517484597e-05)	(9.0, 3.677433445649612e-05)	(10.0, 4.077154472350657e-05)	(11.0, 5.915871195175463e-05)	(12.0, 0.00021984656468557464)	(13.0, 0.0003405623147492902)	(14.0, 0.000392526048220426)	(15.0, 0.0006027793082651755)	(16.0, 0.0011128233383357088)	(17.0, 0.0019690257775293466)	(18.0, 0.0033440661093809406)	(19.0, 0.005615280983096277)	(20.0, 0.010372760642892113)	(21.0, 0.01780117620310433)	(22.0, 0.02788373938061148)	(23.0, 0.043289787191723154)	(24.0, 0.06719630235665924)	(25.0, 0.10102389340431527)	(26.0, 0.14684631302121623)	(27.0, 0.20764947727681896)	(28.0, 0.28440710659216717)	(29.0, 0.3878964792891745)	(30.0, 0.5154602499823324)	(31.0, 0.6576042448454376)	(32.0, 0.8185359274055451)	(33.0, 0.9971640592597614)	(34.0, 1.1692783372628575)	(35.0, 1.3428444020349317)	(36.0, 1.5566008171576893)	(37.0, 1.768830297958449)	(38.0, 1.9411116593507058)	(39.0, 2.1091072118946745)	(40.0, 2.2604112138056607)	(41.0, 2.408925962392327)	(42.0, 2.5899012561153323)	(43.0, 2.7895499173217027)	(44.0, 2.9897589874075083)	(45.0, 3.1834661952729952)	(46.0, 3.3749285698525284)	(47.0, 3.560121719849283)	(48.0, 3.746132699066668)	(49.0, 3.9045885095873887)	(50.0, 4.0434763769669875)	(51.0, 4.188572711333307)	(52.0, 4.272477352606069)	(53.0, 4.270115001338266)	(54.0, 4.224055946873558)	(55.0, 4.131597275629393)	(56.0, 3.960358386674772)	(57.0, 3.709292010919739)	(58.0, 3.3993203463438793)	(59.0, 3.0383474765291805)	(60.0, 2.6706888728218803)	(61.0, 2.2976915950819605)	(62.0, 1.9310258984049853)	(63.0, 1.5898264283391337)	(64.0, 1.267729626139325)	(65.0, 0.9946098418991417)	(66.0, 0.7875119796391703)	(67.0, 0.6408839142985328)	(68.0, 0.5304369974107671)	(69.0, 0.44356642611988245)	(70.0, 0.36769058138943667)	(71.0, 0.31925398625791085)	(72.0, 0.2909761219449722)	(73.0, 0.25072741232439055)	(74.0, 0.21191530007377254)	(75.0, 0.18888017674704471)	(76.0, 0.17112696706714448)	(77.0, 0.15017279140542233)	(78.0, 0.12768448644322156)	(79.0, 0.11078747920251499)	(80.0, 0.10052104435272534)	(81.0, 0.08723751519339623)	(82.0, 0.0757903044307317)	(83.0, 0.06180966180083596)	(84.0, 0.041678911454117944)	(85.0, 0.027589544704959515)	(86.0, 0.01647410239445686)	(87.0, 0.008039189289011414)	(88.0, 0.003906873314976012)	(89.0, 0.0019082681814707881)	(90.0, 0.0008170297785769355)	(91.0, 0.0002654147617294938)	(92.0, 6.875201659257971e-05)	(93.0, 3.357656624288776e-05)	(94.0, 2.718102981567105e-05)	(95.0, 2.558214570886687e-05)	(96.0, 1.9186609281650152e-05)	(97.0, 1.838716722824806e-05)	(98.0, 0.00017108059942804718)	(99.0, 0.00021984656468557464)	(100.0, 6.475480632556926e-05)
fastp | SRR35329978_2	(0.0, 3.0373702448420156e-05)	(1.0, 4.4761245713461283e-05)	(2.0, 3.516955020343387e-05)	(3.0, 1.5186851224210078e-05)	(4.0, 1.918339102005484e-05)	(5.0, 2.3179930815899594e-05)	(6.0, 3.117301040758911e-05)	(7.0, 3.9965397958447575e-05)	(8.0, 4.9557093468475e-05)	(9.0, 5.595155714182661e-05)	(10.0, 7.273702428437459e-05)	(11.0, 0.00010470934265113265)	(12.0, 0.0001502698963237629)	(13.0, 0.0002509826991790508)	(14.0, 0.0004188373706045306)	(15.0, 0.0006138685126417548)	(16.0, 0.0010111245683487237)	(17.0, 0.0017217093440499215)	(18.0, 0.0027903840854588097)	(19.0, 0.004873380627053097)	(20.0, 0.008778799315552595)	(21.0, 0.015162072677475841)	(22.0, 0.02503352597321239)	(23.0, 0.03902141525866905)	(24.0, 0.05861565056973672)	(25.0, 0.08699428035207117)	(26.0, 0.12950547416047187)	(27.0, 0.18936484791467548)	(28.0, 0.2650856888106278)	(29.0, 0.3656977788630604)	(30.0, 0.4860839485173737)	(31.0, 0.6266982046943756)	(32.0, 0.7912149660823659)	(33.0, 0.9529445406167341)	(34.0, 1.10776090061225)	(35.0, 1.2792084613141943)	(36.0, 1.4731637348383768)	(37.0, 1.661631759222865)	(38.0, 1.8379838735622698)	(39.0, 2.0117885934358033)	(40.0, 2.1615813029079423)	(41.0, 2.305802835904674)	(42.0, 2.48010472532881)	(43.0, 2.662673856974631)	(44.0, 2.934057293195551)	(45.0, 3.228045158501769)	(46.0, 3.3606143800697352)	(47.0, 3.461631719257467)	(48.0, 3.6183248543411115)	(49.0, 3.7700207160640318)	(50.0, 3.9086111244884183)	(51.0, 4.028584051927841)	(52.0, 4.130230446479438)	(53.0, 4.185494598776379)	(54.0, 4.174890979390044)	(55.0, 4.095896972401295)	(56.0, 3.9462489376697656)	(57.0, 3.735107743715491)	(58.0, 3.459073933788126)	(59.0, 3.1230176912828873)	(60.0, 2.764162787858272)	(61.0, 2.4118749986261894)	(62.0, 2.0612953305028507)	(63.0, 1.7095510706830026)	(64.0, 1.38734843372608)	(65.0, 1.1293877760634843)	(66.0, 0.9254795198317296)	(67.0, 0.7621457342233094)	(68.0, 0.6336505853232272)	(69.0, 0.5307356890404288)	(70.0, 0.45277358862696676)	(71.0, 0.40018951591711893)	(72.0, 0.3593384847399122)	(73.0, 0.3190781421445313)	(74.0, 0.2820342147768462)	(75.0, 0.2514486957192463)	(76.0, 0.23198714552940064)	(77.0, 0.2113961731932493)	(78.0, 0.18318379946642196)	(79.0, 0.15639499321487454)	(80.0, 0.1370013842015583)	(81.0, 0.12398944993424693)	(82.0, 0.1086675156649373)	(83.0, 0.08691834609595013)	(84.0, 0.06487822842982545)	(85.0, 0.0484988097305353)	(86.0, 0.03308735296979875)	(87.0, 0.018992356417813456)	(88.0, 0.00930794118452244)	(89.0, 0.003791916958297506)	(90.0, 0.001664159170989757)	(91.0, 0.0007833217999855726)	(92.0, 0.0005091591699906221)	(93.0, 0.00040924567509450317)	(94.0, 0.0003860657442786036)	(95.0, 0.00037327681693190035)	(96.0, 0.00037567474080940725)	(97.0, 0.0003948581318294621)	(98.0, 0.00038366782040109675)	(99.0, 0.00043242560591040275)	(100.0, 0.001593820070582889)
fastp | SRR35329979_1	(0.0, 1.649424544641304e-05)	(1.0, 1.4295012720224635e-05)	(2.0, 9.346739086300722e-06)	(3.0, 5.498081815471014e-06)	(4.0, 7.147506360112317e-06)	(5.0, 1.209577999403623e-05)	(6.0, 1.3195396357130434e-05)	(7.0, 1.0446355449394927e-05)	(8.0, 1.924328635414855e-05)	(9.0, 3.463791543746739e-05)	(10.0, 4.838311997614492e-05)	(11.0, 6.432755724101086e-05)	(12.0, 0.00018363593263673187)	(13.0, 0.00034582934619312676)	(14.0, 0.0004722852279489601)	(15.0, 0.0007526874005379818)	(16.0, 0.0014036602874897498)	(17.0, 0.0024851329805928983)	(18.0, 0.004228574724278757)	(19.0, 0.007242623175519967)	(20.0, 0.013541775511505106)	(21.0, 0.023355851552120867)	(22.0, 0.036863538956370054)	(23.0, 0.057809581248769976)	(24.0, 0.08944499420680865)	(25.0, 0.13317068907706808)	(26.0, 0.19111222428940935)	(27.0, 0.2651878805892503)	(28.0, 0.3530664712868313)	(29.0, 0.4588275730892317)	(30.0, 0.5807860239200097)	(31.0, 0.7086197249788001)	(32.0, 0.8469608101951371)	(33.0, 1.005324259958875)	(34.0, 1.163880142586154)	(35.0, 1.3261851672034033)	(36.0, 1.5205566543930238)	(37.0, 1.7130390006708482)	(38.0, 1.8830319930906705)	(39.0, 2.05522036957941)	(40.0, 2.207384182288023)	(41.0, 2.352476911973758)	(42.0, 2.525566424072054)	(43.0, 2.724789418655646)	(44.0, 2.927775850241928)	(45.0, 3.1253461214317895)	(46.0, 3.3237169133339837)	(47.0, 3.5148456318688397)	(48.0, 3.732122677709894)	(49.0, 3.910279771817509)	(50.0, 4.0112883316986165)	(51.0, 4.131447260351191)	(52.0, 4.23757068574523)	(53.0, 4.254389318018757)	(54.0, 4.214299504653067)	(55.0, 4.130073289705504)	(56.0, 3.970590430484137)	(57.0, 3.7406320589356987)	(58.0, 3.4461877853899634)	(59.0, 3.095176497085755)	(60.0, 2.7274389442825213)	(61.0, 2.3471151825873107)	(62.0, 1.9786738753116966)	(63.0, 1.6336208582709142)	(64.0, 1.3064640975394903)	(65.0, 1.0240496270060062)	(66.0, 0.8060413362834942)	(67.0, 0.6494708109997814)	(68.0, 0.531197174601732)	(69.0, 0.4429469135734252)	(70.0, 0.3673988709634011)	(71.0, 0.31580981948065506)	(72.0, 0.28516076240031185)	(73.0, 0.24479329590294213)	(74.0, 0.20633476341190396)	(75.0, 0.18266387177175658)	(76.0, 0.1639758916809706)	(77.0, 0.14286820578319587)	(78.0, 0.12114088606481749)	(79.0, 0.10452953147573492)	(80.0, 0.09453621796793481)	(81.0, 0.08228484225852074)	(82.0, 0.07125733956123052)	(83.0, 0.05821588949493328)	(84.0, 0.03926235205246006)	(85.0, 0.025253239586639914)	(86.0, 0.014442911121060806)	(87.0, 0.006811573561187039)	(88.0, 0.0031624966602589273)	(89.0, 0.0015746506319508984)	(90.0, 0.0007818272341599781)	(91.0, 0.0002798523644074746)	(92.0, 5.7729859062445646e-05)	(93.0, 2.8040217258902172e-05)	(94.0, 1.924328635414855e-05)	(95.0, 1.649424544641304e-05)	(96.0, 2.1442519080336954e-05)	(97.0, 3.0239449985090574e-05)	(98.0, 0.0002782029398628333)	(99.0, 0.00044919328432398186)	(100.0, 0.00022817039534204708)
fastp | SRR35329979_2	(0.0, 1.4295195299088805e-05)	(1.0, 1.6494456114333238e-05)	(2.0, 1.4295195299088805e-05)	(3.0, 1.3745380095277696e-05)	(4.0, 2.08929777448221e-05)	(5.0, 2.1992608152444316e-05)	(6.0, 2.4741684171499852e-05)	(7.0, 3.1339466617233147e-05)	(8.0, 3.793724906296644e-05)	(9.0, 4.5084846712510845e-05)	(10.0, 6.432837884589962e-05)	(11.0, 0.00010391507352029938)	(12.0, 0.0001687932675700101)	(13.0, 0.00028260501475890944)	(14.0, 0.0004711916296661194)	(15.0, 0.0007521471988135956)	(16.0, 0.0012200399372568483)	(17.0, 0.002039264590935399)	(18.0, 0.003339577547948669)	(19.0, 0.005767011672774711)	(20.0, 0.010316732484311628)	(21.0, 0.01817469137717998)	(22.0, 0.030495500279383095)	(23.0, 0.04840847961954899)	(24.0, 0.07399687920491796)	(25.0, 0.11062666771322158)	(26.0, 0.16228125629607135)	(27.0, 0.2318719164576471)	(28.0, 0.3161662846147433)	(29.0, 0.41477674104867307)	(30.0, 0.5259900615843611)	(31.0, 0.6496726411272813)	(32.0, 0.7882986480945835)	(33.0, 0.9303549521184633)	(34.0, 1.0696561321560456)	(35.0, 1.2190887569542552)	(36.0, 1.3937567999769869)	(37.0, 1.5768139233794685)	(38.0, 1.7501745058475375)	(39.0, 1.9189072937451286)	(40.0, 2.0714381272168136)	(41.0, 2.21752622613024)	(42.0, 2.3856756600965876)	(43.0, 2.567083337887636)	(44.0, 2.7621841633296)	(45.0, 2.9787926599142467)	(46.0, 3.185880006614497)	(47.0, 3.370967047749449)	(48.0, 3.5468045477106873)	(49.0, 3.7357029078384585)	(50.0, 3.905282411149918)	(51.0, 4.016182886834637)	(52.0, 4.114630048153035)	(53.0, 4.189646834561023)	(54.0, 4.199680412215372)	(55.0, 4.14855199678257)	(56.0, 4.02747059296888)	(57.0, 3.836673720942349)	(58.0, 3.577385269346661)	(59.0, 3.2529019301438673)	(60.0, 2.8967635303968526)	(61.0, 2.5418099824140508)	(62.0, 2.1883013487868648)	(63.0, 1.8287095597447123)	(64.0, 1.4898469035166466)	(65.0, 1.208892983814782)	(66.0, 0.985595435460569)	(67.0, 0.8039502375014743)	(68.0, 0.661892833847187)	(69.0, 0.5510418415308105)	(70.0, 0.46656383509564137)	(71.0, 0.407008402034026)	(72.0, 0.36213963269661287)	(73.0, 0.3222104031502388)	(74.0, 0.2849576740160172)	(75.0, 0.252835270548557)	(76.0, 0.2287247742310323)	(77.0, 0.20800278901459546)	(78.0, 0.18261177308739468)	(79.0, 0.15485050381656423)	(80.0, 0.13389264787769242)	(81.0, 0.11979153734554893)	(82.0, 0.10543971108046758)	(83.0, 0.08710722273979382)	(84.0, 0.06589975069839177)	(85.0, 0.04757935829220184)	(86.0, 0.03183430030066315)	(87.0, 0.017741436996576827)	(88.0, 0.00844131282411194)	(89.0, 0.003609536813019923)	(90.0, 0.0016060102103322461)	(91.0, 0.0008065789039908951)	(92.0, 0.0005498152038111078)	(93.0, 0.00045579680395940844)	(94.0, 0.0004151104788773864)	(95.0, 0.0004008152835782976)	(96.0, 0.0003782728602220422)	(97.0, 0.0004112617724507087)	(98.0, 0.0003986160227630532)	(99.0, 0.0004063134356164087)	(100.0, 0.0013855343136039918)
fastp | SRR35329980_1	(0.0, 1.1737305684712495e-05)	(1.0, 1.1737305684712495e-05)	(2.0, 6.707031819835711e-06)	(3.0, 5.030273864876783e-06)	(4.0, 5.030273864876783e-06)	(5.0, 4.19189488739732e-06)	(6.0, 7.545410797315175e-06)	(7.0, 9.222168752274103e-06)	(8.0, 1.3414063639671423e-05)	(9.0, 2.5151369324383918e-05)	(10.0, 4.0242190919014266e-05)	(11.0, 5.4494633536165156e-05)	(12.0, 9.138330854526157e-05)	(13.0, 0.00024396828244652402)	(14.0, 0.0003630180972486079)	(15.0, 0.00047703763818581494)	(16.0, 0.0008828130632858755)	(17.0, 0.001713646629968024)	(18.0, 0.0029795988859620147)	(19.0, 0.005049556581358811)	(20.0, 0.008888493919237277)	(21.0, 0.01616897695966894)	(22.0, 0.02669566340090109)	(23.0, 0.041201296469250775)	(24.0, 0.06432462704711187)	(25.0, 0.0988038008749323)	(26.0, 0.14516196643465926)	(27.0, 0.20752562505344666)	(28.0, 0.28608928065406974)	(29.0, 0.3805301573301989)	(30.0, 0.4989360970775785)	(31.0, 0.6297953181564382)	(32.0, 0.7668359074362538)	(33.0, 0.919352134261363)	(34.0, 1.092669381896715)	(35.0, 1.2616790383457777)	(36.0, 1.4379842686568665)	(37.0, 1.6491744482208759)	(38.0, 1.8461054781359145)	(39.0, 2.012322494210993)	(40.0, 2.1804736505871167)	(41.0, 2.3318195003596647)	(42.0, 2.4842879395830577)	(43.0, 2.6677889766578526)	(44.0, 2.867759130366254)	(45.0, 3.0660952834475483)	(46.0, 3.255319933801596)	(47.0, 3.4458574856343764)	(48.0, 3.630637050649828)	(49.0, 3.8087045535715784)	(50.0, 3.943367500071262)	(51.0, 4.051931709002011)	(52.0, 4.176506441265683)	(53.0, 4.248205449798705)	(54.0, 4.230378159221582)	(55.0, 4.165167365595274)	(56.0, 4.046617224663769)	(57.0, 3.8514375684326843)	(58.0, 3.590363839708646)	(59.0, 3.26832403012128)	(60.0, 2.91088450658882)	(61.0, 2.5421218365865235)	(62.0, 2.162302624629227)	(63.0, 1.8038712987664092)	(64.0, 1.474027019277686)	(65.0, 1.1650634066020669)	(66.0, 0.9046226540060263)	(67.0, 0.7170965594603522)	(68.0, 0.5808239253239077)	(69.0, 0.4730737823802921)	(70.0, 0.3941160886602536)	(71.0, 0.32780198829958296)	(72.0, 0.2828925416129406)	(73.0, 0.25204522551556113)	(74.0, 0.21317629936165824)	(75.0, 0.18079391135651393)	(76.0, 0.16017481878438403)	(77.0, 0.1413263826126907)	(78.0, 0.12120780229011602)	(79.0, 0.10162578451312818)	(80.0, 0.08759802746194179)	(81.0, 0.07723734005825057)	(82.0, 0.06413599177717899)	(83.0, 0.05267786629196715)	(84.0, 0.03975006245923382)	(85.0, 0.0250172286879872)	(86.0, 0.01539012288959052)	(87.0, 0.008439961166285762)	(88.0, 0.003980623385072495)	(89.0, 0.0018058683174907652)	(90.0, 0.0008232881558848335)	(91.0, 0.00029343264211781236)	(92.0, 8.635303468038479e-05)	(93.0, 2.7666506256822307e-05)	(94.0, 1.8444337504548206e-05)	(95.0, 1.509082159463035e-05)	(96.0, 1.2575684662191959e-05)	(97.0, 1.1737305684712495e-05)	(98.0, 3.102002216674016e-05)	(99.0, 0.0001651606585634544)	(100.0, 0.0001509082159463035)
fastp | SRR35329980_2	(0.0, 3.352377744315088e-05)	(1.0, 3.436187187922965e-05)	(2.0, 2.5980927518441932e-05)	(3.0, 1.8438077593732985e-05)	(4.0, 1.5923794285496668e-05)	(5.0, 1.5923794285496668e-05)	(6.0, 3.100949413491456e-05)	(7.0, 4.1904721803938604e-05)	(8.0, 3.687615518746597e-05)	(9.0, 4.022853293178106e-05)	(10.0, 5.1123760600805095e-05)	(11.0, 7.710468811924702e-05)	(12.0, 0.00013409510977260353)	(13.0, 0.000246399764207159)	(14.0, 0.0004316186345805676)	(15.0, 0.0006822088709681204)	(16.0, 0.0011188560721651607)	(17.0, 0.0018798458201246858)	(18.0, 0.0031998445569487517)	(19.0, 0.0054333662290986795)	(20.0, 0.009628028881672933)	(21.0, 0.016973088519467293)	(22.0, 0.028464201332543335)	(23.0, 0.045267994775922714)	(24.0, 0.06847985827756038)	(25.0, 0.10126192214478155)	(26.0, 0.14892351463014522)	(27.0, 0.21529388921209536)	(28.0, 0.29868009512975274)	(29.0, 0.398236495097114)	(30.0, 0.5147894502281528)	(31.0, 0.6438886790672907)	(32.0, 0.7883107884812569)	(33.0, 0.940104776554972)	(34.0, 1.092866763702358)	(35.0, 1.2512716406878623)	(36.0, 1.430405107360903)	(37.0, 1.6247818356373442)	(38.0, 1.8057834148084047)	(39.0, 1.9767421083519328)	(40.0, 2.134459747899853)	(41.0, 2.282170539880992)	(42.0, 2.447390800820689)	(43.0, 2.6268745909680105)	(44.0, 2.811276319266242)	(45.0, 3.0182378735948427)	(46.0, 3.225061980435926)	(47.0, 3.402998648254246)	(48.0, 3.5695950602579845)	(49.0, 3.7525745422981904)	(50.0, 3.918078917251718)	(51.0, 4.018644382920118)	(52.0, 4.0965812988143915)	(53.0, 4.159090572329326)	(54.0, 4.162638226077249)	(55.0, 4.109397438930908)	(56.0, 3.993919758961358)	(57.0, 3.8085315935118618)	(58.0, 3.552388143390851)	(59.0, 3.230563232314347)	(60.0, 2.8748985821922903)	(61.0, 2.517762238240479)	(62.0, 2.166136365205886)	(63.0, 1.8159243574849575)	(64.0, 1.4826334764284599)	(65.0, 1.1967049881436456)	(66.0, 0.9718031843163432)	(67.0, 0.7940207258742615)	(68.0, 0.6518053191104908)	(69.0, 0.5385888179294817)	(70.0, 0.45199187222720644)	(71.0, 0.390437188274965)	(72.0, 0.3445557083718326)	(73.0, 0.30489959393989335)	(74.0, 0.2690911710639917)	(75.0, 0.23826270532727017)	(76.0, 0.21477510875616257)	(77.0, 0.19427448075523976)	(78.0, 0.16997812305331614)	(79.0, 0.14408770973397073)	(80.0, 0.12245230186659721)	(81.0, 0.1052001278999157)	(82.0, 0.08956128572268582)	(83.0, 0.07260495909194009)	(84.0, 0.05323240620197929)	(85.0, 0.03641939371980304)	(86.0, 0.02390915807245521)	(87.0, 0.013570425108987478)	(88.0, 0.006693022166525073)	(89.0, 0.003083349430333802)	(90.0, 0.0013367606255456415)	(91.0, 0.0007232754983359803)	(92.0, 0.000522132833677075)	(93.0, 0.00042994244570841)	(94.0, 0.0003888758183405502)	(95.0, 0.00036708536300250215)	(96.0, 0.00040396151818996814)	(97.0, 0.0004232376902197799)	(98.0, 0.0003846853461601564)	(99.0, 0.0003980948571374167)	(100.0, 0.001087846578030246)
fastp | SRR35329981_1	(0.0, 9.034842787314309e-06)	(1.0, 2.194176105490618e-05)	(2.0, 2.3232452881665367e-05)	(3.0, 8.389496873934714e-06)	(4.0, 4.5174213936571546e-06)	(5.0, 5.162767307036748e-06)	(6.0, 5.162767307036748e-06)	(7.0, 6.453459133795934e-06)	(8.0, 1.5488301921110242e-05)	(9.0, 2.5813836535183736e-05)	(10.0, 3.291264158235927e-05)	(11.0, 4.452886802319195e-05)	(12.0, 7.679616369217162e-05)	(13.0, 0.00021167345958850666)	(14.0, 0.0003194462271228988)	(15.0, 0.00043560849153122564)	(16.0, 0.0007634442155280591)	(17.0, 0.0013700693741048769)	(18.0, 0.0023690648480164875)	(19.0, 0.004012115543480933)	(20.0, 0.007103322468569186)	(21.0, 0.012861744053655299)	(22.0, 0.021180252877118257)	(23.0, 0.0329875017083113)	(24.0, 0.05106493143390048)	(25.0, 0.0780810474057104)	(26.0, 0.11580990553962157)	(27.0, 0.16704908037013455)	(28.0, 0.23450708869570347)	(29.0, 0.3205310536032899)	(30.0, 0.4361809133563933)	(31.0, 0.5742378285679496)	(32.0, 0.724522112800309)	(33.0, 0.889746154927406)	(34.0, 1.074614526657778)	(35.0, 1.2567227539166255)	(36.0, 1.4416240382885797)	(37.0, 1.659545091664514)	(38.0, 1.8638396660794385)	(39.0, 2.0299988144350225)	(40.0, 2.1960947188910955)	(41.0, 2.345378071611803)	(42.0, 2.4955791062213364)	(43.0, 2.68070174424158)	(44.0, 2.884077991421765)	(45.0, 3.081642253306054)	(46.0, 3.2751860101499877)	(47.0, 3.469812012090659)	(48.0, 3.648694800474435)	(49.0, 3.8217675396000543)	(50.0, 3.949700913468426)	(51.0, 4.05477613508489)	(52.0, 4.181645333542098)	(53.0, 4.254356457602578)	(54.0, 4.224465970932575)	(55.0, 4.143897115030786)	(56.0, 4.019558963245853)	(57.0, 3.8242585748257)	(58.0, 3.566905595450445)	(59.0, 3.24921858128742)	(60.0, 2.8940963413810703)	(61.0, 2.529936677303753)	(62.0, 2.1588969804438958)	(63.0, 1.8050163860748887)	(64.0, 1.4760009697483971)	(65.0, 1.1714222217779375)	(66.0, 0.9155386950474483)	(67.0, 0.7302379415551121)	(68.0, 0.596708773271827)	(69.0, 0.49089914800593565)	(70.0, 0.41145577537708095)	(71.0, 0.34416039422168365)	(72.0, 0.30207803255611376)	(73.0, 0.27265348563557124)	(74.0, 0.23271625378607505)	(75.0, 0.199253132139603)	(76.0, 0.17906025850995552)	(77.0, 0.16125258337615903)	(78.0, 0.14033175955621935)	(79.0, 0.11866620655223965)	(80.0, 0.10431887620598454)	(81.0, 0.09466191995817229)	(82.0, 0.08150783420575604)	(83.0, 0.07070474361578163)	(84.0, 0.05577853798522502)	(85.0, 0.03688410033329729)	(86.0, 0.024672864960328618)	(87.0, 0.014628055818575247)	(88.0, 0.0078745108350578)	(89.0, 0.0046439091926795545)	(90.0, 0.002493616609298749)	(91.0, 0.0009847978638172596)	(92.0, 0.0002697545917926701)	(93.0, 7.873220143231041e-05)	(94.0, 4.194748436967358e-05)	(95.0, 2.6459182448563333e-05)	(96.0, 1.9360377401387805e-05)	(97.0, 1.677899374786943e-05)	(98.0, 3.872075480277561e-05)	(99.0, 0.0001568190569512412)	(100.0, 0.00012906918267591868)
fastp | SRR35329981_2	(0.0, 7.611035477700224e-05)	(1.0, 6.256529163872219e-05)	(2.0, 3.4830162355577296e-05)	(3.0, 1.4835069151449587e-05)	(4.0, 1.2900060131695294e-05)	(5.0, 2.064009621071247e-05)	(6.0, 3.096014431606871e-05)	(7.0, 4.4505207454348766e-05)	(8.0, 4.708521948068783e-05)	(9.0, 5.805027059262883e-05)	(10.0, 8.772040889552801e-05)	(11.0, 0.00010771550209965571)	(12.0, 0.00016383076367253025)	(13.0, 0.00025864620564049066)	(14.0, 0.0004353770294447162)	(15.0, 0.0006978932531247154)	(16.0, 0.001093925099167761)	(17.0, 0.001771178256081764)	(18.0, 0.0028683283702824486)	(19.0, 0.005014253373189961)	(20.0, 0.009079707323693734)	(21.0, 0.015660027996871502)	(22.0, 0.025695629776323857)	(23.0, 0.040116606997546024)	(24.0, 0.05963697798882735)	(25.0, 0.08783134941266059)	(26.0, 0.12943984836443717)	(27.0, 0.1887014346034322)	(28.0, 0.2663288364519218)	(29.0, 0.36730470213577326)	(30.0, 0.48848399699487943)	(31.0, 0.6304607687983047)	(32.0, 0.7957344041965649)	(33.0, 0.962116154760138)	(34.0, 1.126077854043005)	(35.0, 1.2994288620927263)	(36.0, 1.4898782548440033)	(37.0, 1.682342636987851)	(38.0, 1.8632750103769697)	(39.0, 2.039017044572101)	(40.0, 2.1886448420396345)	(41.0, 2.331032480758254)	(42.0, 2.4984417211113166)	(43.0, 2.670776849425667)	(44.0, 2.855752746663066)	(45.0, 3.0644821696239615)	(46.0, 3.261873084732104)	(47.0, 3.4334787146460064)	(48.0, 3.59560731538416)	(49.0, 3.8371286911998244)	(50.0, 4.057021181195683)	(51.0, 4.083850081254576)	(52.0, 4.090619387808683)	(53.0, 4.138848197620046)	(54.0, 4.131013346099061)	(55.0, 4.060964729577942)	(56.0, 3.918317799650675)	(57.0, 3.711633036220653)	(58.0, 3.4437703826190726)	(59.0, 3.1195789714494384)	(60.0, 2.7688863217482558)	(61.0, 2.4228364036884704)	(62.0, 2.0810144803368478)	(63.0, 1.7360746124513948)	(64.0, 1.413581494198098)	(65.0, 1.1472662028093144)	(66.0, 0.9388438012795531)	(67.0, 0.771113994432218)	(68.0, 0.6377525277877454)	(69.0, 0.53339491134037)	(70.0, 0.4529527163711445)	(71.0, 0.3962427620261988)	(72.0, 0.3540111901700613)	(73.0, 0.3152052292818955)	(74.0, 0.2798977647014455)	(75.0, 0.248962130499627)	(76.0, 0.22725197430099042)	(77.0, 0.207285906232159)	(78.0, 0.1815580263055059)	(79.0, 0.1551754683271693)	(80.0, 0.13599759393238448)	(81.0, 0.12309366378264966)	(82.0, 0.10850047075866938)	(83.0, 0.0891349004889684)	(84.0, 0.06793752168056669)	(85.0, 0.05056307569219287)	(86.0, 0.0349230427885255)	(87.0, 0.021387654695344215)	(88.0, 0.01194352067293009)	(89.0, 0.0058972624892045045)	(90.0, 0.0027296527238667243)	(91.0, 0.0012313107395703158)	(92.0, 0.0006391979795255018)	(93.0, 0.0004650471677476154)	(94.0, 0.00039990186408255413)	(95.0, 0.00038829180996402833)	(96.0, 0.00039409683702329126)	(97.0, 0.0003670067107467311)	(98.0, 0.00036507170172697683)	(99.0, 0.00042247696931302093)	(100.0, 0.0015641322909680548)
fastp | SRR35329982_1	(0.0, 1.5565583140056548e-05)	(1.0, 1.0612897595493101e-05)	(2.0, 7.075265063662067e-06)	(3.0, 7.782791570028274e-06)	(4.0, 7.075265063662067e-06)	(5.0, 7.075265063662067e-06)	(6.0, 9.197844582760688e-06)	(7.0, 1.0612897595493101e-05)	(8.0, 1.4150530127324134e-05)	(9.0, 2.405590121645103e-05)	(10.0, 2.7593533748282065e-05)	(11.0, 4.811180243290206e-05)	(12.0, 0.0001570708844132979)	(13.0, 0.00026532243988732754)	(14.0, 0.0003091890832820324)	(15.0, 0.000489608342405415)	(16.0, 0.0009650661546835061)	(17.0, 0.0017560807888009253)	(18.0, 0.0028796328809104614)	(19.0, 0.004869904943318601)	(20.0, 0.009335812251502098)	(21.0, 0.016116746288515824)	(22.0, 0.025023797477160003)	(23.0, 0.03904131262128729)	(24.0, 0.06067181297391497)	(25.0, 0.09018486613396853)	(26.0, 0.13109758636459445)	(27.0, 0.18534081350166606)	(28.0, 0.25464091222071694)	(29.0, 0.3519180240545003)	(30.0, 0.4770907834547842)	(31.0, 0.619646054063473)	(32.0, 0.7846780267264035)	(33.0, 0.970833203236897)	(34.0, 1.1529073668586702)	(35.0, 1.3381045524795439)	(36.0, 1.5603464109207397)	(37.0, 1.7799067439028073)	(38.0, 1.9520939321246191)	(39.0, 2.119839268939464)	(40.0, 2.277928283995423)	(41.0, 2.42683714263128)	(42.0, 2.6053800414597794)	(43.0, 2.806704586266765)	(44.0, 3.003907789174167)	(45.0, 3.1947453761037923)	(46.0, 3.388608346374639)	(47.0, 3.5784362929796796)	(48.0, 3.776122028964423)	(49.0, 3.9382559730572773)	(50.0, 4.048257949108057)	(51.0, 4.162935260312905)	(52.0, 4.262184956046437)	(53.0, 4.279856845595946)	(54.0, 4.236883808178781)	(55.0, 4.128726353730099)	(56.0, 3.9438694883587866)	(57.0, 3.7023708809938225)	(58.0, 3.3918134414484777)	(59.0, 3.0354288025592875)	(60.0, 2.6761079286686775)	(61.0, 2.303773519746474)	(62.0, 1.9436885172289884)	(63.0, 1.6059910684259426)	(64.0, 1.2830696031818487)	(65.0, 1.0080682006874313)	(66.0, 0.7950638083133529)	(67.0, 0.6427892460867115)	(68.0, 0.5299246177911743)	(69.0, 0.44462380713065164)	(70.0, 0.3694208147689876)	(71.0, 0.3195012821123198)	(72.0, 0.288670107070906)	(73.0, 0.24956299448452662)	(74.0, 0.21327395997300388)	(75.0, 0.19046896561980833)	(76.0, 0.17182847228308423)	(77.0, 0.150846066210288)	(78.0, 0.12920849059259668)	(79.0, 0.1120063986433151)	(80.0, 0.1018349975877945)	(81.0, 0.08831770368366812)	(82.0, 0.07721590527227598)	(83.0, 0.0645738216565246)	(84.0, 0.044997978278384386)	(85.0, 0.030866551366732137)	(86.0, 0.019630322919130406)	(87.0, 0.011201559648789786)	(88.0, 0.0065920244598139475)	(89.0, 0.003705316313839825)	(90.0, 0.0017659861598900521)	(91.0, 0.0006268684846404592)	(92.0, 0.00016060851694512892)	(93.0, 5.4479540990197916e-05)	(94.0, 2.8301060254648268e-05)	(95.0, 2.0518268684619996e-05)	(96.0, 1.698063615278896e-05)	(97.0, 2.547095422918344e-05)	(98.0, 0.00019032463021250964)	(99.0, 0.0002476342772281724)	(100.0, 8.631823377667723e-05)
fastp | SRR35329982_2	(0.0, 1.2744991844833746e-05)	(1.0, 2.33658183821952e-05)	(2.0, 2.9030259202121313e-05)	(3.0, 2.2657763279704435e-05)	(4.0, 2.4073873484685967e-05)	(5.0, 2.6198038792158253e-05)	(6.0, 3.257053471457513e-05)	(7.0, 3.469470002204742e-05)	(8.0, 3.8943030636992e-05)	(9.0, 4.8147746969371934e-05)	(10.0, 5.593635309677033e-05)	(11.0, 6.868134494160408e-05)	(12.0, 0.0001309901939607913)	(13.0, 0.00024003067974436886)	(14.0, 0.0003639403226802525)	(15.0, 0.0005876857350673338)	(16.0, 0.0009636629944899293)	(17.0, 0.001581795098964366)	(18.0, 0.002601394446551066)	(19.0, 0.004553502364118101)	(20.0, 0.008261586935862231)	(21.0, 0.013907618323123578)	(22.0, 0.022582709438840415)	(23.0, 0.035294422693857096)	(24.0, 0.052912249754032276)	(25.0, 0.07799156148425512)	(26.0, 0.11580453617767188)	(27.0, 0.16949777070975144)	(28.0, 0.23880716052726483)	(29.0, 0.3326046360644213)	(30.0, 0.45010000782684106)	(31.0, 0.5905731837752912)	(32.0, 0.7572288213036447)	(33.0, 0.9282559910347762)	(34.0, 1.093249823237584)	(35.0, 1.2732884102581155)	(36.0, 1.4726908882215644)	(37.0, 1.6650312245927703)	(38.0, 1.8461432231486778)	(39.0, 2.021784079927639)	(40.0, 2.1754900976865392)	(41.0, 2.3203277252867425)	(42.0, 2.4904365475499435)	(43.0, 2.6715223480670582)	(44.0, 2.8619027879145698)	(45.0, 3.075823935754592)	(46.0, 3.291592399357012)	(47.0, 3.551227000724043)	(48.0, 3.716300843153432)	(49.0, 3.7844150359579407)	(50.0, 3.905198615616328)	(51.0, 4.022216050184567)	(52.0, 4.126870134608214)	(53.0, 4.189077731747745)	(54.0, 4.187227583764937)	(55.0, 4.1068895276710276)	(56.0, 3.9508044447677584)	(57.0, 3.7382073599693943)	(58.0, 3.464177290313623)	(59.0, 3.1368880239036)	(60.0, 2.785084473735142)	(61.0, 2.435908516052027)	(62.0, 2.086855051901643)	(63.0, 1.7362707726196736)	(64.0, 1.41360935435953)	(65.0, 1.153395563918662)	(66.0, 0.942725097054175)	(67.0, 0.7712284867900921)	(68.0, 0.6401412892802596)	(69.0, 0.5370576710739368)	(70.0, 0.4574878547662298)	(71.0, 0.40107356447527814)	(72.0, 0.3578630857355743)	(73.0, 0.3192408040600106)	(74.0, 0.2843634258215206)	(75.0, 0.25508888760903997)	(76.0, 0.2342416212264044)	(77.0, 0.2128611893515933)	(78.0, 0.18562939010979854)	(79.0, 0.15945754935643244)	(80.0, 0.14022818888298827)	(81.0, 0.12640199689665113)	(82.0, 0.11112358389510543)	(83.0, 0.09153099115408352)	(84.0, 0.07064053341019602)	(85.0, 0.053470197174794995)	(86.0, 0.037691897270890826)	(87.0, 0.0235881476843773)	(88.0, 0.013198147110427834)	(89.0, 0.006641556861363363)	(90.0, 0.0033292750919115704)	(91.0, 0.0015180701397401973)	(92.0, 0.0007625753453825525)	(93.0, 0.0004956385717435345)	(94.0, 0.00044961499008163493)	(95.0, 0.00041208806964962446)	(96.0, 0.0004021752982147538)	(97.0, 0.00042270889618698594)	(98.0, 0.0004666083125414133)	(99.0, 0.0005749407432225001)	(100.0, 0.0030219791774305795)
fastp | SRR35329983_1	(0.0, 1.7386291804306334e-05)	(1.0, 1.0866432377691457e-05)	(2.0, 2.8977153007177218e-06)	(3.0, 3.6221441258971526e-06)	(4.0, 8.693145902153167e-06)	(5.0, 1.1590861202870887e-05)	(6.0, 1.376414767840918e-05)	(7.0, 1.448857650358861e-05)	(8.0, 1.5213005328768041e-05)	(9.0, 2.752829535681836e-05)	(10.0, 3.6221441258971525e-05)	(11.0, 5.433216188845729e-05)	(12.0, 0.00017676063334378105)	(13.0, 0.00027818066886890134)	(14.0, 0.00036511212789043295)	(15.0, 0.0006469149408852314)	(16.0, 0.0011771968409165746)	(17.0, 0.0020856305876915805)	(18.0, 0.0035823005405122843)	(19.0, 0.0062083550317877205)	(20.0, 0.011631429217080937)	(21.0, 0.019879051391748753)	(22.0, 0.031172172347470894)	(23.0, 0.049308247985837945)	(24.0, 0.07786016127263484)	(25.0, 0.11714231431798947)	(26.0, 0.16954314895851838)	(27.0, 0.23805745395751335)	(28.0, 0.32293443283083617)	(29.0, 0.4309663302433691)	(30.0, 0.5549218976621711)	(31.0, 0.6832986542010432)	(32.0, 0.8248114786268937)	(33.0, 0.9865025435492925)	(34.0, 1.1455755226974924)	(35.0, 1.3084517531778845)	(36.0, 1.5097799412699757)	(37.0, 1.7102149086206206)	(38.0, 1.880324560920429)	(39.0, 2.0510391112892625)	(40.0, 2.207742483750301)	(41.0, 2.3596189869491684)	(42.0, 2.5412716881493864)	(43.0, 2.7466008966429434)	(44.0, 2.9689005747951533)	(45.0, 3.18470574852963)	(46.0, 3.3654674022748776)	(47.0, 3.545232966385503)	(48.0, 3.7386612581390124)	(49.0, 3.891596151851467)	(50.0, 4.014636041235242)	(51.0, 4.150454130666358)	(52.0, 4.255093527890575)	(53.0, 4.271805376458639)	(54.0, 4.229143762943822)	(55.0, 4.1311314406123465)	(56.0, 3.963127702907334)	(57.0, 3.7324485565342735)	(58.0, 3.428073990204534)	(59.0, 3.0729872328257595)	(60.0, 2.707376697903603)	(61.0, 2.3233200318059026)	(62.0, 1.9492054269049648)	(63.0, 1.6090440766113618)	(64.0, 1.2928200279881628)	(65.0, 1.0182904803981658)	(66.0, 0.810164252210591)	(67.0, 0.6622858716978886)	(68.0, 0.5467141190728881)	(69.0, 0.4562344076656276)	(70.0, 0.3775157982351552)	(71.0, 0.3259103864446733)	(72.0, 0.2958074710431672)	(73.0, 0.25485261184047325)	(74.0, 0.21600004508845008)	(75.0, 0.19387961091159617)	(76.0, 0.1761666017071339)	(77.0, 0.15415555628288208)	(78.0, 0.13176853229836216)	(79.0, 0.11516027705229853)	(80.0, 0.10438512270657968)	(81.0, 0.09063329031819856)	(82.0, 0.07874251558170338)	(83.0, 0.06470163609207566)	(84.0, 0.04406338329153886)	(85.0, 0.028990192726030452)	(86.0, 0.01722401974746614)	(87.0, 0.008669964179747424)	(88.0, 0.004507396150266417)	(89.0, 0.0023478738224065343)	(90.0, 0.0010257912164540735)	(91.0, 0.0003513479802120238)	(92.0, 9.127803197260824e-05)	(93.0, 3.911915655968925e-05)	(94.0, 1.7386291804306334e-05)	(95.0, 1.5213005328768041e-05)	(96.0, 2.6803866531638928e-05)	(97.0, 3.115043948271551e-05)	(98.0, 0.00021225764577757314)	(99.0, 0.0002941181030228488)	(100.0, 0.00010576660847619684)
fastp | SRR35329983_2	(0.0, 1.3050991376144167e-05)	(1.0, 3.262747844036042e-05)	(2.0, 3.407758859326532e-05)	(3.0, 1.5226156605501527e-05)	(4.0, 2.0301542140668703e-05)	(5.0, 2.4651872599383428e-05)	(6.0, 2.755209290519324e-05)	(7.0, 3.1177368287455515e-05)	(8.0, 3.262747844036042e-05)	(9.0, 3.91529741284325e-05)	(10.0, 5.727935103974385e-05)	(11.0, 9.643232516817635e-05)	(12.0, 0.00015443673128437264)	(13.0, 0.0002646451029051456)	(14.0, 0.0004270574400304953)	(15.0, 0.0006431238528133264)	(16.0, 0.0009454718196939998)	(17.0, 0.0016748772266051682)	(18.0, 0.0029299475639443656)	(19.0, 0.005047833442261983)	(20.0, 0.009163246056206109)	(21.0, 0.01601284136345244)	(22.0, 0.02678860990968881)	(23.0, 0.04278114973100058)	(24.0, 0.06592055744090419)	(25.0, 0.09896856782560703)	(26.0, 0.14818893169058187)	(27.0, 0.21612876751940613)	(28.0, 0.29963408572951167)	(29.0, 0.4006784862390021)	(30.0, 0.5141916588982453)	(31.0, 0.6403352909892903)	(32.0, 0.7841775174965396)	(33.0, 0.9307677027435439)	(34.0, 1.0731518434920473)	(35.0, 1.2318228964229023)	(36.0, 1.4158730521948226)	(37.0, 1.5978510005582418)	(38.0, 1.7708288402576564)	(39.0, 1.9451088788743798)	(40.0, 2.098432650616398)	(41.0, 2.2459400305351145)	(42.0, 2.422474265384529)	(43.0, 2.610080816306448)	(44.0, 2.811589573264267)	(45.0, 3.0454299861912535)	(46.0, 3.3131442472350225)	(47.0, 3.483005075160768)	(48.0, 3.5925333451198282)	(49.0, 3.7489473015976866)	(50.0, 3.8949117643137123)	(51.0, 4.025082352299375)	(52.0, 4.133773183645133)	(53.0, 4.195141120260992)	(54.0, 4.195645033539126)	(55.0, 4.135110185206111)	(56.0, 3.9973315943032337)	(57.0, 3.790482081652266)	(58.0, 3.51655192343807)	(59.0, 3.182889552860492)	(60.0, 2.8243258907372306)	(61.0, 2.4725414935788)	(62.0, 2.1192895849456295)	(63.0, 1.7609100868117868)	(64.0, 1.4315103150286728)	(65.0, 1.1671356576670437)	(66.0, 0.9591028551313058)	(67.0, 0.790570328105621)	(68.0, 0.6562952033321617)	(69.0, 0.5481648395605014)	(70.0, 0.46528741904660376)	(71.0, 0.4084619524847191)	(72.0, 0.3658359645400794)	(73.0, 0.32578174695161655)	(74.0, 0.2894927403751712)	(75.0, 0.2594406575663699)	(76.0, 0.23773685890784213)	(77.0, 0.21527465263934514)	(78.0, 0.18763120279451886)	(79.0, 0.16141031100969233)	(80.0, 0.14199623628260144)	(81.0, 0.12839637821358277)	(82.0, 0.11319849875606289)	(83.0, 0.09164696166359014)	(84.0, 0.06887950720790666)	(85.0, 0.050961946158613616)	(86.0, 0.03475261486944256)	(87.0, 0.02061621604384907)	(88.0, 0.010558977078377083)	(89.0, 0.004552620825044957)	(90.0, 0.0021149856580118076)	(91.0, 0.001003476225810196)	(92.0, 0.0005959952728439169)	(93.0, 0.00045243436770633113)	(94.0, 0.0004154565588072559)	(95.0, 0.0004016805123546593)	(96.0, 0.00038862952097851514)	(97.0, 0.00039442996159013484)	(98.0, 0.00040313062250756424)	(99.0, 0.0004734609649234522)	(100.0, 0.002215043258562246)
fastp | SRR35329984_1	(0.0, 1.976495320004969e-05)	(1.0, 1.2353095750031054e-05)	(2.0, 4.941238300012422e-06)	(3.0, 4.941238300012422e-06)	(4.0, 2.470619150006211e-06)	(5.0, 2.470619150006211e-06)	(6.0, 3.2941588666749483e-06)	(7.0, 6.5883177333498965e-06)	(8.0, 1.7294334050043477e-05)	(9.0, 2.964742980007453e-05)	(10.0, 3.705928725009316e-05)	(11.0, 4.7765303566786747e-05)	(12.0, 0.00016717856248375362)	(13.0, 0.0003187098703508012)	(14.0, 0.00036976933278426297)	(15.0, 0.0005443597527180352)	(16.0, 0.0010821311877027204)	(17.0, 0.0020053192100883744)	(18.0, 0.003391336553241859)	(19.0, 0.005711247935097691)	(20.0, 0.010471307497442992)	(21.0, 0.01798281325317854)	(22.0, 0.028205411756187578)	(23.0, 0.044146670051744316)	(24.0, 0.06874168369005615)	(25.0, 0.10251010623234104)	(26.0, 0.14911421879862488)	(27.0, 0.2118580627321826)	(28.0, 0.2901676308504961)	(29.0, 0.3943058751026913)	(30.0, 0.5235480805380995)	(31.0, 0.6671231712024105)	(32.0, 0.8278237702748479)	(33.0, 1.0061102364570293)	(34.0, 1.1793862870029983)	(35.0, 1.3552573111961905)	(36.0, 1.5715707237955507)	(37.0, 1.7864100003020744)	(38.0, 1.9596086381146764)	(39.0, 2.1278059192279493)	(40.0, 2.2844151729879765)	(41.0, 2.436210013564358)	(42.0, 2.613808824083121)	(43.0, 2.809257034420962)	(44.0, 3.0123682818224062)	(45.0, 3.208090730885899)	(46.0, 3.3955827240210033)	(47.0, 3.5809203372573024)	(48.0, 3.7649246396923153)	(49.0, 3.919839872255154)	(50.0, 4.038230294844019)	(51.0, 4.163487391590467)	(52.0, 4.260968140773112)	(53.0, 4.273825242829744)	(54.0, 4.2237301454045015)	(55.0, 4.1208502698393765)	(56.0, 3.9488622354102776)	(57.0, 3.707546157012854)	(58.0, 3.401566563602318)	(59.0, 3.0371296504834855)	(60.0, 2.660024225903137)	(61.0, 2.281348311083102)	(62.0, 1.9139565374608616)	(63.0, 1.5756875988391779)	(64.0, 1.2589986949530818)	(65.0, 0.9851667979224268)	(66.0, 0.7776339657821884)	(67.0, 0.6302392979119678)	(68.0, 0.5170330578395331)	(69.0, 0.43099621655971687)	(70.0, 0.3569723491269474)	(71.0, 0.30554394090041814)	(72.0, 0.274192607426556)	(73.0, 0.23509752999685768)	(74.0, 0.19951649653818493)	(75.0, 0.17674727045172767)	(76.0, 0.15799774172233053)	(77.0, 0.13757889798724587)	(78.0, 0.11644851593695942)	(79.0, 0.10032690244345223)	(80.0, 0.08974606416369228)	(81.0, 0.07702155200144363)	(82.0, 0.06567893948376512)	(83.0, 0.052765013186682655)	(84.0, 0.03550032656643925)	(85.0, 0.023104406751141417)	(86.0, 0.013674876995284378)	(87.0, 0.0067884378845004)	(88.0, 0.003252981880841511)	(89.0, 0.0015260190949871698)	(90.0, 0.0006991852194517577)	(91.0, 0.00026353270933399586)	(92.0, 6.258901846682401e-05)	(93.0, 3.0470969516743273e-05)	(94.0, 2.058849291671843e-05)	(95.0, 1.7294334050043477e-05)	(96.0, 2.470619150006211e-05)	(97.0, 2.3882651783393373e-05)	(98.0, 0.000222355723500559)	(99.0, 0.00035823977675090063)	(100.0, 0.00017129626106709728)
fastp | SRR35329984_2	(0.0, 2.6347878416134174e-05)	(1.0, 4.363867362672223e-05)	(2.0, 3.8698446423697076e-05)	(3.0, 1.4820681609075473e-05)	(4.0, 1.646742401008386e-05)	(5.0, 2.0584280012604827e-05)	(6.0, 2.0584280012604827e-05)	(7.0, 2.0584280012604827e-05)	(8.0, 2.717124961663837e-05)	(9.0, 4.1168560025209654e-05)	(10.0, 5.928272643630189e-05)	(11.0, 9.880454406050316e-05)	(12.0, 0.0001539704144942841)	(13.0, 0.00024042439054722435)	(14.0, 0.00039933503224453355)	(15.0, 0.0006446996499947831)	(16.0, 0.0009822818422015023)	(17.0, 0.0016171010377902348)	(18.0, 0.0027797011729021556)	(19.0, 0.0048340123181601176)	(20.0, 0.00879525116378579)	(21.0, 0.015434093153451098)	(22.0, 0.0255870834268683)	(23.0, 0.04015910693339151)	(24.0, 0.05996777127512138)	(25.0, 0.08845723818376697)	(26.0, 0.1324474913131045)	(27.0, 0.1941278746852746)	(28.0, 0.2718491757856674)	(29.0, 0.3723490411480087)	(30.0, 0.49295892471146435)	(31.0, 0.6333371274278253)	(32.0, 0.7945680291681554)	(33.0, 0.9557305910988436)	(34.0, 1.1142978870055424)	(35.0, 1.2860975814755444)	(36.0, 1.4800541949511141)	(37.0, 1.6740264524794934)	(38.0, 1.8534266865013496)	(39.0, 2.0275911030591995)	(40.0, 2.1814075471389893)	(41.0, 2.330677335449595)	(42.0, 2.5055976067695074)	(43.0, 2.685009367988171)	(44.0, 2.8787551984364117)	(45.0, 3.0957110396556646)	(46.0, 3.294714095219125)	(47.0, 3.469275376695618)	(48.0, 3.635321353216496)	(49.0, 3.8340354054885792)	(50.0, 4.005823572761774)	(51.0, 4.078212721967701)	(52.0, 4.139133133721806)	(53.0, 4.1856354923838825)	(54.0, 4.177764887078263)	(55.0, 4.105533825142832)	(56.0, 3.952381018250648)	(57.0, 3.7392785542497546)	(58.0, 3.4640980185868475)	(59.0, 3.1268781097083505)	(60.0, 2.764900252201892)	(61.0, 2.4128086126998882)	(62.0, 2.064621399430675)	(63.0, 1.7151941891335027)	(64.0, 1.3909045015877233)	(65.0, 1.127648851021718)	(66.0, 0.9196562286911533)	(67.0, 0.7535320319062269)	(68.0, 0.6240215056653209)	(69.0, 0.5220239280892625)	(70.0, 0.44238087860689285)	(71.0, 0.3844633016210269)	(72.0, 0.34194111934218835)	(73.0, 0.3044217404776132)	(74.0, 0.26964007085471464)	(75.0, 0.23935894821377193)	(76.0, 0.21773722048853184)	(77.0, 0.19662927639240635)	(78.0, 0.1707614233861661)	(79.0, 0.14573587911804164)	(80.0, 0.12633807700536337)	(81.0, 0.11154950687310758)	(82.0, 0.09616975621888973)	(83.0, 0.07752863223947482)	(84.0, 0.05778583759378528)	(85.0, 0.041492144907007804)	(86.0, 0.027722084949775676)	(87.0, 0.01600798288020252)	(88.0, 0.007908480380842775)	(89.0, 0.003469686238924669)	(90.0, 0.0015010056985191437)	(91.0, 0.0007130394596366311)	(92.0, 0.0005047265459090703)	(93.0, 0.00041086222905159227)	(94.0, 0.0003902779490389875)	(95.0, 0.00041086222905159227)	(96.0, 0.00038369097943495394)	(97.0, 0.0003779273810314246)	(98.0, 0.00040921548665058397)	(99.0, 0.0004470905618737768)	(100.0, 0.0015117095241256983)
fastp | SRR35329985_1	(0.0, 2.1124551039476662e-05)	(1.0, 1.4083034026317776e-05)	(2.0, 3.520758506579444e-06)	(3.0, 8.80189626644861e-07)	(4.0, 3.520758506579444e-06)	(5.0, 5.2811377598691655e-06)	(6.0, 8.80189626644861e-06)	(7.0, 1.5843413279607497e-05)	(8.0, 2.200474066612152e-05)	(9.0, 3.1686826559214995e-05)	(10.0, 3.696796431908416e-05)	(11.0, 6.073308423849541e-05)	(12.0, 0.00023060968218095357)	(13.0, 0.0004031268490033463)	(14.0, 0.00046650050212177635)	(15.0, 0.0007367187175017486)	(16.0, 0.0013572524042863756)	(17.0, 0.002419641283646723)	(18.0, 0.003976696733181482)	(19.0, 0.006716727040926935)	(20.0, 0.012839326083868586)	(21.0, 0.02194224720262974)	(22.0, 0.034010527173557424)	(23.0, 0.0523844856297689)	(24.0, 0.08111035428495059)	(25.0, 0.1219133048073264)	(26.0, 0.17686530357801836)	(27.0, 0.2471088367324115)	(28.0, 0.33467010079104226)	(29.0, 0.44980682566282987)	(30.0, 0.5805898013378565)	(31.0, 0.71405735537415)	(32.0, 0.8621466194882679)	(33.0, 1.0352807992389388)	(34.0, 1.203492078407785)	(35.0, 1.3725219339294108)	(36.0, 1.5844742365943731)	(37.0, 1.7930131638872069)	(38.0, 1.9559309826414109)	(39.0, 2.114897630161606)	(40.0, 2.260623585128182)	(41.0, 2.391802646135199)	(42.0, 2.5553876486263998)	(43.0, 2.752566848597755)	(44.0, 2.9839114891169567)	(45.0, 3.202542670668901)	(46.0, 3.3572536013442678)	(47.0, 3.515297810135739)	(48.0, 3.7024736550002753)	(49.0, 3.848992660820459)	(50.0, 3.9660464386990792)	(51.0, 4.106403236943121)	(52.0, 4.2193192433868845)	(53.0, 4.234975176276016)	(54.0, 4.185396735175992)	(55.0, 4.08387390325952)	(56.0, 3.9168904886198432)	(57.0, 3.686508775552191)	(58.0, 3.3908134714289826)	(59.0, 3.0417434683460307)	(60.0, 2.673354183147851)	(61.0, 2.300291971221813)	(62.0, 1.9509209432865482)	(63.0, 1.619633411230702)	(64.0, 1.2956690568685414)	(65.0, 1.018156710052563)	(66.0, 0.8046896010401446)	(67.0, 0.6515322050558058)	(68.0, 0.5338253264742151)	(69.0, 0.44228120435501633)	(70.0, 0.3666869984602491)	(71.0, 0.31645369627800024)	(72.0, 0.28425283897682463)	(73.0, 0.2446029368653536)	(74.0, 0.2083664101260113)	(75.0, 0.18545155338593897)	(76.0, 0.1659491918283688)	(77.0, 0.1439858200746996)	(78.0, 0.12155858838778853)	(79.0, 0.10524515384755267)	(80.0, 0.09585969185863852)	(81.0, 0.08244912270707742)	(82.0, 0.0706079316598241)	(83.0, 0.05746317977550975)	(84.0, 0.03854878488853833)	(85.0, 0.024806384247732117)	(86.0, 0.014639313870357327)	(87.0, 0.007147139768356271)	(88.0, 0.00341865650988864)	(89.0, 0.0016952452209180024)	(90.0, 0.0007763272507007674)	(91.0, 0.0003010248523125424)	(92.0, 6.689441162500943e-05)	(93.0, 3.1686826559214995e-05)	(94.0, 2.2884930292766385e-05)	(95.0, 1.5843413279607497e-05)	(96.0, 2.4645309546056107e-05)	(97.0, 3.784815394572902e-05)	(98.0, 0.0002587757502335891)	(99.0, 0.000360877746924393)	(100.0, 0.00014875204690298151)
fastp | SRR35329985_2	(0.0, 2.9921998191039195e-05)	(1.0, 3.168211573168856e-05)	(2.0, 2.9041939420714513e-05)	(3.0, 2.0241351717467693e-05)	(4.0, 2.0241351717467693e-05)	(5.0, 2.1121410487792374e-05)	(6.0, 2.288152802844174e-05)	(7.0, 3.168211573168856e-05)	(8.0, 3.432229204266261e-05)	(9.0, 4.752317359753284e-05)	(10.0, 7.392493670727332e-05)	(11.0, 0.00010296687612798783)	(12.0, 0.00015225016726617003)	(13.0, 0.00024641645569091106)	(14.0, 0.00043210885622941897)	(15.0, 0.0007304487793694862)	(16.0, 0.0011273552847859182)	(17.0, 0.0018745251807915733)	(18.0, 0.003089006283839635)	(19.0, 0.005272432093015172)	(20.0, 0.009528396306305335)	(21.0, 0.01667887381519338)	(22.0, 0.02790578354822535)	(23.0, 0.043898211522565476)	(24.0, 0.06608801335753202)	(25.0, 0.09835272799517553)	(26.0, 0.14650250343717952)	(27.0, 0.2137900368986641)	(28.0, 0.2971412830948851)	(29.0, 0.3989693631740727)	(30.0, 0.518273650314368)	(31.0, 0.6499066807681417)	(32.0, 0.7992209719765087)	(33.0, 0.9541385973755327)	(34.0, 1.1063051590585218)	(35.0, 1.2675310457232334)	(36.0, 1.45096961575094)	(37.0, 1.6409875051455938)	(38.0, 1.8141126664438652)	(39.0, 1.9781626617025487)	(40.0, 2.123984879710267)	(41.0, 2.2573085030618345)	(42.0, 2.4128694514219657)	(43.0, 2.585340729053886)	(44.0, 2.847344785684788)	(45.0, 3.13371854972475)	(46.0, 3.2544476520142016)	(47.0, 3.3464384351587)	(48.0, 3.509601331176896)	(49.0, 3.6660564192476772)	(50.0, 3.810586710980559)	(51.0, 3.9437677648113336)	(52.0, 4.062456010812402)	(53.0, 4.145909343825981)	(54.0, 4.166077650665512)	(55.0, 4.105551608736432)	(56.0, 3.96441042332807)	(57.0, 3.7690109745528804)	(58.0, 3.5145164594091596)	(59.0, 3.203423604628317)	(60.0, 2.866578470110234)	(61.0, 2.5212046860489346)	(62.0, 2.1757490565219944)	(63.0, 1.8247279353315216)	(64.0, 1.4923156568395637)	(65.0, 1.2159358401954083)	(66.0, 0.9951106134867685)	(67.0, 0.8165282077537137)	(68.0, 0.673581141748646)	(69.0, 0.5598414662131137)	(70.0, 0.4726558039545881)	(71.0, 0.41105433020817134)	(72.0, 0.3652666325057187)	(73.0, 0.3237023368420543)	(74.0, 0.28653569485370234)	(75.0, 0.25463972484082487)	(76.0, 0.2307338084037252)	(77.0, 0.20943374598555695)	(78.0, 0.1822733722157966)	(79.0, 0.15483137963953233)	(80.0, 0.134517863102898)	(81.0, 0.1204017204268901)	(82.0, 0.10617205016951031)	(83.0, 0.08760545029197049)	(84.0, 0.06601320836205442)	(85.0, 0.047182590853417194)	(86.0, 0.03155186703368051)	(87.0, 0.018422270239206572)	(88.0, 0.009303101261102217)	(89.0, 0.004100193810942695)	(90.0, 0.0017715583046635855)	(91.0, 0.0008316555379568249)	(92.0, 0.0005306754385057834)	(93.0, 0.0004620308544204582)	(94.0, 0.0004558704430281854)	(95.0, 0.00044794991409526324)	(96.0, 0.0004241883272964968)	(97.0, 0.0004259484448371462)	(98.0, 0.0004391493263920165)	(99.0, 0.0004356290913107177)	(100.0, 0.001129995461096892)
fastp | SRR35329986_1	(0.0, 7.026227845831527e-06)	(1.0, 8.782784807289409e-06)	(2.0, 7.904506326560468e-06)	(3.0, 4.391392403644704e-06)	(4.0, 5.269670884373646e-06)	(5.0, 7.026227845831527e-06)	(6.0, 7.904506326560468e-06)	(7.0, 1.0539341768747292e-05)	(8.0, 9.661063288018351e-06)	(9.0, 1.1417620249476231e-05)	(10.0, 2.4591797460410345e-05)	(11.0, 5.7088101247381165e-05)	(12.0, 8.958440503435197e-05)	(13.0, 0.00021342167081713262)	(14.0, 0.0003302327087540818)	(15.0, 0.00046460931630560974)	(16.0, 0.000803624809866981)	(17.0, 0.001486925467874097)	(18.0, 0.0026594272396472333)	(19.0, 0.004434428049200422)	(20.0, 0.007879914529100057)	(21.0, 0.01453726541302543)	(22.0, 0.024079761106145372)	(23.0, 0.03747350793726172)	(24.0, 0.05886485861389581)	(25.0, 0.09088777029975373)	(26.0, 0.13439241656418108)	(27.0, 0.19250986019097657)	(28.0, 0.2678643972805582)	(29.0, 0.3575673699098086)	(30.0, 0.469060431645944)	(31.0, 0.5964995174781941)	(32.0, 0.7303070005742097)	(33.0, 0.8755725047298151)	(34.0, 1.0443205406246703)	(35.0, 1.210619936115253)	(36.0, 1.3827168478571275)	(37.0, 1.5920589151312743)	(38.0, 1.7896698167383245)	(39.0, 1.9562072256971845)	(40.0, 2.1229993354154564)	(41.0, 2.278654873998085)	(42.0, 2.4373255426050564)	(43.0, 2.6252867985443378)	(44.0, 2.829602478073273)	(45.0, 3.033493070817535)	(46.0, 3.2302687295894117)	(47.0, 3.4246343922101685)	(48.0, 3.6125051854659347)	(49.0, 3.794381728090726)	(50.0, 3.9319008160463027)	(51.0, 4.047373357578621)	(52.0, 4.175273539613253)	(53.0, 4.25871789978883)	(54.0, 4.258541365814203)	(55.0, 4.199148661833389)	(56.0, 4.082910261465876)	(57.0, 3.8914578485656963)	(58.0, 3.6369274751795646)	(59.0, 3.3200226423705446)	(60.0, 2.9583299984367524)	(61.0, 2.58373368706409)	(62.0, 2.203288041009773)	(63.0, 1.843030504113492)	(64.0, 1.5096825415882646)	(65.0, 1.1978102444738212)	(66.0, 0.9360718395963474)	(67.0, 0.747955128365977)	(68.0, 0.6120599773212687)	(69.0, 0.5038718775081164)	(70.0, 0.42162900229417755)	(71.0, 0.3513008529498076)	(72.0, 0.3071849248627929)	(73.0, 0.2775526872014792)	(74.0, 0.23608301217690075)	(75.0, 0.20092728115028274)	(76.0, 0.18048271467587446)	(77.0, 0.16200637027677972)	(78.0, 0.1404314593976733)	(79.0, 0.11882844360718353)	(80.0, 0.10335054194129739)	(81.0, 0.09294557678010162)	(82.0, 0.07949298529077645)	(83.0, 0.06779431592746694)	(84.0, 0.05233485810967613)	(85.0, 0.033406200293006)	(86.0, 0.021201642524796633)	(87.0, 0.011622259135486075)	(88.0, 0.005301288909679887)	(89.0, 0.0025470075941139286)	(90.0, 0.0012445206071929093)	(91.0, 0.000565611341589438)	(92.0, 0.00022483929106660886)	(93.0, 6.060121517029692e-05)	(94.0, 2.1078683537494584e-05)	(95.0, 1.1417620249476231e-05)	(96.0, 1.668729113384988e-05)	(97.0, 2.3713518979681405e-05)	(98.0, 3.5131139229157635e-05)	(99.0, 0.0001905864303181802)	(100.0, 0.0001888298733567223)
fastp | SRR35329986_2	(0.0, 2.4583477746632075e-05)	(1.0, 2.8095403139008085e-05)	(2.0, 2.370549639853807e-05)	(3.0, 1.5803664265692047e-05)	(4.0, 1.4047701569504042e-05)	(5.0, 1.4047701569504042e-05)	(6.0, 1.755962696188005e-05)	(7.0, 2.5461459094726078e-05)	(8.0, 3.950916066423011e-05)	(9.0, 4.477704875279413e-05)	(10.0, 5.8824750322298174e-05)	(11.0, 8.604217211321225e-05)	(12.0, 0.00013959903434694642)	(13.0, 0.0002590044976877307)	(14.0, 0.0004231870097813093)	(15.0, 0.0006540961043300319)	(16.0, 0.001072015226022777)	(17.0, 0.0018823920103135416)	(18.0, 0.0031510750583093753)	(19.0, 0.005326712838886314)	(20.0, 0.009831635135956642)	(21.0, 0.017012644582017487)	(22.0, 0.028194615031342705)	(23.0, 0.04439600484772134)	(24.0, 0.06745355101136603)	(25.0, 0.10077294317153343)	(26.0, 0.14985912438077292)	(27.0, 0.21706332868928024)	(28.0, 0.29894738113791935)	(29.0, 0.40029891401784673)	(30.0, 0.5149193790115187)	(31.0, 0.642281987310079)	(32.0, 0.7865738319625879)	(33.0, 0.9340369452444123)	(34.0, 1.0797765811399282)	(35.0, 1.2391819967185271)	(36.0, 1.4238732751222334)	(37.0, 1.6086663993623185)	(38.0, 1.785643733641671)	(39.0, 1.961412087604698)	(40.0, 2.1136944405062104)	(41.0, 2.261400754621457)	(42.0, 2.435677418274072)	(43.0, 2.619020117327106)	(44.0, 2.842844780378058)	(45.0, 3.087532914203768)	(46.0, 3.2663882505866937)	(47.0, 3.4218708455020086)	(48.0, 3.589454657338103)	(49.0, 3.744957445824424)	(50.0, 3.8886276796824824)	(51.0, 4.01668740517143)	(52.0, 4.125971499531386)	(53.0, 4.186978033503698)	(54.0, 4.1882809578242695)	(55.0, 4.127856525485744)	(56.0, 3.9895560255526283)	(57.0, 3.785911763787617)	(58.0, 3.517635783064014)	(59.0, 3.188302345449909)	(60.0, 2.8289796989289577)	(61.0, 2.474282258149765)	(62.0, 2.127208329416073)	(63.0, 1.7744696650244787)	(64.0, 1.4444294524251582)	(65.0, 1.1722798179937641)	(66.0, 0.9592508135989759)	(67.0, 0.7891542191446362)	(68.0, 0.6519538298406825)	(69.0, 0.5460903508129001)	(70.0, 0.46480244769961687)	(71.0, 0.4062261660988293)	(72.0, 0.36189425388951885)	(73.0, 0.32245181980774384)	(74.0, 0.2865476505587877)	(75.0, 0.2542607644639789)	(76.0, 0.23167030437752015)	(77.0, 0.21175505345870393)	(78.0, 0.18545951208328854)	(79.0, 0.15806649402275566)	(80.0, 0.13741373877154045)	(81.0, 0.12223080731895086)	(82.0, 0.10589772030035811)	(83.0, 0.08517911644803584)	(84.0, 0.0631830497342368)	(85.0, 0.04553211271215497)	(86.0, 0.030552872932323196)	(87.0, 0.01743231966640642)	(88.0, 0.008479543859891877)	(89.0, 0.003546166664951676)	(90.0, 0.0015285655270316585)	(91.0, 0.0007620878101455943)	(92.0, 0.0005285447715525895)	(93.0, 0.00041616315899655723)	(94.0, 0.0003740200542880451)	(95.0, 0.0003819218864208911)	(96.0, 0.00035733840867425905)	(97.0, 0.000356460427326165)	(98.0, 0.0003942136252942071)	(99.0, 0.0004363567300027193)	(100.0, 0.001637435214195315)
fastp | SRR35329987_1	(0.0, 1.5237390991558332e-05)	(1.0, 1.933976548928558e-05)	(2.0, 1.7581604990259614e-05)	(3.0, 1.289317699285705e-05)	(4.0, 9.962909494480449e-06)	(5.0, 7.032641996103846e-06)	(6.0, 6.446588496428525e-06)	(7.0, 9.962909494480449e-06)	(8.0, 2.0511872488636217e-05)	(9.0, 2.8130567984415384e-05)	(10.0, 3.750742397922051e-05)	(11.0, 4.8642440473051594e-05)	(12.0, 9.259645294870065e-05)	(13.0, 0.0002695846098506474)	(14.0, 0.00039910243327889326)	(15.0, 0.0005086944377181782)	(16.0, 0.000855638109525968)	(17.0, 0.0016069586961097288)	(18.0, 0.002760898036970435)	(19.0, 0.004529607498990553)	(20.0, 0.007870698500639555)	(21.0, 0.014329008067061584)	(22.0, 0.02342162811452418)	(23.0, 0.03614953802047279)	(24.0, 0.056390653792259014)	(25.0, 0.08665035414099484)	(26.0, 0.12822674756846109)	(27.0, 0.1839358211405977)	(28.0, 0.2550844741616807)	(29.0, 0.34351115646019137)	(30.0, 0.456986351388325)	(31.0, 0.5886397537693877)	(32.0, 0.7281368961901049)	(33.0, 0.8797758950170953)	(34.0, 1.0502506533236506)	(35.0, 1.217797488345828)	(36.0, 1.3947270398978073)	(37.0, 1.6028381539535115)	(38.0, 1.7963336797808132)	(39.0, 1.963901026675479)	(40.0, 2.1317133439330096)	(41.0, 2.2850501397485594)	(42.0, 2.444354132297803)	(43.0, 2.636096772107576)	(44.0, 2.8387622770442973)	(45.0, 3.037072818424931)	(46.0, 3.234379450160622)	(47.0, 3.4292990859921337)	(48.0, 3.621273802987778)	(49.0, 3.809203578728663)	(50.0, 3.9517358922241987)	(51.0, 4.070405865373455)	(52.0, 4.200946352158634)	(53.0, 4.279502721415613)	(54.0, 4.268252838435846)	(55.0, 4.2043360856007554)	(56.0, 4.085163864602278)	(57.0, 3.890512641273617)	(58.0, 3.627907342550603)	(59.0, 3.3016425684788566)	(60.0, 2.939002625789263)	(61.0, 2.567199736632246)	(62.0, 2.1849000432425436)	(63.0, 1.8216289209337995)	(64.0, 1.490972847988986)	(65.0, 1.1850154137344895)	(66.0, 0.9275257760101414)	(67.0, 0.7419437305889558)	(68.0, 0.6082285919960353)	(69.0, 0.5011355196793659)	(70.0, 0.41728181283882165)	(71.0, 0.34683232164285144)	(72.0, 0.3033746964814274)	(73.0, 0.2730745584412139)	(74.0, 0.23277458953604055)	(75.0, 0.1997569214178327)	(76.0, 0.1802841217841208)	(77.0, 0.16204027633922807)	(78.0, 0.14022267665331523)	(79.0, 0.11917339310547675)	(80.0, 0.1042120333122655)	(81.0, 0.09383947242151199)	(82.0, 0.08105705954009357)	(83.0, 0.06947605633300957)	(84.0, 0.05362975575528858)	(85.0, 0.03464279447280755)	(86.0, 0.022480426194045618)	(87.0, 0.01259018733352491)	(88.0, 0.0059812620176863205)	(89.0, 0.0030597853218048486)	(90.0, 0.0014862316751766127)	(91.0, 0.0006370401541470734)	(92.0, 0.00023793772086818014)	(93.0, 5.684718946850609e-05)	(94.0, 2.8716621484090703e-05)	(95.0, 2.0511872488636217e-05)	(96.0, 1.6995551490584295e-05)	(97.0, 2.1097925988311536e-05)	(98.0, 3.692137047954519e-05)	(99.0, 0.0001570623379129859)	(100.0, 0.00013830862592337562)
fastp | SRR35329987_2	(0.0, 4.1004043279837975e-05)	(1.0, 4.041827123298315e-05)	(2.0, 2.9288602342741408e-05)	(3.0, 2.4016653921047955e-05)	(4.0, 2.577397006161244e-05)	(5.0, 2.28451098273383e-05)	(6.0, 2.28451098273383e-05)	(7.0, 2.8702830295886584e-05)	(8.0, 3.748941099870901e-05)	(9.0, 4.861907988895074e-05)	(10.0, 6.560646924774076e-05)	(11.0, 0.00010309588024644976)	(12.0, 0.00015815845265080363)	(13.0, 0.00024543848763217303)	(14.0, 0.00045690219654676603)	(15.0, 0.0007456878156461963)	(16.0, 0.001094807955571674)	(17.0, 0.0017748893019701294)	(18.0, 0.003043671555457687)	(19.0, 0.0051834968426183745)	(20.0, 0.009154445548247256)	(21.0, 0.016115760553070034)	(22.0, 0.026715305740908152)	(23.0, 0.04165659334003425)	(24.0, 0.0625352664060809)	(25.0, 0.09241022656772399)	(26.0, 0.1370448849939682)	(27.0, 0.198769442887202)	(28.0, 0.2769512664368222)	(29.0, 0.3757370359625142)	(30.0, 0.49146919080371626)	(31.0, 0.6213260670107288)	(32.0, 0.7711612846477722)	(33.0, 0.9244982475809137)	(34.0, 1.073684429790042)	(35.0, 1.232587398712398)	(36.0, 1.4131041846196035)	(37.0, 1.6030231976508762)	(38.0, 1.782420573176542)	(39.0, 1.9541097743376454)	(40.0, 2.111031076425492)	(41.0, 2.2591083921499235)	(42.0, 2.4288868048941863)	(43.0, 2.6107239209950026)	(44.0, 2.8573497685661504)	(45.0, 3.131301296351029)	(46.0, 3.2844549126335045)	(47.0, 3.4058919014390265)	(48.0, 3.56982020875135)	(49.0, 3.7282779909180963)	(50.0, 3.8749353952009526)	(51.0, 4.002459727117389)	(52.0, 4.1094322467699245)	(53.0, 4.178866736343862)	(54.0, 4.185044288349992)	(55.0, 4.123508934827893)	(56.0, 3.99061073015361)	(57.0, 3.79369584156675)	(58.0, 3.531737996441224)	(59.0, 3.205383301344712)	(60.0, 2.849562514975262)	(61.0, 2.4956999645584483)	(62.0, 2.147207772267199)	(63.0, 1.7961668858000843)	(64.0, 1.4656766400527776)	(65.0, 1.1910532317301565)	(66.0, 0.9741664452057816)	(67.0, 0.8010391736696496)	(68.0, 0.6632263415222548)	(69.0, 0.551733418984141)	(70.0, 0.46729554997411127)	(71.0, 0.40814897485908547)	(72.0, 0.3632911372829896)	(73.0, 0.3239489293000788)	(74.0, 0.28771365625368595)	(75.0, 0.2564820480315271)	(76.0, 0.23390990797802313)	(77.0, 0.21372537478749945)	(78.0, 0.18760638499028953)	(79.0, 0.16016765077151568)	(80.0, 0.13985190464249653)	(81.0, 0.1257588149672162)	(82.0, 0.11072087498035907)	(83.0, 0.09122638126103037)	(84.0, 0.06900394711949875)	(85.0, 0.0495973192071983)	(86.0, 0.03373988412679125)	(87.0, 0.020002943855998673)	(88.0, 0.010135613726729093)	(89.0, 0.004566678877280241)	(90.0, 0.0019459347396517395)	(91.0, 0.0008868588789382098)	(92.0, 0.000552383040184103)	(93.0, 0.00045983105678104017)	(94.0, 0.000436400174906847)	(95.0, 0.00040066808004870255)	(96.0, 0.0003983249918612832)	(97.0, 0.0003871953229710414)	(98.0, 0.0003497059119723324)	(99.0, 0.00037782297022136423)	(100.0, 0.001189703027162156)
fastp | SRR35329988_1	(0.0, 9.578512331716015e-06)	(1.0, 1.6762396580503025e-05)	(2.0, 1.5165977858550356e-05)	(3.0, 6.385674887810676e-06)	(4.0, 5.587465526834342e-06)	(5.0, 7.183884248787012e-06)	(6.0, 1.1973140414645018e-05)	(7.0, 1.5165977858550356e-05)	(8.0, 1.756060594147936e-05)	(9.0, 1.9955234024408364e-05)	(10.0, 3.352479316100605e-05)	(11.0, 6.0663911434201425e-05)	(12.0, 9.339049523423115e-05)	(13.0, 0.00021392010874165767)	(14.0, 0.0003384407690539659)	(15.0, 0.0004573739638394397)	(16.0, 0.0008037968265031689)	(17.0, 0.0015381494386013967)	(18.0, 0.00273306885198297)	(19.0, 0.00472779404506283)	(20.0, 0.008219161789973317)	(21.0, 0.014882613535403759)	(22.0, 0.024671853138417525)	(23.0, 0.038245403321820096)	(24.0, 0.05929657879884897)	(25.0, 0.09123852279703895)	(26.0, 0.13530606519782043)	(27.0, 0.19409897388989333)	(28.0, 0.27002863935276716)	(29.0, 0.3610771883218937)	(30.0, 0.47541110076942195)	(31.0, 0.6060604125553064)	(32.0, 0.7417879322957224)	(33.0, 0.8897232660029104)	(34.0, 1.0592110506658203)	(35.0, 1.2274999248685439)	(36.0, 1.4016205166625606)	(37.0, 1.6107872886596042)	(38.0, 1.8077853589485635)	(39.0, 1.9743341367443588)	(40.0, 2.1406546266629145)	(41.0, 2.288748005823576)	(42.0, 2.4373195123914617)	(43.0, 2.6197805937983203)	(44.0, 2.8216365662581815)	(45.0, 3.021033255676875)	(46.0, 3.2182907440081516)	(47.0, 3.4126906428271333)	(48.0, 3.602859233823579)	(49.0, 3.791978977719702)	(50.0, 3.924703633844125)	(51.0, 4.032153788762593)	(52.0, 4.165375729318904)	(53.0, 4.251671739752778)	(54.0, 4.245940596540968)	(55.0, 4.182322512261793)	(56.0, 4.069993701729037)	(57.0, 3.8873578124721253)	(58.0, 3.6339726365050757)	(59.0, 3.316694792238675)	(60.0, 2.9583993635397836)	(61.0, 2.588700715909985)	(62.0, 2.2098474051191483)	(63.0, 1.8481731561952441)	(64.0, 1.5161428065192792)	(65.0, 1.208778722516205)	(66.0, 0.9449912821569117)	(67.0, 0.7525517855284882)	(68.0, 0.6142660047861431)	(69.0, 0.5015213271763188)	(70.0, 0.41617837871945107)	(71.0, 0.34592398181311895)	(72.0, 0.3014788863845957)	(73.0, 0.26972931084240104)	(74.0, 0.23014610863158458)	(75.0, 0.19762546284668678)	(76.0, 0.17600596230464274)	(77.0, 0.15650490940662992)	(78.0, 0.13532202938503995)	(79.0, 0.11457337525582112)	(80.0, 0.0995470840354416)	(81.0, 0.08868824388871956)	(82.0, 0.07478982249539962)	(83.0, 0.06231381018333951)	(84.0, 0.04806896592735584)	(85.0, 0.030993671277350095)	(86.0, 0.01977723333691064)	(87.0, 0.011156572238366228)	(88.0, 0.005297715528799933)	(89.0, 0.00260455714486578)	(90.0, 0.0012156728567669576)	(91.0, 0.0004637596387272504)	(92.0, 0.00016363291900014859)	(93.0, 5.268181782443808e-05)	(94.0, 3.272658380002972e-05)	(95.0, 2.3148071468313702e-05)	(96.0, 1.756060594147936e-05)	(97.0, 2.1551652746361033e-05)	(98.0, 2.3946280829290036e-05)	(99.0, 0.00015086156922452723)	(100.0, 0.00014527410369769288)
fastp | SRR35329988_2	(0.0, 4.311921081176202e-05)	(1.0, 4.0723699099997466e-05)	(2.0, 2.874614054117468e-05)	(3.0, 2.155960540588101e-05)	(4.0, 2.6350628829410127e-05)	(5.0, 2.6350628829410127e-05)	(6.0, 3.2738660060782274e-05)	(7.0, 3.593267567646835e-05)	(8.0, 3.513417177254683e-05)	(9.0, 5.190275375489873e-05)	(10.0, 5.9089288890192404e-05)	(11.0, 8.144739819999493e-05)	(12.0, 0.00015810377297646074)	(13.0, 0.0002994389639705696)	(14.0, 0.000487885885296048)	(15.0, 0.0007226460330489747)	(16.0, 0.0010835697976215011)	(17.0, 0.0018461410258665519)	(18.0, 0.0030989936511194153)	(19.0, 0.005216626004319283)	(20.0, 0.009720188022436651)	(21.0, 0.017250079836416573)	(22.0, 0.028348485597021765)	(23.0, 0.044907061052642305)	(24.0, 0.06812356205916047)	(25.0, 0.10161281578962897)	(26.0, 0.1518379128423886)	(27.0, 0.22059788251297452)	(28.0, 0.3047250598145301)	(29.0, 0.40651674047863745)	(30.0, 0.5227932819598812)	(31.0, 0.6539659137687809)	(32.0, 0.8005752230482913)	(33.0, 0.9497676924569879)	(34.0, 1.1003974688927431)	(35.0, 1.260170913532304)	(36.0, 1.441175778473234)	(37.0, 1.6274188290238891)	(38.0, 1.8032286275659055)	(39.0, 1.9762987592135672)	(40.0, 2.1301049841791224)	(41.0, 2.275704984524076)	(42.0, 2.4446987537422187)	(43.0, 2.6217933450656448)	(44.0, 2.8121175490692427)	(45.0, 3.032679498906541)	(46.0, 3.2687364169994355)	(47.0, 3.4420453013143706)	(48.0, 3.5752014168206108)	(49.0, 3.7302828525207286)	(50.0, 3.8740327193202964)	(51.0, 3.999475287114655)	(52.0, 4.103168205574)	(53.0, 4.163854502272035)	(54.0, 4.16483506506605)	(55.0, 4.110814678957952)	(56.0, 3.985268305656083)	(57.0, 3.7869957937928507)	(58.0, 3.522370801529355)	(59.0, 3.1964606346398834)	(60.0, 2.84185383445128)	(61.0, 2.490144804930008)	(62.0, 2.140019208650212)	(63.0, 1.7862117108694338)	(64.0, 1.455815549047731)	(65.0, 1.1822680741618166)	(66.0, 0.96474443167894)	(67.0, 0.7915161962583017)	(68.0, 0.6536784523633692)	(69.0, 0.5416371755885252)	(70.0, 0.45671788241427946)	(71.0, 0.39805659161658896)	(72.0, 0.35505795489431907)	(73.0, 0.31568452589585294)	(74.0, 0.27896452537011796)	(75.0, 0.2490254199964845)	(76.0, 0.22699868980680943)	(77.0, 0.20577445604057543)	(78.0, 0.1797049005853457)	(79.0, 0.15271866264841402)	(80.0, 0.13121415401190362)	(81.0, 0.11499095019593009)	(82.0, 0.09902805865263502)	(83.0, 0.0797649504744323)	(84.0, 0.0589591327538532)	(85.0, 0.042119483924052285)	(86.0, 0.028254262136359024)	(87.0, 0.016403665698259764)	(88.0, 0.008213411155736743)	(89.0, 0.0034958500913684102)	(90.0, 0.0015283364721057871)	(91.0, 0.0007809368180352455)	(92.0, 0.0005437811585705545)	(93.0, 0.00045275171352350123)	(94.0, 0.00043997565106075696)	(95.0, 0.0004351846276372278)	(96.0, 0.0004232070690784051)	(97.0, 0.00044476667448428605)	(98.0, 0.000443169666676443)	(99.0, 0.0004926769087195772)	(100.0, 0.0015083738745077493)
fastp | SRR35329989_1	(0.0, 1.9961953016599187e-05)	(1.0, 1.4971464762449391e-05)	(2.0, 1.0812724550657894e-05)	(3.0, 6.653984338866395e-06)	(4.0, 2.4952441270748984e-06)	(5.0, 3.3269921694331976e-06)	(6.0, 6.653984338866395e-06)	(7.0, 9.149228465941295e-06)	(8.0, 8.317480423582996e-06)	(9.0, 1.913020497424089e-05)	(10.0, 3.410166973669028e-05)	(11.0, 5.655886688036437e-05)	(12.0, 0.00021542274297079957)	(13.0, 0.00037761361123066797)	(14.0, 0.0004283502418145242)	(15.0, 0.0006778746545220141)	(16.0, 0.0012900412136977225)	(17.0, 0.0022573641869604246)	(18.0, 0.00381023778204337)	(19.0, 0.006528390384470293)	(20.0, 0.012392214083096304)	(21.0, 0.02148072494194544)	(22.0, 0.033642544817308495)	(23.0, 0.05287588654880181)	(24.0, 0.08271567931644817)	(25.0, 0.12376494045095732)	(26.0, 0.17906121380302178)	(27.0, 0.25076953952690023)	(28.0, 0.33786270879028013)	(29.0, 0.44782811747047085)	(30.0, 0.5742970708071351)	(31.0, 0.7060966973472735)	(32.0, 0.8507343549212124)	(33.0, 1.015293209857675)	(34.0, 1.1752466758835993)	(35.0, 1.339654984424395)	(36.0, 1.5452032146363168)	(37.0, 1.7472165156682158)	(38.0, 1.9150774103328407)	(39.0, 2.082760310916401)	(40.0, 2.235762026804295)	(41.0, 2.384513510195738)	(42.0, 2.561244165984072)	(43.0, 2.756249989759102)	(44.0, 2.950838276016869)	(45.0, 3.1445657030507945)	(46.0, 3.336583887857674)	(47.0, 3.5225652453731167)	(48.0, 3.7161845451615356)	(49.0, 3.871643244766556)	(50.0, 3.9910398444990474)	(51.0, 4.12980286564981)	(52.0, 4.253408110476634)	(53.0, 4.2931224160031585)	(54.0, 4.243797261847184)	(55.0, 4.140118204871138)	(56.0, 3.9702178640066497)	(57.0, 3.7338392291086326)	(58.0, 3.4354629268812706)	(59.0, 3.0804379289849697)	(60.0, 2.7036020021739064)	(61.0, 2.3161313448932503)	(62.0, 1.95128423436474)	(63.0, 1.6116673689531265)	(64.0, 1.2873904326867267)	(65.0, 1.0052390395216477)	(66.0, 0.7932056698234583)	(67.0, 0.642083704511294)	(68.0, 0.5246550206470223)	(69.0, 0.4361595241842263)	(70.0, 0.3622487296441831)	(71.0, 0.3110920662989359)	(72.0, 0.2783627808321368)	(73.0, 0.23923984816372948)	(74.0, 0.20426401123452062)	(75.0, 0.18065234780805323)	(76.0, 0.16073780442986846)	(77.0, 0.14029177405261672)	(78.0, 0.11899486542803248)	(79.0, 0.10187749071629867)	(80.0, 0.09066053661705464)	(81.0, 0.07730848529307686)	(82.0, 0.06518409407961993)	(83.0, 0.05229366291915101)	(84.0, 0.03515549450635824)	(85.0, 0.022456365395631728)	(86.0, 0.01316241277032009)	(87.0, 0.006747971867652884)	(88.0, 0.0034384464071092104)	(89.0, 0.0016435341316999997)	(90.0, 0.0007003318516656882)	(91.0, 0.00025368315291928134)	(92.0, 7.568907185460525e-05)	(93.0, 3.493341777904858e-05)	(94.0, 1.9961953016599187e-05)	(95.0, 1.4971464762449391e-05)	(96.0, 1.829845693188259e-05)	(97.0, 2.661593735546558e-05)	(98.0, 0.00016801310455637647)	(99.0, 0.00022623546752145748)	(100.0, 8.151130815111335e-05)
fastp | SRR35329989_2	(0.0, 1.3313925402375534e-05)	(1.0, 1.8306647428266357e-05)	(2.0, 2.2467249116508712e-05)	(3.0, 1.5810286415320947e-05)	(4.0, 1.1649684727078593e-05)	(5.0, 1.3313925402375534e-05)	(6.0, 2.163512877886024e-05)	(7.0, 3.2452693168290365e-05)	(8.0, 3.494905418123577e-05)	(9.0, 4.160601688242354e-05)	(10.0, 6.57375066742292e-05)	(11.0, 9.652595916722263e-05)	(12.0, 0.00015477438280261558)	(13.0, 0.00026544638770986223)	(14.0, 0.00042188501118777476)	(15.0, 0.0006756817141705583)	(16.0, 0.001143333343928999)	(17.0, 0.0019796142832657123)	(18.0, 0.0032469335575043335)	(19.0, 0.005528607523336441)	(20.0, 0.009953823478951008)	(21.0, 0.017479519812643778)	(22.0, 0.0291691463159295)	(23.0, 0.0458473342434178)	(24.0, 0.07046145383105956)	(25.0, 0.10521579185328561)	(26.0, 0.15622310431046157)	(27.0, 0.22671784295502706)	(28.0, 0.31251860309029855)	(29.0, 0.41623158561379103)	(30.0, 0.5320960214279641)	(31.0, 0.6601976189275955)	(32.0, 0.8064377755472885)	(33.0, 0.9548464377668933)	(34.0, 1.100461672013012)	(35.0, 1.261278912707631)	(36.0, 1.4438411220656795)	(37.0, 1.626811070389176)	(38.0, 1.7994985077003502)	(39.0, 1.970709763532536)	(40.0, 2.12234954902323)	(41.0, 2.266176556663742)	(42.0, 2.4358292511035122)	(43.0, 2.6147717369927896)	(44.0, 2.8069307902049383)	(45.0, 3.0196066024621477)	(46.0, 3.218405975968731)	(47.0, 3.4045346530939407)	(48.0, 3.6112516516132493)	(49.0, 3.772733756457649)	(50.0, 3.8896699632667135)	(51.0, 4.014530452051204)	(52.0, 4.120662408396241)	(53.0, 4.180232239127819)	(54.0, 4.183734633628982)	(55.0, 4.125973000391113)	(56.0, 3.9922121524751346)	(57.0, 3.7913308138837545)	(58.0, 3.525649768238676)	(59.0, 3.1983144304162083)	(60.0, 2.840689080182999)	(61.0, 2.4836528711488453)	(62.0, 2.1305642409964953)	(63.0, 1.7790932527805343)	(64.0, 1.4491949843181098)	(65.0, 1.1745661486822967)	(66.0, 0.954802335388998)	(67.0, 0.7803699417297748)	(68.0, 0.644854984142033)	(69.0, 0.5375322635938216)	(70.0, 0.4548860716585754)	(71.0, 0.39618081395781346)	(72.0, 0.35117142489440767)	(73.0, 0.3123571717447947)	(74.0, 0.2773332267331706)	(75.0, 0.2464041459031146)	(76.0, 0.223794604208868)	(77.0, 0.20195061322525798)	(78.0, 0.1761482257954542)	(79.0, 0.15127198830145316)	(80.0, 0.13044734473146255)	(81.0, 0.11338638144865593)	(82.0, 0.09633290724888817)	(83.0, 0.07724989154559579)	(84.0, 0.05737969000288796)	(85.0, 0.040715648121139675)	(86.0, 0.02735179549850524)	(87.0, 0.016307062256897084)	(88.0, 0.00843936446443079)	(89.0, 0.003806118424404106)	(90.0, 0.0016359485838168938)	(91.0, 0.0007214483327412243)	(92.0, 0.0004884546381996524)	(93.0, 0.00042687773321366555)	(94.0, 0.0003686293095782726)	(95.0, 0.00034949054181235777)	(96.0, 0.00037029355025356954)	(97.0, 0.00038111111464299963)	(98.0, 0.0003611402265394364)	(99.0, 0.0004077389654477507)	(100.0, 0.0015527365500520468)
fastp | SRR35329990_1	(0.0, 2.5259952911911382e-05)	(1.0, 1.683996860794092e-05)	(2.0, 6.735987443176367e-06)	(3.0, 4.20999215198523e-06)	(4.0, 2.525995291191138e-06)	(5.0, 3.3679937215881837e-06)	(6.0, 8.41998430397046e-06)	(7.0, 1.4313973316749782e-05)	(8.0, 1.7681967038337966e-05)	(9.0, 2.1049960759926146e-05)	(10.0, 3.957392622866116e-05)	(11.0, 6.39918807101755e-05)	(12.0, 0.00020292162172568808)	(13.0, 0.0003502713470451711)	(14.0, 0.000439523180667258)	(15.0, 0.0006735987443176367)	(16.0, 0.0013042555686850242)	(17.0, 0.002389591545466816)	(18.0, 0.00398770456636041)	(19.0, 0.006753669410214705)	(20.0, 0.01282953008395979)	(21.0, 0.021992157003540444)	(22.0, 0.03402263057705344)	(23.0, 0.05320503881835894)	(24.0, 0.08303956920261747)	(25.0, 0.1250157169532014)	(26.0, 0.18202995667067656)	(27.0, 0.2547339951401703)	(28.0, 0.34402456069005544)	(29.0, 0.46167868536629547)	(30.0, 0.5981110590372504)	(31.0, 0.7373220275285156)	(32.0, 0.8901548466267442)	(33.0, 1.0678266194216857)	(34.0, 1.2414643777365948)	(35.0, 1.4154128334723206)	(36.0, 1.6349411902407296)	(37.0, 1.8469673409943008)	(38.0, 2.006595929424264)	(39.0, 2.1631773255346203)	(40.0, 2.30080786297203)	(41.0, 2.425830315912675)	(42.0, 2.5823089882145225)	(43.0, 2.7658730660253825)	(44.0, 2.9518402073565957)	(45.0, 3.1319234636561943)	(46.0, 3.3128899763092794)	(47.0, 3.4885502148540026)	(48.0, 3.690382290610757)	(49.0, 3.8640461508770083)	(50.0, 3.9638953767440728)	(51.0, 4.076685276487909)	(52.0, 4.181704372717611)	(53.0, 4.200760481194356)	(54.0, 4.165559894813177)	(55.0, 4.076926930037432)	(56.0, 3.9136465944148373)	(57.0, 3.687403300164012)	(58.0, 3.387839624592642)	(59.0, 3.03137369509504)	(60.0, 2.6713174842902245)	(61.0, 2.2983610155332963)	(62.0, 1.9385632982466132)	(63.0, 1.602309541070692)	(64.0, 1.2753943884863046)	(65.0, 0.9975584824113306)	(66.0, 0.785881761006374)	(67.0, 0.6347767226873201)	(68.0, 0.5185118954212353)	(69.0, 0.42818230380824013)	(70.0, 0.3543483034451536)	(71.0, 0.3059510756643618)	(72.0, 0.2754378945452033)	(73.0, 0.23668996877676157)	(74.0, 0.20136729262317513)	(75.0, 0.17847167130381866)	(76.0, 0.1596151164550768)	(77.0, 0.13964375568448928)	(78.0, 0.11840855526987577)	(79.0, 0.10193990796973995)	(80.0, 0.09159343125702106)	(81.0, 0.07905775862526984)	(82.0, 0.06822713281507263)	(83.0, 0.05505743536523244)	(84.0, 0.03735441836613455)	(85.0, 0.02488105361823271)	(86.0, 0.014695398605719645)	(87.0, 0.0074887340399513265)	(88.0, 0.003863088798661647)	(89.0, 0.0019626983412555144)	(90.0, 0.0008950443315120599)	(91.0, 0.00031238141767730407)	(92.0, 7.3253863444543e-05)	(93.0, 2.946994506389661e-05)	(94.0, 2.0207962329529105e-05)	(95.0, 1.5155971747146827e-05)	(96.0, 1.5155971747146827e-05)	(97.0, 2.0207962329529105e-05)	(98.0, 0.00019197564213052648)	(99.0, 0.0002820694741830104)	(100.0, 0.00011451178653399825)
fastp | SRR35329990_2	(0.0, 3.031515381277479e-05)	(1.0, 3.620976705414766e-05)	(2.0, 3.11572414186852e-05)	(3.0, 1.768383972411863e-05)	(4.0, 1.3473401694566573e-05)	(5.0, 1.8525927330029036e-05)	(6.0, 2.610471578322274e-05)	(7.0, 2.778889099504356e-05)	(8.0, 3.031515381277479e-05)	(9.0, 4.7156905930983e-05)	(10.0, 8.58929358028619e-05)	(11.0, 0.00012294479046291997)	(12.0, 0.00016925960878799257)	(13.0, 0.0002745205595267939)	(14.0, 0.0004479906063443385)	(15.0, 0.0006938801872701785)	(16.0, 0.001178922648274575)	(17.0, 0.002035325743485463)	(18.0, 0.0033304564813756744)	(19.0, 0.005791036465845895)	(20.0, 0.010564831103752014)	(21.0, 0.018146987907369353)	(22.0, 0.030392625872518546)	(23.0, 0.04807141307100171)	(24.0, 0.07275384288784176)	(25.0, 0.10871603618585178)	(26.0, 0.1627275352289455)	(27.0, 0.237279235155406)	(28.0, 0.32678220052480583)	(29.0, 0.4371462021554243)	(30.0, 0.5620976873832287)	(31.0, 0.7017436013341699)	(32.0, 0.8626379118450486)	(33.0, 1.0230236014419571)	(34.0, 1.177944984564113)	(35.0, 1.347353642858352)	(36.0, 1.5434750041872807)	(37.0, 1.7301313008257764)	(38.0, 1.8963374999547378)	(39.0, 2.059648601894579)	(40.0, 2.195968269802174)	(41.0, 2.3208810190001072)	(42.0, 2.4768019601104787)	(43.0, 2.64663418847049)	(44.0, 2.8661285333890683)	(45.0, 3.0970567438206977)	(46.0, 3.2487470367989753)	(47.0, 3.3829480122901003)	(48.0, 3.535446709370052)	(49.0, 3.6829038279534183)	(50.0, 3.8197649581916133)	(51.0, 3.946146308174254)	(52.0, 4.061227684573183)	(53.0, 4.132117145501538)	(54.0, 4.141311057982868)	(55.0, 4.070814009878867)	(56.0, 3.922442384155482)	(57.0, 3.719824316946954)	(58.0, 3.4572580330736646)	(59.0, 3.139812057835587)	(60.0, 2.792567970574764)	(61.0, 2.444324325325726)	(62.0, 2.0930559013962573)	(63.0, 1.7358347601806077)	(64.0, 1.4055873691574805)	(65.0, 1.1395230533692389)	(66.0, 0.9280891710144351)	(67.0, 0.7597567006805499)	(68.0, 0.6272542158905468)	(69.0, 0.5208572889713723)	(70.0, 0.44081517785437596)	(71.0, 0.38511697733664363)	(72.0, 0.3429485983830739)	(73.0, 0.30524412582843524)	(74.0, 0.2701981238456558)	(75.0, 0.2405793764829689)	(76.0, 0.21945897723912988)	(77.0, 0.19886488274898487)	(78.0, 0.17303637170050076)	(79.0, 0.14784111053166127)	(80.0, 0.1290372942916818)	(81.0, 0.11419971067554036)	(82.0, 0.09878361287413848)	(83.0, 0.0800682158327796)	(84.0, 0.05997516346815128)	(85.0, 0.04365550566560752)	(86.0, 0.029546327828578585)	(87.0, 0.017488475399547412)	(88.0, 0.009177070729211657)	(89.0, 0.004133808057414207)	(90.0, 0.0018298563676433228)	(91.0, 0.0008210354157626506)	(92.0, 0.0004934633370635007)	(93.0, 0.0004100966640783701)	(94.0, 0.0003671501961769391)	(95.0, 0.0003722027218124016)	(96.0, 0.0003789394226596849)	(97.0, 0.000377255247447864)	(98.0, 0.0003679922837828495)	(99.0, 0.00040841248886654927)	(100.0, 0.0015359677931805894)
fastp | SRR35329991_1	(0.0, 4.690388513353521e-05)	(1.0, 3.177359960658837e-05)	(2.0, 1.2104228421557473e-05)	(3.0, 5.2955999344313944e-06)	(4.0, 6.052114210778736e-06)	(5.0, 9.078171316168105e-06)	(6.0, 1.0591199868862789e-05)	(7.0, 1.43737712505995e-05)	(8.0, 1.9669371185030894e-05)	(9.0, 2.8747542501199e-05)	(10.0, 4.085177092275647e-05)	(11.0, 6.052114210778736e-05)	(12.0, 0.00021409354020629782)	(13.0, 0.00033362279586917785)	(14.0, 0.00039943953791139665)	(15.0, 0.0006702716488437451)	(16.0, 0.0012217705563009574)	(17.0, 0.0021129443738381265)	(18.0, 0.0035828516127810123)	(19.0, 0.006028662268211969)	(20.0, 0.011027708606315207)	(21.0, 0.018757771482032348)	(22.0, 0.02928164158030022)	(23.0, 0.04551643795071418)	(24.0, 0.07037020147155341)	(25.0, 0.10519179709754523)	(26.0, 0.152070717259961)	(27.0, 0.21288160433558934)	(28.0, 0.2901663462929575)	(29.0, 0.3969793534847151)	(30.0, 0.5306758520007517)	(31.0, 0.6769720957893535)	(32.0, 0.8383509647054921)	(33.0, 1.0206255144486207)	(34.0, 1.195853133707574)	(35.0, 1.3716874774161576)	(36.0, 1.5958411444693221)	(37.0, 1.816178953512591)	(38.0, 1.9805354626204328)	(39.0, 2.1378064590160055)	(40.0, 2.283497491383529)	(41.0, 2.423908810616425)	(42.0, 2.598279299200277)	(43.0, 2.7964323270896596)	(44.0, 2.9946209111500313)	(45.0, 3.187442782933994)	(46.0, 3.3853658304833676)	(47.0, 3.5765233708593662)	(48.0, 3.7604531738391436)	(49.0, 3.9044662575417286)	(50.0, 4.015162452513977)	(51.0, 4.14228181591145)	(52.0, 4.23202407845743)	(53.0, 4.236473138916629)	(54.0, 4.18460349407315)	(55.0, 4.07796070259357)	(56.0, 3.9014114528938384)	(57.0, 3.6626041043078255)	(58.0, 3.3617383766044875)	(59.0, 3.009244332111825)	(60.0, 2.650644460894763)	(61.0, 2.2795643736607993)	(62.0, 1.9163966692431527)	(63.0, 1.5813576786486525)	(64.0, 1.2637064121817196)	(65.0, 0.9909936067583718)	(66.0, 0.7842231247471162)	(67.0, 0.6389807053454664)	(68.0, 0.5305525401737071)	(69.0, 0.4444710502109722)	(70.0, 0.3677657981892861)	(71.0, 0.31845165857130825)	(72.0, 0.2910514679962839)	(73.0, 0.25077389140927503)	(74.0, 0.21163259926533992)	(75.0, 0.19152974539996198)	(76.0, 0.1756603454250238)	(77.0, 0.15423207854748533)	(78.0, 0.13057890318320933)	(79.0, 0.11376688641994234)	(80.0, 0.10485817430167603)	(81.0, 0.09220849908687213)	(82.0, 0.08348437645203459)	(83.0, 0.0697755812503444)	(84.0, 0.04664213119391903)	(85.0, 0.0316495312652674)	(86.0, 0.019456034159100945)	(87.0, 0.009670521994548074)	(88.0, 0.004907508110665208)	(89.0, 0.00269546036662558)	(90.0, 0.0011892404424180218)	(91.0, 0.00033891839580360924)	(92.0, 0.00011120759862305929)	(93.0, 4.992994223892458e-05)	(94.0, 2.8747542501199e-05)	(95.0, 1.43737712505995e-05)	(96.0, 1.134771414521013e-05)	(97.0, 1.2860742697904816e-05)	(98.0, 0.00016492011224372057)	(99.0, 0.00021711959731168716)	(100.0, 6.506022776587142e-05)
fastp | SRR35329991_2	(0.0, 4.536112730566358e-05)	(1.0, 6.955372853535081e-05)	(2.0, 5.972548428579037e-05)	(3.0, 2.1168526075976335e-05)	(4.0, 2.1168526075976335e-05)	(5.0, 2.9484732748681326e-05)	(6.0, 4.0068995786669495e-05)	(7.0, 5.367733397836856e-05)	(8.0, 5.896946549736265e-05)	(9.0, 6.879770974692308e-05)	(10.0, 6.501761580478446e-05)	(11.0, 8.618614188076079e-05)	(12.0, 0.00017312830254994933)	(13.0, 0.0002714107450455537)	(14.0, 0.0004452950663839308)	(15.0, 0.0007333382247748945)	(16.0, 0.001104543449892908)	(17.0, 0.0017879844346315728)	(18.0, 0.0030225631161340497)	(19.0, 0.005192337038921624)	(20.0, 0.009285422759469334)	(21.0, 0.016083543705011447)	(22.0, 0.026708631757574715)	(23.0, 0.04112742209046831)	(24.0, 0.061070441710403295)	(25.0, 0.09064287263854225)	(26.0, 0.13425154839263034)	(27.0, 0.19536583919276246)	(28.0, 0.27251604451423506)	(29.0, 0.37434497114635396)	(30.0, 0.49815590007079735)	(31.0, 0.6401097678799295)	(32.0, 0.8049150595880779)	(33.0, 0.9708574035540216)	(34.0, 1.1318757971509357)	(35.0, 1.3066582688099648)	(36.0, 1.5041863217376306)	(37.0, 1.6956692484330282)	(38.0, 1.8704290395284047)	(39.0, 2.0367516609449274)	(40.0, 2.177452805621635)	(41.0, 2.3152893951089895)	(42.0, 2.4800304252201215)	(43.0, 2.6554645850747756)	(44.0, 2.938367571723219)	(45.0, 3.246755195710773)	(46.0, 3.359774712449199)	(47.0, 3.436974058991919)	(48.0, 3.5884046223139925)	(49.0, 3.73265451918358)	(50.0, 3.8619170995913756)	(51.0, 3.9789329316454305)	(52.0, 4.08810884886349)	(53.0, 4.153323785572054)	(54.0, 4.148213854581071)	(55.0, 4.070233540629905)	(56.0, 3.919617209542968)	(57.0, 3.709943714779211)	(58.0, 3.437148699332046)	(59.0, 3.108877781208843)	(60.0, 2.757602723391361)	(61.0, 2.409655660280538)	(62.0, 2.0638995396185784)	(63.0, 1.7169829301163828)	(64.0, 1.3953370046361717)	(65.0, 1.1339616529882077)	(66.0, 0.9273364259793911)	(67.0, 0.7622680397328698)	(68.0, 0.6355706310742093)	(69.0, 0.5339775823040799)	(70.0, 0.4544549900245211)	(71.0, 0.4003830142385933)	(72.0, 0.35962982144839667)	(73.0, 0.32092090346210866)	(74.0, 0.28397880138437626)	(75.0, 0.25208085666303365)	(76.0, 0.23207281942729385)	(77.0, 0.21280719264179007)	(78.0, 0.18513463692897003)	(79.0, 0.15746737334766897)	(80.0, 0.1393652594775555)	(81.0, 0.1298794917391528)	(82.0, 0.11803796945600933)	(83.0, 0.09703803556985238)	(84.0, 0.0736596665753018)	(85.0, 0.05646931136403215)	(86.0, 0.03968947435487877)	(87.0, 0.023261942101132707)	(88.0, 0.011647225454517551)	(89.0, 0.004950411026624751)	(90.0, 0.00233080592472268)	(91.0, 0.0011037874311044804)	(92.0, 0.0006222034628760188)	(93.0, 0.0004649515548830517)	(94.0, 0.0004286626530385208)	(95.0, 0.00038632560088656807)	(96.0, 0.00037196124390644135)	(97.0, 0.00037120522511801363)	(98.0, 0.0003795214317907186)	(99.0, 0.0004022019954435504)	(100.0, 0.0017766441528051565)
fastp | SRR35329992_1	(0.0, 6.4696903031712406e-06)	(1.0, 2.1349978000465093e-05)	(2.0, 2.3290885091416464e-05)	(3.0, 1.0998473515391108e-05)	(4.0, 1.0998473515391108e-05)	(5.0, 9.057566424439738e-06)	(6.0, 7.763628363805489e-06)	(7.0, 7.763628363805489e-06)	(8.0, 1.3586349636659606e-05)	(9.0, 2.3290885091416464e-05)	(10.0, 3.9465110849344565e-05)	(11.0, 5.046358436473568e-05)	(12.0, 7.440143848646926e-05)	(13.0, 0.0002070300897014797)	(14.0, 0.00032477845321919624)	(15.0, 0.0004412328786762786)	(16.0, 0.0008365309562000413)	(17.0, 0.0015300817566999982)	(18.0, 0.0026506321172092575)	(19.0, 0.0045676013540388955)	(20.0, 0.00783285405004942)	(21.0, 0.01429154587970527)	(22.0, 0.023704945270819424)	(23.0, 0.036432767004248204)	(24.0, 0.057067844226212874)	(25.0, 0.088328740802106)	(26.0, 0.13111344974600772)	(27.0, 0.1885209527131371)	(28.0, 0.2620554526989814)	(29.0, 0.35095287927873614)	(30.0, 0.4646893878394562)	(31.0, 0.594154360496216)	(32.0, 0.7295035164837099)	(33.0, 0.8770008099534684)	(34.0, 1.045254163853861)	(35.0, 1.2125480626822933)	(36.0, 1.3837781210911748)	(37.0, 1.5920982670391068)	(38.0, 1.7882702755047744)	(39.0, 1.955313797318474)	(40.0, 2.121489733662518)	(41.0, 2.2695298341487127)	(42.0, 2.4206935011132784)	(43.0, 2.6010218849955096)	(44.0, 2.804329314896545)	(45.0, 3.0198405216164517)	(46.0, 3.229264396730105)	(47.0, 3.4229850395399004)	(48.0, 3.628448817218982)	(49.0, 3.829919502042947)	(50.0, 3.950125053937808)	(51.0, 4.051235314902859)	(52.0, 4.1766864916955315)	(53.0, 4.251141628611517)	(54.0, 4.251903758129231)	(55.0, 4.200744682056904)	(56.0, 4.0850323300775955)	(57.0, 3.8924729966772187)	(58.0, 3.6406351258740357)	(59.0, 3.3286990079066348)	(60.0, 2.9705259542495592)	(61.0, 2.5943374009742732)	(62.0, 2.2120899827300677)	(63.0, 1.8536477899563804)	(64.0, 1.5184990701502308)	(65.0, 1.2038269201536185)	(66.0, 0.9403643098136972)	(67.0, 0.7480074777198099)	(68.0, 0.610155198554019)	(69.0, 0.5009811155950953)	(70.0, 0.41723679734181646)	(71.0, 0.34700248637961983)	(72.0, 0.30226263702609973)	(73.0, 0.27198901519047053)	(74.0, 0.23285579945367865)	(75.0, 0.2000784074707222)	(76.0, 0.1798062798747654)	(77.0, 0.16129132016514997)	(78.0, 0.1396204455256476)	(79.0, 0.11908241365823048)	(80.0, 0.10426294104978644)	(81.0, 0.09336668864118544)	(82.0, 0.08003265692634952)	(83.0, 0.06832834019888243)	(84.0, 0.053475872169892205)	(85.0, 0.035234580360100895)	(86.0, 0.023420925866510206)	(87.0, 0.013819258487573769)	(88.0, 0.00709725026257885)	(89.0, 0.0038261748452954715)	(90.0, 0.002003663086892133)	(91.0, 0.0008138870401389421)	(92.0, 0.00019991343036799135)	(93.0, 5.240449145568704e-05)	(94.0, 2.717269927331921e-05)	(95.0, 2.1349978000465093e-05)	(96.0, 2.0056039939830844e-05)	(97.0, 1.8115132848879475e-05)	(98.0, 2.3290885091416464e-05)	(99.0, 0.00016756497885213513)	(100.0, 0.0001591543814580125)
fastp | SRR35329992_2	(0.0, 3.885451854155109e-05)	(1.0, 4.3387545704732057e-05)	(2.0, 3.4969066687395986e-05)	(3.0, 1.554180741662044e-05)	(4.0, 1.1008780253439477e-05)	(5.0, 2.2017560506878954e-05)	(6.0, 3.2378765451292575e-05)	(7.0, 3.561664199642184e-05)	(8.0, 4.468269632278375e-05)	(9.0, 5.5691476576223234e-05)	(10.0, 6.605268152063686e-05)	(11.0, 9.195569388167092e-05)	(12.0, 0.00014117141736763564)	(13.0, 0.0002460786174298236)	(14.0, 0.0004461793879188117)	(15.0, 0.0006831919510222734)	(16.0, 0.001051014726548957)	(17.0, 0.001837818727015367)	(18.0, 0.003084401196890131)	(19.0, 0.005167650966026295)	(20.0, 0.009264859946232858)	(21.0, 0.01617189819230259)	(22.0, 0.02697798737401698)	(23.0, 0.04300612384771583)	(24.0, 0.06508261370771613)	(25.0, 0.09661370307949387)	(26.0, 0.14407579262861658)	(27.0, 0.2101750995715033)	(28.0, 0.2917579321531981)	(29.0, 0.39133688257272137)	(30.0, 0.5065081512829691)	(31.0, 0.6372121613555108)	(32.0, 0.7839501360795327)	(33.0, 0.932676167002264)	(34.0, 1.0779953042242103)	(35.0, 1.2336821221436602)	(36.0, 1.4152130230710231)	(37.0, 1.6048101220476119)	(38.0, 1.7811636583793131)	(39.0, 1.9515718057988476)	(40.0, 2.10753643352587)	(41.0, 2.254052937494205)	(42.0, 2.4214427363983706)	(43.0, 2.6021699963672322)	(44.0, 2.795725723207896)	(45.0, 3.0107116597501524)	(46.0, 3.2244147496052284)	(47.0, 3.4438262158093673)	(48.0, 3.6132222030208947)	(49.0, 3.738002841741777)	(50.0, 3.876929763088329)	(51.0, 4.005193709396462)	(52.0, 4.114775108039198)	(53.0, 4.184362903171808)	(54.0, 4.1924090263864535)	(55.0, 4.132445495496587)	(56.0, 3.9996776629141793)	(57.0, 3.8013376496904323)	(58.0, 3.5413160882819734)	(59.0, 3.2175757067666066)	(60.0, 2.8630521853613864)	(61.0, 2.509914475117482)	(62.0, 2.160166821616328)	(63.0, 1.8057507977124065)	(64.0, 1.4697239698588922)	(65.0, 1.190841129999746)	(66.0, 0.9714516813561138)	(67.0, 0.7959885610743234)	(68.0, 0.6568272174659039)	(69.0, 0.5478577774901968)	(70.0, 0.46323198853138947)	(71.0, 0.4025923890188997)	(72.0, 0.35910187884003253)	(73.0, 0.3209247240717225)	(74.0, 0.2846527358625665)	(75.0, 0.2536947506392766)	(76.0, 0.23040405707485284)	(77.0, 0.20958256816374465)	(78.0, 0.18450780462295466)	(79.0, 0.15845520236553562)	(80.0, 0.13849369346481374)	(81.0, 0.12277186011228412)	(82.0, 0.10710183278447656)	(83.0, 0.08870227552912505)	(84.0, 0.06768780917592714)	(85.0, 0.049023393619184036)	(86.0, 0.0335741894717543)	(87.0, 0.020353291962682513)	(88.0, 0.010745217102665955)	(89.0, 0.005117140091922279)	(90.0, 0.0022432008704655498)	(91.0, 0.0009823717437922167)	(92.0, 0.0006067780645572229)	(93.0, 0.0004785581533701043)	(94.0, 0.0004312851558112171)	(95.0, 0.00043193273112024296)	(96.0, 0.0004312851558112171)	(97.0, 0.00042480940272095864)	(98.0, 0.00040279184221407967)	(99.0, 0.00042804727926608793)	(100.0, 0.001321701205721763)
fastp | SRR35329993_1	(0.0, 8.34202219496301e-06)	(1.0, 1.7875761846349306e-05)	(2.0, 1.668404438992602e-05)	(3.0, 7.150304738539723e-06)	(4.0, 7.746163466751366e-06)	(5.0, 8.937880923174653e-06)	(6.0, 1.012959837959794e-05)	(7.0, 1.1917174564232872e-05)	(8.0, 1.4896468205291089e-05)	(9.0, 1.9067479302772594e-05)	(10.0, 3.1580512595217106e-05)	(11.0, 4.2305969703026694e-05)	(12.0, 7.031132992897394e-05)	(13.0, 0.0002460896547514088)	(14.0, 0.0003736034225887005)	(15.0, 0.0004492774810715792)	(16.0, 0.0007781914990444064)	(17.0, 0.0014181437731437116)	(18.0, 0.00241084441434431)	(19.0, 0.004004766512310456)	(20.0, 0.006955458934414515)	(21.0, 0.012505882987705975)	(22.0, 0.020648888367446296)	(23.0, 0.03184269043563023)	(24.0, 0.04978518845953924)	(25.0, 0.07702427436100631)	(26.0, 0.11363740977469897)	(27.0, 0.1634011473200226)	(28.0, 0.22900698087230917)	(29.0, 0.31020107461334057)	(30.0, 0.42009947086851146)	(31.0, 0.5523080096253827)	(32.0, 0.695628717804673)	(33.0, 0.8537737952831406)	(34.0, 1.0312646180904557)	(35.0, 1.2042894797298245)	(36.0, 1.383220493083227)	(37.0, 1.5975270432718272)	(38.0, 1.7966636260988864)	(39.0, 1.962559038055203)	(40.0, 2.128828053434108)	(41.0, 2.2809561494750947)	(42.0, 2.4360361296556414)	(43.0, 2.625538868564975)	(44.0, 2.8286331450648166)	(45.0, 3.024749319998571)	(46.0, 3.2193114953691495)	(47.0, 3.4166724191861384)	(48.0, 3.6118745468308164)	(49.0, 3.8050054695362308)	(50.0, 3.9526497286474247)	(51.0, 4.0698730162485015)	(52.0, 4.209668624191692)	(53.0, 4.300832030314432)	(54.0, 4.293485688054311)	(55.0, 4.23345887977427)	(56.0, 4.120764118507601)	(57.0, 3.930627981770179)	(58.0, 3.6671964545928986)	(59.0, 3.336942350340323)	(60.0, 2.967471803890499)	(61.0, 2.589760531229507)	(62.0, 2.2076083234671544)	(63.0, 1.847339027498374)	(64.0, 1.5122799184615)	(65.0, 1.2019769520056351)	(66.0, 0.9408990668047907)	(67.0, 0.7507218158151214)	(68.0, 0.6141086893393097)	(69.0, 0.5044432738468696)	(70.0, 0.4193480930122366)	(71.0, 0.3466521364529596)	(72.0, 0.30125961853779665)	(73.0, 0.2718104926133926)	(74.0, 0.23174137657607238)	(75.0, 0.19870041423800858)	(76.0, 0.17904303479430644)	(77.0, 0.16059107755777646)	(78.0, 0.13971218772124047)	(79.0, 0.11830417533405255)	(80.0, 0.10329032295930377)	(81.0, 0.09269059204314685)	(82.0, 0.07952986031313627)	(83.0, 0.06869357348187932)	(84.0, 0.053360340828809104)	(85.0, 0.03452941744113653)	(86.0, 0.02260092156106764)	(87.0, 0.013188141231508308)	(88.0, 0.006528228226286767)	(89.0, 0.0033284668557902407)	(90.0, 0.0016320570565716917)	(91.0, 0.0006381646979146703)	(92.0, 0.00022940561036148275)	(93.0, 5.7798296636529425e-05)	(94.0, 3.515566496448697e-05)	(95.0, 2.562192531310067e-05)	(96.0, 2.5026066584889028e-05)	(97.0, 2.9197077682370534e-05)	(98.0, 3.575152369269861e-05)	(99.0, 0.00019544166285341907)	(100.0, 0.000188887216843091)
fastp | SRR35329993_2	(0.0, 4.054635304396498e-05)	(1.0, 4.710532191872402e-05)	(2.0, 3.6372463760027414e-05)	(3.0, 1.7888096931161023e-05)	(4.0, 1.7291827033455653e-05)	(5.0, 2.1465716317393224e-05)	(6.0, 3.398738416920594e-05)	(7.0, 4.4720242327902555e-05)	(8.0, 4.8297861714134756e-05)	(9.0, 6.260833925906357e-05)	(10.0, 7.811135659940312e-05)	(11.0, 9.659572342826951e-05)	(12.0, 0.000146086124937815)	(13.0, 0.0002528184366270758)	(14.0, 0.00042692924675704307)	(15.0, 0.0006672260155323061)	(16.0, 0.0010136588260991246)	(17.0, 0.0016963878589717702)	(18.0, 0.0028442074120546023)	(19.0, 0.004760618863279654)	(20.0, 0.008638162008057658)	(21.0, 0.015046870868594945)	(22.0, 0.02471121337060354)	(23.0, 0.0386704879457839)	(24.0, 0.05786262714322656)	(25.0, 0.08493268422915254)	(26.0, 0.12538244154968925)	(27.0, 0.18337028537143393)	(28.0, 0.25891947022039713)	(29.0, 0.3561484322800297)	(30.0, 0.4723662055019875)	(31.0, 0.6075733861561681)	(32.0, 0.7628122540237605)	(33.0, 0.9216716727102198)	(34.0, 1.0778854418605606)	(35.0, 1.2441165452923513)	(36.0, 1.4327304281442064)	(37.0, 1.622640005483775)	(38.0, 1.8008316867936378)	(39.0, 1.9729038501433502)	(40.0, 2.124805395393486)	(41.0, 2.274457214319579)	(42.0, 2.44646736559993)	(43.0, 2.6264353349350573)	(44.0, 2.817945896949965)	(45.0, 3.033237491295056)	(46.0, 3.2392350267446126)	(47.0, 3.4416644831263015)	(48.0, 3.7175830118603805)	(49.0, 3.868993230714807)	(50.0, 3.9126670193722366)	(51.0, 4.0250114233387)	(52.0, 4.126135220370145)	(53.0, 4.188261177281964)	(54.0, 4.19184833698656)	(55.0, 4.133967821746402)	(56.0, 3.999044465563529)	(57.0, 3.7927637019125617)	(58.0, 3.5231215101217295)	(59.0, 3.1921362637947635)	(60.0, 2.8308748171419107)	(61.0, 2.4775676109244467)	(62.0, 2.1306118716573406)	(63.0, 1.7765020861575658)	(64.0, 1.444792968174786)	(65.0, 1.1749653364457668)	(66.0, 0.961865630244641)	(67.0, 0.789391580983875)	(68.0, 0.6510593497958206)	(69.0, 0.542013510903463)	(70.0, 0.4574254706751841)	(71.0, 0.39804056648311575)	(72.0, 0.35504354415958167)	(73.0, 0.31593599037877973)	(74.0, 0.280596266081578)	(75.0, 0.2503737300464838)	(76.0, 0.2284029731257341)	(77.0, 0.20799563587676792)	(78.0, 0.1815343703563991)	(79.0, 0.15559901488580644)	(80.0, 0.13633949718992308)	(81.0, 0.12090206953833112)	(82.0, 0.1050591783562995)	(83.0, 0.08545561292944014)	(84.0, 0.06418308805890345)	(85.0, 0.046708802436749956)	(86.0, 0.03211092280112715)	(87.0, 0.019353728339720815)	(88.0, 0.009939819194748475)	(89.0, 0.004338459775704253)	(90.0, 0.0019038897833732382)	(91.0, 0.0008890384174787027)	(92.0, 0.0005306802089577769)	(93.0, 0.0004406434544042665)	(94.0, 0.0003983082916671854)	(95.0, 0.0003786313850429083)	(96.0, 0.00038042019473602436)	(97.0, 0.0003720724161681493)	(98.0, 0.0003810164646337298)	(99.0, 0.0004370658350180343)	(100.0, 0.0015562644330110087)
fastp | SRR35329994_1	(0.0, 4.4854690947273925e-05)	(1.0, 2.938755613786912e-05)	(2.0, 8.50692414517264e-06)	(3.0, 3.8667837023512005e-06)	(4.0, 5.4134971832916804e-06)	(5.0, 6.96021066423216e-06)	(6.0, 6.96021066423216e-06)	(7.0, 9.28028088564288e-06)	(8.0, 1.392042132846432e-05)	(9.0, 3.325433984022032e-05)	(10.0, 4.4854690947273925e-05)	(11.0, 6.186853923761921e-05)	(12.0, 0.00021344646036978624)	(13.0, 0.00032867661469985197)	(14.0, 0.00036811780846383424)	(15.0, 0.0005939379766811443)	(16.0, 0.0011128603495366754)	(17.0, 0.002003767314558392)	(18.0, 0.0033223405570601515)	(19.0, 0.005633130497585228)	(20.0, 0.010478983833371753)	(21.0, 0.01775859083141812)	(22.0, 0.02738533553679167)	(23.0, 0.04286175062708211)	(24.0, 0.06651795996132628)	(25.0, 0.09828590814636282)	(26.0, 0.1425002597125274)	(27.0, 0.20204099516133114)	(28.0, 0.2756204755198912)	(29.0, 0.37512906067293744)	(30.0, 0.5035696948437158)	(31.0, 0.6462207591206349)	(32.0, 0.8041796467184219)	(33.0, 0.981936466872247)	(34.0, 1.1543408850252777)	(35.0, 1.3293074340594861)	(36.0, 1.540342568112486)	(37.0, 1.7512794858594465)	(38.0, 1.9232987723557229)	(39.0, 2.0900646465139854)	(40.0, 2.2456230347893524)	(41.0, 2.3966209383661665)	(42.0, 2.5766560674774173)	(43.0, 2.780808326540232)	(44.0, 2.9875026092089727)	(45.0, 3.1854711077749878)	(46.0, 3.380476103311521)	(47.0, 3.5721548915072914)	(48.0, 3.766001398646599)	(49.0, 3.9234777116383333)	(50.0, 4.041240609293439)	(51.0, 4.170501774965856)	(52.0, 4.2781685003741226)	(53.0, 4.298555730766399)	(54.0, 4.246351057357696)	(55.0, 4.134946698822737)	(56.0, 3.9617727907129385)	(57.0, 3.726311957368926)	(58.0, 3.4187394747597666)	(59.0, 3.062460211279051)	(60.0, 2.698762136587004)	(61.0, 2.3190230963841234)	(62.0, 1.9501211041854525)	(63.0, 1.6088086137030568)	(64.0, 1.2842508970029496)	(65.0, 1.0082468365397852)	(66.0, 0.7988195111502228)	(67.0, 0.6478973965339744)	(68.0, 0.5323153648869947)	(69.0, 0.4422881333721136)	(70.0, 0.36413424789367205)	(71.0, 0.3131290507894383)	(72.0, 0.283565169314742)	(73.0, 0.24424152577531122)	(74.0, 0.20883957426680502)	(75.0, 0.1866295420372402)	(76.0, 0.1673729591995312)	(77.0, 0.14634616278288587)	(78.0, 0.12427456140986523)	(79.0, 0.10712537568993764)	(80.0, 0.09647857344388386)	(81.0, 0.0841365732227193)	(82.0, 0.07377668632737996)	(83.0, 0.06031099876231214)	(84.0, 0.040661550700444284)	(85.0, 0.02673958265849902)	(86.0, 0.015829839120685342)	(87.0, 0.007755221393435567)	(88.0, 0.003807235233334992)	(89.0, 0.0018985907978544393)	(90.0, 0.0008035176533485794)	(91.0, 0.0002691281456836435)	(92.0, 6.728203642091088e-05)	(93.0, 3.016091287833936e-05)	(94.0, 1.9333918511756003e-05)	(95.0, 1.856056177128576e-05)	(96.0, 1.469377806893456e-05)	(97.0, 1.0826994366583361e-05)	(98.0, 0.00013997757002511346)	(99.0, 0.00018251219075097666)	(100.0, 5.1814901611506085e-05)
fastp | SRR35329994_2	(0.0, 3.24638757642721e-05)	(1.0, 3.9420420570901834e-05)	(2.0, 3.24638757642721e-05)	(3.0, 1.777783672805377e-05)	(4.0, 1.9323735573971485e-05)	(5.0, 3.1690926341313244e-05)	(6.0, 4.1739268839778416e-05)	(7.0, 4.714991480049043e-05)	(8.0, 5.565235845303789e-05)	(9.0, 5.333351018416131e-05)	(10.0, 6.260890325966762e-05)	(11.0, 9.971047556169288e-05)	(12.0, 0.00015613578343768962)	(13.0, 0.0002573921578453002)	(14.0, 0.0004467647664702208)	(15.0, 0.0006701471497053312)	(16.0, 0.000990148210810299)	(17.0, 0.0016687978041681777)	(18.0, 0.0027563376422712928)	(19.0, 0.004742817659275562)	(20.0, 0.008562733707538246)	(21.0, 0.014749420888900957)	(22.0, 0.02438578134492906)	(23.0, 0.037957227313240714)	(24.0, 0.056569076468667094)	(25.0, 0.08326520363882019)	(26.0, 0.12283171165066123)	(27.0, 0.17946803471912576)	(28.0, 0.2511830551306717)	(29.0, 0.3458059775904494)	(30.0, 0.46323786457232)	(31.0, 0.6006435375928706)	(32.0, 0.7601888009352317)	(33.0, 0.9204946465097844)	(34.0, 1.0767193191311142)	(35.0, 1.2462889635398289)	(36.0, 1.4356994466864745)	(37.0, 1.6255644240938198)	(38.0, 1.803668203081423)	(39.0, 1.977721727092722)	(40.0, 2.13370292064582)	(41.0, 2.2815921066899616)	(42.0, 2.4562639902396275)	(43.0, 2.6386862376533022)	(44.0, 2.8292113138678543)	(45.0, 3.0455096156415467)	(46.0, 3.2475431358145332)	(47.0, 3.4252357057091225)	(48.0, 3.5978028479800717)	(49.0, 3.829325934537785)	(50.0, 4.039998710411183)	(51.0, 4.097322185516657)	(52.0, 4.135134098338382)	(53.0, 4.199172958030523)	(54.0, 4.206736268134176)	(55.0, 4.139202131151415)	(56.0, 3.9942509258639394)	(57.0, 3.785078444820505)	(58.0, 3.5119490367237627)	(59.0, 3.182029488623386)	(60.0, 2.8231336125551287)	(61.0, 2.4695834546960547)	(62.0, 2.122428680362542)	(63.0, 1.7681163943724303)	(64.0, 1.4369786779814713)	(65.0, 1.1677372054822117)	(66.0, 0.9551057757710362)	(67.0, 0.7844462726759496)	(68.0, 0.6489745191116422)	(69.0, 0.5399445923573343)	(70.0, 0.45654798731661106)	(71.0, 0.39916035740903055)	(72.0, 0.35586282253256707)	(73.0, 0.31693477074409004)	(74.0, 0.2810042168178475)	(75.0, 0.2500166744514268)	(76.0, 0.22808346162554619)	(77.0, 0.20662793154305417)	(78.0, 0.1799194371821337)	(79.0, 0.15350079885482287)	(80.0, 0.13422112139796002)	(81.0, 0.12092871017133652)	(82.0, 0.10613445821590396)	(83.0, 0.0862673391975924)	(84.0, 0.06470127734761726)	(85.0, 0.047540254259084654)	(86.0, 0.03252803056637769)	(87.0, 0.01909107779766087)	(88.0, 0.009613171973339336)	(89.0, 0.004061849217648806)	(90.0, 0.0017847402176120067)	(91.0, 0.0008479255169858689)	(92.0, 0.0005542047362615023)	(93.0, 0.0004776827433885752)	(94.0, 0.00044444591820134424)	(95.0, 0.0004313057780110436)	(96.0, 0.000423576283781455)	(97.0, 0.00039033945859422403)	(98.0, 0.00039884190224677153)	(99.0, 0.0004452188676243031)	(100.0, 0.0016316962318661526)
fastp | SRR35329995_1	(0.0, 1.3457568320728663e-05)	(1.0, 8.971712213819109e-06)	(2.0, 7.476426844849258e-06)	(3.0, 8.971712213819109e-06)	(4.0, 5.981141475879406e-06)	(5.0, 3.738213422424629e-06)	(6.0, 1.0466997582788961e-05)	(7.0, 1.2709925636243737e-05)	(8.0, 1.570049637418344e-05)	(9.0, 2.5419851272487473e-05)	(10.0, 4.1867990331155844e-05)	(11.0, 6.429727086570362e-05)	(12.0, 0.00017195781743153292)	(13.0, 0.00030279528721639494)	(14.0, 0.0004276516155253775)	(15.0, 0.0007222228332124383)	(16.0, 0.0013046364844261954)	(17.0, 0.002307972967004966)	(18.0, 0.0038982089569044027)	(19.0, 0.006697383167615965)	(20.0, 0.012718149705773072)	(21.0, 0.021672666137849027)	(22.0, 0.03352355032961959)	(23.0, 0.052083779971957865)	(24.0, 0.08092933002475527)	(25.0, 0.12160632555952662)	(26.0, 0.1772503799950017)	(27.0, 0.24913173825212043)	(28.0, 0.3377012288696271)	(29.0, 0.4526714779616655)	(30.0, 0.5847089142551258)	(31.0, 0.721961905915553)	(32.0, 0.8745176480420176)	(33.0, 1.0502144265386597)	(34.0, 1.2197012848979698)	(35.0, 1.390162321675164)	(36.0, 1.6065929165505983)	(37.0, 1.818456162266514)	(38.0, 1.9810744272834615)	(39.0, 2.135096296714201)	(40.0, 2.2734610330464573)	(41.0, 2.4015935315988526)	(42.0, 2.556207534035704)	(43.0, 2.7412857329372633)	(44.0, 2.93371176414194)	(45.0, 3.1146966193459438)	(46.0, 3.2944209489839062)	(47.0, 3.4771612692110807)	(48.0, 3.6626125418121975)	(49.0, 3.822389764628102)	(50.0, 3.9716925134343724)	(51.0, 4.118465239396346)	(52.0, 4.20297652552247)	(53.0, 4.206927817109972)	(54.0, 4.169380453852455)	(55.0, 4.089000641200795)	(56.0, 3.9370789000707744)	(57.0, 3.7079570706262084)	(58.0, 3.4096610970850434)	(59.0, 3.0573322390934687)	(60.0, 2.690256129150429)	(61.0, 2.313465150165192)	(62.0, 1.9525593352972062)	(63.0, 1.6167473994912727)	(64.0, 1.2936431463935292)	(65.0, 1.018704277958358)	(66.0, 0.8073359716995712)	(67.0, 0.6542337027707481)	(68.0, 0.5378773241416746)	(69.0, 0.4470357474060182)	(70.0, 0.3688457801772157)	(71.0, 0.31829018185234503)	(72.0, 0.28735796106715017)	(73.0, 0.2473501057349928)	(74.0, 0.21087934794313365)	(75.0, 0.18852632696240337)	(76.0, 0.16960349061808988)	(77.0, 0.14757046070631913)	(78.0, 0.12462156850605434)	(79.0, 0.10742728204827)	(80.0, 0.09748961548609637)	(81.0, 0.08492697545869617)	(82.0, 0.07383195802093988)	(83.0, 0.06017402146076925)	(84.0, 0.04039064838661363)	(85.0, 0.02638879619157994)	(86.0, 0.015332656173416857)	(87.0, 0.007091390862339521)	(88.0, 0.0032365451811352435)	(89.0, 0.0015879930618459821)	(90.0, 0.0006407297806035814)	(91.0, 0.0002093399516557792)	(92.0, 5.3830273282914654e-05)	(93.0, 2.8410422010427177e-05)	(94.0, 1.869106711212314e-05)	(95.0, 1.570049637418344e-05)	(96.0, 1.2709925636243737e-05)	(97.0, 1.0466997582788961e-05)	(98.0, 0.0001599955344797741)	(99.0, 0.00018765831380571638)	(100.0, 4.112034764667092e-05)
fastp | SRR35329995_2	(0.0, 2.5447026225712715e-05)	(1.0, 2.993767791260319e-05)	(2.0, 2.2453258434452393e-05)	(3.0, 1.4968838956301595e-05)	(4.0, 1.2723513112856357e-05)	(5.0, 1.4220397008486515e-05)	(6.0, 2.993767791260319e-05)	(7.0, 3.143456180823335e-05)	(8.0, 3.143456180823335e-05)	(9.0, 4.7151842712350026e-05)	(10.0, 7.03535430946175e-05)	(11.0, 9.804589516377545e-05)	(12.0, 0.00016390878657150247)	(13.0, 0.0002821626143262851)	(14.0, 0.0004677762173844249)	(15.0, 0.000712516734319956)	(16.0, 0.0011428708543136268)	(17.0, 0.0018740986373289598)	(18.0, 0.0030693604279896426)	(19.0, 0.005344623949347485)	(20.0, 0.00988467280479376)	(21.0, 0.017152792560026)	(22.0, 0.028190065964454978)	(23.0, 0.044639323093534806)	(24.0, 0.06795778041966143)	(25.0, 0.10168107770431328)	(26.0, 0.152023528440199)	(27.0, 0.22257241488319623)	(28.0, 0.3088902247247094)	(29.0, 0.4147932634566476)	(30.0, 0.5359727507854393)	(31.0, 0.6724032396848589)	(32.0, 0.8290588753400855)	(33.0, 0.9865273189506393)	(34.0, 1.1407677324402665)	(35.0, 1.3080811814323796)	(36.0, 1.5001381212192595)	(37.0, 1.6889475713945699)	(38.0, 1.8587855150766632)	(39.0, 2.0217190817901627)	(40.0, 2.16038366990381)	(41.0, 2.288132232208575)	(42.0, 2.4401445340195567)	(43.0, 2.600852234380254)	(44.0, 2.7800636650167836)	(45.0, 2.999164806146014)	(46.0, 3.2590874679929738)	(47.0, 3.4213683933279784)	(48.0, 3.5154303320035343)	(49.0, 3.6669389323836366)	(50.0, 3.8086002820563354)	(51.0, 3.93298160403788)	(52.0, 4.0501322283615835)	(53.0, 4.130693022740503)	(54.0, 4.1455136701911375)	(55.0, 4.08923532636713)	(56.0, 3.9528609706137967)	(57.0, 3.7551226080010527)	(58.0, 3.502732265916903)	(59.0, 3.1867527990624893)	(60.0, 2.8399292910966687)	(61.0, 2.4953645809293534)	(62.0, 2.1463114644009913)	(63.0, 1.790734179413525)	(64.0, 1.459362255460346)	(65.0, 1.1856944572417623)	(66.0, 0.969832572862676)	(67.0, 0.7975636897340791)	(68.0, 0.6589919084219605)	(69.0, 0.5485720225349584)	(70.0, 0.4642937170012413)	(71.0, 0.4055200677232187)	(72.0, 0.36193230556636413)	(73.0, 0.32180159676646736)	(74.0, 0.284502243855155)	(75.0, 0.2523671403837668)	(76.0, 0.22951645927502454)	(77.0, 0.20871950287108693)	(78.0, 0.1818025366598654)	(79.0, 0.1541371285008288)	(80.0, 0.13458108884636857)	(81.0, 0.12174081878965307)	(82.0, 0.10734828013316908)	(83.0, 0.08757219854605122)	(84.0, 0.06547894068849788)	(85.0, 0.04750435886977093)	(86.0, 0.0319479929844345)	(87.0, 0.018193875309436773)	(88.0, 0.008599597980395267)	(89.0, 0.0034128952820367637)	(90.0, 0.00145272582070907)	(91.0, 0.0007012901051027297)	(92.0, 0.0004924748016623225)	(93.0, 0.00043559321362837645)	(94.0, 0.00043484477168056134)	(95.0, 0.0003921835806551018)	(96.0, 0.0003637427866381288)	(97.0, 0.0003772147416988002)	(98.0, 0.0003959257903941772)	(99.0, 0.0004191274907764447)	(100.0, 0.001342704854380253)
fastp | SRR35329996_1	(0.0, 1.8679699243766386e-05)	(1.0, 2.2571303252884383e-05)	(2.0, 1.7123057640119188e-05)	(3.0, 7.004887216412394e-06)	(4.0, 5.448245612765196e-06)	(5.0, 4.6699248109415965e-06)	(6.0, 4.6699248109415965e-06)	(7.0, 7.004887216412394e-06)	(8.0, 8.561528820059594e-06)	(9.0, 1.4788095234648389e-05)	(10.0, 2.8019548865649576e-05)	(11.0, 4.202932329847437e-05)	(12.0, 7.238383456959475e-05)	(13.0, 0.00020703333328507743)	(14.0, 0.0003268947367659118)	(15.0, 0.00045843095227410003)	(16.0, 0.0007977788218691893)	(17.0, 0.0015379619044034326)	(18.0, 0.002721787843977127)	(19.0, 0.004511147367369582)	(20.0, 0.007914744233744183)	(21.0, 0.014646440848716495)	(22.0, 0.02439179560834978)	(23.0, 0.037897996482394704)	(24.0, 0.058406749610446555)	(25.0, 0.08890914183391341)	(26.0, 0.1318919081146217)	(27.0, 0.18980831561991937)	(28.0, 0.26513653778281276)	(29.0, 0.3596293530490087)	(30.0, 0.47813103008905716)	(31.0, 0.6145504303078867)	(32.0, 0.7594924433066848)	(33.0, 0.9156959799870683)	(34.0, 1.0910236370890596)	(35.0, 1.2661629405570096)	(36.0, 1.4497034387598435)	(37.0, 1.6602508904651547)	(38.0, 1.8579801768852326)	(39.0, 2.0256577188261)	(40.0, 2.1925265854538725)	(41.0, 2.3453810077240087)	(42.0, 2.4988191705955134)	(43.0, 2.6846315872188704)	(44.0, 2.8796165144917185)	(45.0, 3.071148810687677)	(46.0, 3.2597157046286878)	(47.0, 3.447045846815601)	(48.0, 3.629477237875836)	(49.0, 3.808451327934371)	(50.0, 3.946682658979846)	(51.0, 4.057239237274879)	(52.0, 4.178486830103761)	(53.0, 4.249594996879167)	(54.0, 4.233564701644808)	(55.0, 4.163789798402926)	(56.0, 4.037207594798345)	(57.0, 3.84350845349011)	(58.0, 3.5853814728485203)	(59.0, 3.2584649431001576)	(60.0, 2.895483362357694)	(61.0, 2.5229961496625597)	(62.0, 2.148633962155832)	(63.0, 1.7976836643679586)	(64.0, 1.471013083992972)	(65.0, 1.1679046092515912)	(66.0, 0.914316795526237)	(67.0, 0.7283245867976587)	(68.0, 0.5904676280578609)	(69.0, 0.48139141592789625)	(70.0, 0.3998669818616851)	(71.0, 0.33264964077459547)	(72.0, 0.2872891044443161)	(73.0, 0.2542174752540295)	(74.0, 0.21697326824516666)	(75.0, 0.18695888316444317)	(76.0, 0.1650717238963617)	(77.0, 0.14486028931460648)	(78.0, 0.12450642202611756)	(79.0, 0.10493943706827225)	(80.0, 0.09063000912674539)	(81.0, 0.07919491990635306)	(82.0, 0.06556652266642184)	(83.0, 0.0530690255515403)	(84.0, 0.03951223382537685)	(85.0, 0.025110185708432965)	(86.0, 0.015497145485109687)	(87.0, 0.008653370674674778)	(88.0, 0.004258193106776912)	(89.0, 0.0020687766912471273)	(90.0, 0.0009332066413864957)	(91.0, 0.0004218498745883909)	(92.0, 0.00018757531323948745)	(93.0, 4.669924810941597e-05)	(94.0, 2.8019548865649576e-05)	(95.0, 1.4788095234648389e-05)	(96.0, 1.0118170423706792e-05)	(97.0, 1.323145363100119e-05)	(98.0, 4.4364285703945166e-05)	(99.0, 0.00019302355885225268)	(100.0, 0.00016811729319389748)
fastp | SRR35329996_2	(0.0, 3.578151885484578e-05)	(1.0, 4.6671546332407544e-05)	(2.0, 3.733723706592603e-05)	(3.0, 1.5557182110802512e-05)	(4.0, 1.4001463899722263e-05)	(5.0, 2.178005495512352e-05)	(6.0, 3.578151885484578e-05)	(7.0, 4.044867348808654e-05)	(8.0, 4.200439169916679e-05)	(9.0, 3.889295527700628e-05)	(10.0, 6.37844466542903e-05)	(11.0, 0.00010578883835345709)	(12.0, 0.0001625725530578863)	(13.0, 0.0002675835323058033)	(14.0, 0.0004309339444692296)	(15.0, 0.0006728481262922087)	(16.0, 0.0011224506892944014)	(17.0, 0.001869973289718462)	(18.0, 0.0031767765870258733)	(19.0, 0.005478461680319105)	(20.0, 0.009920815032058763)	(21.0, 0.017294141493473615)	(22.0, 0.02852798269568411)	(23.0, 0.04484513315259933)	(24.0, 0.06814201336352609)	(25.0, 0.10131848207391798)	(26.0, 0.15071253527571596)	(27.0, 0.21986654333554975)	(28.0, 0.30636525373071727)	(29.0, 0.4140567354563255)	(30.0, 0.5365088715686632)	(31.0, 0.6760560172434562)	(32.0, 0.8354370143913114)	(33.0, 0.9931440587440441)	(34.0, 1.1461613905494754)	(35.0, 1.3118282671292003)	(36.0, 1.5019549232826346)	(37.0, 1.6911528156640536)	(38.0, 1.8692895515646921)	(39.0, 2.042512551495634)	(40.0, 2.191455457306246)	(41.0, 2.336491954688836)	(42.0, 2.5086376197586047)	(43.0, 2.684275094353143)	(44.0, 2.9275404174424446)	(45.0, 3.1972552836974284)	(46.0, 3.3327824535147896)	(47.0, 3.438926773479479)	(48.0, 3.593767407028296)	(49.0, 3.7445678403829383)	(50.0, 3.8849325159776535)	(51.0, 4.005374664161276)	(52.0, 4.098839102846555)	(53.0, 4.149789652118539)	(54.0, 4.145850573608083)	(55.0, 4.071799942478875)	(56.0, 3.925097270892218)	(57.0, 3.7150480873276903)	(58.0, 3.4426044913304725)	(59.0, 3.114047695177801)	(60.0, 2.760579961170207)	(61.0, 2.4125167922279056)	(62.0, 2.0664597219187923)	(63.0, 1.7190585110753058)	(64.0, 1.3992946342516597)	(65.0, 1.136982653104102)	(66.0, 0.9275650911332728)	(67.0, 0.7589431278116009)	(68.0, 0.6250160141743354)	(69.0, 0.5192691802125774)	(70.0, 0.43837027751819324)	(71.0, 0.38067491194207104)	(72.0, 0.336959230210716)	(73.0, 0.2995239828974919)	(74.0, 0.26654120110437945)	(75.0, 0.23771763194859014)	(76.0, 0.21454598705365532)	(77.0, 0.1918566148041554)	(78.0, 0.16643540137599855)	(79.0, 0.14135333451785717)	(80.0, 0.12035813940022365)	(81.0, 0.10354860412950154)	(82.0, 0.08695064653548633)	(83.0, 0.06778108673855547)	(84.0, 0.04884877396881435)	(85.0, 0.03424446926229849)	(86.0, 0.02234322494753457)	(87.0, 0.012735109275902937)	(88.0, 0.006556574400597719)	(89.0, 0.0028788565496040055)	(90.0, 0.0012399074142309605)	(91.0, 0.0006604023806035667)	(92.0, 0.00046827118153515564)	(93.0, 0.00040370887577532527)	(94.0, 0.0003951524256143838)	(95.0, 0.00040370887577532527)	(96.0, 0.00038581811634790235)	(97.0, 0.00037492808887034057)	(98.0, 0.0003694830751315597)	(99.0, 0.0003834845390312819)	(100.0, 0.0011465643215661453)
