Sample	0	1	2	3	4	5	6	7	8	9	10	11	12	13	14	15	16	17	18	19	20	21	22	23	24	25	26	27	28	29	30	31	32	33	34	35	36	37	38	39	40	41	42	43	44	45	46	47	48	49	50	51	52	53	54	55	56	57	58	59	60	61	62	63	64	65	66	67	68	69	70	71	72	73	74	75	76	77	78	79	80	81	82	83	84	85	86	87	88	89	90	91	92	93	94	95	96	97	98	99	100
fastqc_fastp_trim | SRR30333743_1	(0.0, 0.0001274790256786161)	(1.0, 8.397427882004079e-05)	(2.0, 3.743431706435553e-05)	(3.0, 2.6305195774952534e-05)	(4.0, 1.8211289382659446e-05)	(5.0, 2.52934574759159e-05)	(6.0, 2.9340410672062444e-05)	(7.0, 2.52934574759159e-05)	(8.0, 1.8211289382659446e-05)	(9.0, 1.1129121289402995e-05)	(10.0, 2.52934574759159e-05)	(11.0, 3.94577936624288e-05)	(12.0, 4.755170005472189e-05)	(13.0, 7.58803724277477e-05)	(14.0, 0.00013860814696801913)	(15.0, 0.0002357350236755362)	(16.0, 0.0004461765898751565)	(17.0, 0.0008812240584609098)	(18.0, 0.0015165957102559174)	(19.0, 0.0025242870560964067)	(20.0, 0.004164314838834794)	(21.0, 0.006977959048455678)	(22.0, 0.010917667984904338)	(23.0, 0.016362843510319514)	(24.0, 0.023999444191448043)	(25.0, 0.03385377522406487)	(26.0, 0.04599564655080354)	(27.0, 0.06217637716729646)	(28.0, 0.08143481568945883)	(29.0, 0.10433854730305019)	(30.0, 0.1346805788911589)	(31.0, 0.17050319684514909)	(32.0, 0.212837362491739)	(33.0, 0.26490040362186523)	(34.0, 0.3378720284398827)	(35.0, 0.42325262349558435)	(36.0, 0.5240197346030352)	(37.0, 0.641631276651147)	(38.0, 0.7678506881474626)	(39.0, 0.9199412596884439)	(40.0, 1.0969246403389228)	(41.0, 1.2973297626120994)	(42.0, 1.5499436163304638)	(43.0, 1.8670831035464877)	(44.0, 2.2201726877421804)	(45.0, 2.6039280597816736)	(46.0, 2.9668315054780217)	(47.0, 3.300441080464063)	(48.0, 3.6483364002325014)	(49.0, 3.9678130029193)	(50.0, 4.2381950046453465)	(51.0, 4.5291638572801896)	(52.0, 4.825199495316608)	(53.0, 5.023563941440628)	(54.0, 5.12342655850874)	(55.0, 5.172402786088505)	(56.0, 5.110381204880961)	(57.0, 4.919272945837632)	(58.0, 4.663466046047509)	(59.0, 4.324152290531499)	(60.0, 3.8915026417144616)	(61.0, 3.4084643786522046)	(62.0, 2.9241351375203766)	(63.0, 2.4628978113257607)	(64.0, 2.0078027483445964)	(65.0, 1.5796401588837872)	(66.0, 1.2357958392646913)	(67.0, 0.9918495475541738)	(68.0, 0.801803613724833)	(69.0, 0.6440473077092466)	(70.0, 0.5255757881069536)	(71.0, 0.4314649032688647)	(72.0, 0.36967905708499643)	(73.0, 0.3173782574545965)	(74.0, 0.2593277490707715)	(75.0, 0.21665262761740617)	(76.0, 0.18815094799524512)	(77.0, 0.149181823931251)	(78.0, 0.10313761394209371)	(79.0, 0.0727156550283611)	(80.0, 0.05647523185222502)	(81.0, 0.04488576963676035)	(82.0, 0.032903752961269475)	(83.0, 0.01911983037519435)	(84.0, 0.009528551300327037)	(85.0, 0.005556466738309205)	(86.0, 0.0030787196439684833)	(87.0, 0.0015864056528894453)	(88.0, 0.0009409166181040714)	(89.0, 0.0006191838390104212)	(90.0, 0.00041885965580116727)	(91.0, 0.0002984627982158076)	(92.0, 0.00024484066836686594)	(93.0, 0.00020740635130251037)	(94.0, 0.00017503072573333802)	(95.0, 0.00016592508104200832)	(96.0, 0.00015580769805164193)	(97.0, 0.00015277248315453203)	(98.0, 0.00012140859588439631)	(99.0, 6.171603624123479e-05)	(100.0, 2.731693407398917e-05)
fastqc_fastp_trim | SRR30333743_2	(0.0, 0.0010706384045787703)	(1.0, 0.0005950239904464244)	(2.0, 8.601537276861576e-05)	(3.0, 5.7680897033071755e-05)	(4.0, 4.452560472728346e-05)	(5.0, 3.541809466943002e-05)	(6.0, 4.351365916529974e-05)	(7.0, 3.339420354546259e-05)	(8.0, 3.0358366859511448e-05)	(9.0, 4.2501713603316024e-05)	(10.0, 4.9585332537202026e-05)	(11.0, 5.363311478513689e-05)	(12.0, 6.476451596695775e-05)	(13.0, 9.309899170250177e-05)	(14.0, 0.00013357681418185035)	(15.0, 0.00018822187452897097)	(16.0, 0.00036430040231413737)	(17.0, 0.0005980598271323755)	(18.0, 0.000975515521752301)	(19.0, 0.0017253671831822337)	(20.0, 0.003070242835058591)	(21.0, 0.005026333606373112)	(22.0, 0.008078361421315997)	(23.0, 0.011783094123738376)	(24.0, 0.016038325211879898)	(25.0, 0.021537237395699405)	(26.0, 0.029769414542436926)	(27.0, 0.04122666219521654)	(28.0, 0.053365961156773195)	(29.0, 0.06911284604680178)	(30.0, 0.09192007512279074)	(31.0, 0.12230677645803772)	(32.0, 0.16071011053531972)	(33.0, 0.20478337559639645)	(34.0, 0.2568459508693346)	(35.0, 0.32535162957894614)	(36.0, 0.41750445218099314)	(37.0, 0.5364586529921788)	(38.0, 0.6917680100631914)	(39.0, 0.892067454874438)	(40.0, 1.1146246423215165)	(41.0, 1.3682262957191313)	(42.0, 1.6774900147536602)	(43.0, 2.001676894990763)	(44.0, 2.346365792313656)	(45.0, 2.738125337452222)	(46.0, 3.085568750594834)	(47.0, 3.380070207771145)	(48.0, 3.688268348128905)	(49.0, 3.978005565599396)	(50.0, 4.236647719841252)	(51.0, 4.509257758675169)	(52.0, 4.764588827038214)	(53.0, 4.967329084544965)	(54.0, 5.08276272674601)	(55.0, 5.0911143134690615)	(56.0, 5.002417284961188)	(57.0, 4.821840659153005)	(58.0, 4.565197097396067)	(59.0, 4.209510375705535)	(60.0, 3.7822477324703327)	(61.0, 3.3482728543224924)	(62.0, 2.90263530357279)	(63.0, 2.4258966179210804)	(64.0, 1.975765016930608)	(65.0, 1.5988689282064594)	(66.0, 1.3032179008717355)	(67.0, 1.0669559346787114)	(68.0, 0.866785006953837)	(69.0, 0.7142686196338993)	(70.0, 0.5935455379803661)	(71.0, 0.4931139887357303)	(72.0, 0.42453848578234193)	(73.0, 0.3630111836681701)	(74.0, 0.30831957382519826)	(75.0, 0.26522789595924573)	(76.0, 0.22339609031796293)	(77.0, 0.1868334852179293)	(78.0, 0.1444997545779026)	(79.0, 0.10007838024350345)	(80.0, 0.06959453213430603)	(81.0, 0.05451755520631066)	(82.0, 0.041564652012919104)	(83.0, 0.02412680608881573)	(84.0, 0.011660648710738348)	(85.0, 0.00637120925824947)	(86.0, 0.004788526399306939)	(87.0, 0.00391724127043896)	(88.0, 0.0036561593154471614)	(89.0, 0.0037593777627695007)	(90.0, 0.004056889757992713)	(91.0, 0.004514289152009352)	(92.0, 0.005018238041877242)	(93.0, 0.00557076031872035)	(94.0, 0.00601196858374525)	(95.0, 0.006540204167100749)	(96.0, 0.00750458828767123)	(97.0, 0.009328114190365883)	(98.0, 0.011437008741539946)	(99.0, 0.011990542963945037)	(100.0, 0.022494537897336)
fastqc_fastp_trim | SRR30333744_1	(0.0, 4.767251650819792e-05)	(1.0, 3.8592037173303084e-05)	(2.0, 2.0431078503513397e-05)	(3.0, 1.5890838836065976e-05)	(4.0, 1.8160958669789686e-05)	(5.0, 1.5890838836065976e-05)	(6.0, 2.0431078503513397e-05)	(7.0, 1.702589875292783e-05)	(8.0, 1.248565908548041e-05)	(9.0, 1.8160958669789686e-05)	(10.0, 1.8160958669789686e-05)	(11.0, 2.8376497921546385e-05)	(12.0, 4.880757642505978e-05)	(13.0, 6.696853509484947e-05)	(14.0, 0.00011804623135363296)	(15.0, 0.00018728488628220612)	(16.0, 0.0003427880948922803)	(17.0, 0.0006787658302833895)	(18.0, 0.0011793272536194679)	(19.0, 0.0018649034434040281)	(20.0, 0.0029954231205984363)	(21.0, 0.005030585551531743)	(22.0, 0.0078557496846009)	(23.0, 0.012048661017488594)	(24.0, 0.017610454610111688)	(25.0, 0.024819220142101327)	(26.0, 0.033909915016247925)	(27.0, 0.04540807197405852)	(28.0, 0.05936249859195817)	(29.0, 0.07587421520254758)	(30.0, 0.09807144693669803)	(31.0, 0.12562843159827014)	(32.0, 0.15812065677835763)	(33.0, 0.198994164384553)	(34.0, 0.25525794940347835)	(35.0, 0.32565436544725057)	(36.0, 0.4169926369571241)	(37.0, 0.5325757882911669)	(38.0, 0.6769020618999023)	(39.0, 0.8617136526232664)	(40.0, 1.0752763110407415)	(41.0, 1.3248759867586635)	(42.0, 1.6212957489872202)	(43.0, 1.9600316799763036)	(44.0, 2.323155508339081)	(45.0, 2.7042847921630377)	(46.0, 3.0625562393812307)	(47.0, 3.3954738532364805)	(48.0, 3.7385252820294728)	(49.0, 4.058247824351203)	(50.0, 4.342001452967499)	(51.0, 4.6353599586002785)	(52.0, 4.932262121293501)	(53.0, 5.136806728671509)	(54.0, 5.2320791178532255)	(55.0, 5.273047970492438)	(56.0, 5.206926190095567)	(57.0, 5.007878677894921)	(58.0, 4.728019439853379)	(59.0, 4.366479020074624)	(60.0, 3.910684359859578)	(61.0, 3.4041320902823022)	(62.0, 2.902022445219625)	(63.0, 2.428004398039361)	(64.0, 1.9684265831214138)	(65.0, 1.532444393755191)	(66.0, 1.1840683988921998)	(67.0, 0.9349034511224357)	(68.0, 0.7423473465863232)	(69.0, 0.5882856640706636)	(70.0, 0.4715697229395927)	(71.0, 0.3802212358904674)	(72.0, 0.32360558229731495)	(73.0, 0.27356192562279263)	(74.0, 0.21507455822673494)	(75.0, 0.17204557183841887)	(76.0, 0.1448438609308245)	(77.0, 0.11362744309728975)	(78.0, 0.07694003646448086)	(79.0, 0.052154868119885386)	(80.0, 0.03857387621463329)	(81.0, 0.03009611369559209)	(82.0, 0.02175001812690687)	(83.0, 0.011772841457691164)	(84.0, 0.005638977666969697)	(85.0, 0.0032337857031394255)	(86.0, 0.0016515121790339996)	(87.0, 0.0008819415554016615)	(88.0, 0.0005709351381815133)	(89.0, 0.00039613591098478754)	(90.0, 0.00031895183663818136)	(91.0, 0.0002792247395480164)	(92.0, 0.00028035979946487824)	(93.0, 0.000274684499880569)	(94.0, 0.00023836258254098961)	(95.0, 0.0002111211445363051)	(96.0, 0.00020771596478571952)	(97.0, 0.00020431078503513399)	(98.0, 0.00016685380777869274)	(99.0, 8.6264553681501e-05)	(100.0, 3.405179750585566e-05)
fastqc_fastp_trim | SRR30333744_2	(0.0, 0.0004609295925846737)	(1.0, 0.00025430598211568205)	(2.0, 3.860001514255888e-05)	(3.0, 2.6111774949378066e-05)	(4.0, 2.384118582334519e-05)	(5.0, 2.2705891260328754e-05)	(6.0, 2.497648038636163e-05)	(7.0, 2.8382364075410943e-05)	(8.0, 2.384118582334519e-05)	(9.0, 1.930000757127944e-05)	(10.0, 2.6111774949378066e-05)	(11.0, 3.632942601652601e-05)	(12.0, 4.427648795764107e-05)	(13.0, 6.130590640288764e-05)	(14.0, 0.00010104121610846295)	(15.0, 0.00017142947901548208)	(16.0, 0.00028382364075410944)	(17.0, 0.0004541178252065751)	(18.0, 0.0006970708616920927)	(19.0, 0.0011307533847643718)	(20.0, 0.002172953793613462)	(21.0, 0.003701060275433587)	(22.0, 0.005938725859138985)	(23.0, 0.008507897455245184)	(24.0, 0.01150848098529763)	(25.0, 0.015871417990969798)	(26.0, 0.021899832120587083)	(27.0, 0.030156829477405635)	(28.0, 0.03958431552869413)	(29.0, 0.051734237942096056)	(30.0, 0.06928248600264113)	(31.0, 0.09198383608471782)	(32.0, 0.12075560619524339)	(33.0, 0.15741540292960718)	(34.0, 0.20581187485643493)	(35.0, 0.2714932065051879)	(36.0, 0.3638289839044408)	(37.0, 0.49100468085354215)	(38.0, 0.6675373089297831)	(39.0, 0.8965727693672823)	(40.0, 1.1480893327416328)	(41.0, 1.4287375546029855)	(42.0, 1.7566855538432915)	(43.0, 2.087327607081636)	(44.0, 2.417107971746651)	(45.0, 2.7825502092251377)	(46.0, 3.1215582480983506)	(47.0, 3.4129077565106956)	(48.0, 3.722481013248581)	(49.0, 4.0229401252345705)	(50.0, 4.294924914285544)	(51.0, 4.576616471850309)	(52.0, 4.826394899248681)	(53.0, 5.023552423651242)	(54.0, 5.132667854691878)	(55.0, 5.14332372946035)	(56.0, 5.06594205204515)	(57.0, 4.8748912770970545)	(58.0, 4.5995392043721735)	(59.0, 4.2250588868775125)	(60.0, 3.7809963656155743)	(61.0, 3.342770393702103)	(62.0, 2.893920335267924)	(63.0, 2.4080823799706703)	(64.0, 1.9524216894529558)	(65.0, 1.5728132464171496)	(66.0, 1.2716445753292749)	(67.0, 1.032690046294701)	(68.0, 0.8284017367418341)	(69.0, 0.6719672283146733)	(70.0, 0.55398174085319)	(71.0, 0.45998956868649615)	(72.0, 0.3923248774361534)	(73.0, 0.32973381758793113)	(74.0, 0.27258422458024667)	(75.0, 0.2274914598317968)	(76.0, 0.1868660791888166)	(77.0, 0.1516367536038535)	(78.0, 0.11407893887014373)	(79.0, 0.07814459536154744)	(80.0, 0.05270377949891209)	(81.0, 0.03938450368560324)	(82.0, 0.02939391153105859)	(83.0, 0.016875018384676328)	(84.0, 0.00833079150341462)	(85.0, 0.004738719506030611)	(86.0, 0.0038668132816339867)	(87.0, 0.003771448538340606)	(88.0, 0.004007589807448025)	(89.0, 0.004450354687024436)	(90.0, 0.0050282196195998025)	(91.0, 0.005541372762083233)	(92.0, 0.00606133767194476)	(93.0, 0.00671526734024223)	(94.0, 0.007139867506810376)	(95.0, 0.007701838315503514)	(96.0, 0.008999480001031302)	(97.0, 0.01150166921791953)	(98.0, 0.014689576350869689)	(99.0, 0.016076906306875773)	(100.0, 0.02649323392255159)
fastqc_fastp_trim | SRR30333745_1	(0.0, 0.00012650153299489098)	(1.0, 7.933146984425368e-05)	(2.0, 3.64495942527652e-05)	(3.0, 3.4305500473190774e-05)	(4.0, 3.323345358340356e-05)	(5.0, 3.64495942527652e-05)	(6.0, 3.108935980382914e-05)	(7.0, 3.108935980382914e-05)	(8.0, 2.787321913446751e-05)	(9.0, 2.894526602425472e-05)	(10.0, 3.108935980382914e-05)	(11.0, 3.216140669361635e-05)	(12.0, 5.2530297599573376e-05)	(13.0, 7.504328228510482e-05)	(14.0, 0.00011042082964808282)	(15.0, 0.00018332001815361322)	(16.0, 0.0003430550047319078)	(17.0, 0.0007075509472595598)	(18.0, 0.0012028366103412516)	(19.0, 0.0019811426523267672)	(20.0, 0.003316913077001633)	(21.0, 0.005445998200119036)	(22.0, 0.008430576741286635)	(23.0, 0.012932101631503136)	(24.0, 0.019157477920497473)	(25.0, 0.02703380641976412)	(26.0, 0.036390631673826904)	(27.0, 0.049588600933997265)	(28.0, 0.0659405321439216)	(29.0, 0.0847367302625608)	(30.0, 0.10984621251515687)	(31.0, 0.1392760437335954)	(32.0, 0.17520783933859338)	(33.0, 0.22031421222639033)	(34.0, 0.2805192935099503)	(35.0, 0.3545795087971203)	(36.0, 0.44642819812652945)	(37.0, 0.5563955519402323)	(38.0, 0.6820651765486484)	(39.0, 0.8410465141634226)	(40.0, 1.0285839647814587)	(41.0, 1.2469974378722561)	(42.0, 1.517483444540688)	(43.0, 1.8463263236546865)	(44.0, 2.2132472362470375)	(45.0, 2.599725500249776)	(46.0, 2.9629156896656674)	(47.0, 3.3081287247867164)	(48.0, 3.6673019545065753)	(49.0, 3.9953740319068167)	(50.0, 4.274451422350004)	(51.0, 4.573271628315512)	(52.0, 4.885175094523983)	(53.0, 5.1050154620250865)	(54.0, 5.217538575624042)	(55.0, 5.270839674937373)	(56.0, 5.213966515387272)	(57.0, 5.022655459717184)	(58.0, 4.74860382509332)	(59.0, 4.395944352275809)	(60.0, 3.951189619344237)	(61.0, 3.453340692149064)	(62.0, 2.95826515025777)	(63.0, 2.486387631014582)	(64.0, 2.019479049105558)	(65.0, 1.578047661532327)	(66.0, 1.2273779077422604)	(67.0, 0.977445184044829)	(68.0, 0.7838142189052424)	(69.0, 0.6254225070798513)	(70.0, 0.507980842350552)	(71.0, 0.4175965690725922)	(72.0, 0.361060032245884)	(73.0, 0.3111187278851467)	(74.0, 0.25140571612399903)	(75.0, 0.20628540662663486)	(76.0, 0.18089612013580433)	(77.0, 0.14593559901295358)	(78.0, 0.09921043532157794)	(79.0, 0.06849200374161518)	(80.0, 0.053632361802274625)	(81.0, 0.04350151869378548)	(82.0, 0.032813211202606975)	(83.0, 0.019065281887975773)	(84.0, 0.009370761863630018)	(85.0, 0.0055285458106326514)	(86.0, 0.002880589992858238)	(87.0, 0.0013775802533765671)	(88.0, 0.0007622253386387075)	(89.0, 0.0004931415693021174)	(90.0, 0.00038593688032339624)	(91.0, 0.00031946997315658907)	(92.0, 0.000268011722446803)	(93.0, 0.00023906645642254824)	(94.0, 0.00022620189374510167)	(95.0, 0.00022727394063488889)	(96.0, 0.00022941803441446334)	(97.0, 0.00020368890905957026)	(98.0, 0.00017688773681488995)	(99.0, 0.00010827673586850839)	(100.0, 5.681848515872222e-05)
fastqc_fastp_trim | SRR30333745_2	(0.0, 0.0008320757748247261)	(1.0, 0.00047608459281208554)	(2.0, 8.149195732819482e-05)	(3.0, 3.9673716067673795e-05)	(4.0, 3.7529190874826564e-05)	(5.0, 3.7529190874826564e-05)	(6.0, 3.7529190874826564e-05)	(7.0, 2.6806564910590403e-05)	(8.0, 1.930072673562509e-05)	(9.0, 2.7878827507014016e-05)	(10.0, 3.645692827840295e-05)	(11.0, 3.7529190874826564e-05)	(12.0, 5.146860462833357e-05)	(13.0, 7.827516953892397e-05)	(14.0, 9.435910848527822e-05)	(15.0, 0.00015655033907784795)	(16.0, 0.00028200506285941103)	(17.0, 0.0004471335027086479)	(18.0, 0.0007312830907609062)	(19.0, 0.0013049435798475409)	(20.0, 0.0024640594465814695)	(21.0, 0.004137861359598734)	(22.0, 0.006526862424430551)	(23.0, 0.009458428363052718)	(24.0, 0.012916475236518878)	(25.0, 0.017556155491243865)	(26.0, 0.024488333177122543)	(27.0, 0.03404112064866054)	(28.0, 0.04420724232535284)	(29.0, 0.05727168980017818)	(30.0, 0.07632365161343299)	(31.0, 0.10162154305085537)	(32.0, 0.1331782312636024)	(33.0, 0.17164136285991394)	(34.0, 0.22034352998947454)	(35.0, 0.2826880941333329)	(36.0, 0.3685259317648326)	(37.0, 0.4847624140049418)	(38.0, 0.6407315867555282)	(39.0, 0.8444496851874546)	(40.0, 1.0739943005168402)	(41.0, 1.3370031592180105)	(42.0, 1.6530815106039747)	(43.0, 1.9833330289894664)	(44.0, 2.326828062703386)	(45.0, 2.710299190537171)	(46.0, 3.064595125384866)	(47.0, 3.3682277248141412)	(48.0, 3.680990640251964)	(49.0, 3.9827264071481654)	(50.0, 4.255033927085521)	(51.0, 4.538535868529539)	(52.0, 4.803797550945796)	(53.0, 5.024742620251865)	(54.0, 5.147003073758682)	(55.0, 5.155590824893438)	(56.0, 5.079386194428208)	(57.0, 4.8922281195354484)	(58.0, 4.622115521132971)	(59.0, 4.258898361483032)	(60.0, 3.818418248185193)	(61.0, 3.378827040579788)	(62.0, 2.928438148628399)	(63.0, 2.441604123287166)	(64.0, 1.9840900463825413)	(65.0, 1.6039879676267195)	(66.0, 1.3032451158948057)	(67.0, 1.0612300865690136)	(68.0, 0.8559078832928373)	(69.0, 0.6997960996169267)	(70.0, 0.5858006462033428)	(71.0, 0.49136862386150776)	(72.0, 0.4213863332433241)	(73.0, 0.35840698964238293)	(74.0, 0.3031983330777238)	(75.0, 0.26139081444316703)	(76.0, 0.22090754011519337)	(77.0, 0.18570408681200964)	(78.0, 0.1443662191946864)	(79.0, 0.10039380237795033)	(80.0, 0.06999194098155154)	(81.0, 0.055681524369681955)	(82.0, 0.0429473337745551)	(83.0, 0.025246422832794043)	(84.0, 0.012367476787149988)	(85.0, 0.00682602368883274)	(86.0, 0.005359168456925234)	(87.0, 0.004661125506653459)	(88.0, 0.004533526257679049)	(89.0, 0.004850915986220439)	(90.0, 0.005442804939446275)	(91.0, 0.006166582192032217)	(92.0, 0.0067080748032261415)	(93.0, 0.0070855112371672555)	(94.0, 0.0076334374239397235)	(95.0, 0.00834756431315785)	(96.0, 0.009418754646985043)	(97.0, 0.011374561622861719)	(98.0, 0.014153866272791733)	(99.0, 0.015238996020372432)	(100.0, 0.026914863432829186)
fastqc_fastp_trim | SRR30333746_1	(0.0, 7.93567171366971e-05)	(1.0, 6.011872510355842e-05)	(2.0, 3.126173705385037e-05)	(3.0, 1.8035617531067524e-05)	(4.0, 1.4428494024854018e-05)	(5.0, 1.2023745020711683e-05)	(6.0, 2.0440366535209862e-05)	(7.0, 2.2845115539352197e-05)	(8.0, 1.8035617531067524e-05)	(9.0, 2.4047490041423366e-05)	(10.0, 2.8856988049708036e-05)	(11.0, 3.005936255177921e-05)	(12.0, 2.4047490041423366e-05)	(13.0, 6.132109960562958e-05)	(14.0, 0.00010340420717812047)	(15.0, 0.00014668968925268252)	(16.0, 0.00029578412750950735)	(17.0, 0.0006084014980480111)	(18.0, 0.0010628990598309128)	(19.0, 0.0016881338009079201)	(20.0, 0.002745020988228477)	(21.0, 0.004650784574011279)	(22.0, 0.007199818518402156)	(23.0, 0.011014952813473972)	(24.0, 0.016472530678375005)	(25.0, 0.023089197563272643)	(26.0, 0.03117516608970125)	(27.0, 0.04256045024981314)	(28.0, 0.0563120074300011)	(29.0, 0.07197293531947806)	(30.0, 0.09274996671526785)	(31.0, 0.11814772332251713)	(32.0, 0.14897420080661775)	(33.0, 0.18878722531919825)	(34.0, 0.24310208870125913)	(35.0, 0.31151118599659827)	(36.0, 0.40328362224168224)	(37.0, 0.5220132948232019)	(38.0, 0.6695458486018362)	(39.0, 0.8584617279927561)	(40.0, 1.0802625500153225)	(41.0, 1.339911716614085)	(42.0, 1.6510585831365558)	(43.0, 2.0037282507135523)	(44.0, 2.368046522466614)	(45.0, 2.7434206277662203)	(46.0, 3.1065605725072527)	(47.0, 3.4462566192069013)	(48.0, 3.7891990770621415)	(49.0, 4.107593857083097)	(50.0, 4.377670015363821)	(51.0, 4.660815984482058)	(52.0, 4.947409161297734)	(53.0, 5.139471654760574)	(54.0, 5.230278584280494)	(55.0, 5.266619151231094)	(56.0, 5.188765402221986)	(57.0, 4.9739900544150215)	(58.0, 4.689847316834567)	(59.0, 4.32686728790231)	(60.0, 3.868578639314378)	(61.0, 3.361592621018062)	(62.0, 2.8551596949926985)	(63.0, 2.3863069840295688)	(64.0, 1.9361211372110947)	(65.0, 1.505259853389908)	(66.0, 1.1658656026902792)	(67.0, 0.9282246989774274)	(68.0, 0.7404534801124792)	(69.0, 0.5850598018393036)	(70.0, 0.4719704680469998)	(71.0, 0.38296950502918986)	(72.0, 0.32991112300179337)	(73.0, 0.2849868044809083)	(74.0, 0.22329296877963667)	(75.0, 0.17586771129444356)	(76.0, 0.15079098867924728)	(77.0, 0.11968676268516822)	(78.0, 0.07889741007690591)	(79.0, 0.05236100481619524)	(80.0, 0.04092522092699635)	(81.0, 0.03361117683089744)	(82.0, 0.025290745276564955)	(83.0, 0.014327494566680041)	(84.0, 0.006673178486494984)	(85.0, 0.0037694440639931127)	(86.0, 0.0020332152830023456)	(87.0, 0.0011182082869261865)	(88.0, 0.0006769368446660677)	(89.0, 0.0004364619442518341)	(90.0, 0.0003510933546047811)	(91.0, 0.0002609152669494435)	(92.0, 0.00021041553786245443)	(93.0, 0.00019839179284174274)	(94.0, 0.00016472530678375005)	(95.0, 0.00013947544224025553)	(96.0, 0.00016232055777960772)	(97.0, 0.00015390393626510954)	(98.0, 0.00011422557769676098)	(99.0, 8.176146614083945e-05)	(100.0, 5.0499729086989064e-05)
fastqc_fastp_trim | SRR30333746_2	(0.0, 0.0006133227998950665)	(1.0, 0.00035235996150834214)	(2.0, 6.373746744007554e-05)	(3.0, 3.247003058267999e-05)	(4.0, 2.044409332983555e-05)	(5.0, 1.0823343527559997e-05)	(6.0, 1.803890587926666e-05)	(7.0, 2.2849280780404438e-05)	(8.0, 2.4051874505688883e-05)	(9.0, 2.645706195625777e-05)	(10.0, 2.5254468230973328e-05)	(11.0, 3.1267436857395545e-05)	(12.0, 4.449596783552443e-05)	(13.0, 5.652190508836887e-05)	(14.0, 9.861268547332442e-05)	(15.0, 0.00014912162193527108)	(16.0, 0.00023691096388103546)	(17.0, 0.00038603258581630656)	(18.0, 0.0006494006116535998)	(19.0, 0.0010907525088329907)	(20.0, 0.0020131418961261594)	(21.0, 0.003429797304511235)	(22.0, 0.0055259181676820205)	(23.0, 0.008024907928823096)	(24.0, 0.011154056802013219)	(25.0, 0.015282561060914716)	(26.0, 0.021497565433184724)	(27.0, 0.02990730335409884)	(28.0, 0.03906024419723875)	(29.0, 0.051023646576368396)	(30.0, 0.0678226783248668)	(31.0, 0.08927334260276541)	(32.0, 0.11778202945435846)	(33.0, 0.1546234882284474)	(34.0, 0.20386970127884538)	(35.0, 0.27064732565644)	(36.0, 0.3646228097250676)	(37.0, 0.4957836943732155)	(38.0, 0.676725946279513)	(39.0, 0.90890831163273)	(40.0, 1.1648178511858092)	(41.0, 1.4505637410631953)	(42.0, 1.785524576554122)	(43.0, 2.125090143419163)	(44.0, 2.46041055443395)	(45.0, 2.82546629790012)	(46.0, 3.165046295889864)	(47.0, 3.4605211690048017)	(48.0, 3.7655747011416296)	(49.0, 4.058595080463261)	(50.0, 4.322682257348275)	(51.0, 4.5967581777155)	(52.0, 4.839005049955623)	(53.0, 5.024665077046212)	(54.0, 5.1251093127631435)	(55.0, 5.117571455293061)	(56.0, 5.023534638944445)	(57.0, 4.8287433176977705)	(58.0, 4.550712066568084)	(59.0, 4.174786078419068)	(60.0, 3.7313777459694406)	(61.0, 3.297691181195013)	(62.0, 2.8496227980599085)	(63.0, 2.3655643925082166)	(64.0, 1.9199781628220989)	(65.0, 1.5520301814466197)	(66.0, 1.2591456952159452)	(67.0, 1.0274768373834244)	(68.0, 0.8275311994301822)	(69.0, 0.6771336255523843)	(70.0, 0.5664348731399512)	(71.0, 0.46936752060361736)	(72.0, 0.39819561875383336)	(73.0, 0.33349367114607975)	(74.0, 0.27506445240940974)	(75.0, 0.23173139270623536)	(76.0, 0.19242942717021447)	(77.0, 0.15756743766794373)	(78.0, 0.11814280757194379)	(79.0, 0.07970911470557823)	(80.0, 0.05453040987929783)	(81.0, 0.04344490091962583)	(82.0, 0.03345615743741323)	(83.0, 0.01891198892382317)	(84.0, 0.008710386352235228)	(85.0, 0.0047189777780161585)	(86.0, 0.003762915766415026)	(87.0, 0.003203709684157759)	(88.0, 0.002994458375958266)	(89.0, 0.0030750321555523237)	(90.0, 0.0033901117115768477)	(91.0, 0.0037256353609312074)	(92.0, 0.004087616072241826)	(93.0, 0.004561438000003896)	(94.0, 0.0050364625214912515)	(95.0, 0.005457370325340807)	(96.0, 0.006509639834964696)	(97.0, 0.008544428418145976)	(98.0, 0.011018163711056076)	(99.0, 0.012337409027693112)	(100.0, 0.02272541362670014)
fastqc_fastp_trim | SRR30333747_1	(0.0, 2.2550319063838036e-05)	(1.0, 2.004472805674492e-05)	(2.0, 1.3780750539012135e-05)	(3.0, 5.01118201418623e-06)	(4.0, 2.505591007093115e-06)	(5.0, 7.516773021279346e-06)	(6.0, 1.3780750539012135e-05)	(7.0, 1.3780750539012135e-05)	(8.0, 1.002236402837246e-05)	(9.0, 1.1275159531919018e-05)	(10.0, 2.1297523560291478e-05)	(11.0, 3.131988758866394e-05)	(12.0, 4.384784262412952e-05)	(13.0, 6.138697967378132e-05)	(14.0, 0.00012026836834046953)	(15.0, 0.00020044728056744924)	(16.0, 0.00033449639944693087)	(17.0, 0.0006915431179576998)	(18.0, 0.001287873777645861)	(19.0, 0.002152302675092986)	(20.0, 0.0034752547268381505)	(21.0, 0.00567391083556236)	(22.0, 0.008599188336343572)	(23.0, 0.013045359578430305)	(24.0, 0.019369471280333325)	(25.0, 0.027773223518123634)	(26.0, 0.03752247812672295)	(27.0, 0.050052938753195615)	(28.0, 0.06625283740955615)	(29.0, 0.08555089934618733)	(30.0, 0.11116931459821087)	(31.0, 0.1462150160144223)	(32.0, 0.1909322987180131)	(33.0, 0.25158764581772325)	(34.0, 0.33866946126924447)	(35.0, 0.4545730900753578)	(36.0, 0.6172285414828216)	(37.0, 0.8246275842994507)	(38.0, 1.068224900395554)	(39.0, 1.346002236214918)	(40.0, 1.640759962289352)	(41.0, 1.9464433179502156)	(42.0, 2.271002543463015)	(43.0, 2.611741622904119)	(44.0, 2.9306707854239797)	(45.0, 3.261795912170867)	(46.0, 3.587736971124078)	(47.0, 3.87366624728502)	(48.0, 4.156735391311365)	(49.0, 4.407400979638478)	(50.0, 4.598632696481839)	(51.0, 4.772002055035633)	(52.0, 4.929260463413818)	(53.0, 5.007962329742115)	(54.0, 4.9782510315800055)	(55.0, 4.882717857661559)	(56.0, 4.709423666837978)	(57.0, 4.436232815357098)	(58.0, 4.121009421936728)	(59.0, 3.749456584290393)	(60.0, 3.3075580263244158)	(61.0, 2.841058323055295)	(62.0, 2.3787968269746718)	(63.0, 1.9421825604426537)	(64.0, 1.5424756494451175)	(65.0, 1.1862056641465473)	(66.0, 0.9113536058279645)	(67.0, 0.7200817995284904)	(68.0, 0.5648980205041783)	(69.0, 0.43775180484923815)	(70.0, 0.34316574433147307)	(71.0, 0.2692570735997439)	(72.0, 0.22488806804613898)	(73.0, 0.18817239022370005)	(74.0, 0.14554351762452133)	(75.0, 0.11485128058313422)	(76.0, 0.09575742431358113)	(77.0, 0.07476057167414082)	(78.0, 0.05083343035190512)	(79.0, 0.03467111556065098)	(80.0, 0.026000517880605253)	(81.0, 0.0200522448297662)	(82.0, 0.014056365549792376)	(83.0, 0.008202052161719313)	(84.0, 0.004540130904852725)	(85.0, 0.0027335997887385885)	(86.0, 0.0016023254490360472)	(87.0, 0.0009057711490641612)	(88.0, 0.0006101114102271735)	(89.0, 0.000435972835234202)	(90.0, 0.0003207156489079187)	(91.0, 0.00029064855682280137)	(92.0, 0.00025807587373059083)	(93.0, 0.0002117224400993682)	(94.0, 0.00019543609855326297)	(95.0, 0.0001766441660000646)	(96.0, 0.0001653690064681456)	(97.0, 0.0001778969615036112)	(98.0, 0.00015785223344686627)	(99.0, 9.14540717588987e-05)	(100.0, 3.883666060994328e-05)
fastqc_fastp_trim | SRR30333747_2	(0.0, 0.0002606408017010321)	(1.0, 0.00014410428940201292)	(2.0, 2.130237321594974e-05)	(3.0, 1.378388855149689e-05)	(4.0, 1.1277726996679273e-05)	(5.0, 1.1277726996679273e-05)	(6.0, 2.004929243854093e-05)	(7.0, 2.631469632558497e-05)	(8.0, 2.756777710299378e-05)	(9.0, 3.258010021262901e-05)	(10.0, 2.882085788040259e-05)	(11.0, 3.1327019435220204e-05)	(12.0, 4.260474643189948e-05)	(13.0, 7.017252353489326e-05)	(14.0, 0.00012154883540865439)	(15.0, 0.00017417822805982435)	(16.0, 0.0002919678211362523)	(17.0, 0.0004974730686312968)	(18.0, 0.0007994655359868196)	(19.0, 0.0012756362314021667)	(20.0, 0.002225471460678043)	(21.0, 0.0038269086942065)	(22.0, 0.006182700555735059)	(23.0, 0.00926277310660591)	(24.0, 0.012603486459177792)	(25.0, 0.01726118770880633)	(26.0, 0.02427969314307307)	(27.0, 0.034280530827572764)	(28.0, 0.04641661815677707)	(29.0, 0.06184580176901173)	(30.0, 0.08493882741587865)	(31.0, 0.11757155702115883)	(32.0, 0.16472749283660712)	(33.0, 0.2301132478017987)	(34.0, 0.32401285585692774)	(35.0, 0.4549096738650518)	(36.0, 0.6342004714967041)	(37.0, 0.8587926453932396)	(38.0, 1.1174473140620789)	(39.0, 1.4158497049903251)	(40.0, 1.722613903946221)	(41.0, 2.0299958717253785)	(42.0, 2.3502394606038606)	(43.0, 2.6545426089129256)	(44.0, 2.947361271897038)	(45.0, 3.2686925348903113)	(46.0, 3.570703798457495)	(47.0, 3.814092184015163)	(48.0, 4.058985519586498)	(49.0, 4.2888118118902705)	(50.0, 4.48156696247518)	(51.0, 4.660389107896082)	(52.0, 4.80196593337006)	(53.0, 4.883204413250251)	(54.0, 4.869030816576981)	(55.0, 4.7746976425728676)	(56.0, 4.607521629897205)	(57.0, 4.350998451630737)	(58.0, 4.039478811124575)	(59.0, 3.6549546845265763)	(60.0, 3.2263785031987706)	(61.0, 2.818088446576436)	(62.0, 2.402616984018772)	(63.0, 1.9724807171230918)	(64.0, 1.582008216074733)	(65.0, 1.256160849959679)	(66.0, 1.0046437293989603)	(67.0, 0.8126905505115921)	(68.0, 0.649660982128374)	(69.0, 0.5236649630406957)	(70.0, 0.4278945053848953)	(71.0, 0.3487135841412102)	(72.0, 0.29004308906215237)	(73.0, 0.24019428265605255)	(74.0, 0.19744167269241886)	(75.0, 0.1647550606137101)	(76.0, 0.1349091826573871)	(77.0, 0.1066985751155826)	(78.0, 0.07849423297766514)	(79.0, 0.05468068588378816)	(80.0, 0.03829790779994541)	(81.0, 0.028832135607399268)	(82.0, 0.021238466096301888)	(83.0, 0.012945577511410398)	(84.0, 0.007484651483462812)	(85.0, 0.005026106998186729)	(86.0, 0.004168999746439105)	(87.0, 0.00403742626481118)	(88.0, 0.004234159946864363)	(89.0, 0.004595047210758099)	(90.0, 0.0052228406802399124)	(91.0, 0.005816800968731687)	(92.0, 0.0063769280762334245)	(93.0, 0.00695961063772852)	(94.0, 0.007469614514133906)	(95.0, 0.008086130256619039)	(96.0, 0.009393093507456426)	(97.0, 0.012107266471323904)	(98.0, 0.015713632948706455)	(99.0, 0.017350156444002358)	(100.0, 0.0279261582053327)
fastqc_fastp_trim | SRR30333748_1	(0.0, 2.518604141731174e-05)	(1.0, 1.652833968011083e-05)	(2.0, 7.87063794290992e-06)	(3.0, 5.509446560036943e-06)	(4.0, 7.87063794290992e-06)	(5.0, 8.65770173720091e-06)	(6.0, 7.083574148618926e-06)	(7.0, 7.87063794290992e-06)	(8.0, 1.0231829325782893e-05)	(9.0, 1.4167148297237852e-05)	(10.0, 1.4167148297237852e-05)	(11.0, 2.518604141731174e-05)	(12.0, 4.7223827657459514e-05)	(13.0, 6.926161389760728e-05)	(14.0, 0.00011018893120073887)	(15.0, 0.00019991420374991192)	(16.0, 0.00041242142820847974)	(17.0, 0.0008500288978342712)	(18.0, 0.0014686610401469908)	(19.0, 0.002360404319078685)	(20.0, 0.003704709279727698)	(21.0, 0.006098170278166605)	(22.0, 0.009534490804041075)	(23.0, 0.014218307443866767)	(24.0, 0.020605330134538167)	(25.0, 0.028950567545405554)	(26.0, 0.03861807213068181)	(27.0, 0.05126697436873233)	(28.0, 0.06710505910124996)	(29.0, 0.08585685400023284)	(30.0, 0.11032666736473977)	(31.0, 0.1419359364072603)	(32.0, 0.1810781930249399)	(33.0, 0.23289611204967592)	(34.0, 0.30722405559113436)	(35.0, 0.4041304981994184)	(36.0, 0.5402752192082856)	(37.0, 0.7187671206051853)	(38.0, 0.9360148302967677)	(39.0, 1.1870669299531484)	(40.0, 1.4604189080931755)	(41.0, 1.756461935422612)	(42.0, 2.0749402162083133)	(43.0, 2.409924798887885)	(44.0, 2.7345162041638447)	(45.0, 3.0736037504030556)	(46.0, 3.4029301314654696)	(47.0, 3.698643379065098)	(48.0, 4.011652353544271)	(49.0, 4.297406095890941)	(50.0, 4.5152244268333845)	(51.0, 4.723945874441413)	(52.0, 4.929149933952755)	(53.0, 5.054058532234324)	(54.0, 5.070989848577112)	(55.0, 5.03073389669051)	(56.0, 4.893584882280128)	(57.0, 4.643785788184259)	(58.0, 4.361308592413221)	(59.0, 4.010543380658115)	(60.0, 3.566286796098153)	(61.0, 3.080932888455493)	(62.0, 2.5905653844431993)	(63.0, 2.12169574090817)	(64.0, 1.6954873162150945)	(65.0, 1.3134252997438014)	(66.0, 1.0069583995227749)	(67.0, 0.7902655698061676)	(68.0, 0.6141002289851921)	(69.0, 0.46939304095823314)	(70.0, 0.3590986432090593)	(71.0, 0.2717715540410909)	(72.0, 0.2172067823742793)	(73.0, 0.1758993132585052)	(74.0, 0.13249510619473986)	(75.0, 0.10020974935292337)	(76.0, 0.07873550078948795)	(77.0, 0.05861264076085016)	(78.0, 0.03847246532873797)	(79.0, 0.024088087424275807)	(80.0, 0.0165220431697565)	(81.0, 0.01233171552895126)	(82.0, 0.008376719962639025)	(83.0, 0.004542932220647605)	(84.0, 0.0022785496844724214)	(85.0, 0.001345092024443305)	(86.0, 0.000773683709788045)	(87.0, 0.0005029337645519438)	(88.0, 0.0003486692608709094)	(89.0, 0.0002518604141731174)	(90.0, 0.00022746143655009662)	(91.0, 0.0002125072244585678)	(92.0, 0.000192830629601293)	(93.0, 0.00021408135204714979)	(94.0, 0.00020857190548711287)	(95.0, 0.000192830629601293)	(96.0, 0.00018574705545267408)	(97.0, 0.0001739410985383092)	(98.0, 0.0001432456105609605)	(99.0, 7.319693286906224e-05)	(100.0, 3.541787074309463e-05)
fastqc_fastp_trim | SRR30333748_2	(0.0, 0.00022514996778820348)	(1.0, 0.0001275324992366747)	(2.0, 2.125541653944578e-05)	(3.0, 9.446851795309236e-06)	(4.0, 8.659614145700134e-06)	(5.0, 1.5744752992182062e-05)	(6.0, 2.046817888983668e-05)	(7.0, 1.810646594100937e-05)	(8.0, 1.8893703590618473e-05)	(9.0, 1.9680941240227575e-05)	(10.0, 2.59788424371004e-05)	(11.0, 4.093635777967336e-05)	(12.0, 5.27449225238099e-05)	(13.0, 7.242586376403748e-05)	(14.0, 0.00013697935103198393)	(15.0, 0.00022200101718976707)	(16.0, 0.0003337887634342597)	(17.0, 0.0005353216017341901)	(18.0, 0.0009187063370938233)	(19.0, 0.0014319852846389584)	(20.0, 0.0024325643372921286)	(21.0, 0.004020422676553689)	(22.0, 0.006356156782943898)	(23.0, 0.009310659681926861)	(24.0, 0.013015400060987302)	(25.0, 0.018107253178658977)	(26.0, 0.024593304173788383)	(27.0, 0.03395670877823905)	(28.0, 0.04540471867885463)	(29.0, 0.059700954395755935)	(30.0, 0.07985345098809937)	(31.0, 0.10882143478076554)	(32.0, 0.150631626351505)	(33.0, 0.20520687641065607)	(34.0, 0.2826765717957391)	(35.0, 0.39142243176214214)	(36.0, 0.5445834526818412)	(37.0, 0.7418896120410203)	(38.0, 0.9772012434103781)	(39.0, 1.2534082962016295)	(40.0, 1.5444209274690792)	(41.0, 1.8485615337814107)	(42.0, 2.1733537453559375)	(43.0, 2.4806984089021777)	(44.0, 2.776427380928436)	(45.0, 3.1045338630078168)	(46.0, 3.4128515522889744)	(47.0, 3.6697051547022355)	(48.0, 3.936995953874014)	(49.0, 4.19277340242026)	(50.0, 4.409073244551558)	(51.0, 4.619478251162583)	(52.0, 4.809006502543624)	(53.0, 4.938596840996377)	(54.0, 4.967463271132243)	(55.0, 4.911827611959069)	(56.0, 4.776299139915315)	(57.0, 4.543474392281071)	(58.0, 4.248673573443703)	(59.0, 3.876739209697634)	(60.0, 3.448151288497446)	(61.0, 3.0376139393651456)	(62.0, 2.6126118856589273)	(63.0, 2.1526808846772028)	(64.0, 1.7343254784466338)	(65.0, 1.3840165329353271)	(66.0, 1.108332205943416)	(67.0, 0.8926503453670612)	(68.0, 0.7061112353415858)	(69.0, 0.5621325543669273)	(70.0, 0.44935131420862795)	(71.0, 0.35712642355692154)	(72.0, 0.2897380935127327)	(73.0, 0.23208316976831087)	(74.0, 0.18428367415934532)	(75.0, 0.14907998094412545)	(76.0, 0.11626870294606764)	(77.0, 0.08633005513143346)	(78.0, 0.05984974231153206)	(79.0, 0.038831284304618616)	(80.0, 0.025251434848861592)	(81.0, 0.017487697148416616)	(82.0, 0.01221556660898445)	(83.0, 0.007389012579231042)	(84.0, 0.004431360729649641)	(85.0, 0.0032686107211769956)	(86.0, 0.003118248330101657)	(87.0, 0.0032638872952793414)	(88.0, 0.003543356660890573)	(89.0, 0.0039346137727462975)	(90.0, 0.004583297596024198)	(91.0, 0.005174513070880634)	(92.0, 0.0056563025124414055)	(93.0, 0.006306560811018525)	(94.0, 0.00684581860100076)	(95.0, 0.007499225850176316)	(96.0, 0.008686380225786843)	(97.0, 0.011177200149150045)	(98.0, 0.014441087444429387)	(99.0, 0.016244648899683842)	(100.0, 0.030109478384599365)
fastqc_fastp_trim | SRR30333749_1	(0.0, 0.00025806436206075644)	(1.0, 0.0001781414439598505)	(2.0, 0.00010110730603126651)	(3.0, 8.08858448250132e-05)	(4.0, 7.221950430804749e-05)	(5.0, 7.029365085983289e-05)	(6.0, 7.221950430804749e-05)	(7.0, 7.51082844803694e-05)	(8.0, 5.7775603446437996e-05)	(9.0, 4.71834094812577e-05)	(10.0, 4.14058491366139e-05)	(11.0, 5.87385301705453e-05)	(12.0, 9.43668189625154e-05)	(13.0, 0.0001877707112009235)	(14.0, 0.00035917166809202293)	(15.0, 0.0006085696896358136)	(16.0, 0.0010929218318617856)	(17.0, 0.0020558485559690858)	(18.0, 0.0033375040257559016)	(19.0, 0.0053731311205187345)	(20.0, 0.008727967827308567)	(21.0, 0.014260944784029114)	(22.0, 0.022146351727743794)	(23.0, 0.03335481879635276)	(24.0, 0.04815789132605429)	(25.0, 0.0674703497047503)	(26.0, 0.08968025459628517)	(27.0, 0.12012029419876515)	(28.0, 0.15686846677087202)	(29.0, 0.1970706575023518)	(30.0, 0.2508684106515025)	(31.0, 0.3162877264339043)	(32.0, 0.3880922093238615)	(33.0, 0.47387068483406397)	(34.0, 0.5842451976581391)	(35.0, 0.7066091111240742)	(36.0, 0.8537683877357723)	(37.0, 1.023653697963127)	(38.0, 1.1982024623153331)	(39.0, 1.395373264196992)	(40.0, 1.6074578751816246)	(41.0, 1.8317514341012142)	(42.0, 2.088034381722372)	(43.0, 2.3869085412775197)	(44.0, 2.6987648789270824)	(45.0, 3.01901312297724)	(46.0, 3.3472921759064524)	(47.0, 3.639925607362661)	(48.0, 3.919660635349452)	(49.0, 4.171478491750925)	(50.0, 4.343602606611829)	(51.0, 4.497960723412953)	(52.0, 4.655117105274333)	(53.0, 4.744495000879248)	(54.0, 4.742991872262917)	(55.0, 4.687834466579326)	(56.0, 4.546992952204496)	(57.0, 4.311724917410256)	(58.0, 4.048391420315185)	(59.0, 3.734940476010501)	(60.0, 3.3433759529195086)	(61.0, 2.905593835851538)	(62.0, 2.4587361344088556)	(63.0, 2.034163446142189)	(64.0, 1.6458815402536784)	(65.0, 1.294565428376923)	(66.0, 1.015360973015115)	(67.0, 0.8226128935772807)	(68.0, 0.6620101969703206)	(69.0, 0.5287247685995604)	(70.0, 0.4287219395208449)	(71.0, 0.34519382376488134)	(72.0, 0.2980787820810352)	(73.0, 0.2591871346210655)	(74.0, 0.21150396616999612)	(75.0, 0.17826469858053623)	(76.0, 0.15592094687435046)	(77.0, 0.1257331940735866)	(78.0, 0.08762922067393662)	(79.0, 0.06105822064891978)	(80.0, 0.046818460252821034)	(81.0, 0.0364852935764256)	(82.0, 0.026025983499172105)	(83.0, 0.015075580792623888)	(84.0, 0.008079918141984353)	(85.0, 0.004559458038648065)	(86.0, 0.002040441728383369)	(87.0, 0.0008560418577313897)	(88.0, 0.0005565716465340194)	(89.0, 0.00046316775429561133)	(90.0, 0.0004776116551572208)	(91.0, 0.0005594604267063413)	(92.0, 0.0006730857801510027)	(93.0, 0.0008117472284224539)	(94.0, 0.0009465569697974759)	(95.0, 0.001046701349104635)	(96.0, 0.0011304759741019702)	(97.0, 0.0012171393792716272)	(98.0, 0.0012556564482359193)	(99.0, 0.0008541160042831752)	(100.0, 0.00035917166809202293)
fastqc_fastp_trim | SRR30333749_2	(0.0, 0.0035170659026017553)	(1.0, 0.0019126212712396182)	(2.0, 0.00021957585591270541)	(3.0, 0.0001155662399540555)	(4.0, 9.148993996362726e-05)	(5.0, 6.163532797549625e-05)	(6.0, 5.3930911978559226e-05)	(7.0, 6.64505879735819e-05)	(8.0, 7.608110796975319e-05)	(9.0, 7.31919519709018e-05)	(10.0, 7.222889997128468e-05)	(11.0, 0.00010208351195941569)	(12.0, 0.00013675338394563232)	(13.0, 0.00020127786791997998)	(14.0, 0.0002956569638824586)	(15.0, 0.0004834521038077988)	(16.0, 0.0007608110796975319)	(17.0, 0.0012057411035206456)	(18.0, 0.0020243353031952054)	(19.0, 0.0035189920066009896)	(20.0, 0.006047003505595954)	(21.0, 0.009826019552093567)	(22.0, 0.015270152505929198)	(23.0, 0.0219103960432893)	(24.0, 0.030678021447803645)	(25.0, 0.04200543906730032)	(26.0, 0.05722166066125095)	(27.0, 0.07848681186479678)	(28.0, 0.10281157927112623)	(29.0, 0.1311012317598794)	(30.0, 0.16798612334521545)	(31.0, 0.21627740281401675)	(32.0, 0.2775121011576723)	(33.0, 0.3468585864941029)	(34.0, 0.42850035670964537)	(35.0, 0.5302207980652054)	(36.0, 0.6693442529818955)	(37.0, 0.8420811118412223)	(38.0, 1.0413539054979994)	(39.0, 1.2837280913976412)	(40.0, 1.5569064585570365)	(41.0, 1.8586470219210762)	(42.0, 2.198902923905804)	(43.0, 2.5419719007814137)	(44.0, 2.8763637791404726)	(45.0, 3.2348724056739444)	(46.0, 3.5491942803609824)	(47.0, 3.7876132116981966)	(48.0, 4.0241638221561535)	(49.0, 4.236362699751791)	(50.0, 4.393965196437135)	(51.0, 4.530608792454811)	(52.0, 4.653291986686037)	(53.0, 4.737256638324657)	(54.0, 4.722795449498405)	(55.0, 4.631526048442691)	(56.0, 4.474844229468981)	(57.0, 4.240739771090051)	(58.0, 3.969935327109712)	(59.0, 3.6244433114030667)	(60.0, 3.216565750213222)	(61.0, 2.8300438671148878)	(62.0, 2.4458130847236426)	(63.0, 2.0325193190879514)	(64.0, 1.6476837400409468)	(65.0, 1.3281257516319902)	(66.0, 1.0862022740681694)	(67.0, 0.8954910126879887)	(68.0, 0.7244462361919892)	(69.0, 0.5931475787721883)	(70.0, 0.4958350264188758)	(71.0, 0.41659318178637916)	(72.0, 0.3600658816168522)	(73.0, 0.31018652940068225)	(74.0, 0.2669368271498766)	(75.0, 0.2340842342869375)	(76.0, 0.19859480504904664)	(77.0, 0.16288387385124387)	(78.0, 0.12536240489416092)	(79.0, 0.0898729756562701)	(80.0, 0.06496170958217383)	(81.0, 0.05169085302744979)	(82.0, 0.039581437184264004)	(83.0, 0.02427661480634859)	(84.0, 0.013316119998706043)	(85.0, 0.008384330708666725)	(86.0, 0.006963829009231461)	(87.0, 0.00681937120928889)	(88.0, 0.007340382341081757)	(89.0, 0.008051114716799198)	(90.0, 0.008966014116435472)	(91.0, 0.010138048399969518)	(92.0, 0.011303341319506244)	(93.0, 0.012146974871170849)	(94.0, 0.012729621330939212)	(95.0, 0.013107137714789125)	(96.0, 0.013276634866721742)	(97.0, 0.013903581718472491)	(98.0, 0.01487048592608809)	(99.0, 0.01460853578219223)	(100.0, 0.024494264558262063)
fastqc_fastp_trim | SRR30333750_1	(0.0, 3.6362013817507836e-05)	(1.0, 2.583616771243978e-05)	(2.0, 1.3396531406450257e-05)	(3.0, 1.0525846105068058e-05)	(4.0, 5.741370602764395e-06)	(5.0, 9.568951004607325e-07)	(6.0, 4.784475502303663e-06)	(7.0, 1.3396531406450257e-05)	(8.0, 1.0525846105068058e-05)	(9.0, 7.65516080368586e-06)	(10.0, 1.0525846105068058e-05)	(11.0, 2.4879272611979045e-05)	(12.0, 4.40171746211937e-05)	(13.0, 6.7939552132712e-05)	(14.0, 0.00011195672675390571)	(15.0, 0.00019042212499168577)	(16.0, 0.0003387408655630993)	(17.0, 0.0006793955213271201)	(18.0, 0.001255446371804481)	(19.0, 0.002119522647520523)	(20.0, 0.0033146846279959777)	(21.0, 0.0054361210657174214)	(22.0, 0.008331685639711598)	(23.0, 0.012547765452341587)	(24.0, 0.018427885844672788)	(25.0, 0.02604381394923976)	(26.0, 0.03525775687157615)	(27.0, 0.04738640226991593)	(28.0, 0.062261336606578024)	(29.0, 0.08006149926534857)	(30.0, 0.10429486768451662)	(31.0, 0.13810005779359338)	(32.0, 0.1818655690033659)	(33.0, 0.24048591975269085)	(34.0, 0.326638056332472)	(35.0, 0.44178028687581145)	(36.0, 0.6016372685685805)	(37.0, 0.8067046730728179)	(38.0, 1.043369710689369)	(39.0, 1.3074947670038417)	(40.0, 1.5896238046334832)	(41.0, 1.8837724016200117)	(42.0, 2.1885358359559515)	(43.0, 2.508134015034334)	(44.0, 2.81521600619869)	(45.0, 3.130067985578787)	(46.0, 3.4425459082146412)	(47.0, 3.723178361907162)	(48.0, 4.010083262983203)	(49.0, 4.272148124146384)	(50.0, 4.470575633548524)	(51.0, 4.65736251405356)	(52.0, 4.839090290162459)	(53.0, 4.94806820246863)	(54.0, 4.956358741619022)	(55.0, 4.903811804072322)	(56.0, 4.7648964716531355)	(57.0, 4.519793533040722)	(58.0, 4.235679894972725)	(59.0, 3.89046850474031)	(60.0, 3.46063409629865)	(61.0, 2.9981111943301513)	(62.0, 2.5296096117739744)	(63.0, 2.0799425954801656)	(64.0, 1.6745482447993731)	(65.0, 1.307644999534614)	(66.0, 1.0136801264073738)	(67.0, 0.8067879229465579)	(68.0, 0.6364902588126619)	(69.0, 0.4949157149092955)	(70.0, 0.3871597576464124)	(71.0, 0.30062964750194926)	(72.0, 0.24834298542257394)	(73.0, 0.20724625464798638)	(74.0, 0.15786855367401165)	(75.0, 0.12057739471395645)	(76.0, 0.09795256695866289)	(77.0, 0.07501770519082004)	(78.0, 0.049584390315674236)	(79.0, 0.03195838256518754)	(80.0, 0.02347167991920131)	(81.0, 0.018750359493528053)	(82.0, 0.013818522145753439)	(83.0, 0.008040789529171536)	(84.0, 0.0041557954213009615)	(85.0, 0.0024553928277822397)	(86.0, 0.0014506529722984707)	(87.0, 0.0008612055904146594)	(88.0, 0.0005837060112810469)	(89.0, 0.000411464893198115)	(90.0, 0.0002650599428276229)	(91.0, 0.00019233591519260724)	(92.0, 0.00017511180338431406)	(93.0, 0.00015310321607371721)	(94.0, 0.00014257736996864916)	(95.0, 0.00013300841896404182)	(96.0, 0.00012439636305989522)	(97.0, 0.00010717225125160205)	(98.0, 8.612055904146593e-05)	(99.0, 5.932749622856542e-05)	(100.0, 3.6362013817507836e-05)
fastqc_fastp_trim | SRR30333750_2	(0.0, 0.00016461350242636476)	(1.0, 9.570552466649113e-05)	(2.0, 2.0098160179963138e-05)	(3.0, 1.3398773453308758e-05)	(4.0, 1.2441718206643848e-05)	(5.0, 8.613497219984202e-06)	(6.0, 1.0527607713314024e-05)	(7.0, 1.531288394663858e-05)	(8.0, 1.626993919330349e-05)	(9.0, 2.0098160179963138e-05)	(10.0, 2.4883436413287695e-05)	(11.0, 3.253987838660698e-05)	(12.0, 4.689570708658065e-05)	(13.0, 7.082208825320345e-05)	(14.0, 0.00010623313237980515)	(15.0, 0.00017131288915301913)	(16.0, 0.00032252761812607514)	(17.0, 0.0004986257835124188)	(18.0, 0.0008039264071985255)	(19.0, 0.0013848589419241267)	(20.0, 0.0023591411830290064)	(21.0, 0.0038234357104263207)	(22.0, 0.006114625970942118)	(23.0, 0.008914012567436983)	(24.0, 0.012265620041257502)	(25.0, 0.01695519074991557)	(26.0, 0.023376074399790458)	(27.0, 0.03294279864545291)	(28.0, 0.04478444321243786)	(29.0, 0.06016623513683631)	(30.0, 0.08214979415272933)	(31.0, 0.11458535351744983)	(32.0, 0.16392059442777934)	(33.0, 0.22922143096297293)	(34.0, 0.322251029159789)	(35.0, 0.4522076469939239)	(36.0, 0.63241157938846)	(37.0, 0.8516691081784047)	(38.0, 1.099102343430164)	(39.0, 1.3849249787361466)	(40.0, 1.6770268535154973)	(41.0, 1.9694828387361145)	(42.0, 2.2727372783048514)	(43.0, 2.5589752755878865)	(44.0, 2.839870033428791)	(45.0, 3.151105356699467)	(46.0, 3.439901562656837)	(47.0, 3.6839027977940564)	(48.0, 3.933396572991885)	(49.0, 4.164761807707388)	(50.0, 4.359868047347743)	(51.0, 4.5466115382427414)	(52.0, 4.717179838413855)	(53.0, 4.829644357504695)	(54.0, 4.8448232537168)	(55.0, 4.780246908003332)	(56.0, 4.638145259089019)	(57.0, 4.409830159444638)	(58.0, 4.121375622210328)	(59.0, 3.7592957819053314)	(60.0, 3.345273682198091)	(61.0, 2.9497591168508563)	(62.0, 2.544276821109607)	(63.0, 2.105781861689898)	(64.0, 1.706169185776444)	(65.0, 1.3745629415805056)	(66.0, 1.1145118899567157)	(67.0, 0.9100198095123175)	(68.0, 0.7301431900121409)	(69.0, 0.5908571976335163)	(70.0, 0.4818744455300428)	(71.0, 0.3896688719006053)	(72.0, 0.3214681579680171)	(73.0, 0.2605362786338488)	(74.0, 0.2095415039258023)	(75.0, 0.17210054562102434)	(76.0, 0.13768675306144745)	(77.0, 0.10654130416923127)	(78.0, 0.07622849334161352)	(79.0, 0.05006260289779484)	(80.0, 0.033709399898031504)	(81.0, 0.02558208674335308)	(82.0, 0.01877550982907223)	(83.0, 0.010768785635473583)	(84.0, 0.005679165833709584)	(85.0, 0.003470282324406968)	(86.0, 0.002719951011021678)	(87.0, 0.0024424049894888537)	(88.0, 0.0023275583598890643)	(89.0, 0.0024136933320889065)	(90.0, 0.002613717878641873)	(91.0, 0.0028635092980214146)	(92.0, 0.003177423418927505)	(93.0, 0.003468368213913639)	(94.0, 0.0037526136221731174)	(95.0, 0.004173717930705678)	(96.0, 0.004918306912610979)	(97.0, 0.006351975672115017)	(98.0, 0.00829001254661146)	(99.0, 0.009360957367629498)	(100.0, 0.01990962029637015)
fastqc_fastp_trim | SRR30333751_1	(0.0, 4.070717465988739e-05)	(1.0, 2.5904565692655616e-05)	(2.0, 9.251630604519862e-06)	(3.0, 1.1101956725423835e-05)	(4.0, 1.6652935088135754e-05)	(5.0, 1.6652935088135754e-05)	(6.0, 1.2952282846327808e-05)	(7.0, 1.2027119785875822e-05)	(8.0, 1.5727772027683766e-05)	(9.0, 1.7578098148587737e-05)	(10.0, 1.7578098148587737e-05)	(11.0, 2.3129076511299654e-05)	(12.0, 4.070717465988739e-05)	(13.0, 7.216271871525492e-05)	(14.0, 0.00012212152397966217)	(15.0, 0.000201685547178533)	(16.0, 0.0003543374521531107)	(17.0, 0.0006855458277949218)	(18.0, 0.001208262956950294)	(19.0, 0.001991876069153126)	(20.0, 0.0031511053838994647)	(21.0, 0.0051300291702062635)	(22.0, 0.007807451067154311)	(23.0, 0.011730142443470733)	(24.0, 0.01713216955344988)	(25.0, 0.02416618430206633)	(26.0, 0.03262124951153703)	(27.0, 0.04374355982429081)	(28.0, 0.05752386360972315)	(29.0, 0.0736429796119781)	(30.0, 0.09550828338270034)	(31.0, 0.12443813228303394)	(32.0, 0.1594814586868343)	(33.0, 0.20488661136769687)	(34.0, 0.26855633318800254)	(35.0, 0.3536102739875954)	(36.0, 0.47782451681000004)	(37.0, 0.6449441217239259)	(38.0, 0.8537626760985437)	(39.0, 1.103921216666398)	(40.0, 1.3854603630817233)	(41.0, 1.6942649900516291)	(42.0, 2.028485696618272)	(43.0, 2.3771593005152956)	(44.0, 2.7145283369766564)	(45.0, 3.07003889589042)	(46.0, 3.4201002443781214)	(47.0, 3.7307561226319916)	(48.0, 4.048961331459151)	(49.0, 4.343925519044695)	(50.0, 4.565796273876169)	(51.0, 4.770433091217543)	(52.0, 4.970486650757439)	(53.0, 5.089971460014813)	(54.0, 5.111569391661066)	(55.0, 5.0659125946277594)	(56.0, 4.911718442831408)	(57.0, 4.661155606006137)	(58.0, 4.376741052798926)	(59.0, 4.017709323277082)	(60.0, 3.5691569656997832)	(61.0, 3.083736860163472)	(62.0, 2.5952535397340046)	(63.0, 2.12769370707972)	(64.0, 1.704750788178792)	(65.0, 1.3260389900350131)	(66.0, 1.0229657482246075)	(67.0, 0.8067606919753411)	(68.0, 0.6323063943181517)	(69.0, 0.4907805003085696)	(70.0, 0.3805547229601991)	(71.0, 0.294542313229978)	(72.0, 0.24095224295329665)	(73.0, 0.19817917917941996)	(74.0, 0.15480568457930996)	(75.0, 0.12195777011796219)	(76.0, 0.09819403174719246)	(77.0, 0.07486512001483517)	(78.0, 0.05189794703911462)	(79.0, 0.03476300199648338)	(80.0, 0.023804445545429605)	(81.0, 0.01655856845596965)	(82.0, 0.010871591123371289)	(83.0, 0.00601818570824017)	(84.0, 0.003054888425612459)	(85.0, 0.0017356059014079263)	(86.0, 0.0009926999638649812)	(87.0, 0.0006124579460192148)	(88.0, 0.00041354788802203785)	(89.0, 0.0003108547883118674)	(90.0, 0.00025812049386610413)	(91.0, 0.00021741331920621678)	(92.0, 0.00020538619942034095)	(93.0, 0.0001961345688158211)	(94.0, 0.00019150875351356115)	(95.0, 0.000201685547178533)	(96.0, 0.00018410744902994526)	(97.0, 0.00014895125273276977)	(98.0, 0.00011472021949604628)	(99.0, 6.568657729209101e-05)	(100.0, 3.423103323672349e-05)
fastqc_fastp_trim | SRR30333751_2	(0.0, 0.0002609416077917164)	(1.0, 0.00014897730090236293)	(2.0, 2.4983770958781358e-05)	(3.0, 1.4805197605203769e-05)	(4.0, 1.665584730585424e-05)	(5.0, 1.5730522455529005e-05)	(6.0, 1.7581172156179476e-05)	(7.0, 1.850649700650471e-05)	(8.0, 2.4058446108456124e-05)	(9.0, 3.238636976138324e-05)	(10.0, 3.4237019462033714e-05)	(11.0, 3.9788968563985125e-05)	(12.0, 5.181819161821319e-05)	(13.0, 6.847403892406743e-05)	(14.0, 0.00011381495659000396)	(15.0, 0.0001822889955140714)	(16.0, 0.00032293837276350717)	(17.0, 0.0005274351646853842)	(18.0, 0.0007606170269673436)	(19.0, 0.0012464125733880923)	(20.0, 0.0021902439207198325)	(21.0, 0.003571753922255409)	(22.0, 0.00554084520374751)	(23.0, 0.007910602145430438)	(24.0, 0.010787437105091596)	(25.0, 0.014996739849221091)	(26.0, 0.020953981235614958)	(27.0, 0.02939016789603013)	(28.0, 0.039142166493607786)	(29.0, 0.05159703897898545)	(30.0, 0.06900795136270509)	(31.0, 0.09370672226758628)	(32.0, 0.12914481338534214)	(33.0, 0.17600326380581205)	(34.0, 0.24270808161605764)	(35.0, 0.33935733690767816)	(36.0, 0.4807562272858774)	(37.0, 0.6669232592476618)	(38.0, 0.897395770367869)	(39.0, 1.1772611966735866)	(40.0, 1.47933441938711)	(41.0, 1.7963793981788958)	(42.0, 2.1346735368335503)	(43.0, 2.457585075176398)	(44.0, 2.767895539707517)	(45.0, 3.1093413348023793)	(46.0, 3.4281203723636744)	(47.0, 3.695099724803763)	(48.0, 3.970188624232102)	(49.0, 4.234487310580798)	(50.0, 4.462609496581179)	(51.0, 4.667728106802475)	(52.0, 4.84735401739731)	(53.0, 4.976346152182349)	(54.0, 5.006439566964626)	(55.0, 4.947902591608202)	(56.0, 4.794765955503626)	(57.0, 4.556991705989502)	(58.0, 4.263104832226807)	(59.0, 3.8872073423046354)	(60.0, 3.4565010108479997)	(61.0, 3.0359168079290715)	(62.0, 2.6079448114051473)	(63.0, 2.1526340921783635)	(64.0, 1.7346278442924412)	(65.0, 1.3851317229997495)	(66.0, 1.1136006976209112)	(67.0, 0.8992427187691181)	(68.0, 0.7157619048478278)	(69.0, 0.5738809202226091)	(70.0, 0.4625495355308781)	(71.0, 0.3757642431437246)	(72.0, 0.31204822460002946)	(73.0, 0.2567221264742333)	(74.0, 0.2103513222498848)	(75.0, 0.17457918886116153)	(76.0, 0.14090199093357458)	(77.0, 0.10822969579344084)	(78.0, 0.07831394338242598)	(79.0, 0.053457867252989504)	(80.0, 0.03520583458032424)	(81.0, 0.023846546717731645)	(82.0, 0.016100652395659096)	(83.0, 0.009385569956848862)	(84.0, 0.005309513991166201)	(85.0, 0.0035948870435135397)	(86.0, 0.0031738642366155576)	(87.0, 0.0030554226557739277)	(88.0, 0.003250666199192552)	(89.0, 0.0037207312231577723)	(90.0, 0.004209302744129497)	(91.0, 0.004714530112407075)	(92.0, 0.005225309429786605)	(93.0, 0.005669465357942718)	(94.0, 0.006084010890888423)	(95.0, 0.006785407127434952)	(96.0, 0.007845829405907672)	(97.0, 0.009613199870028871)	(98.0, 0.012003313958418955)	(99.0, 0.013145164823720294)	(100.0, 0.024076952605462627)
fastqc_fastp_trim | SRR30333752_1	(0.0, 5.164394201239158e-05)	(1.0, 3.0125632840561757e-05)	(2.0, 1.118952076935151e-05)	(3.0, 1.2050253136224702e-05)	(4.0, 1.0328788402478317e-05)	(5.0, 1.118952076935151e-05)	(6.0, 1.5493182603717475e-05)	(7.0, 1.377171786997109e-05)	(8.0, 7.746591301858737e-06)	(9.0, 1.2050253136224702e-05)	(10.0, 1.979684443808344e-05)	(11.0, 2.9264900473688564e-05)	(12.0, 3.959368887616688e-05)	(13.0, 5.508687147988436e-05)	(14.0, 0.00010242715165790999)	(15.0, 0.00018075379704337056)	(16.0, 0.0003770007766904586)	(17.0, 0.0007729376654521274)	(18.0, 0.0012988451416116485)	(19.0, 0.002157856043751095)	(20.0, 0.00357978591382561)	(21.0, 0.005821993729530278)	(22.0, 0.008881036561397606)	(23.0, 0.013326719236297649)	(24.0, 0.019560143037193313)	(25.0, 0.02775345443745924)	(26.0, 0.03773106403425329)	(27.0, 0.05068078249386048)	(28.0, 0.06647263922888295)	(29.0, 0.08515397451949874)	(30.0, 0.11040269776935699)	(31.0, 0.14523481519198136)	(32.0, 0.18811133731540258)	(33.0, 0.24508665560820675)	(34.0, 0.32669441277618794)	(35.0, 0.43488674982741454)	(36.0, 0.5870254993340858)	(37.0, 0.7790996484665725)	(38.0, 1.0032266102090504)	(39.0, 1.2577331208403173)	(40.0, 1.5288861954469117)	(41.0, 1.8125689511180791)	(42.0, 2.1118335448267525)	(43.0, 2.424711481649892)	(44.0, 2.728897743032346)	(45.0, 3.050196224600606)	(46.0, 3.366259731913543)	(47.0, 3.6454968049098104)	(48.0, 3.9393878464520937)	(49.0, 4.213958889287542)	(50.0, 4.422565985722929)	(51.0, 4.62843853542876)	(52.0, 4.8279700697878365)	(53.0, 4.951386180211949)	(54.0, 4.9796044301275195)	(55.0, 4.942710858686234)	(56.0, 4.818656084845902)	(57.0, 4.5899844562063326)	(58.0, 4.309252291088807)	(59.0, 3.964214810842184)	(60.0, 3.5400364323910387)	(61.0, 3.074477484670098)	(62.0, 2.597451860357673)	(63.0, 2.1390395734788803)	(64.0, 1.7216893848941401)	(65.0, 1.3453522328585408)	(66.0, 1.042889157674567)	(67.0, 0.8313521282623436)	(68.0, 0.659721233575462)	(69.0, 0.5145389230578599)	(70.0, 0.40266093001168224)	(71.0, 0.31344343798817514)	(72.0, 0.2616729683178532)	(73.0, 0.22017533944616277)	(74.0, 0.16926904507218152)	(75.0, 0.13104908505354426)	(76.0, 0.10860462785495888)	(77.0, 0.08484411086742438)	(78.0, 0.05670246613250534)	(79.0, 0.03685139555530889)	(80.0, 0.027359239013431316)	(81.0, 0.02244876086041975)	(82.0, 0.01693146638876258)	(83.0, 0.009756401378507643)	(84.0, 0.004995690657332012)	(85.0, 0.002901528808729534)	(86.0, 0.0015940763434491537)	(87.0, 0.0008331889311332508)	(88.0, 0.0004983640404195788)	(89.0, 0.0003881902974598101)	(90.0, 0.0003399892849149113)	(91.0, 0.0002504731187600992)	(92.0, 0.00019022185307897567)	(93.0, 0.00017989306467649735)	(94.0, 0.0001885003883452293)	(95.0, 0.0001867789236114829)	(96.0, 0.00016439988207277988)	(97.0, 0.00013427424923221812)	(98.0, 9.381982798917805e-05)	(99.0, 5.852980094737713e-05)	(100.0, 3.098636520743495e-05)
fastqc_fastp_trim | SRR30333752_2	(0.0, 0.00024450507137094426)	(1.0, 0.00013086186918444904)	(2.0, 1.3774933598363055e-05)	(3.0, 1.2914000248465365e-05)	(4.0, 1.2914000248465365e-05)	(5.0, 1.0331200198772292e-05)	(6.0, 1.2053066898567672e-05)	(7.0, 1.1192133548669982e-05)	(8.0, 6.887466799181528e-06)	(9.0, 1.89405336977492e-05)	(10.0, 3.1854533946214564e-05)	(11.0, 3.702013404560071e-05)	(12.0, 4.132480079508917e-05)	(13.0, 6.62918679421222e-05)	(14.0, 0.00011536506888629058)	(15.0, 0.000200597470526162)	(16.0, 0.0003280156063110203)	(17.0, 0.0005380833436860569)	(18.0, 0.0008454365495995325)	(19.0, 0.0013921292267845664)	(20.0, 0.0023193544446243794)	(21.0, 0.0038268487402952365)	(22.0, 0.006228852786509794)	(23.0, 0.009255033511400177)	(24.0, 0.012668634243744523)	(25.0, 0.01732714460004093)	(26.0, 0.02432911553475885)	(27.0, 0.03440031386186204)	(28.0, 0.04640258569278575)	(29.0, 0.06142845544855015)	(30.0, 0.0834872897396288)	(31.0, 0.11591262249682553)	(32.0, 0.16302633913662676)	(33.0, 0.22585897687886006)	(34.0, 0.3139126571063462)	(35.0, 0.4351544570390384)	(36.0, 0.6040971301561621)	(37.0, 0.8127030027030725)	(38.0, 1.050222460872947)	(39.0, 1.3235214481312194)	(40.0, 1.6077465405330436)	(41.0, 1.8952388749977294)	(42.0, 2.19615488225402)	(43.0, 2.483588673250913)	(44.0, 2.7625474363514124)	(45.0, 3.079076469908098)	(46.0, 3.377800540855549)	(47.0, 3.6251914608153504)	(48.0, 3.884093920596634)	(49.0, 4.130554171605196)	(50.0, 4.336509230367771)	(51.0, 4.539968443348993)	(52.0, 4.720707625226415)	(53.0, 4.844599378010092)	(54.0, 4.876458216623056)	(55.0, 4.825466856175316)	(56.0, 4.699005217342194)	(57.0, 4.477046268538371)	(58.0, 4.190601689960509)	(59.0, 3.8260342973462333)	(60.0, 3.4095362659994777)	(61.0, 3.00963702963875)	(62.0, 2.597155252369267)	(63.0, 2.1508319069820057)	(64.0, 1.7416690277763787)	(65.0, 1.4033652679340811)	(66.0, 1.1382709755003335)	(67.0, 0.9287008576015379)	(68.0, 0.7435631672394887)	(69.0, 0.6010700884979219)	(70.0, 0.4921060590681206)	(71.0, 0.4010373902492927)	(72.0, 0.3340197554932068)	(73.0, 0.2747737660866473)	(74.0, 0.22447890071897406)	(75.0, 0.18548809023545754)	(76.0, 0.14955875874417718)	(77.0, 0.11851264121351655)	(78.0, 0.08617598459135928)	(79.0, 0.05696795976273022)	(80.0, 0.038737696078646605)	(81.0, 0.030140415646568264)	(82.0, 0.02267267976955569)	(83.0, 0.013155922519786617)	(84.0, 0.0068297842647383825)	(85.0, 0.0041677783468547225)	(86.0, 0.003248301529163988)	(87.0, 0.002805781787316575)	(88.0, 0.002804920853966677)	(89.0, 0.002978829390646011)	(90.0, 0.0032414140623648066)	(91.0, 0.0036090326027711206)	(92.0, 0.003954266876080095)	(93.0, 0.004462217552519732)	(94.0, 0.005081228631096172)	(95.0, 0.00578288931126279)	(96.0, 0.007120779737003802)	(97.0, 0.009505565116220407)	(98.0, 0.012462871173118974)	(99.0, 0.014009968402885126)	(100.0, 0.027765100534200532)
fastqc_fastp_trim | SRR30333753_1	(0.0, 0.00012922843516641715)	(1.0, 9.755479909621687e-05)	(2.0, 5.5745599483552496e-05)	(3.0, 4.814392682670443e-05)	(4.0, 4.814392682670443e-05)	(5.0, 3.547447239862432e-05)	(6.0, 2.4071963413352215e-05)	(7.0, 1.773723619931216e-05)	(8.0, 2.5338908856160226e-05)	(9.0, 2.7872799741776248e-05)	(10.0, 2.6605854298968234e-05)	(11.0, 3.547447239862432e-05)	(12.0, 4.56100359410884e-05)	(13.0, 0.00010262258086744892)	(14.0, 0.00014949956225134532)	(15.0, 0.00021411377983455388)	(16.0, 0.0003864183600564434)	(17.0, 0.0006955530481015981)	(18.0, 0.001249208206608699)	(19.0, 0.0021766122707441633)	(20.0, 0.0036488028752870725)	(21.0, 0.005950842744869228)	(22.0, 0.009168884169601578)	(23.0, 0.014094768051239125)	(24.0, 0.02112378136793797)	(25.0, 0.029735209542704026)	(26.0, 0.03928797818147643)	(27.0, 0.053095149617198134)	(28.0, 0.0712289397401092)	(29.0, 0.09227923827236431)	(30.0, 0.12034968150321862)	(31.0, 0.15358419435895837)	(32.0, 0.19145319364448982)	(33.0, 0.24070316384276563)	(34.0, 0.3099341306195666)	(35.0, 0.3917445986980083)	(36.0, 0.4925199731098432)	(37.0, 0.6096123378796023)	(38.0, 0.740105184597942)	(39.0, 0.900725993946256)	(40.0, 1.0870619949472442)	(41.0, 1.3004029380616853)	(42.0, 1.5670569454094876)	(43.0, 1.8957570719279262)	(44.0, 2.2710263120876593)	(45.0, 2.6701458002082528)	(46.0, 3.0284177003072736)	(47.0, 3.362442798521834)	(48.0, 3.7072635388545625)	(49.0, 4.016875865331656)	(50.0, 4.283705978096009)	(51.0, 4.563842818846173)	(52.0, 4.8477374197797065)	(53.0, 5.047356076803094)	(54.0, 5.149632781564657)	(55.0, 5.20198550115237)	(56.0, 5.141144247097843)	(57.0, 4.9466845919175695)	(58.0, 4.681984214442577)	(59.0, 4.334151944792295)	(60.0, 3.8991538286768215)	(61.0, 3.4096998635385734)	(62.0, 2.906266422384382)	(63.0, 2.4316914645264713)	(64.0, 1.9764399585622687)	(65.0, 1.5498239534964127)	(66.0, 1.210286375660194)	(67.0, 0.9661307854857767)	(68.0, 0.7777613370490816)	(69.0, 0.6214253371883443)	(70.0, 0.5004624540908066)	(71.0, 0.4080742585103608)	(72.0, 0.3541872679914076)	(73.0, 0.3067274917038195)	(74.0, 0.24603066942977334)	(75.0, 0.20149753711507173)	(76.0, 0.17451033223781828)	(77.0, 0.1388825594406142)	(78.0, 0.0954250638068566)	(79.0, 0.06633599643998467)	(80.0, 0.051173193380458386)	(81.0, 0.0403750173714057)	(82.0, 0.029200558565839047)	(83.0, 0.017115165986893423)	(84.0, 0.00870264824664823)	(85.0, 0.004868871336711187)	(86.0, 0.002576967030671495)	(87.0, 0.0013163563150775236)	(88.0, 0.0007639681020132308)	(89.0, 0.00047890537738142825)	(90.0, 0.0003484099967722031)	(91.0, 0.0002799949428605705)	(92.0, 0.00022805017970544203)	(93.0, 0.0001887748709783937)	(94.0, 0.0001799062528787376)	(95.0, 0.0001824401437643536)	(96.0, 0.0001697706893362735)	(97.0, 0.00015076650769415333)	(98.0, 0.0001355631623804572)	(99.0, 8.99531264393688e-05)	(100.0, 4.814392682670443e-05)
fastqc_fastp_trim | SRR30333753_2	(0.0, 0.0009427932805602259)	(1.0, 0.0005322220132194824)	(2.0, 8.616927833077334e-05)	(3.0, 4.688622497409726e-05)	(4.0, 4.942061551323766e-05)	(5.0, 4.688622497409726e-05)	(6.0, 3.928305335667608e-05)	(7.0, 3.5481467547965494e-05)	(8.0, 2.5343905391403927e-05)	(9.0, 3.5481467547965494e-05)	(10.0, 5.829098240022903e-05)	(11.0, 5.575659186108863e-05)	(12.0, 5.829098240022903e-05)	(13.0, 7.476452090464157e-05)	(14.0, 0.00013432269857444079)	(15.0, 0.00021162161001822278)	(16.0, 0.0002737141782271624)	(17.0, 0.00046759505447140244)	(18.0, 0.0008528224164207421)	(19.0, 0.0014027851634142072)	(20.0, 0.0026104222553146044)	(21.0, 0.004526421502904741)	(22.0, 0.00723315059870668)	(23.0, 0.01033271022807538)	(24.0, 0.014048126758455196)	(25.0, 0.019026936972596498)	(26.0, 0.025977503026189022)	(27.0, 0.03608845408208962)	(28.0, 0.04753756334265634)	(29.0, 0.0623358697006971)	(30.0, 0.08350690106940636)	(31.0, 0.11191108303682232)	(32.0, 0.14762571451438872)	(33.0, 0.19077498063852347)	(34.0, 0.24417205490767238)	(35.0, 0.31079231181478634)	(36.0, 0.40287939205445256)	(37.0, 0.5239256857896063)	(38.0, 0.686785621834768)	(39.0, 0.898801329581827)	(40.0, 1.134168911756526)	(41.0, 1.40103770113747)	(42.0, 1.7179391613468542)	(43.0, 2.05231904590942)	(44.0, 2.4043674341156036)	(45.0, 2.7953808096658004)	(46.0, 3.134837078478265)	(47.0, 3.4216350478637394)	(48.0, 3.718693497346924)	(49.0, 3.999251797225035)	(50.0, 4.2543521441374805)	(51.0, 4.518391286481474)	(52.0, 4.771313324725529)	(53.0, 4.9760401252820206)	(54.0, 5.094588777140851)	(55.0, 5.105631116719887)	(56.0, 5.010905735928975)	(57.0, 4.816738473553812)	(58.0, 4.551210376768073)	(59.0, 4.19237995947915)	(60.0, 3.7692330462831922)	(61.0, 3.334678841270563)	(62.0, 2.881304252114277)	(63.0, 2.3996471317364545)	(64.0, 1.946849116427823)	(65.0, 1.5756407357457387)	(66.0, 1.2824256895151604)	(67.0, 1.045482983620386)	(68.0, 0.8444576604463093)	(69.0, 0.6895848561852486)	(70.0, 0.5756107792495659)	(71.0, 0.4818231229581366)	(72.0, 0.41226550741615897)	(73.0, 0.3505784416934818)	(74.0, 0.2962512460964683)	(75.0, 0.25499136811926276)	(76.0, 0.21677782757010391)	(77.0, 0.18033836039834333)	(78.0, 0.13852471808833555)	(79.0, 0.09683906250055441)	(80.0, 0.06767709776193548)	(81.0, 0.05261774917836325)	(82.0, 0.039725304505756086)	(83.0, 0.023164329527743187)	(84.0, 0.011347733639001108)	(85.0, 0.006234600726285365)	(86.0, 0.004684820911601015)	(87.0, 0.003923236554589328)	(88.0, 0.003777509098588755)	(89.0, 0.004029680957233224)	(90.0, 0.004330006236121361)	(91.0, 0.004677217739983594)	(92.0, 0.005161286332959409)	(93.0, 0.005690973955639752)	(94.0, 0.006129423518911038)	(95.0, 0.006735142857765593)	(96.0, 0.007996002150987938)	(97.0, 0.010436620240180137)	(98.0, 0.013247259348086831)	(99.0, 0.014423216558247975)	(100.0, 0.02318207026151717)
fastqc_fastp_trim | SRR30333754_1	(0.0, 0.00016146590535895955)	(1.0, 0.00010192535275784322)	(2.0, 4.137563824823338e-05)	(3.0, 3.63298287057659e-05)	(4.0, 3.63298287057659e-05)	(5.0, 3.330234298028541e-05)	(6.0, 2.724737152932442e-05)	(7.0, 2.724737152932442e-05)	(8.0, 2.522904771233743e-05)	(9.0, 2.6238209620830925e-05)	(10.0, 3.128401916329841e-05)	(11.0, 4.137563824823338e-05)	(12.0, 6.155887641810333e-05)	(13.0, 9.990702894085621e-05)	(14.0, 0.00014733763864005058)	(15.0, 0.00023917137231295883)	(16.0, 0.0004521045350050868)	(17.0, 0.0008456776793175508)	(18.0, 0.0014733763864005058)	(19.0, 0.0024240069042013803)	(20.0, 0.004044720929241937)	(21.0, 0.0067351465772856)	(22.0, 0.01049831133405785)	(23.0, 0.016189984497961173)	(24.0, 0.02383236763098243)	(25.0, 0.03358793580038907)	(26.0, 0.0454536615204556)	(27.0, 0.06164263685650829)	(28.0, 0.08121432290983117)	(29.0, 0.10405569354667299)	(30.0, 0.13535585930050728)	(31.0, 0.1710337694133864)	(32.0, 0.21222775851809095)	(33.0, 0.2669596546252358)	(34.0, 0.3406829686883197)	(35.0, 0.424752210637279)	(36.0, 0.5267381131096318)	(37.0, 0.6458686672453806)	(38.0, 0.7761857811367799)	(39.0, 0.9302575571922076)	(40.0, 1.108274727012369)	(41.0, 1.3116834196121352)	(42.0, 1.5631413381610024)	(43.0, 1.8767777585397878)	(44.0, 2.2357507776576435)	(45.0, 2.619220192942271)	(46.0, 2.9662336342825704)	(47.0, 3.295351607499555)	(48.0, 3.6443520886376777)	(49.0, 3.961569015467798)	(50.0, 4.232648069003504)	(51.0, 4.510673183955371)	(52.0, 4.79613279468711)	(53.0, 4.998783606693597)	(54.0, 5.098574582014977)	(55.0, 5.152012732555433)	(56.0, 5.094341147808847)	(57.0, 4.91287769007118)	(58.0, 4.6651849546029025)	(59.0, 4.335853039061317)	(60.0, 3.911006976366548)	(61.0, 3.4201203492180565)	(62.0, 2.9328202834923505)	(63.0, 2.472289246551343)	(64.0, 2.0181139113100275)	(65.0, 1.5898296339930216)	(66.0, 1.2441260848099467)	(67.0, 0.9943807140197929)	(68.0, 0.802309955461951)	(69.0, 0.6428320990627236)	(70.0, 0.5230082506958399)	(71.0, 0.4294791250166625)	(72.0, 0.36656292583163547)	(73.0, 0.3148595246118796)	(74.0, 0.2585916840800077)	(75.0, 0.2147324983749718)	(76.0, 0.18295701736223705)	(77.0, 0.14591068370144078)	(78.0, 0.10302533923810112)	(79.0, 0.07183012632275014)	(80.0, 0.05324035480639143)	(81.0, 0.0407519761887844)	(82.0, 0.028639005801136954)	(83.0, 0.015822649563269543)	(84.0, 0.007821004790824603)	(85.0, 0.004410037540116583)	(86.0, 0.002252449379757486)	(87.0, 0.0011564995471335477)	(88.0, 0.0007265965741153179)	(89.0, 0.0004864160398938656)	(90.0, 0.000365316610874646)	(91.0, 0.0003098127059075036)	(92.0, 0.00030073024873106214)	(93.0, 0.0003098127059075036)	(94.0, 0.00030779438209051663)	(95.0, 0.00030779438209051663)	(96.0, 0.0002997210868225687)	(97.0, 0.0002532996390318678)	(98.0, 0.00020485986742417993)	(99.0, 0.00011403529565976517)	(100.0, 4.743060969919436e-05)
fastqc_fastp_trim | SRR30333754_2	(0.0, 0.0012718445098621146)	(1.0, 0.0007055708828520778)	(2.0, 0.00010396824167920461)	(3.0, 5.551702225588595e-05)	(4.0, 3.7347814972141455e-05)	(5.0, 2.7253810925616738e-05)	(6.0, 2.3216209307006852e-05)	(7.0, 3.129141254422663e-05)	(8.0, 3.23008129488791e-05)	(9.0, 3.0282012139574155e-05)	(10.0, 3.835721537679393e-05)	(11.0, 4.7441819018666176e-05)	(12.0, 6.662042670706314e-05)	(13.0, 8.478963399080762e-05)	(14.0, 0.00012819385139086392)	(15.0, 0.00021298348538167155)	(16.0, 0.0003310833327260108)	(17.0, 0.0005410386168937249)	(18.0, 0.000969024388466373)	(19.0, 0.0015787022328764657)	(20.0, 0.0029363457771340406)	(21.0, 0.005058105427713536)	(22.0, 0.007986376001610358)	(23.0, 0.011597001249052248)	(24.0, 0.015580095245810903)	(25.0, 0.02110555306087853)	(26.0, 0.029429068797642816)	(27.0, 0.04054761425488979)	(28.0, 0.05272199253540325)	(29.0, 0.06838687741520497)	(30.0, 0.09141735704775576)	(31.0, 0.12238878966370755)	(32.0, 0.1605612847664501)	(33.0, 0.2046852046550236)	(34.0, 0.2586396750845075)	(35.0, 0.3286930725677937)	(36.0, 0.4223270729041663)	(37.0, 0.5445715183100086)	(38.0, 0.7046664600895092)	(39.0, 0.906208391884445)	(40.0, 1.1303619021440008)	(41.0, 1.3912787845414043)	(42.0, 1.704334226040322)	(43.0, 2.0284203951612816)	(44.0, 2.3749647138853542)	(45.0, 2.763729223334826)	(46.0, 3.0968061218600256)	(47.0, 3.380060025811983)	(48.0, 3.682378475206613)	(49.0, 3.9681306451600853)	(50.0, 4.2349605951279425)	(51.0, 4.50494492136034)	(52.0, 4.737766152894647)	(53.0, 4.926536141369515)	(54.0, 5.040162326120434)	(55.0, 5.056071485898162)	(56.0, 4.982997962404155)	(57.0, 4.809573888281219)	(58.0, 4.550126692872989)	(59.0, 4.19716763457735)	(60.0, 3.776403113499586)	(61.0, 3.3468780063098427)	(62.0, 2.899559188786886)	(63.0, 2.423389688898152)	(64.0, 1.9795300865619394)	(65.0, 1.601935601990352)	(66.0, 1.3025373479663822)	(67.0, 1.0660408895587359)	(68.0, 0.867139549222371)	(69.0, 0.7090159664331567)	(70.0, 0.587992895516944)	(71.0, 0.49409947927657566)	(72.0, 0.42561771822333333)	(73.0, 0.3626301235726144)	(74.0, 0.3081497555323066)	(75.0, 0.2663343343691733)	(76.0, 0.22438163475100728)	(77.0, 0.1861738106341019)	(78.0, 0.1440596069511915)	(79.0, 0.10048984788477218)	(80.0, 0.0689127750260289)	(81.0, 0.051583388878955264)	(82.0, 0.03816441989950531)	(83.0, 0.022535873434271086)	(84.0, 0.011366857956791486)	(85.0, 0.0066045068476411235)	(86.0, 0.005315502530899917)	(87.0, 0.0048723757532574815)	(88.0, 0.005032870417597224)	(89.0, 0.005505269806974581)	(90.0, 0.006229009897110403)	(91.0, 0.00699110720262302)	(92.0, 0.007778439518251948)	(93.0, 0.008622298256541414)	(94.0, 0.009218853895691026)	(95.0, 0.009937546983803584)	(96.0, 0.011305284532107685)	(97.0, 0.013805569334431857)	(98.0, 0.017088139450361695)	(99.0, 0.01844679239502392)	(100.0, 0.03172747351903649)
fastqc_fastp_trim | SRR30333755_1	(0.0, 0.0002112722152257038)	(1.0, 0.0001361814881274115)	(2.0, 5.599986427669258e-05)	(3.0, 4.4545346583732736e-05)	(4.0, 4.4545346583732736e-05)	(5.0, 4.072717401941278e-05)	(6.0, 2.2909035385919693e-05)	(7.0, 2.036358700970639e-05)	(8.0, 3.1818104702666234e-05)	(9.0, 3.1818104702666234e-05)	(10.0, 3.0545380514559586e-05)	(11.0, 4.199989820751944e-05)	(12.0, 5.090896752426599e-05)	(13.0, 8.527252060314552e-05)	(14.0, 0.00017054504120629104)	(15.0, 0.0002749084246310363)	(16.0, 0.0004798170189162069)	(17.0, 0.0008896342074865482)	(18.0, 0.001510723611282593)	(19.0, 0.00247672127005554)	(20.0, 0.00397344491526896)	(21.0, 0.00673907457602471)	(22.0, 0.010762155734629828)	(23.0, 0.016495778202050285)	(24.0, 0.024314122889589434)	(25.0, 0.034075917412367436)	(26.0, 0.045665343869266586)	(27.0, 0.06231512169807777)	(28.0, 0.0831839802104625)	(29.0, 0.10716083119020367)	(30.0, 0.13984184289240623)	(31.0, 0.1773337520256519)	(32.0, 0.22155073576885315)	(33.0, 0.2780571442724122)	(34.0, 0.3560344098293304)	(35.0, 0.4473600066711111)	(36.0, 0.5532455682248318)	(37.0, 0.6773069039089038)	(38.0, 0.8144480260741478)	(39.0, 0.9767878144397151)	(40.0, 1.1617515479730665)	(41.0, 1.3685883194032185)	(42.0, 1.6230606117458264)	(43.0, 1.9399752982053227)	(44.0, 2.3106778543025825)	(45.0, 2.7046063541086003)	(46.0, 3.0558667755083424)	(47.0, 3.3847157966797146)	(48.0, 3.7237847930815833)	(49.0, 4.029859687630975)	(50.0, 4.28460307022565)	(51.0, 4.549955881652382)	(52.0, 4.821621405052122)	(53.0, 5.007020410257805)	(54.0, 5.087147306968436)	(55.0, 5.113458334109165)	(56.0, 5.036065248954587)	(57.0, 4.839043726463114)	(58.0, 4.57207964621424)	(59.0, 4.220599043529955)	(60.0, 3.792676080659608)	(61.0, 3.314525057705633)	(62.0, 2.830544957970129)	(63.0, 2.369803529185265)	(64.0, 1.9262693314236023)	(65.0, 1.518455410725341)	(66.0, 1.1914289305913373)	(67.0, 0.9600502186419246)	(68.0, 0.7806711988459853)	(69.0, 0.6272264798310953)	(70.0, 0.5098113098573163)	(71.0, 0.42103879773687747)	(72.0, 0.3689283785790388)	(73.0, 0.3214137664644533)	(74.0, 0.2628200902923994)	(75.0, 0.21988473980662152)	(76.0, 0.19594607055252355)	(77.0, 0.15689634701303534)	(78.0, 0.10313520458322235)	(79.0, 0.07031673866870428)	(80.0, 0.05564731967658704)	(81.0, 0.04545916255079331)	(82.0, 0.03437246214819629)	(83.0, 0.020187951071747673)	(84.0, 0.010040521119973358)	(85.0, 0.0057654405721231225)	(86.0, 0.003077447086841879)	(87.0, 0.0016659959622316043)	(88.0, 0.0010054521086042532)	(89.0, 0.0006312711973008981)	(90.0, 0.0004683625012232471)	(91.0, 0.00038818087737252816)	(92.0, 0.0003499991517293286)	(93.0, 0.0002914538390764227)	(94.0, 0.00022399945710677033)	(95.0, 0.00021381766360191714)	(96.0, 0.00018963590402789078)	(97.0, 0.0001463632816322647)	(98.0, 0.00012727241881066494)	(99.0, 8.272707222693222e-05)	(100.0, 3.8181725643199485e-05)
fastqc_fastp_trim | SRR30333755_2	(0.0, 0.0011482298693567734)	(1.0, 0.00064412895110258)	(2.0, 9.038173029304978e-05)	(3.0, 3.8189463504105536e-05)	(4.0, 3.946244562090905e-05)	(5.0, 4.3281391971319614e-05)	(6.0, 3.055157080328443e-05)	(7.0, 3.055157080328443e-05)	(8.0, 4.3281391971319614e-05)	(9.0, 2.9278588686480913e-05)	(10.0, 2.0367713868856287e-05)	(11.0, 3.055157080328443e-05)	(12.0, 6.237612372337238e-05)	(13.0, 0.00010056558722747792)	(14.0, 0.00013748206861477995)	(15.0, 0.0002202259062070086)	(16.0, 0.00040735427737712573)	(17.0, 0.0006326721120513485)	(18.0, 0.0009738313193546912)	(19.0, 0.0015403083613322566)	(20.0, 0.0029558644752177687)	(21.0, 0.0053019705164866525)	(22.0, 0.008436052488056914)	(23.0, 0.012033499950143654)	(24.0, 0.016383279843261277)	(25.0, 0.02206205306632177)	(26.0, 0.03072978829963692)	(27.0, 0.042686909322772366)	(28.0, 0.055429460311975584)	(29.0, 0.07223537021801563)	(30.0, 0.09666644300370875)	(31.0, 0.12927260694351406)	(32.0, 0.16903038441552154)	(33.0, 0.21653934999674562)	(34.0, 0.2736720603810043)	(35.0, 0.34420927245520405)	(36.0, 0.4414434654830071)	(37.0, 0.5697447870714001)	(38.0, 0.7380546636088109)	(39.0, 0.9502671473905414)	(40.0, 1.185801936534229)	(41.0, 1.453586454625017)	(42.0, 1.7664052610619632)	(43.0, 2.0907916559943027)	(44.0, 2.439088474026563)	(45.0, 2.834532730718875)	(46.0, 3.1790958922025507)	(47.0, 3.4620887276427905)	(48.0, 3.7566644273638246)	(49.0, 4.036520634868261)	(50.0, 4.279061917582835)	(51.0, 4.5270579286679125)	(52.0, 4.765249431489369)	(53.0, 4.95364696582994)	(54.0, 5.045565185537971)	(55.0, 5.034197455234915)	(56.0, 4.938507389514795)	(57.0, 4.746696990119075)	(58.0, 4.473918563184067)	(59.0, 4.108468311127879)	(60.0, 3.682217887208922)	(61.0, 3.257798011573928)	(62.0, 2.8107661545981535)	(63.0, 2.335667587911095)	(64.0, 1.9005228379420314)	(65.0, 1.5403045423859063)	(66.0, 1.2566624860660969)	(67.0, 1.0290456456889272)	(68.0, 0.8350431710880709)	(69.0, 0.6863906843983401)	(70.0, 0.576373204953596)	(71.0, 0.483796853491177)	(72.0, 0.41895623638967305)	(73.0, 0.35945323330392615)	(74.0, 0.3057244771000001)	(75.0, 0.26460842770936327)	(76.0, 0.22349747024719363)	(77.0, 0.18730531568435282)	(78.0, 0.14366494275609462)	(79.0, 0.09756007644970481)	(80.0, 0.06840878597490425)	(81.0, 0.055332713671098516)	(82.0, 0.0432419295256987)	(83.0, 0.025562753887531445)	(84.0, 0.01223463112459861)	(85.0, 0.0065622228121221355)	(86.0, 0.005065195842761198)	(87.0, 0.004331958143482372)	(88.0, 0.004022623489099117)	(89.0, 0.004020077524865509)	(90.0, 0.0043497798931176205)	(91.0, 0.004968449201884131)	(92.0, 0.005526015369044072)	(93.0, 0.006028843305181462)	(94.0, 0.006422194779273748)	(95.0, 0.006890652198257442)	(96.0, 0.007897581052649025)	(97.0, 0.009698850747926003)	(98.0, 0.012195168678977703)	(99.0, 0.012916949539205297)	(100.0, 0.0185995417086162)
fastqc_fastp_trim | SRR30333756_1	(0.0, 0.0002379711605881683)	(1.0, 0.0001586474403921122)	(2.0, 5.9492790147042074e-05)	(3.0, 4.070559325850247e-05)	(4.0, 5.6361590665618804e-05)	(5.0, 5.427412434466996e-05)	(6.0, 4.4880525900400157e-05)	(7.0, 4.279305957945131e-05)	(8.0, 2.713706217233498e-05)	(9.0, 3.0268261653758246e-05)	(10.0, 4.174932641897689e-05)	(11.0, 5.114292486324669e-05)	(12.0, 7.51487875541584e-05)	(13.0, 0.00014403517614547027)	(14.0, 0.00022544636266247521)	(15.0, 0.0003277322123889686)	(16.0, 0.0005897092356680486)	(17.0, 0.0011387128780775946)	(18.0, 0.0020300609971227513)	(19.0, 0.0034547567611703375)	(20.0, 0.005845949431817239)	(21.0, 0.009898765293939422)	(22.0, 0.015421157446009588)	(23.0, 0.02345790278166264)	(24.0, 0.0345955793370852)	(25.0, 0.04853985436102348)	(26.0, 0.06541180090009252)	(27.0, 0.08808168514559696)	(28.0, 0.11605269011315102)	(29.0, 0.14863282071736011)	(30.0, 0.19000744693172666)	(31.0, 0.23851598929793594)	(32.0, 0.294642740002448)	(33.0, 0.3671310517305571)	(34.0, 0.4666280464522628)	(35.0, 0.5761407045818812)	(36.0, 0.7048350907346982)	(37.0, 0.8476459678829321)	(38.0, 0.9926580782666063)	(39.0, 1.1564396420750922)	(40.0, 1.3379020456220148)	(41.0, 1.5325175744572361)	(42.0, 1.7628486083107315)	(43.0, 2.0511224885679646)	(44.0, 2.3768507332888222)	(45.0, 2.7264637676539767)	(46.0, 3.039278945713445)	(47.0, 3.3350311740654774)	(48.0, 3.6442746972498017)	(49.0, 3.9217062774360265)	(50.0, 4.161878671259635)	(51.0, 4.40670611497896)	(52.0, 4.6656041254346405)	(53.0, 4.8521213286777405)	(54.0, 4.941877161812739)	(55.0, 4.988942221218012)	(56.0, 4.9368432367797705)	(57.0, 4.759783299703729)	(58.0, 4.5127984595417034)	(59.0, 4.1946080557057925)	(60.0, 3.7814087097382156)	(61.0, 3.2980694516535967)	(62.0, 2.8181244138068404)	(63.0, 2.3654260301142696)	(64.0, 1.9240344077491176)	(65.0, 1.5091212519320414)	(66.0, 1.1757017375516476)	(67.0, 0.9381104958338922)	(68.0, 0.7499556752620076)	(69.0, 0.593753701664887)	(70.0, 0.4762554411244789)	(71.0, 0.3840228291996751)	(72.0, 0.32499241284272323)	(73.0, 0.2748546030130134)	(74.0, 0.21705057311961895)	(75.0, 0.17316889985379283)	(76.0, 0.14288393846946698)	(77.0, 0.10764959443817143)	(78.0, 0.06948862262490561)	(79.0, 0.044130081758019045)	(80.0, 0.03060225626511006)	(81.0, 0.02249349334138427)	(82.0, 0.015221804412358974)	(83.0, 0.007454342232108324)	(84.0, 0.002931846447772652)	(85.0, 0.001475838688910833)	(86.0, 0.0006805140206293233)	(87.0, 0.0003110324818213778)	(88.0, 0.00018056583676207504)	(89.0, 0.00013464157770120048)	(90.0, 0.00014403517614547027)	(91.0, 0.000140903976664047)	(92.0, 0.00013777277718262374)	(93.0, 0.00016490983935495872)	(94.0, 0.00019622183416919135)	(95.0, 0.0001972655673296658)	(96.0, 0.000187871968885396)	(97.0, 0.00020770289893441002)	(98.0, 0.00020352796629251235)	(99.0, 0.00011689811397313528)	(100.0, 4.070559325850247e-05)
fastqc_fastp_trim | SRR30333756_2	(0.0, 0.001743430794525051)	(1.0, 0.0009698486276130373)	(2.0, 0.000150331757132699)	(3.0, 7.307793749506201e-05)	(4.0, 4.2802791961393466e-05)	(5.0, 4.59347035683247e-05)	(6.0, 3.8626909818818496e-05)	(7.0, 4.0714850890105984e-05)	(8.0, 5.533043838911839e-05)	(9.0, 4.906661517525593e-05)	(10.0, 4.906661517525593e-05)	(11.0, 6.368220267426834e-05)	(12.0, 9.500131874358062e-05)	(13.0, 0.0001263204348128929)	(14.0, 0.0001524196982039865)	(15.0, 0.00027456425087430444)	(16.0, 0.0005125895330010779)	(17.0, 0.0008205608410159821)	(18.0, 0.0013362822856239913)	(19.0, 0.0022205253293142418)	(20.0, 0.004316818164886878)	(21.0, 0.007690930936087455)	(22.0, 0.011899176165267384)	(23.0, 0.016916498559571214)	(24.0, 0.02291828516898709)	(25.0, 0.03071883301131714)	(26.0, 0.042574162414087485)	(27.0, 0.05922444848706955)	(28.0, 0.07668276775463986)	(29.0, 0.09888593310671098)	(30.0, 0.1308450031143729)	(31.0, 0.17370730139629809)	(32.0, 0.22569807804189213)	(33.0, 0.2847450515379022)	(34.0, 0.35578724648845894)	(35.0, 0.4430047209182798)	(36.0, 0.5579510967453342)	(37.0, 0.7070280012941894)	(38.0, 0.8956285863519811)	(39.0, 1.1263575584051404)	(40.0, 1.370154953623488)	(41.0, 1.6326498611352152)	(42.0, 1.9339522853684274)	(43.0, 2.2379533734362784)	(44.0, 2.551719761894541)	(45.0, 2.899677229365672)	(46.0, 3.191719634947724)	(47.0, 3.4295298591441545)	(48.0, 3.691932897248745)	(49.0, 3.934966106035002)	(50.0, 4.160781108776885)	(51.0, 4.401202303282962)	(52.0, 4.612938319381154)	(53.0, 4.783484477995524)	(54.0, 4.878129802786449)	(55.0, 4.890069693802607)	(56.0, 4.821137363304586)	(57.0, 4.651332423770524)	(58.0, 4.397096367166275)	(59.0, 4.049945888919196)	(60.0, 3.642619905027077)	(61.0, 3.2274923293220925)	(62.0, 2.791014512192657)	(63.0, 2.3245047946643584)	(64.0, 1.8911275700257852)	(65.0, 1.5271315832155594)	(66.0, 1.2466501073452263)	(67.0, 1.0217569305863154)	(68.0, 0.8242011662737717)	(69.0, 0.671633224253724)	(70.0, 0.5529295984688878)	(71.0, 0.4595694014073391)	(72.0, 0.39010360196560445)	(73.0, 0.3280896642072948)	(74.0, 0.274462985732347)	(75.0, 0.22914422478005214)	(76.0, 0.184640804816095)	(77.0, 0.14616109484280226)	(78.0, 0.10695582534723713)	(79.0, 0.06902524387569302)	(80.0, 0.04309823562298065)	(81.0, 0.029765687912274404)	(82.0, 0.021042270116435287)	(83.0, 0.012038024246508001)	(84.0, 0.006025797931735685)	(85.0, 0.0037572499577818315)	(86.0, 0.003653896874753101)	(87.0, 0.0038846143631303684)	(88.0, 0.004342917428277972)	(89.0, 0.004973475631806792)	(90.0, 0.005736618093362369)	(91.0, 0.006577014374555581)	(92.0, 0.007335980953968583)	(93.0, 0.00795714342267661)	(94.0, 0.008655559711022274)	(95.0, 0.009788267742195735)	(96.0, 0.011932583222407984)	(97.0, 0.015534281570378899)	(98.0, 0.020129839868282658)	(99.0, 0.02299762692969602)	(100.0, 0.0397439582919573)
fastqc_fastp_trim | SRR30333757_1	(0.0, 3.54083175421458e-05)	(1.0, 3.872784731172197e-05)	(2.0, 4.426039692768225e-05)	(3.0, 5.864502592917898e-05)	(4.0, 7.08166350842916e-05)	(5.0, 8.520126408578833e-05)	(6.0, 9.294683354813273e-05)	(7.0, 8.520126408578833e-05)	(8.0, 9.515985339451684e-05)	(9.0, 0.0001062249526264374)	(10.0, 0.00011286401216558975)	(11.0, 0.00016265695870923226)	(12.0, 0.0002589233220269412)	(13.0, 0.0003950240425795641)	(14.0, 0.0006174325371411674)	(15.0, 0.000985900341564122)	(16.0, 0.0016686169641736209)	(17.0, 0.0028846713697616906)	(18.0, 0.004610826849941298)	(19.0, 0.007277515764834154)	(20.0, 0.01231766846497397)	(21.0, 0.020015658000621106)	(22.0, 0.030343821623695758)	(23.0, 0.045817256389613474)	(24.0, 0.06856599390051896)	(25.0, 0.10315770711934902)	(26.0, 0.14834314634281984)	(27.0, 0.2059746091823549)	(28.0, 0.2819674976873389)	(29.0, 0.3816219943898619)	(30.0, 0.49932809397934014)	(31.0, 0.6255211246797013)	(32.0, 0.7777049669659207)	(33.0, 0.9620550527193332)	(34.0, 1.158032344745648)	(35.0, 1.3414850509513516)	(36.0, 1.5629153907408533)	(37.0, 1.812646934835838)	(38.0, 2.0096245118327185)	(39.0, 2.1831816997953153)	(40.0, 2.3420245187993047)	(41.0, 2.504481199212439)	(42.0, 2.6776699193706137)	(43.0, 2.8489100755540466)	(44.0, 3.0349486954502503)	(45.0, 3.2480669326967333)	(46.0, 3.438424260823155)	(47.0, 3.5951392612448467)	(48.0, 3.793291951780157)	(49.0, 3.9755020473421157)	(50.0, 4.091167742633227)	(51.0, 4.204627057137494)	(52.0, 4.311354365269062)	(53.0, 4.359806221785796)	(54.0, 4.3309473364790225)	(55.0, 4.247359363861249)	(56.0, 4.0931605670048965)	(57.0, 3.8402610849998133)	(58.0, 3.544836213626612)	(59.0, 3.2102242933235643)	(60.0, 2.823151631052059)	(61.0, 2.4032775886174473)	(62.0, 1.9919103944723366)	(63.0, 1.6240246142689811)	(64.0, 1.2839653456140592)	(65.0, 0.9739146260761058)	(66.0, 0.7324542436569816)	(67.0, 0.563094047833052)	(68.0, 0.4285324825835891)	(69.0, 0.32082923269976715)	(70.0, 0.23981278914349113)	(71.0, 0.1756628763464317)	(72.0, 0.13690736628662994)	(73.0, 0.10844571804228387)	(74.0, 0.07596965179659701)	(75.0, 0.052236120454050586)	(76.0, 0.039715960673132475)	(77.0, 0.02964450735223838)	(78.0, 0.018927958746123314)	(79.0, 0.011254312428786405)	(80.0, 0.007533119557091519)	(81.0, 0.0057615971700610375)	(82.0, 0.004427146202691417)	(83.0, 0.0026113634187332527)	(84.0, 0.0012647408422085202)	(85.0, 0.0007557462775401745)	(86.0, 0.0005023555051291935)	(87.0, 0.0002932251296458949)	(88.0, 0.0001748285678643449)	(89.0, 0.00010954448239601358)	(90.0, 7.524267477705983e-05)	(91.0, 5.9751535852371045e-05)	(92.0, 4.8686436620450476e-05)	(93.0, 4.094086715810609e-05)	(94.0, 3.4301807618953744e-05)	(95.0, 2.655623815660935e-05)	(96.0, 1.6597648847880844e-05)	(97.0, 1.2171609155112619e-05)	(98.0, 7.745569462344394e-06)	(99.0, 2.2130198463841125e-06)	(100.0, 0.0)
fastqc_fastp_trim | SRR30333757_2	(0.0, 0.00012170684512047164)	(1.0, 0.00017702813835704964)	(2.0, 0.0003164377973132262)	(3.0, 0.0004989980649939337)	(4.0, 0.0006660683705683992)	(5.0, 0.0008873535435147113)	(6.0, 0.0010754459405190766)	(7.0, 0.0011484700475913594)	(8.0, 0.0012270262839873005)	(9.0, 0.001311114649706899)	(10.0, 0.001366435942943477)	(11.0, 0.0013985222930206923)	(12.0, 0.0015102713053585797)	(13.0, 0.0016618516488268037)	(14.0, 0.001753684995599523)	(15.0, 0.002020333628999829)	(16.0, 0.002579078690689267)	(17.0, 0.003512902120522704)	(18.0, 0.004964532855050511)	(19.0, 0.007386499072947896)	(20.0, 0.012301242764085486)	(21.0, 0.020162398533003223)	(22.0, 0.03141474957732319)	(23.0, 0.046932372330183325)	(24.0, 0.06939834951355765)	(25.0, 0.10082969547885182)	(26.0, 0.14607698121704898)	(27.0, 0.21014014521087104)	(28.0, 0.2876419577577226)	(29.0, 0.38615258462409713)	(30.0, 0.50882312667275)	(31.0, 0.657236879316112)	(32.0, 0.8288833622671073)	(33.0, 1.0075490109039595)	(34.0, 1.1826099240735166)	(35.0, 1.3662821497482793)	(36.0, 1.5876027283222627)	(37.0, 1.8145140767907348)	(38.0, 2.001588561999547)	(39.0, 2.173963073169536)	(40.0, 2.3233128620944608)	(41.0, 2.471463285382016)	(42.0, 2.649798112685314)	(43.0, 2.811410419469059)	(44.0, 2.9878255978970474)	(45.0, 3.2194093827922807)	(46.0, 3.4146813772328892)	(47.0, 3.5549319198462617)	(48.0, 3.724472874376673)	(49.0, 3.8803793429759965)	(50.0, 4.003130654112775)	(51.0, 4.123514213899028)	(52.0, 4.2096262325252205)	(53.0, 4.257929466501807)	(54.0, 4.237335561881558)	(55.0, 4.158410885672661)	(56.0, 4.017694537770237)	(57.0, 3.7904656450785867)	(58.0, 3.5122703513539424)	(59.0, 3.165938033601534)	(60.0, 2.77890694684084)	(61.0, 2.41508535544462)	(62.0, 2.0557503209298864)	(63.0, 1.6791948742564708)	(64.0, 1.3373059627768245)	(65.0, 1.0534435557730248)	(66.0, 0.8275755668949947)	(67.0, 0.6577801344156952)	(68.0, 0.5155844951321246)	(69.0, 0.4023064022491779)	(70.0, 0.3146011303777718)	(71.0, 0.2431735958282965)	(72.0, 0.19263206232735883)	(73.0, 0.14782955978678375)	(74.0, 0.1101756747582393)	(75.0, 0.0829321506909541)	(76.0, 0.06140552906673686)	(77.0, 0.0453645668798587)	(78.0, 0.03126316923385497)	(79.0, 0.020221039103833997)	(80.0, 0.012491548012819317)	(81.0, 0.008488499234220532)	(82.0, 0.0060200631300044195)	(83.0, 0.003557159155111966)	(84.0, 0.0019860344271931504)	(85.0, 0.0011617471579681382)	(86.0, 0.0007269217931286351)	(87.0, 0.00044367677175735567)	(88.0, 0.00028767072483020564)	(89.0, 0.00020468878497533863)	(90.0, 0.00013498395549725036)	(91.0, 9.73654760963773e-05)	(92.0, 9.515262436691418e-05)	(93.0, 8.408836571959858e-05)	(94.0, 6.749197774862518e-05)	(95.0, 7.634338466647766e-05)	(96.0, 9.625905023164573e-05)	(97.0, 0.00012502612271466631)	(98.0, 0.00020358235911060709)	(99.0, 0.0003772912198734621)	(100.0, 0.001054423849089177)
fastqc_fastp_trim | SRR30333758_1	(0.0, 0.00011661563078697315)	(1.0, 0.00011165326351944236)	(2.0, 0.0001079314880687943)	(3.0, 0.00013026214077268276)	(4.0, 0.0001538333852934539)	(5.0, 0.00013398391622333086)	(6.0, 0.00013894628349086163)	(7.0, 0.0001786452216311078)	(8.0, 0.00019105113979993473)	(9.0, 0.0001786452216311078)	(10.0, 0.00017244226254669432)	(11.0, 0.00021834415977135398)	(12.0, 0.00027789256698172325)	(13.0, 0.000392027014134931)	(14.0, 0.0006364236020608216)	(15.0, 0.0010011575962243333)	(16.0, 0.0017343473600020048)	(17.0, 0.002905466035139267)	(18.0, 0.004478536458946522)	(19.0, 0.007072613948048233)	(20.0, 0.011697540241386913)	(21.0, 0.018890491595672767)	(22.0, 0.028296658751277345)	(23.0, 0.042030010164168755)	(24.0, 0.062156131209456685)	(25.0, 0.08850630140004508)	(26.0, 0.12039447346119782)	(27.0, 0.16390450966290762)	(28.0, 0.2220101085902423)	(29.0, 0.3038643566681624)	(30.0, 0.40834327771057216)	(31.0, 0.5228226093888734)	(32.0, 0.6653914209850325)	(33.0, 0.8445527288119634)	(34.0, 1.0482492210013834)	(35.0, 1.2533637096375003)	(36.0, 1.49216522846925)	(37.0, 1.753030672764258)	(38.0, 1.9579392231587727)	(39.0, 2.1407056908055644)	(40.0, 2.3062601875849262)	(41.0, 2.469582859685716)	(42.0, 2.6531470278707636)	(43.0, 2.825187338668788)	(44.0, 3.0141468406654583)	(45.0, 3.2434652756489566)	(46.0, 3.439224461393961)	(47.0, 3.6012829704333478)	(48.0, 3.8032327093445963)	(49.0, 3.985161777514993)	(50.0, 4.112760367656828)	(51.0, 4.235948653889646)	(52.0, 4.348967808999476)	(53.0, 4.408276781989187)	(54.0, 4.390443274621498)	(55.0, 4.323515827284311)	(56.0, 4.179180412940911)	(57.0, 3.9309516368926696)	(58.0, 3.638565235714306)	(59.0, 3.30651835474202)	(60.0, 2.912180118052236)	(61.0, 2.4837466964590655)	(62.0, 2.066545593175951)	(63.0, 1.6904651462552303)	(64.0, 1.3438028530882486)	(65.0, 1.0200406442691048)	(66.0, 0.7677055093069819)	(67.0, 0.5929917231435753)	(68.0, 0.4520691768884195)	(69.0, 0.3360490301735501)	(70.0, 0.25030552674970274)	(71.0, 0.18388175969016965)	(72.0, 0.14552390130397364)	(73.0, 0.1156082702316644)	(74.0, 0.07854558970229394)	(75.0, 0.052777257073823525)	(76.0, 0.04126208382951837)	(77.0, 0.03148870149611652)	(78.0, 0.018575381274184562)	(79.0, 0.009836652516062873)	(80.0, 0.006521791181352318)	(81.0, 0.00538044670982024)	(82.0, 0.004380529705412789)	(83.0, 0.0025407320409757553)	(84.0, 0.0011748404505879102)	(85.0, 0.0007170620701581966)	(86.0, 0.00044909423771153484)	(87.0, 0.0002580430979116001)	(88.0, 0.00017616403799734242)	(89.0, 0.00012405918168826931)	(90.0, 0.0001066908962519116)	(91.0, 8.808201899867121e-05)	(92.0, 6.202959084413466e-05)	(93.0, 4.590189722465964e-05)	(94.0, 3.101479542206733e-05)	(95.0, 3.2255387238950014e-05)	(96.0, 2.4811836337653862e-05)	(97.0, 8.684142718178852e-06)	(98.0, 4.962367267530772e-06)	(99.0, 3.7217754506480786e-06)	(100.0, 2.481183633765386e-06)
fastqc_fastp_trim | SRR30333758_2	(0.0, 0.0002555472294574204)	(1.0, 0.0004044096932190245)	(2.0, 0.0008770480156621175)	(3.0, 0.0015208781714310551)	(4.0, 0.0020803529310684174)	(5.0, 0.0025790421846697913)	(6.0, 0.0028854507559124263)	(7.0, 0.0031397574648385)	(8.0, 0.0034387229128930554)	(9.0, 0.0035726991302784984)	(10.0, 0.003626041513126407)	(11.0, 0.003700472745007209)	(12.0, 0.0038443731266434257)	(13.0, 0.0038778671809897875)	(14.0, 0.0037587772099805035)	(15.0, 0.003781106579544744)	(16.0, 0.004196680957545889)	(17.0, 0.004851675798096948)	(18.0, 0.005840370661580268)	(19.0, 0.007899634743615791)	(20.0, 0.01193504803208661)	(21.0, 0.018179828386885904)	(22.0, 0.0269614732282892)	(23.0, 0.038890318657719074)	(24.0, 0.055296202684779194)	(25.0, 0.07696685584687471)	(26.0, 0.10864106657375001)	(27.0, 0.15536775342798623)	(28.0, 0.21427759242057834)	(29.0, 0.29654147093630345)	(30.0, 0.4081560652236915)	(31.0, 0.5492168953636563)	(32.0, 0.7220970771326638)	(33.0, 0.9127439939516189)	(34.0, 1.1029505259819459)	(35.0, 1.3031258810021749)	(36.0, 1.5431641227766988)	(37.0, 1.7821776945923302)	(38.0, 1.9751133717916198)	(39.0, 2.1536292383345357)	(40.0, 2.305265506004231)	(41.0, 2.4527447893733836)	(42.0, 2.633338527806305)	(43.0, 2.794670703949006)	(44.0, 2.9714709305970692)	(45.0, 3.2131193680212813)	(46.0, 3.413214089206973)	(47.0, 3.5536199245063864)	(48.0, 3.7244668931245166)	(49.0, 3.8789104587566494)	(50.0, 4.0050279785760114)	(51.0, 4.139710052143792)	(52.0, 4.239362306947403)	(53.0, 4.293351000992144)	(54.0, 4.289882505586498)	(55.0, 4.222504873446933)	(56.0, 4.079072168051034)	(57.0, 3.856457037139274)	(58.0, 3.5814113059701467)	(59.0, 3.2344178650239725)	(60.0, 2.8429294336594557)	(61.0, 2.4775973776983835)	(62.0, 2.120074398482139)	(63.0, 1.7420716658138915)	(64.0, 1.3979649161441616)	(65.0, 1.1073345255397251)	(66.0, 0.8758372676235231)	(67.0, 0.699684592692823)	(68.0, 0.5481760986378563)	(69.0, 0.42918412875054945)	(70.0, 0.3380678957231343)	(71.0, 0.26326202664186554)	(72.0, 0.20790131688945632)	(73.0, 0.15714914091100007)	(74.0, 0.11495035399617934)	(75.0, 0.08530687537911859)	(76.0, 0.06242795521949138)	(77.0, 0.045169833587396076)	(78.0, 0.02968317527406386)	(79.0, 0.018060738415876618)	(80.0, 0.010718097390835497)	(81.0, 0.0073190711349455356)	(82.0, 0.005285857984068292)	(83.0, 0.0030082622885157497)	(84.0, 0.001580423156935697)	(85.0, 0.000891934262038278)	(86.0, 0.0005743610060135226)	(87.0, 0.00038456136471747725)	(88.0, 0.0002443825446753001)	(89.0, 0.00016747027173180464)	(90.0, 0.00012281153260332338)	(91.0, 0.00010048216303908278)	(92.0, 7.691227294349545e-05)	(93.0, 6.574758816137515e-05)	(94.0, 7.815279347484215e-05)	(95.0, 7.691227294349545e-05)	(96.0, 0.00010296320410177618)	(97.0, 0.00017119183332584472)	(98.0, 0.0002853197222097412)	(99.0, 0.0005644368417627489)	(100.0, 0.0017652607161063553)
fastqc_fastp_trim | SRR30333759_1	(0.0, 7.708716747092526e-05)	(1.0, 5.723138191023238e-05)	(2.0, 4.3215533279155066e-05)	(3.0, 4.438352066507818e-05)	(4.0, 3.971157112138574e-05)	(5.0, 4.3215533279155066e-05)	(6.0, 4.555150805100129e-05)	(7.0, 4.204754589323196e-05)	(8.0, 5.606339452430928e-05)	(9.0, 6.891125576946349e-05)	(10.0, 0.00011212678904861856)	(11.0, 0.00017753408266031273)	(12.0, 0.000254621250131238)	(13.0, 0.0003830998625827801)	(14.0, 0.0006085214280659403)	(15.0, 0.0010149810383671826)	(16.0, 0.001792860637391974)	(17.0, 0.002951504124227699)	(18.0, 0.004654429732903593)	(19.0, 0.00742839977447098)	(20.0, 0.01251732081493797)	(21.0, 0.02093266993051398)	(22.0, 0.03208694946607968)	(23.0, 0.04774849232392266)	(24.0, 0.07122036683143347)	(25.0, 0.10588623244563139)	(26.0, 0.1505185344239112)	(27.0, 0.20851728404669506)	(28.0, 0.28602843093871044)	(29.0, 0.39328821655018736)	(30.0, 0.5240409004421217)	(31.0, 0.6618377162585585)	(32.0, 0.8375380587229718)	(33.0, 1.053618061093519)	(34.0, 1.282704770993706)	(35.0, 1.4963740473997078)	(36.0, 1.7497525589523235)	(37.0, 2.040062831647828)	(38.0, 2.246120334259769)	(39.0, 2.4086492829731276)	(40.0, 2.555384706254034)	(41.0, 2.7086573549339517)	(42.0, 2.8707377964911163)	(43.0, 3.0222876637767975)	(44.0, 3.196084186802156)	(45.0, 3.3910761769198614)	(46.0, 3.5484239335892647)	(47.0, 3.675350290804915)	(48.0, 3.841376193751728)	(49.0, 3.981239179253862)	(50.0, 4.06032243716733)	(51.0, 4.136653916799563)	(52.0, 4.2054927573511)	(53.0, 4.220928878643459)	(54.0, 4.166005439807811)	(55.0, 4.057115143805586)	(56.0, 3.884771597088315)	(57.0, 3.627546903073854)	(58.0, 3.333006180066536)	(59.0, 3.0020896579120286)	(60.0, 2.6242772742253226)	(61.0, 2.225055681754646)	(62.0, 1.836819010648576)	(63.0, 1.4938874022550777)	(64.0, 1.1790961139506249)	(65.0, 0.887846779396838)	(66.0, 0.6629332884265543)	(67.0, 0.5088512244881918)	(68.0, 0.3849686424002571)	(69.0, 0.28407438804206103)	(70.0, 0.21010925085370824)	(71.0, 0.15135598137961806)	(72.0, 0.11803797320877542)	(73.0, 0.09430446952681783)	(74.0, 0.06452312716055036)	(75.0, 0.043039167183880685)	(76.0, 0.03233456279189537)	(77.0, 0.023947245373581522)	(78.0, 0.014683937415825337)	(79.0, 0.008210951323039464)	(80.0, 0.0053750779500181525)	(81.0, 0.004249138109988274)	(82.0, 0.0032867165039876314)	(83.0, 0.002006602329015903)	(84.0, 0.0010546926094885682)	(85.0, 0.0006073534406800171)	(86.0, 0.00037725992565316454)	(87.0, 0.0002452773510438531)	(88.0, 0.00015767829709961985)	(89.0, 0.0001156307512063879)	(90.0, 8.876704133015636e-05)	(91.0, 5.723138191023238e-05)	(92.0, 4.204754589323196e-05)	(93.0, 2.919968464807775e-05)	(94.0, 1.868779817476976e-05)	(95.0, 1.2847861245154211e-05)	(96.0, 9.34389908738488e-06)	(97.0, 7.00792431553866e-06)	(98.0, 4.67194954369244e-06)	(99.0, 4.67194954369244e-06)	(100.0, 4.67194954369244e-06)
fastqc_fastp_trim | SRR30333759_2	(0.0, 0.00011445309075257684)	(1.0, 0.00014014664173784918)	(2.0, 0.00021489151733136873)	(3.0, 0.00035270238170692045)	(4.0, 0.0005138710197054471)	(5.0, 0.0006271562217768751)	(6.0, 0.0006656965482547836)	(7.0, 0.0007310983143991133)	(8.0, 0.0008175220768041204)	(9.0, 0.0008245294088910127)	(10.0, 0.0008642376240500701)	(11.0, 0.0009261357241509534)	(12.0, 0.0009611723845854156)	(13.0, 0.0010569392564396126)	(14.0, 0.0012531445548726015)	(15.0, 0.0015661387214204647)	(16.0, 0.002190959165835042)	(17.0, 0.0032245406486516802)	(18.0, 0.004781336260622954)	(19.0, 0.00731331892135343)	(20.0, 0.012353926469191407)	(21.0, 0.02007483854026575)	(22.0, 0.03104598481097704)	(23.0, 0.04684985444428183)	(24.0, 0.06870572322329942)	(25.0, 0.09891199607253053)	(26.0, 0.1434027153808919)	(27.0, 0.20765644695165228)	(28.0, 0.2864702467102941)	(29.0, 0.39179862319705583)	(30.0, 0.5267423208603873)	(31.0, 0.6971197611097718)	(32.0, 0.901863493690639)	(33.0, 1.1153231794989193)	(34.0, 1.3194117265296623)	(35.0, 1.5305052698699353)	(36.0, 1.7849169722826963)	(37.0, 2.0366892462760617)	(38.0, 2.2281482451088617)	(39.0, 2.3954050868022168)	(40.0, 2.536738303440113)	(41.0, 2.6697187802304336)	(42.0, 2.8315577863319397)	(43.0, 2.9747888220767025)	(44.0, 3.1307054646761037)	(45.0, 3.352907965151463)	(46.0, 3.5237607360940753)	(47.0, 3.6238885042836815)	(48.0, 3.7599241778638866)	(49.0, 3.8851580490321482)	(50.0, 3.971898309269746)	(51.0, 4.054358257490934)	(52.0, 4.111562612982281)	(53.0, 4.129803866293144)	(54.0, 4.082991384286657)	(55.0, 3.9805850652801302)	(56.0, 3.8199968679561347)	(57.0, 3.5822275792497438)	(58.0, 3.3052989830644344)	(59.0, 2.968460033313557)	(60.0, 2.596874059521143)	(61.0, 2.250568204120874)	(62.0, 1.910477852281679)	(63.0, 1.5581433555093205)	(64.0, 1.2393658042124085)	(65.0, 0.9746813529602633)	(66.0, 0.760854950106102)	(67.0, 0.6019601913697721)	(68.0, 0.4699175291904141)	(69.0, 0.36292374344433426)	(70.0, 0.2820474522747838)	(71.0, 0.21649269271322372)	(72.0, 0.1685391834652563)	(73.0, 0.12631767186436693)	(74.0, 0.09221532237482362)	(75.0, 0.06829929796225966)	(76.0, 0.04961074328651747)	(77.0, 0.03575140830732532)	(78.0, 0.02378054932555071)	(79.0, 0.014884741241240734)	(80.0, 0.008860771423875514)	(81.0, 0.006094043138234142)	(82.0, 0.004408779771336506)	(83.0, 0.0025857055400633176)	(84.0, 0.001473875515609714)	(85.0, 0.0008899311750353423)	(86.0, 0.0005664260103571405)	(87.0, 0.00038189959873563903)	(88.0, 0.00024992817776583104)	(89.0, 0.00016934385876656778)	(90.0, 0.00012729986624521303)	(91.0, 9.810264921649444e-05)	(92.0, 9.693476053534568e-05)	(93.0, 8.40879850427095e-05)	(94.0, 7.240909823122208e-05)	(95.0, 6.540176614432962e-05)	(96.0, 7.124120955007333e-05)	(97.0, 0.00010744575866568436)	(98.0, 0.00014481819646244417)	(99.0, 0.00022540251546170745)	(100.0, 0.0006528497727621475)
fastqc_fastp_trim | SRR30333760_1	(0.0, 3.1830881059811634e-05)	(1.0, 3.060661640366503e-05)	(2.0, 3.1830881059811634e-05)	(3.0, 3.3055145715958235e-05)	(4.0, 5.019485090201066e-05)	(5.0, 6.488602677576988e-05)	(6.0, 6.366176211962327e-05)	(7.0, 7.100735005650287e-05)	(8.0, 7.835293799338248e-05)	(9.0, 0.00010283823111631452)	(10.0, 0.00014568749408144555)	(11.0, 0.0002020036682641892)	(12.0, 0.0002974963114436241)	(13.0, 0.0004811360098656143)	(14.0, 0.0007100735005650287)	(15.0, 0.0011226506896864334)	(16.0, 0.0019441322739608027)	(17.0, 0.003037400611899718)	(18.0, 0.004532227757054718)	(19.0, 0.007199900442798162)	(20.0, 0.011962289955208441)	(21.0, 0.019713109493272575)	(22.0, 0.029103219405917004)	(23.0, 0.042657053414116027)	(24.0, 0.06346098271601523)	(25.0, 0.09338690797086274)	(26.0, 0.13157172259607525)	(27.0, 0.18128421322356414)	(28.0, 0.24929211487250783)	(29.0, 0.34285898974782414)	(30.0, 0.45913230120069143)	(31.0, 0.5870300055636707)	(32.0, 0.7418358228040962)	(33.0, 0.929890219576151)	(34.0, 1.1344905531760272)	(35.0, 1.3328985561451139)	(36.0, 1.5684764583394672)	(37.0, 1.8240270141341965)	(38.0, 2.0251945096382378)	(39.0, 2.20270798772087)	(40.0, 2.357455040257801)	(41.0, 2.5208209159740034)	(42.0, 2.695838118422753)	(43.0, 2.8657170821096556)	(44.0, 3.0497730305147353)	(45.0, 3.2613443270667104)	(46.0, 3.4537228266042748)	(47.0, 3.6142398384656245)	(48.0, 3.809889573164413)	(49.0, 3.983779227864851)	(50.0, 4.103746145785313)	(51.0, 4.216510714733665)	(52.0, 4.3192571260007675)	(53.0, 4.365904057929265)	(54.0, 4.341232676578599)	(55.0, 4.266487646526881)	(56.0, 4.106393005971902)	(57.0, 3.8516822957312886)	(58.0, 3.5619931199999124)	(59.0, 3.2267527292072877)	(60.0, 2.8365098002079656)	(61.0, 2.415095868798495)	(62.0, 2.0038959774152554)	(63.0, 1.638279131974322)	(64.0, 1.2960690024942556)	(65.0, 0.9789807837583174)	(66.0, 0.7302799887147284)	(67.0, 0.5555859921352014)	(68.0, 0.4184634535881575)	(69.0, 0.3122560461381276)	(70.0, 0.23389821108612047)	(71.0, 0.1699107945679622)	(72.0, 0.1291770609286525)	(73.0, 0.09970288933192308)	(74.0, 0.06891140896517989)	(75.0, 0.04692116721147464)	(76.0, 0.034813189762184754)	(77.0, 0.024566094590237703)	(78.0, 0.015455117019194694)	(79.0, 0.009341139326398568)	(80.0, 0.005904628436595057)	(81.0, 0.004364503499162634)	(82.0, 0.0032565439853499594)	(83.0, 0.0018988344816833786)	(84.0, 0.0009696176076681083)	(85.0, 0.0005839742409819288)	(86.0, 0.000380746308061593)	(87.0, 0.00024240440191702708)	(88.0, 0.00015058455270603198)	(89.0, 0.00010895955439704753)	(90.0, 7.712867333723589e-05)	(91.0, 4.040073365283784e-05)	(92.0, 3.3055145715958235e-05)	(93.0, 3.3055145715958235e-05)	(94.0, 3.4279410372104836e-05)	(95.0, 2.938235174751843e-05)	(96.0, 1.3466911217612613e-05)	(97.0, 6.121323280733007e-06)	(98.0, 4.897058624586405e-06)	(99.0, 4.897058624586405e-06)	(100.0, 4.897058624586405e-06)
fastqc_fastp_trim | SRR30333760_2	(0.0, 0.00014445181570362376)	(1.0, 0.00015791766293023275)	(2.0, 0.00025829943316495435)	(3.0, 0.0004088720885170367)	(4.0, 0.0005496514004315853)	(5.0, 0.0006953273840649008)	(6.0, 0.0007883641467214719)	(7.0, 0.0008434517035575997)	(8.0, 0.0008985392603937275)	(9.0, 0.0009217984510578702)	(10.0, 0.0009842310154721482)	(11.0, 0.0011127686480897796)	(12.0, 0.0012437546165667943)	(13.0, 0.0013245496999264483)	(14.0, 0.0014298281418799368)	(15.0, 0.001777491833912387)	(16.0, 0.002420179997000544)	(17.0, 0.003387272661457008)	(18.0, 0.004881981703610606)	(19.0, 0.007546995286549496)	(20.0, 0.012457132852543011)	(21.0, 0.019350422464637123)	(22.0, 0.02901890077334238)	(23.0, 0.042747944104835095)	(24.0, 0.06127205321693031)	(25.0, 0.0870787373427616)	(26.0, 0.12555800787676163)	(27.0, 0.18207906535855836)	(28.0, 0.25143429941524315)	(29.0, 0.34365454206271)	(30.0, 0.4658069147590692)	(31.0, 0.6158911271072046)	(32.0, 0.79341506359938)	(33.0, 0.9833104411890201)	(34.0, 1.1711443199850593)	(35.0, 1.3686172970594912)	(36.0, 1.6015054523399046)	(37.0, 1.8348893956318433)	(38.0, 2.0263908815452387)	(39.0, 2.20214589537901)	(40.0, 2.350654603601632)	(41.0, 2.496344053082174)	(42.0, 2.6739108354518883)	(43.0, 2.8361290003191284)	(44.0, 3.0141976915400166)	(45.0, 3.247030759263594)	(46.0, 3.4384355359105436)	(47.0, 3.574471197097537)	(48.0, 3.743403923059136)	(49.0, 3.9001231255862003)	(50.0, 4.019943458376497)	(51.0, 4.138379257238312)	(52.0, 4.226542607366781)	(53.0, 4.272040032641703)	(54.0, 4.250748079840575)	(55.0, 4.168770450260839)	(56.0, 4.018999624902705)	(57.0, 3.786331819849636)	(58.0, 3.5081139503006673)	(59.0, 3.168725633472933)	(60.0, 2.7859454602093456)	(61.0, 2.4141730049695465)	(62.0, 2.053234435907519)	(63.0, 1.6837499505283138)	(64.0, 1.3424237758678772)	(65.0, 1.0573652559277915)	(66.0, 0.826160331550704)	(67.0, 0.6499107538733377)	(68.0, 0.5059265703188562)	(69.0, 0.393061959705068)	(70.0, 0.306449630343519)	(71.0, 0.23468033712948214)	(72.0, 0.1827095118423496)	(73.0, 0.13876922817399476)	(74.0, 0.10207969115320402)	(75.0, 0.0750194590673684)	(76.0, 0.05485496492948627)	(77.0, 0.03921377129181508)	(78.0, 0.026155571985793435)	(79.0, 0.01634753853310332)	(80.0, 0.009745600888275837)	(81.0, 0.00635220738717037)	(82.0, 0.004555128866382915)	(83.0, 0.0027225494756344002)	(84.0, 0.0014261556380908615)	(85.0, 0.0008250891846122237)	(86.0, 0.0005753589269551115)	(87.0, 0.0004186654319545705)	(88.0, 0.0002534027614461874)	(89.0, 0.00013588264019578165)	(90.0, 9.303676265657123e-05)	(91.0, 7.712257957057878e-05)	(92.0, 8.201925128934568e-05)	(93.0, 6.85534040627367e-05)	(94.0, 5.998422855489461e-05)	(95.0, 6.488090027366152e-05)	(96.0, 8.69159230081126e-05)	(97.0, 0.00012119262503948093)	(98.0, 0.00017750434980530038)	(99.0, 0.000313386990001082)	(100.0, 0.0007748982994948631)
fastqc_fastp_trim | SRR30333761_1	(0.0, 6.927707627040601e-05)	(1.0, 6.0916049823977705e-05)	(2.0, 5.613832042601866e-05)	(3.0, 5.4943888076528906e-05)	(4.0, 4.8971726329080115e-05)	(5.0, 6.449934687244696e-05)	(6.0, 8.241583211479336e-05)	(7.0, 8.002696741581383e-05)	(8.0, 7.286037331887529e-05)	(9.0, 8.71935615127524e-05)	(10.0, 0.00012063766729846563)	(11.0, 0.00015169290838519937)	(12.0, 0.00023291430815050297)	(13.0, 0.0003511631107499891)	(14.0, 0.0005458555837168197)	(15.0, 0.0008898521003698704)	(16.0, 0.001539623298492299)	(17.0, 0.0025728072808009405)	(18.0, 0.003973876426752428)	(19.0, 0.00619193729975491)	(20.0, 0.010183730211749684)	(21.0, 0.01674116381044846)	(22.0, 0.025028135451208407)	(23.0, 0.03740842675366975)	(24.0, 0.05476472322410544)	(25.0, 0.07875250809890827)	(26.0, 0.11029388315188433)	(27.0, 0.1521802367837912)	(28.0, 0.2103908973361746)	(29.0, 0.29285331231259804)	(30.0, 0.39923304065520443)	(31.0, 0.520641116819091)	(32.0, 0.6784626575895223)	(33.0, 0.8781824963153554)	(34.0, 1.0977932169572415)	(35.0, 1.3113051660226327)	(36.0, 1.5662340568065813)	(37.0, 1.843399694640981)	(38.0, 2.054199087840681)	(39.0, 2.235718166424989)	(40.0, 2.394581252204176)	(41.0, 2.552269016551464)	(42.0, 2.721451997830242)	(43.0, 2.889413074815492)	(44.0, 3.071855449605956)	(45.0, 3.2822344026186356)	(46.0, 3.47094754724392)	(47.0, 3.624086913204352)	(48.0, 3.808600433688831)	(49.0, 3.9730474907018816)	(50.0, 4.081677529590927)	(51.0, 4.193128817689467)	(52.0, 4.290233778838285)	(53.0, 4.336021148523626)	(54.0, 4.31271896781743)	(55.0, 4.232333670696769)	(56.0, 4.078913613134207)	(57.0, 3.826058256908973)	(58.0, 3.5385571959544384)	(59.0, 3.2124508870320456)	(60.0, 2.8295959027530446)	(61.0, 2.414734909237116)	(62.0, 2.0085228003638433)	(63.0, 1.6485388067128723)	(64.0, 1.315612289074893)	(65.0, 1.0055627342266906)	(66.0, 0.7611173761742136)	(67.0, 0.5908211839457113)	(68.0, 0.45711642674382763)	(69.0, 0.3493248793641243)	(70.0, 0.26897660964629777)	(71.0, 0.20423718187160336)	(72.0, 0.1662064558638494)	(73.0, 0.13779329913418706)	(74.0, 0.0999047105760224)	(75.0, 0.07062678482532944)	(76.0, 0.057250336943393626)	(77.0, 0.04500023876702666)	(78.0, 0.028636515579016968)	(79.0, 0.01714010421517804)	(80.0, 0.011953878953693507)	(81.0, 0.010064286976800708)	(82.0, 0.008155584082316073)	(83.0, 0.004919866847548316)	(84.0, 0.0025525019308596146)	(85.0, 0.0014799016810178112)	(86.0, 0.000881491073923442)	(87.0, 0.0005470500160663095)	(88.0, 0.000336829922556112)	(89.0, 0.0002173866876071361)	(90.0, 0.0001481096113367301)	(91.0, 9.555458795918069e-05)	(92.0, 7.405480566836505e-05)	(93.0, 6.569377922193673e-05)	(94.0, 6.330491452295722e-05)	(95.0, 5.1360591028059626e-05)	(96.0, 3.224967343622348e-05)	(97.0, 1.911091759183614e-05)	(98.0, 9.55545879591807e-06)	(99.0, 9.55545879591807e-06)	(100.0, 8.361026446428313e-06)
fastqc_fastp_trim | SRR30333761_2	(0.0, 0.0001170440710937631)	(1.0, 0.0001492909070073509)	(2.0, 0.00031530239559952514)	(3.0, 0.0005876090099809332)	(4.0, 0.0008276687884487534)	(5.0, 0.001022344131186339)	(6.0, 0.0011513314748406902)	(7.0, 0.0012385173645329832)	(8.0, 0.0012946507455677471)	(9.0, 0.0013173429634328643)	(10.0, 0.0013483954720903933)	(11.0, 0.001319731617944982)	(12.0, 0.0013101769998965116)	(13.0, 0.0013806423080039811)	(14.0, 0.0014737998339765682)	(15.0, 0.0016242850682399777)	(16.0, 0.0020626031712135603)	(17.0, 0.0029380450499046657)	(18.0, 0.004043992089015121)	(19.0, 0.006054044860962094)	(20.0, 0.009959494988274394)	(21.0, 0.015582387709799257)	(22.0, 0.02362140447033109)	(23.0, 0.03442528882863906)	(24.0, 0.048844401791037044)	(25.0, 0.068868492566119)	(26.0, 0.09956509170134246)	(27.0, 0.14486234154188485)	(28.0, 0.2013611867170028)	(29.0, 0.2816462535237879)	(30.0, 0.3940515575550186)	(31.0, 0.5440877247701502)	(32.0, 0.727009692980861)	(33.0, 0.924148932847696)	(34.0, 1.127929826585474)	(35.0, 1.3480467285316242)	(36.0, 1.607955031667886)	(37.0, 1.8630394470169258)	(38.0, 2.0597463404170675)	(39.0, 2.231877561869287)	(40.0, 2.380314524888556)	(41.0, 2.521993984293044)	(42.0, 2.694685345228355)	(43.0, 2.8494546313592477)	(44.0, 3.014636062508461)	(45.0, 3.2479777501609504)	(46.0, 3.4381301755798415)	(47.0, 3.5702024665365926)	(48.0, 3.740285416744671)	(49.0, 3.89291327410545)	(50.0, 4.005521613770211)	(51.0, 4.117387081881703)	(52.0, 4.2083386854123495)	(53.0, 4.258548203257062)	(54.0, 4.232589500346624)	(55.0, 4.147768378621327)	(56.0, 4.004545848402011)	(57.0, 3.7747644502998328)	(58.0, 3.5029033199849344)	(59.0, 3.1668387393660833)	(60.0, 2.781768522776627)	(61.0, 2.4176145594225282)	(62.0, 2.062745296157031)	(63.0, 1.6970864804602983)	(64.0, 1.3614399143810676)	(65.0, 1.0828535272873026)	(66.0, 0.8572630235266345)	(67.0, 0.6865363309275402)	(68.0, 0.5433102177264559)	(69.0, 0.4294741096424668)	(70.0, 0.34460879780869613)	(71.0, 0.2717190053714271)	(72.0, 0.22113566309556848)	(73.0, 0.17476949036085343)	(74.0, 0.13371090795206375)	(75.0, 0.10427074109021417)	(76.0, 0.08048571378580302)	(77.0, 0.06249675665504526)	(78.0, 0.04383658760638246)	(79.0, 0.027954423755312444)	(80.0, 0.017579302881929583)	(81.0, 0.013003835163968294)	(82.0, 0.009959494988274394)	(83.0, 0.006020603697792447)	(84.0, 0.0032067686825178977)	(85.0, 0.0017676043389670347)	(86.0, 0.0011453598385603961)	(87.0, 0.0007273452989398137)	(88.0, 0.0004526500300462879)	(89.0, 0.0002938045049904666)	(90.0, 0.0001970639972497032)	(91.0, 0.00012421003463011595)	(92.0, 0.00010748945304529265)	(93.0, 0.00011226676206952788)	(94.0, 0.00010868378030135145)	(95.0, 9.554618048470458e-05)	(96.0, 9.554618048470458e-05)	(97.0, 0.0001158497438377043)	(98.0, 0.00019945265176182078)	(99.0, 0.0003774074129145831)	(100.0, 0.0012241854374602775)
fastqc_fastp_trim | SRR30333762_1	(0.0, 4.209440514718501e-05)	(1.0, 3.342790996982339e-05)	(2.0, 2.7237556271707947e-05)	(3.0, 2.971369775095412e-05)	(4.0, 2.971369775095412e-05)	(5.0, 3.4665980709446474e-05)	(6.0, 3.9618263667938834e-05)	(7.0, 5.076090032454663e-05)	(8.0, 6.190353698115441e-05)	(9.0, 6.809389067926987e-05)	(10.0, 0.00010275987138871635)	(11.0, 0.00018818675242270944)	(12.0, 0.000279803987154818)	(13.0, 0.0003825638585435344)	(14.0, 0.0006128450161134287)	(15.0, 0.0010164560772305555)	(16.0, 0.001750632025827047)	(17.0, 0.002854991125570842)	(18.0, 0.004434769389329903)	(19.0, 0.0069133870100553255)	(20.0, 0.01158091369843437)	(21.0, 0.019427806046165504)	(22.0, 0.029129328361852024)	(23.0, 0.043177717044355204)	(24.0, 0.0636504547947626)	(25.0, 0.09360186212772435)	(26.0, 0.13176539267660606)	(27.0, 0.18290638071821697)	(28.0, 0.2531359434233367)	(29.0, 0.3514499027860665)	(30.0, 0.47410061867756736)	(31.0, 0.6039098595855689)	(32.0, 0.7689867835824737)	(33.0, 0.9722148574208642)	(34.0, 1.1916381346042642)	(35.0, 1.3986386099862862)	(36.0, 1.6494903128950182)	(37.0, 1.9284945063520396)	(38.0, 2.125763745720624)	(39.0, 2.2900965892030154)	(40.0, 2.437399769661891)	(41.0, 2.5843042913426086)	(42.0, 2.7480069568185317)	(43.0, 2.906982668210574)	(44.0, 3.08210777433026)	(45.0, 3.284115110419382)	(46.0, 3.4516780804614497)	(47.0, 3.5925160555180136)	(48.0, 3.7800850106416513)	(49.0, 3.947418937596889)	(50.0, 4.055711747120981)	(51.0, 4.16388198764185)	(52.0, 4.258263834335537)	(53.0, 4.298437991765567)	(54.0, 4.2703808326642285)	(55.0, 4.19075183690389)	(56.0, 4.034093793936423)	(57.0, 3.7773686834389184)	(58.0, 3.4890987685665578)	(59.0, 3.166812860123053)	(60.0, 2.786040489939753)	(61.0, 2.36536881403062)	(62.0, 1.9608267237172965)	(63.0, 1.6068449662687008)	(64.0, 1.2737160342875768)	(65.0, 0.9663426879028318)	(66.0, 0.7239073898820576)	(67.0, 0.5528022994539279)	(68.0, 0.420300254687246)	(69.0, 0.31630850291260476)	(70.0, 0.23985144438718092)	(71.0, 0.1767841209107808)	(72.0, 0.13565664901124141)	(73.0, 0.10586000052073255)	(74.0, 0.07513727511698562)	(75.0, 0.053005522575483285)	(76.0, 0.03941398199590102)	(77.0, 0.028314677815180034)	(78.0, 0.018433635242248163)	(79.0, 0.011415012219324875)	(80.0, 0.007440805145134762)	(81.0, 0.005336084887775512)	(82.0, 0.00386030456614479)	(83.0, 0.0022891927975630904)	(84.0, 0.0011662626367249494)	(85.0, 0.0007094145338040297)	(86.0, 0.0004444673955246888)	(87.0, 0.0002550425723623562)	(88.0, 0.00015104463023401677)	(89.0, 0.00011514057878494723)	(90.0, 0.00010523601286796252)	(91.0, 7.552231511700839e-05)	(92.0, 5.199897106416972e-05)	(93.0, 4.5808617366054274e-05)	(94.0, 3.095176849057721e-05)	(95.0, 1.7332990354723237e-05)	(96.0, 1.609491961510015e-05)	(97.0, 1.2380707396230885e-05)	(98.0, 6.1903536981154426e-06)	(99.0, 4.952282958492354e-06)	(100.0, 4.952282958492354e-06)
fastqc_fastp_trim | SRR30333762_2	(0.0, 0.00010894178444439326)	(1.0, 0.00013493925573225982)	(2.0, 0.0002079797703029326)	(3.0, 0.0003268253533331797)	(4.0, 0.00044071903707049994)	(5.0, 0.0005533747459845884)	(6.0, 0.0006808861527774578)	(7.0, 0.0006821241276006896)	(8.0, 0.0006771722283077625)	(9.0, 0.0007378329946461179)	(10.0, 0.0008022076854541685)	(11.0, 0.0008393469301511207)	(12.0, 0.0009656203621207582)	(13.0, 0.0011525545604287512)	(14.0, 0.0013048254636862555)	(15.0, 0.0016304128421962035)	(16.0, 0.0021998812608828044)	(17.0, 0.00317045352229649)	(18.0, 0.004625073939593786)	(19.0, 0.007015603323254279)	(20.0, 0.011641915237671297)	(21.0, 0.018553528675774106)	(22.0, 0.0288027222373097)	(23.0, 0.04261604531492947)	(24.0, 0.06071152330610784)	(25.0, 0.08639454898887354)	(26.0, 0.12500450777582509)	(27.0, 0.1821358078931467)	(28.0, 0.25202691451351794)	(29.0, 0.3476505658095841)	(30.0, 0.4750146535984889)	(31.0, 0.6374716137015439)	(32.0, 0.832767093965644)	(33.0, 1.0338179191829486)	(34.0, 1.2283210955601804)	(35.0, 1.4359765164594263)	(36.0, 1.685744126920546)	(37.0, 1.9305982153082595)	(38.0, 2.1170694110323636)	(39.0, 2.2779380494372123)	(40.0, 2.4155513307876526)	(41.0, 2.549330604110544)	(42.0, 2.7141570480252653)	(43.0, 2.862324064743756)	(44.0, 3.027993569513097)	(45.0, 3.254254514030693)	(46.0, 3.4266536499391225)	(47.0, 3.5434640023599764)	(48.0, 3.7055050029224255)	(49.0, 3.855303670457936)	(50.0, 3.965880819643818)	(51.0, 4.080563093343537)	(52.0, 4.165889270059962)	(53.0, 4.204986990927266)	(54.0, 4.183608403704878)	(55.0, 4.101400685568173)	(56.0, 3.9494417519661233)	(57.0, 3.7189791208984793)	(58.0, 3.448524951141157)	(59.0, 3.1183830632565397)	(60.0, 2.7422528866385094)	(61.0, 2.376776721349211)	(62.0, 2.02096790145453)	(63.0, 1.661800455864421)	(64.0, 1.3331156643467472)	(65.0, 1.0525261947116265)	(66.0, 0.823947761324941)	(67.0, 0.6510385797893405)	(68.0, 0.5102796044130682)	(69.0, 0.40139971870983665)	(70.0, 0.31565510650315975)	(71.0, 0.24429576174243567)	(72.0, 0.1939089484620806)	(73.0, 0.1500673080721517)	(74.0, 0.11234869115792699)	(75.0, 0.08424418672092)	(76.0, 0.06230603487843031)	(77.0, 0.04521331649406966)	(78.0, 0.03128362378306611)	(79.0, 0.020349830144283366)	(80.0, 0.01251840141251937)	(81.0, 0.00812606673969315)	(82.0, 0.005444613272573199)	(83.0, 0.003217496565579296)	(84.0, 0.0018123951412112693)	(85.0, 0.0010398988515146629)	(86.0, 0.0006400329836108103)	(87.0, 0.00044690891118665866)	(88.0, 0.00027235446111098315)	(89.0, 0.00017826837454537075)	(90.0, 0.00014979495361104071)	(91.0, 0.0001077038096211615)	(92.0, 8.542026280299015e-05)	(93.0, 8.046836351006319e-05)	(94.0, 7.42784893939045e-05)	(95.0, 6.932659010097753e-05)	(96.0, 6.685064045451405e-05)	(97.0, 9.408608656561235e-05)	(98.0, 0.00015350887808073595)	(99.0, 0.00025502281358573875)	(100.0, 0.000679648177954226)
fastqc_fastp_trim | SRR30333763_1	(0.0, 3.269116826139634e-05)	(1.0, 3.3858709985017636e-05)	(2.0, 4.319904377398802e-05)	(3.0, 6.071216962830749e-05)	(4.0, 6.771741997003527e-05)	(5.0, 7.589021203538436e-05)	(6.0, 8.172792065349085e-05)	(7.0, 7.705775375900566e-05)	(8.0, 8.639808754797604e-05)	(9.0, 0.00011441908891488719)	(10.0, 0.00014594271545266224)	(11.0, 0.00020081717646286325)	(12.0, 0.0003000582229706735)	(13.0, 0.00041447731188556074)	(14.0, 0.0006293049890318795)	(15.0, 0.0010764734691788365)	(16.0, 0.0017641555443917811)	(17.0, 0.002826618512887162)	(18.0, 0.004445998883549902)	(19.0, 0.007071800219974202)	(20.0, 0.011509626311458755)	(21.0, 0.019005244177107486)	(22.0, 0.02855106530943522)	(23.0, 0.042465827571553844)	(24.0, 0.06311730557896736)	(25.0, 0.09375009778161936)	(26.0, 0.13391820324108647)	(27.0, 0.18691992732659893)	(28.0, 0.25956203828686886)	(29.0, 0.3594639134102488)	(30.0, 0.48061154527836547)	(31.0, 0.6124526917931297)	(32.0, 0.7761035125679562)	(33.0, 0.9708646501103957)	(34.0, 1.1801710224457094)	(35.0, 1.376501336064696)	(36.0, 1.6146985283510187)	(37.0, 1.8737281676119162)	(38.0, 2.0621133598016597)	(39.0, 2.2272422883985907)	(40.0, 2.375281908786877)	(41.0, 2.5253051825635957)	(42.0, 2.6884808138569083)	(43.0, 2.849577053340451)	(44.0, 3.0291636511009847)	(45.0, 3.2379177762010256)	(46.0, 3.4206765848246383)	(47.0, 3.570405638087004)	(48.0, 3.7559326881373227)	(49.0, 3.923974633334689)	(50.0, 4.0339360479487905)	(51.0, 4.144854846776261)	(52.0, 4.252337570311114)	(53.0, 4.29877303974298)	(54.0, 4.273603175265152)	(55.0, 4.202099417485413)	(56.0, 4.057806438488227)	(57.0, 3.822732420312592)	(58.0, 3.5392497871921704)	(59.0, 3.207869922401908)	(60.0, 2.824729430378343)	(61.0, 2.415810784638943)	(62.0, 2.013912567283678)	(63.0, 1.6539757994753628)	(64.0, 1.3202666889464763)	(65.0, 1.0088436148380728)	(66.0, 0.7619295560431936)	(67.0, 0.5867807843741446)	(68.0, 0.45011302037393)	(69.0, 0.3401737890525777)	(70.0, 0.2579601710420604)	(71.0, 0.19183878060821544)	(72.0, 0.1521201787123425)	(73.0, 0.12255451964508039)	(74.0, 0.08717333525246058)	(75.0, 0.06071800733692559)	(76.0, 0.046931674664405315)	(77.0, 0.035186204924775054)	(78.0, 0.022623455978609888)	(79.0, 0.013877400926962748)	(80.0, 0.009325155746563306)	(81.0, 0.0072714498547134425)	(82.0, 0.005642729150261733)	(83.0, 0.003335666704386048)	(84.0, 0.0017279617509595208)	(85.0, 0.0010612954267717597)	(86.0, 0.0006421479479917138)	(87.0, 0.00033858709985017636)	(88.0, 0.0002066548850809697)	(89.0, 0.0001599532161361178)	(90.0, 0.00011908925580937238)	(91.0, 7.822529548262695e-05)	(92.0, 6.421479479917139e-05)	(93.0, 5.7209544457443594e-05)	(94.0, 4.203150205036672e-05)	(95.0, 3.152362653777504e-05)	(96.0, 3.0356084814153746e-05)	(97.0, 2.4518376196047253e-05)	(98.0, 1.634558413069817e-05)	(99.0, 1.4010500683455575e-05)	(100.0, 1.2842958959834275e-05)
fastqc_fastp_trim | SRR30333763_2	(0.0, 0.00017745207746124077)	(1.0, 0.0002358244713629647)	(2.0, 0.00044946743304327425)	(3.0, 0.0008172135146241351)	(4.0, 0.0012304900634483404)	(5.0, 0.0015211845850789257)	(6.0, 0.0017348275467592355)	(7.0, 0.002002173110829131)	(8.0, 0.00222865799916782)	(9.0, 0.0023547423699955433)	(10.0, 0.002409612420263164)	(11.0, 0.0024784918450671983)	(12.0, 0.0026209204861874047)	(13.0, 0.002690967358869473)	(14.0, 0.0027773585018440244)	(15.0, 0.0029641501623295413)	(16.0, 0.0034112826996167463)	(17.0, 0.004358082928702709)	(18.0, 0.0057380063205394625)	(19.0, 0.008057725254193973)	(20.0, 0.012592092812479888)	(21.0, 0.01932126238147062)	(22.0, 0.029364816476201244)	(23.0, 0.04355864777734444)	(24.0, 0.06329902394702944)	(25.0, 0.09095586417766624)	(26.0, 0.13155036179268112)	(27.0, 0.19115207830997538)	(28.0, 0.2651402550282885)	(29.0, 0.3637674192125193)	(30.0, 0.49155626394217333)	(31.0, 0.6546288858896634)	(32.0, 0.8420346239590262)	(33.0, 1.03191068173831)	(34.0, 1.2184361641076347)	(35.0, 1.412607262630207)	(36.0, 1.6410873193924571)	(37.0, 1.870060039159237)	(38.0, 2.050626867559074)	(39.0, 2.209881934945391)	(40.0, 2.353946170542724)	(41.0, 2.4948909854099486)	(42.0, 2.661767152544075)	(43.0, 2.8102711924215726)	(44.0, 2.975481411433744)	(45.0, 3.206992162887371)	(46.0, 3.3927296179390227)	(47.0, 3.524263635461412)	(48.0, 3.6879129766606504)	(49.0, 3.8374443706708186)	(50.0, 3.9524251447305563)	(51.0, 4.069398752318099)	(52.0, 4.165100292119975)	(53.0, 4.214232336067057)	(54.0, 4.196503472591226)	(55.0, 4.117658712700288)	(56.0, 3.9774563946834935)	(57.0, 3.756959346511244)	(58.0, 3.484031046688587)	(59.0, 3.1479438166642657)	(60.0, 2.775211565196319)	(61.0, 2.420176656111498)	(62.0, 2.064423766581686)	(63.0, 1.6948529639674568)	(64.0, 1.3582240381277269)	(65.0, 1.0796511278147738)	(66.0, 0.855675084965981)	(67.0, 0.6819926967029135)	(68.0, 0.5361154145509933)	(69.0, 0.4193577848208871)	(70.0, 0.3310415202954568)	(71.0, 0.2600058192606928)	(72.0, 0.20801586290818344)	(73.0, 0.1617382290228967)	(74.0, 0.12216875064479606)	(75.0, 0.09279109224193643)	(76.0, 0.06966278233019538)	(77.0, 0.05226430660384754)	(78.0, 0.03620722848936132)	(79.0, 0.02323921746015433)	(80.0, 0.01463629404691826)	(81.0, 0.010197657214631171)	(82.0, 0.0073899450679582495)	(83.0, 0.004431632145018881)	(84.0, 0.0023862634627024744)	(85.0, 0.0013635791215442711)	(86.0, 0.0008767533564038936)	(87.0, 0.0005101747227010671)	(88.0, 0.0003105411355571713)	(89.0, 0.00022765233621672336)	(90.0, 0.0001692799423149994)	(91.0, 0.00012608437082772372)	(92.0, 0.00011090754841327547)	(93.0, 0.00010507030902310307)	(94.0, 0.00011207499629130995)	(95.0, 0.0001202471314375513)	(96.0, 0.00015527056777858564)	(97.0, 0.00022298254470458543)	(98.0, 0.00035256925916641257)	(99.0, 0.0006257520626264806)	(100.0, 0.001553873125663891)
fastqc_fastp_trim | SRR30333764_1	(0.0, 4.444192716590325e-05)	(1.0, 4.32074291890726e-05)	(2.0, 3.580044132808873e-05)	(3.0, 5.678690693420971e-05)	(4.0, 9.135285028546778e-05)	(5.0, 8.64148583781452e-05)	(6.0, 7.160088265617746e-05)	(7.0, 8.518036040131455e-05)	(8.0, 0.0001049323280306049)	(9.0, 0.00011480831184525005)	(10.0, 0.00012838778959038715)	(11.0, 0.00016912622282579847)	(12.0, 0.0002493685913197904)	(13.0, 0.0003839288707943308)	(14.0, 0.0006345319600909519)	(15.0, 0.00109006171354146)	(16.0, 0.0018073050380800655)	(17.0, 0.0028455178365946383)	(18.0, 0.004439254724683001)	(19.0, 0.006857636261294237)	(20.0, 0.01139565082412369)	(21.0, 0.018669312903609854)	(22.0, 0.027925578733886035)	(23.0, 0.0419988556697554)	(24.0, 0.06263348935247963)	(25.0, 0.0913330983178385)	(26.0, 0.12826927778461142)	(27.0, 0.1789244332679033)	(28.0, 0.24801928503111453)	(29.0, 0.3433188253485099)	(30.0, 0.45942706356336255)	(31.0, 0.5860519900428356)	(32.0, 0.7457762762770919)	(33.0, 0.940980034365461)	(34.0, 1.150295338826981)	(35.0, 1.3481631435493504)	(36.0, 1.5855682149756751)	(37.0, 1.8396797475224491)	(38.0, 2.0348773331209338)	(39.0, 2.2082773879425197)	(40.0, 2.358804664249388)	(41.0, 2.5023212265458348)	(42.0, 2.6608258287789823)	(43.0, 2.8264275598809294)	(44.0, 3.010764032279258)	(45.0, 3.2232211340918124)	(46.0, 3.408606929770447)	(47.0, 3.5672534992709304)	(48.0, 3.7605758824426094)	(49.0, 3.9301094896007616)	(50.0, 4.041151348118702)	(51.0, 4.162327200528444)	(52.0, 4.2724839239969965)	(53.0, 4.321873719054037)	(54.0, 4.301748933035744)	(55.0, 4.234004622059185)	(56.0, 4.097933317061004)	(57.0, 3.855895174727634)	(58.0, 3.5656782798524946)	(59.0, 3.240399173439411)	(60.0, 2.8601120716767303)	(61.0, 2.4476934565731017)	(62.0, 2.0392314074852154)	(63.0, 1.6715139641226247)	(64.0, 1.3350132711001506)	(65.0, 1.01969656336009)	(66.0, 0.7693613601244413)	(67.0, 0.5963662206392556)	(68.0, 0.45742717684089695)	(69.0, 0.34089550581999134)	(70.0, 0.25835573659111755)	(71.0, 0.19302733815521658)	(72.0, 0.1567577875959322)	(73.0, 0.13040495928452842)	(74.0, 0.09078868471005618)	(75.0, 0.06112246382883893)	(76.0, 0.04984162131656049)	(77.0, 0.039359498995291474)	(78.0, 0.02391963279907059)	(79.0, 0.013186907388504957)	(80.0, 0.008972331295605132)	(81.0, 0.007860048618480721)	(82.0, 0.0066872755404916075)	(83.0, 0.003910889590599486)	(84.0, 0.0018838439126435652)	(85.0, 0.0011332691427305328)	(86.0, 0.0006974913569093149)	(87.0, 0.0004394812797517099)	(88.0, 0.00030121750634667753)	(89.0, 0.00020863015808437915)	(90.0, 0.00013826377340503233)	(91.0, 0.00010740132398426617)	(92.0, 7.777337254033069e-05)	(93.0, 3.950393525858066e-05)	(94.0, 2.9627951443935498e-05)	(95.0, 3.333144537442743e-05)	(96.0, 3.209694739759679e-05)	(97.0, 1.975196762929033e-05)	(98.0, 1.1110481791475812e-05)	(99.0, 6.172489884153228e-06)	(100.0, 4.937991907322583e-06)
fastqc_fastp_trim | SRR30333764_2	(0.0, 0.0001678771928958322)	(1.0, 0.00022465918461059896)	(2.0, 0.0003789580751398565)	(3.0, 0.0005875701751354127)	(4.0, 0.0008344483999822248)	(5.0, 0.0010652795402139941)	(6.0, 0.0012220472129917197)	(7.0, 0.0013479551076635938)	(8.0, 0.001450409570975021)	(9.0, 0.00151706669168366)	(10.0, 0.0015565672076591499)	(11.0, 0.001614583590498151)	(12.0, 0.0017540697875365998)	(13.0, 0.0018775088999600058)	(14.0, 0.0019602131052836877)	(15.0, 0.00213426225380069)	(16.0, 0.0026477689614820593)	(17.0, 0.003558749611166796)	(18.0, 0.005017799920011455)	(19.0, 0.007312533019962573)	(20.0, 0.011709434204484295)	(21.0, 0.018376380666472455)	(22.0, 0.027587407235507014)	(23.0, 0.04047938813700754)	(24.0, 0.05808057117746101)	(25.0, 0.08318191468876063)	(26.0, 0.12175910610332348)	(27.0, 0.1778140414459164)	(28.0, 0.24734852786514522)	(29.0, 0.3419707794933071)	(30.0, 0.4651037629179031)	(31.0, 0.6236267398742895)	(32.0, 0.8074214063171201)	(33.0, 0.9981842106562517)	(34.0, 1.1910899179870538)	(35.0, 1.3861656849142592)	(36.0, 1.6108372134361004)	(37.0, 1.8422695021453717)	(38.0, 2.027756518819527)	(39.0, 2.1909306815320275)	(40.0, 2.33254620325978)	(41.0, 2.468390946481738)	(42.0, 2.634674540436184)	(43.0, 2.7846407181193804)	(44.0, 2.948620938236006)	(45.0, 3.1834058332386963)	(46.0, 3.377215114872438)	(47.0, 3.5154237170973044)	(48.0, 3.690799836072859)	(49.0, 3.8424645359430007)	(50.0, 3.9568777804660074)	(51.0, 4.076533484093636)	(52.0, 4.174999629682663)	(53.0, 4.237346256585477)	(54.0, 4.227021809222383)	(55.0, 4.153243486118038)	(56.0, 4.012513022826361)	(57.0, 3.78938695199206)	(58.0, 3.525540786751527)	(59.0, 3.198196307689269)	(60.0, 2.8245745053794766)	(61.0, 2.462974438228599)	(62.0, 2.101527435577127)	(63.0, 1.7233075263295625)	(64.0, 1.381561406020866)	(65.0, 1.1006460803144242)	(66.0, 0.8702210547625279)	(67.0, 0.6941721926242661)	(68.0, 0.5462909015499015)	(69.0, 0.427648633035269)	(70.0, 0.3404611191483689)	(71.0, 0.26502377437305275)	(72.0, 0.2108957235753892)	(73.0, 0.16322847592196674)	(74.0, 0.12216645517432072)	(75.0, 0.09360264455954456)	(76.0, 0.07116264831209358)	(77.0, 0.05414039470890589)	(78.0, 0.037184798226426834)	(79.0, 0.02302880081371063)	(80.0, 0.014137481545852692)	(81.0, 0.010642920273146068)	(82.0, 0.00819635706491416)	(83.0, 0.0046203259780080875)	(84.0, 0.002409531474504886)	(85.0, 0.0014652222644658296)	(86.0, 0.0009504811656602264)	(87.0, 0.0006381802112290091)	(88.0, 0.0004073490709972399)	(89.0, 0.00024194066034987583)	(90.0, 0.0001654084106473641)	(91.0, 0.00013578302366574663)	(92.0, 0.0001061576366841292)	(93.0, 7.77666408267458e-05)	(94.0, 7.653224970251174e-05)	(95.0, 8.517298757215016e-05)	(96.0, 0.00011479837455376761)	(97.0, 0.00017281475739276843)	(98.0, 0.00023823748697717365)	(99.0, 0.00040981785324570807)	(100.0, 0.001123295923052995)
fastqc_fastp_trim | SRR30333765_1	(0.0, 8.433996806095022e-05)	(1.0, 7.069673793344356e-05)	(2.0, 5.829380145389206e-05)	(3.0, 7.317732522935386e-05)	(4.0, 0.00010790554737209806)	(5.0, 0.00011906819020369443)	(6.0, 9.922349183641202e-05)	(7.0, 8.930114265277081e-05)	(8.0, 8.930114265277081e-05)	(9.0, 9.302202359663626e-05)	(10.0, 0.00012775024573938047)	(11.0, 0.00017860228530554162)	(12.0, 0.0002244931502798822)	(13.0, 0.0003274375230601596)	(14.0, 0.0005779768399471)	(15.0, 0.0010207616722670886)	(16.0, 0.0017574960991524476)	(17.0, 0.0028229083427459218)	(18.0, 0.004389399220113277)	(19.0, 0.007156494348701217)	(20.0, 0.011994879869374257)	(21.0, 0.019863302772001733)	(22.0, 0.030192468272172222)	(23.0, 0.04537614311043917)	(24.0, 0.06812560920123253)	(25.0, 0.10029014437365345)	(26.0, 0.143637167076038)	(27.0, 0.20099082594478004)	(28.0, 0.2767119934460899)	(29.0, 0.377565231135915)	(30.0, 0.49674132688698147)	(31.0, 0.6257752765519956)	(32.0, 0.7840094595708178)	(33.0, 0.9712689945390863)	(34.0, 1.1713209181923643)	(35.0, 1.3629252018094198)	(36.0, 1.591676280182732)	(37.0, 1.8390466467991469)	(38.0, 2.026321065291191)	(39.0, 2.196139590981914)	(40.0, 2.3514057513011797)	(41.0, 2.5047457355851708)	(42.0, 2.67063625129282)	(43.0, 2.833992847077697)	(44.0, 3.0117666162264047)	(45.0, 3.2182134939285394)	(46.0, 3.4026563220223016)	(47.0, 3.5561959935836134)	(48.0, 3.740213400956127)	(49.0, 3.9099537881470297)	(50.0, 4.024652423828979)	(51.0, 4.135194835496629)	(52.0, 4.241439629674114)	(53.0, 4.292724531723413)	(54.0, 4.269080813912443)	(55.0, 4.196358676451889)	(56.0, 4.0609359742062585)	(57.0, 3.827621855502119)	(58.0, 3.5439270088180415)	(59.0, 3.21539306617309)	(60.0, 2.8370017994676364)	(61.0, 2.434336745778053)	(62.0, 2.0302924855519433)	(63.0, 1.6657404153703739)	(64.0, 1.3304431514631223)	(65.0, 1.0200931539908409)	(66.0, 0.7739122289828149)	(67.0, 0.6006556092999599)	(68.0, 0.46580468242603623)	(69.0, 0.3543432131652507)	(70.0, 0.27092354299108323)	(71.0, 0.2053802251648933)	(72.0, 0.16568958813668055)	(73.0, 0.1344800790731851)	(74.0, 0.09651220992198205)	(75.0, 0.06849769729561908)	(76.0, 0.054531990819644084)	(77.0, 0.04231757897458177)	(78.0, 0.027280258786773526)	(79.0, 0.016507068160635095)	(80.0, 0.011425585084962843)	(81.0, 0.009178172994868112)	(82.0, 0.007481451284465466)	(83.0, 0.0045555985689392665)	(84.0, 0.0023069461851965792)	(85.0, 0.0013618424254547548)	(86.0, 0.0007950282283392513)	(87.0, 0.0004663504116311365)	(88.0, 0.00027782577714195364)	(89.0, 0.00017240081706576587)	(90.0, 0.00014387406316279742)	(91.0, 0.00012526965844347017)	(92.0, 0.00010418466642823263)	(93.0, 9.178172994868111e-05)	(94.0, 6.945644428548841e-05)	(95.0, 4.4650571326385406e-05)	(96.0, 3.5968515790699355e-05)	(97.0, 2.7286460255013307e-05)	(98.0, 1.98446983672824e-05)	(99.0, 1.3643230127506653e-05)	(100.0, 9.9223491836412e-06)
fastqc_fastp_trim | SRR30333765_2	(0.0, 0.00017610647169084126)	(1.0, 0.00019594945441656983)	(2.0, 0.00033112977423559593)	(3.0, 0.0005841278039886355)	(4.0, 0.0008668903078302679)	(5.0, 0.0010454771523618251)	(6.0, 0.0012253041833137407)	(7.0, 0.0013803274858584953)	(8.0, 0.0013939695364824337)	(9.0, 0.001464660162442842)	(10.0, 0.0015551937711289785)	(11.0, 0.0015787573131157812)	(12.0, 0.0016110021600450903)	(13.0, 0.0016829329724258565)	(14.0, 0.0018305151564484627)	(15.0, 0.0021467626936397624)	(16.0, 0.002739571802570904)	(17.0, 0.003737921870959124)	(18.0, 0.005109568051875113)	(19.0, 0.007547774554299013)	(20.0, 0.012385741780115717)	(21.0, 0.01935434927610753)	(22.0, 0.03002863379612915)	(23.0, 0.04570955089513617)	(24.0, 0.06721686379698526)	(25.0, 0.09721573311902582)	(26.0, 0.1409360249959077)	(27.0, 0.203068124469425)	(28.0, 0.2809406699901265)	(29.0, 0.38204314735055445)	(30.0, 0.5085458827863353)	(31.0, 0.6643678653858005)	(32.0, 0.8423730624862099)	(33.0, 1.024163308541552)	(34.0, 1.2044206841813316)	(35.0, 1.3930679209548336)	(36.0, 1.6147475230345716)	(37.0, 1.838097656222532)	(38.0, 2.0181479207301116)	(39.0, 2.1840426974357245)	(40.0, 2.3270820786005597)	(41.0, 2.463496383907842)	(42.0, 2.63477605005065)	(43.0, 2.7911089894553025)	(44.0, 2.9577342359625067)	(45.0, 3.1810856093368876)	(46.0, 3.367743587092135)	(47.0, 3.5046849716280692)	(48.0, 3.6711589153919895)	(49.0, 3.8223413605928958)	(50.0, 3.9411661019002397)	(51.0, 4.06163905096024)	(52.0, 4.1546158268944815)	(53.0, 4.200317936671095)	(54.0, 4.177763906430465)	(55.0, 4.108235335145932)	(56.0, 3.9771724342424943)	(57.0, 3.764389929542405)	(58.0, 3.49990777353685)	(59.0, 3.162916878278642)	(60.0, 2.789280954671695)	(61.0, 2.4370866140863177)	(62.0, 2.0840725102770836)	(63.0, 1.7114857843817592)	(64.0, 1.3747193628656362)	(65.0, 1.096903962654812)	(66.0, 0.8714913994497963)	(67.0, 0.7004820939466265)	(68.0, 0.5562508936318276)	(69.0, 0.4394414552575651)	(70.0, 0.35221542375452325)	(71.0, 0.2807273579258249)	(72.0, 0.22787681362226717)	(73.0, 0.1796546450394856)	(74.0, 0.13745854227322377)	(75.0, 0.10622196690366588)	(76.0, 0.08180889721891792)	(77.0, 0.06295310288379433)	(78.0, 0.04472732325021261)	(79.0, 0.029048886524046302)	(80.0, 0.01835599920771931)	(81.0, 0.012985992007569004)	(82.0, 0.00955315599601796)	(83.0, 0.0057780285324480945)	(84.0, 0.0032058818966255263)	(85.0, 0.0018441572070724012)	(86.0, 0.0011298098289461718)	(87.0, 0.0007329501744315999)	(88.0, 0.00044770729774925135)	(89.0, 0.0002852428766823485)	(90.0, 0.00023191486060695295)	(91.0, 0.00015874386180582875)	(92.0, 0.00012773920129687783)	(93.0, 0.00012277845561544566)	(94.0, 0.00010541584573043315)	(95.0, 0.0001103765914118653)	(96.0, 0.0001537831161243966)	(97.0, 0.00018850833589442164)	(98.0, 0.0002691204532176941)	(99.0, 0.0005097166187671532)	(100.0, 0.0013803274858584953)
fastqc_fastp_trim | SRR30333766_1	(0.0, 6.898963214906176e-05)	(1.0, 5.8975008127423766e-05)	(2.0, 7.232784015627443e-05)	(3.0, 9.903350421397576e-05)	(4.0, 0.00010459718422599686)	(5.0, 0.00011016086423801797)	(6.0, 0.0001123863362428264)	(7.0, 0.00012796464027648553)	(8.0, 0.0001413174723053362)	(9.0, 0.00014910662432216575)	(10.0, 0.00017581228837986707)	(11.0, 0.00021698352046882328)	(12.0, 0.00029710051264192724)	(13.0, 0.0004673491210097732)	(14.0, 0.0007399694415988076)	(15.0, 0.0011661473305196244)	(16.0, 0.0018393526119741788)	(17.0, 0.002969892390416868)	(18.0, 0.004655687434059265)	(19.0, 0.007184936367524061)	(20.0, 0.011954122873828556)	(21.0, 0.01957970269830469)	(22.0, 0.029080242686831934)	(23.0, 0.04334329276564925)	(24.0, 0.06413365223456974)	(25.0, 0.09381588509870235)	(26.0, 0.13316334287971804)	(27.0, 0.18563997275310115)	(28.0, 0.25889917294338793)	(29.0, 0.3602315897383308)	(30.0, 0.4825568839546317)	(31.0, 0.6139465256465174)	(32.0, 0.781537920440622)	(33.0, 0.9852231329447125)	(34.0, 1.2024792737341248)	(35.0, 1.4081952294426028)	(36.0, 1.654950001655751)	(37.0, 1.9211220171108532)	(38.0, 2.1073194706011584)	(39.0, 2.2656896221433396)	(40.0, 2.4048339210359804)	(41.0, 2.5453457724755757)	(42.0, 2.697156345283584)	(43.0, 2.847846392937171)	(44.0, 3.030764613428391)	(45.0, 3.2383822349649782)	(46.0, 3.4114705456109595)	(47.0, 3.5577274530309686)	(48.0, 3.7446882434189233)	(49.0, 3.9068539374653053)	(50.0, 4.010712264985705)	(51.0, 4.118278228866116)	(52.0, 4.217092524087619)	(53.0, 4.264955750495035)	(54.0, 4.241004108043283)	(55.0, 4.169901390225656)	(56.0, 4.033958432811932)	(57.0, 3.795831815561426)	(58.0, 3.5139858007764584)	(59.0, 3.1946216661984272)	(60.0, 2.8171070608707542)	(61.0, 2.409199184373412)	(62.0, 2.009709155734258)	(63.0, 1.6520568880495003)	(64.0, 1.32080316928578)	(65.0, 1.0088531946917687)	(66.0, 0.7612193610367209)	(67.0, 0.5871206861005565)	(68.0, 0.4486840873054448)	(69.0, 0.3389160188762755)	(70.0, 0.260041952817857)	(71.0, 0.1961397496717874)	(72.0, 0.15649074043412015)	(73.0, 0.1279045525323557)	(74.0, 0.091351174853377)	(75.0, 0.06353388752927386)	(76.0, 0.050819765965803225)	(77.0, 0.03920057662869833)	(78.0, 0.02458701470912369)	(79.0, 0.014263050078817317)	(80.0, 0.009764258421097047)	(81.0, 0.00797275345722625)	(82.0, 0.006387104653800233)	(83.0, 0.0038356010002873527)	(84.0, 0.0019228078121544955)	(85.0, 0.0011505690264859655)	(86.0, 0.000652063297408874)	(87.0, 0.0003649774087885848)	(88.0, 0.00023812550451450347)	(89.0, 0.00017136134437025017)	(90.0, 0.00012462643226927286)	(91.0, 8.901888019233775e-05)	(92.0, 8.12297281755082e-05)	(93.0, 6.342595213704065e-05)	(94.0, 4.0058496086551993e-05)	(95.0, 4.117123208895621e-05)	(96.0, 3.449481607453088e-05)	(97.0, 1.8916512040871773e-05)	(98.0, 6.676416014425331e-06)	(99.0, 3.3382080072126654e-06)	(100.0, 5.5636800120211094e-06)
fastqc_fastp_trim | SRR30333766_2	(0.0, 0.0003604938084242663)	(1.0, 0.0004116750281388226)	(2.0, 0.000627526259108908)	(3.0, 0.0011337752801985413)	(4.0, 0.0015966315280519204)	(5.0, 0.0019671390533768604)	(6.0, 0.002292028535043175)	(7.0, 0.002542371457560026)	(8.0, 0.0027760248519090877)	(9.0, 0.002954046485698849)	(10.0, 0.003063084736395078)	(11.0, 0.0030430573025937296)	(12.0, 0.0030719858180845655)	(13.0, 0.0030953511575194724)	(14.0, 0.0031376312955445403)	(15.0, 0.0033534825265146254)	(16.0, 0.003797423975777842)	(17.0, 0.00463412565458972)	(18.0, 0.005951485744633952)	(19.0, 0.008151165557148688)	(20.0, 0.012708519382166572)	(21.0, 0.01933314942956806)	(22.0, 0.028876221635910443)	(23.0, 0.042656208726449145)	(24.0, 0.061237216753255455)	(25.0, 0.08736967995838121)	(26.0, 0.12716752882729349)	(27.0, 0.18529715543570646)	(28.0, 0.25717784061916726)	(29.0, 0.35683323857946436)	(30.0, 0.48747997771213647)	(31.0, 0.6566138814349438)	(32.0, 0.8547441713964697)	(33.0, 1.0513679532820497)	(34.0, 1.243548982769364)	(35.0, 1.447536184482573)	(36.0, 1.686123003358033)	(37.0, 1.9181519502987632)	(38.0, 2.092449594036685)	(39.0, 2.245671701604321)	(40.0, 2.3804908227789405)	(41.0, 2.5078886670949494)	(42.0, 2.663964683979278)	(43.0, 2.8062774033012357)	(44.0, 2.96556782331068)	(45.0, 3.191645284506776)	(46.0, 3.374840672028552)	(47.0, 3.5017801106375526)	(48.0, 3.664729987856588)	(49.0, 3.812016186572547)	(50.0, 3.922708925827809)	(51.0, 4.036285615550465)	(52.0, 4.128251591566256)	(53.0, 4.182384632496089)	(54.0, 4.164249791188968)	(55.0, 4.083235483556882)	(56.0, 3.9477220780104822)	(57.0, 3.732598510468512)	(58.0, 3.4733734210607623)	(59.0, 3.153310550940573)	(60.0, 2.783579644993041)	(61.0, 2.4201440290703986)	(62.0, 2.063152796290946)	(63.0, 1.6996426338091544)	(64.0, 1.36765120158984)	(65.0, 1.0883942278398977)	(66.0, 0.8594139013778174)	(67.0, 0.6851385103441194)	(68.0, 0.5407473884476666)	(69.0, 0.4257665530884934)	(70.0, 0.3394650029328508)	(71.0, 0.26773229823247774)	(72.0, 0.21509797693211244)	(73.0, 0.1669331112750814)	(74.0, 0.12577784744852216)	(75.0, 0.09678257384501483)	(76.0, 0.0733994322467297)	(77.0, 0.05568850495507084)	(78.0, 0.03868298838730391)	(79.0, 0.024182013679916677)	(80.0, 0.015120712520017838)	(81.0, 0.011061819269611283)	(82.0, 0.008154503462782247)	(83.0, 0.004799908301056435)	(84.0, 0.0025089924012244463)	(85.0, 0.001379667661870649)	(86.0, 0.0008634049238803416)	(87.0, 0.0005652186872824917)	(88.0, 0.0004016613112381486)	(89.0, 0.0002792714380076878)	(90.0, 0.00017468372815620313)	(91.0, 0.00013240359013113486)	(92.0, 0.00012906568449757682)	(93.0, 0.0001079256154850427)	(94.0, 0.00010570034506267068)	(95.0, 0.00013351622534232084)	(96.0, 0.00017245845773383113)	(97.0, 0.0002436671112497356)	(98.0, 0.0003560432675795223)	(99.0, 0.0006642432210780463)	(100.0, 0.0016455874773441046)
fastqc_fastp_trim | SRR30333767_1	(0.0, 6.902671792178166e-05)	(1.0, 6.307613879059359e-05)	(2.0, 6.188602296435597e-05)	(3.0, 8.092787618415781e-05)	(4.0, 8.80685711415835e-05)	(5.0, 8.687845531534588e-05)	(6.0, 9.639938192524681e-05)	(7.0, 0.00010115984523019726)	(8.0, 9.044880279405873e-05)	(9.0, 0.00010234996105643487)	(10.0, 0.00013091274088613763)	(11.0, 0.00019755922715544404)	(12.0, 0.0003344225471727698)	(13.0, 0.000481996909626234)	(14.0, 0.0006676549785193019)	(15.0, 0.0010901460968336552)	(16.0, 0.0017970748976187984)	(17.0, 0.0027824908017435434)	(18.0, 0.004286797206107889)	(19.0, 0.006644416657884603)	(20.0, 0.0111466248285415)	(21.0, 0.018295650596750854)	(22.0, 0.02703229087716118)	(23.0, 0.04043775554390167)	(24.0, 0.059885438260450535)	(25.0, 0.08738306442567063)	(26.0, 0.12340549025423077)	(27.0, 0.17034484855686852)	(28.0, 0.2350657274193225)	(29.0, 0.32459219044804705)	(30.0, 0.43520512568604974)	(31.0, 0.5561375552533587)	(32.0, 0.711726157680707)	(33.0, 0.9029503982930882)	(34.0, 1.1110695231747387)	(35.0, 1.3119444130220808)	(36.0, 1.5514504625890957)	(37.0, 1.8169284098320944)	(38.0, 2.019154081142216)	(39.0, 2.197625040560635)	(40.0, 2.352581691484251)	(41.0, 2.5038085194084387)	(42.0, 2.671804079324314)	(43.0, 2.8384857513680233)	(44.0, 3.017414905379544)	(45.0, 3.2273572877069903)	(46.0, 3.418608900983375)	(47.0, 3.576056464331306)	(48.0, 3.769496700612142)	(49.0, 3.9437070453726304)	(50.0, 4.061173857653936)	(51.0, 4.180800730159861)	(52.0, 4.291594563003452)	(53.0, 4.34418340113324)	(54.0, 4.3202013771187255)	(55.0, 4.250978290085615)	(56.0, 4.112003704592544)	(57.0, 3.8680478119512265)	(58.0, 3.5858451670021108)	(59.0, 3.2630083973977637)	(60.0, 2.874900915419242)	(61.0, 2.4553957977129186)	(62.0, 2.0518822663637506)	(63.0, 1.6939953955608797)	(64.0, 1.3514491177582122)	(65.0, 1.0289086869945987)	(66.0, 0.7762244848836546)	(67.0, 0.593873747871701)	(68.0, 0.4533044071714713)	(69.0, 0.3442183905385316)	(70.0, 0.26373204732590794)	(71.0, 0.19891595919735494)	(72.0, 0.1561943713829033)	(73.0, 0.12389581797464067)	(74.0, 0.0891408655010236)	(75.0, 0.06370332983102081)	(76.0, 0.04855910594214716)	(77.0, 0.0359772014271631)	(78.0, 0.023707107258653288)	(79.0, 0.014676508369162265)	(80.0, 0.009616135875999928)	(81.0, 0.007010972332365789)	(82.0, 0.005123448631952932)	(83.0, 0.003044316283515819)	(84.0, 0.001603086017942067)	(85.0, 0.0009235298811603891)	(86.0, 0.0005569742066792038)	(87.0, 0.00034751382126138353)	(88.0, 0.00022612200698514682)	(89.0, 0.00016185575236831563)	(90.0, 0.00013448308836485048)	(91.0, 9.044880279405873e-05)	(92.0, 6.188602296435597e-05)	(93.0, 5.950579131188074e-05)	(94.0, 5.7125559659405516e-05)	(95.0, 4.165405391831652e-05)	(96.0, 3.8083706439603675e-05)	(97.0, 3.21331273084156e-05)	(98.0, 1.3091274088613765e-05)	(99.0, 5.950579131188074e-06)	(100.0, 3.5703474787128447e-06)
fastqc_fastp_trim | SRR30333767_2	(0.0, 0.0002261044622846154)	(1.0, 0.000284415613084332)	(2.0, 0.0005057599814261134)	(3.0, 0.0007532848664534819)	(4.0, 0.000994859634052308)	(5.0, 0.0012530947304510527)	(6.0, 0.0014113678540502836)	(7.0, 0.0015208500147354657)	(8.0, 0.0016101017761636035)	(9.0, 0.001689833349706073)	(10.0, 0.0017302941482201621)	(11.0, 0.0017778950876485022)	(12.0, 0.0019373582347334416)	(13.0, 0.002045650371932915)	(14.0, 0.002045650371932915)	(15.0, 0.0022610446228461542)	(16.0, 0.0028346359429576523)	(17.0, 0.0036664623594678952)	(18.0, 0.004954067771004495)	(19.0, 0.007311504296193038)	(20.0, 0.011574168422000892)	(21.0, 0.01788129289625595)	(22.0, 0.02707779439381126)	(23.0, 0.039554000617979194)	(24.0, 0.056554676134810855)	(25.0, 0.08011119103441065)	(26.0, 0.11563815217675227)	(27.0, 0.16850732557632392)	(28.0, 0.23291496669332518)	(29.0, 0.32106000627975395)	(30.0, 0.43918054744769414)	(31.0, 0.5901350266098176)	(32.0, 0.7694037345674035)	(33.0, 0.9588054925057974)	(34.0, 1.1498804234650974)	(35.0, 1.3523188886894277)	(36.0, 1.5932189129718568)	(37.0, 1.8327301798464641)	(38.0, 2.0206967694610936)	(39.0, 2.190691624394553)	(40.0, 2.336274337542189)	(41.0, 2.4779347332809287)	(42.0, 2.64997285853935)	(43.0, 2.8083875949333796)	(44.0, 2.975632305591367)	(45.0, 3.198370191434913)	(46.0, 3.390279328857695)	(47.0, 3.532946484465344)	(48.0, 3.7000674326808176)	(49.0, 3.856522200393886)	(50.0, 3.9851875396686895)	(51.0, 4.105226398695591)	(52.0, 4.197534140435029)	(53.0, 4.253230809636643)	(54.0, 4.240545159278991)	(55.0, 4.16169301309246)	(56.0, 4.01968870056635)	(57.0, 3.80184062122558)	(58.0, 3.5377149085725783)	(59.0, 3.2027125871342634)	(60.0, 2.823988802831018)	(61.0, 2.457704334023884)	(62.0, 2.096052626646613)	(63.0, 1.7243238003923627)	(64.0, 1.3835593852362473)	(65.0, 1.1006289214620795)	(66.0, 0.8703058259206274)	(67.0, 0.6917487520074953)	(68.0, 0.544194169944041)	(69.0, 0.42761827926055035)	(70.0, 0.3377381854319586)	(71.0, 0.2662689449507631)	(72.0, 0.2141792369343305)	(73.0, 0.16685795302513193)	(74.0, 0.1260960785691586)	(75.0, 0.09578856043513446)	(76.0, 0.07204521184827843)	(77.0, 0.05336303314614066)	(78.0, 0.03699783017067733)	(79.0, 0.0243823911986815)	(80.0, 0.015389383717182351)	(81.0, 0.010134240004293605)	(82.0, 0.006903326240595022)	(83.0, 0.004023469405180446)	(84.0, 0.0021908332371893525)	(85.0, 0.0012364344016511338)	(86.0, 0.0008163561111960325)	(87.0, 0.0005462207799402025)	(88.0, 0.00035700704571255067)	(89.0, 0.00024276479108453446)	(90.0, 0.00017612347588485833)	(91.0, 0.00014637288874214577)	(92.0, 0.00014994295919927128)	(93.0, 0.00013685270085647775)	(94.0, 0.00012019237205655872)	(95.0, 0.00014994295919927128)	(96.0, 0.00018683368725623485)	(97.0, 0.00024633486154165997)	(98.0, 0.0003736673745124697)	(99.0, 0.0005950117428542511)	(100.0, 0.0015256101086782998)
fastqc_fastp_trim | SRR30333768_1	(0.0, 0.00011568687376119392)	(1.0, 7.832965410914172e-05)	(2.0, 5.1818078872201445e-05)	(3.0, 6.386879488899248e-05)	(4.0, 9.640572813432827e-05)	(5.0, 0.00010363615774440289)	(6.0, 8.194486891417903e-05)	(7.0, 7.832965410914172e-05)	(8.0, 8.073979731249992e-05)	(9.0, 8.314994051585813e-05)	(10.0, 0.0001084564441511193)	(11.0, 0.0001843759550569028)	(12.0, 0.00023739910553078337)	(13.0, 0.0003217541176483206)	(14.0, 0.0005338467195438428)	(15.0, 0.0008736769112173499)	(16.0, 0.0014701873540485062)	(17.0, 0.002377606270112871)	(18.0, 0.0036585973826977576)	(19.0, 0.005742166182000927)	(20.0, 0.009371841846258387)	(21.0, 0.01524054054643562)	(22.0, 0.022679447543600725)	(23.0, 0.033205747984267696)	(24.0, 0.04901628739829753)	(25.0, 0.0709835376253059)	(26.0, 0.09809403344828069)	(27.0, 0.1366671703464271)	(28.0, 0.1903627507740446)	(29.0, 0.2702770740393943)	(30.0, 0.3768704774943178)	(31.0, 0.49435893330002195)	(32.0, 0.6503759383546104)	(33.0, 0.8499611020963052)	(34.0, 1.079934556417542)	(35.0, 1.307255648143483)	(36.0, 1.5770711797594341)	(37.0, 1.8692648910185665)	(38.0, 2.0795378347955533)	(39.0, 2.252693368169222)	(40.0, 2.4006809811418224)	(41.0, 2.5502978509198932)	(42.0, 2.716818260054717)	(43.0, 2.8863296569049077)	(44.0, 3.0825020578706472)	(45.0, 3.296191379638395)	(46.0, 3.4678923915888364)	(47.0, 3.6208967176392273)	(48.0, 3.8119692555866607)	(49.0, 3.9796260472418674)	(50.0, 4.09053963238881)	(51.0, 4.203881436813138)	(52.0, 4.310720674874803)	(53.0, 4.349644487609038)	(54.0, 4.311102682572535)	(55.0, 4.231696899523095)	(56.0, 4.08086531757053)	(57.0, 3.8316504849852837)	(58.0, 3.5469041162245287)	(59.0, 3.222967613905567)	(60.0, 2.8374881048888536)	(61.0, 2.4191944961584184)	(62.0, 2.014901409296291)	(63.0, 1.6596728126965283)	(64.0, 1.3272369403709243)	(65.0, 1.0085991378845458)	(66.0, 0.7598856150855973)	(67.0, 0.5887244752127074)	(68.0, 0.4541252077347617)	(69.0, 0.3451686588689456)	(70.0, 0.2661159617987964)	(71.0, 0.20409815688998303)	(72.0, 0.16847744541595042)	(73.0, 0.13970395078265846)	(74.0, 0.10065240045864542)	(75.0, 0.07241636775970237)	(76.0, 0.059745039868046586)	(77.0, 0.04637356537581525)	(78.0, 0.028624065754683747)	(79.0, 0.016495020083783566)	(80.0, 0.01151927944045055)	(81.0, 0.009546577228501857)	(82.0, 0.007632923525035441)	(83.0, 0.004627474950447757)	(84.0, 0.002283610685181901)	(85.0, 0.0012532744657462675)	(86.0, 0.0008025776867182829)	(87.0, 0.000535051791145522)	(88.0, 0.00036634176691044743)	(89.0, 0.00023739910553078337)	(90.0, 0.00016991509583675357)	(91.0, 0.00011327673055783571)	(92.0, 0.00010002094293936558)	(93.0, 0.0001024310861427238)	(94.0, 8.194486891417903e-05)	(95.0, 5.784343688059696e-05)	(96.0, 3.976736285541041e-05)	(97.0, 3.3742004847014896e-05)	(98.0, 2.6511575236940276e-05)	(99.0, 1.6871002423507448e-05)	(100.0, 1.2050716016791034e-05)
fastqc_fastp_trim | SRR30333768_2	(0.0, 9.63987650595205e-05)	(1.0, 0.000190387560992553)	(2.0, 0.0004518692112165024)	(3.0, 0.000761550243970212)	(4.0, 0.0010374917089530896)	(5.0, 0.001302588312866771)	(6.0, 0.00149177088929608)	(7.0, 0.0015893746389188442)	(8.0, 0.001652033836207533)	(9.0, 0.0017158980180594654)	(10.0, 0.0017399977093243454)	(11.0, 0.0017219229408756852)	(12.0, 0.0017460226321405652)	(13.0, 0.0016821584502886328)	(14.0, 0.001709873095243245)	(15.0, 0.0019568949307082664)	(16.0, 0.0024063541727982808)	(17.0, 0.0030293311919954323)	(18.0, 0.0040523630861895935)	(19.0, 0.005862249900182091)	(20.0, 0.009285611044358313)	(21.0, 0.014197128124140883)	(22.0, 0.020863102728006726)	(23.0, 0.030445139974923065)	(24.0, 0.04352283743981027)	(25.0, 0.06193018162792571)	(26.0, 0.08992679297033696)	(27.0, 0.13141079652913837)	(28.0, 0.18629422843121313)	(29.0, 0.2678752983165221)	(30.0, 0.3837309491187436)	(31.0, 0.5369459413197822)	(32.0, 0.7275805241478003)	(33.0, 0.9368405533698809)	(34.0, 1.1428435093175129)	(35.0, 1.3657523986874585)	(36.0, 1.6385127044233716)	(37.0, 1.8990737464410028)	(38.0, 2.092903948330744)	(39.0, 2.2627838770414472)	(40.0, 2.405337165826903)	(41.0, 2.536118960414028)	(42.0, 2.6961626001349703)	(43.0, 2.847189340369158)	(44.0, 3.0194587534687742)	(45.0, 3.2516002345622947)	(46.0, 3.4302898054148754)	(47.0, 3.558390509348782)	(48.0, 3.7229058467839233)	(49.0, 3.8705658601484068)	(50.0, 3.984048896345601)	(51.0, 4.102441039653451)	(52.0, 4.194522345022868)	(53.0, 4.24616557343438)	(54.0, 4.2321359381645305)	(55.0, 4.140825822915589)	(56.0, 3.9778998601193667)	(57.0, 3.7498685813710715)	(58.0, 3.49052216379319)	(59.0, 3.1698842064059027)	(60.0, 2.7939760170717394)	(61.0, 2.4251001176486677)	(62.0, 2.06719439768937)	(63.0, 1.700316362672157)	(64.0, 1.3645534390470309)	(65.0, 1.0831076045792547)	(66.0, 0.8583840084570635)	(67.0, 0.6867255225310123)	(68.0, 0.5435058772820826)	(69.0, 0.43233882141544355)	(70.0, 0.3491587370147098)	(71.0, 0.2780754926443826)	(72.0, 0.22618283242827947)	(73.0, 0.17678690022721794)	(74.0, 0.1350835894779061)	(75.0, 0.10638808708881332)	(76.0, 0.0818473714737859)	(77.0, 0.0618916221219019)	(78.0, 0.04305048349101862)	(79.0, 0.027388094137973024)	(80.0, 0.016937263020957754)	(81.0, 0.012302892390721307)	(82.0, 0.009280791106105338)	(83.0, 0.005624867941223022)	(84.0, 0.0028811180907164194)	(85.0, 0.0015484051637685483)	(86.0, 0.0009929072801130613)	(87.0, 0.0006796112936696197)	(88.0, 0.00044584428840028237)	(89.0, 0.00027473648041963347)	(90.0, 0.00017713273079686894)	(91.0, 0.00011929347176115664)	(92.0, 0.0001132685489449366)	(93.0, 0.00012049845632440064)	(94.0, 0.00010844861069196059)	(95.0, 0.00010242368787574054)	(96.0, 0.00011688350263466863)	(97.0, 0.00014218817846279276)	(98.0, 0.00020002743749850506)	(99.0, 0.000373545214605642)	(100.0, 0.001153170227024514)
